WARNING:__main__:
*****************************************
Setting OMP_NUM_THREADS environment variable for each process to be 1 in default, to avoid your system being overloaded, please further tune the variable for optimal performance in your application as needed. 
*****************************************
Loading YOLOv12 Any-Depth model from ultralytics/cfg/models/v12/yolo-ad-v12s-orig.yaml
[*] Finetune AnyDepth on Waymo  cfg=./ultralytics/cfg/models/v12/yolo-ad-v12s-orig.yaml  weight=finetuned_bdd100k/30e_SGD0900_bs32_nbs256_1e-3_1e-5_1280-720_singleScale_augNothing_alpha0.2_orig_mAP35.1_33.8.pt
[*] imgsz=1920 (rect, native 1920x1280)  batch=16  alpha_base=0.2
task: detect
Loading YOLOv12 Any-Depth model from ultralytics/cfg/models/v12/yolo-ad-v12s-orig.yaml
Found YOLOv12 Any-Depth model scale: s
Found YOLOv12 Any-Depth model scale: s
Transferred 1722/1728 items from pretrained weights
Not transferred items (6):
  - [Shape Mismatch] model.21.cv3.0.2.bias: model [80] != pretrained [10]
  - [Shape Mismatch] model.21.cv3.0.2.weight: model [80, 128, 1, 1] != pretrained [10, 128, 1, 1]
  - [Shape Mismatch] model.21.cv3.1.2.bias: model [80] != pretrained [10]
  - [Shape Mismatch] model.21.cv3.1.2.weight: model [80, 128, 1, 1] != pretrained [10, 128, 1, 1]
  - [Shape Mismatch] model.21.cv3.2.2.bias: model [80] != pretrained [10]
  - [Shape Mismatch] model.21.cv3.2.2.weight: model [80, 128, 1, 1] != pretrained [10, 128, 1, 1]
Ultralytics 8.3.63 🚀 Python-3.11.15 torch-2.2.2+cu121 CUDA:0 (NVIDIA RTX 6000 Ada Generation, 48509MiB)
                                                       CUDA:1 (NVIDIA RTX 6000 Ada Generation, 48500MiB)
Overriding model.yaml nc=80 with nc=3
Transferred 1722/1728 items from pretrained weights
Not transferred items (6):
  - [Shape Mismatch] model.21.cv3.0.2.bias: model [3] != pretrained [80]
  - [Shape Mismatch] model.21.cv3.0.2.weight: model [3, 128, 1, 1] != pretrained [80, 128, 1, 1]
  - [Shape Mismatch] model.21.cv3.1.2.bias: model [3] != pretrained [80]
  - [Shape Mismatch] model.21.cv3.1.2.weight: model [3, 128, 1, 1] != pretrained [80, 128, 1, 1]
  - [Shape Mismatch] model.21.cv3.2.2.bias: model [3] != pretrained [80]
  - [Shape Mismatch] model.21.cv3.2.2.weight: model [3, 128, 1, 1] != pretrained [80, 128, 1, 1]
Freezing layer 'model.21.dfl.conv.weight'
[34m[1mAMP: [0mrunning Automatic Mixed Precision (AMP) checks...
task: None
[34m[1mAMP: [0mchecks passed ✅

[34m[1mtrain: [0mScanning /media/data/waymo_yolo/train/labels/10017090168044687777_6380_000_6400_000.cache... 158081 images, 4384 backgrounds, 0 corrupt: 100%|██████████| 158081/158081 [00:00<?, ?it/s]
[34m[1mtrain: [0mScanning /media/data/waymo_yolo/train/labels/10017090168044687777_6380_000_6400_000.cache... 158081 images, 4384 backgrounds, 0 corrupt: 100%|██████████| 158081/158081 [00:00<?, ?it/s]
[34m[1mtrain: [0mWARNING ⚠️ /media/data/waymo_yolo/train/images/10072140764565668044_4060_000_4080_000/000057.jpg: 1 duplicate labels removed
[34m[1mtrain: [0mWARNING ⚠️ /media/data/waymo_yolo/train/images/10153695247769592104_787_000_807_000/000073.jpg: 1 duplicate labels removed
[34m[1mtrain: [0mWARNING ⚠️ /media/data/waymo_yolo/train/images/10231929575853664160_1160_000_1180_000/000112.jpg: 1 duplicate labels removed
[34m[1mtrain: [0mWARNING ⚠️ /media/data/waymo_yolo/train/images/10625026498155904401_200_000_220_000/000011.jpg: 1 duplicate labels removed
[34m[1mtrain: [0mWARNING ⚠️ /media/data/waymo_yolo/train/images/10664823084372323928_4360_000_4380_000/000138.jpg: 1 duplicate labels removed
[34m[1mtrain: [0mWARNING ⚠️ /media/data/waymo_yolo/train/images/10664823084372323928_4360_000_4380_000/000139.jpg: 1 duplicate labels removed
[34m[1mtrain: [0mWARNING ⚠️ /media/data/waymo_yolo/train/images/10664823084372323928_4360_000_4380_000/000149.jpg: 1 duplicate labels removed
[34m[1mtrain: [0mWARNING ⚠️ /media/data/waymo_yolo/train/images/10723911392655396041_860_000_880_000/000046.jpg: 1 duplicate labels removed
[34m[1mtrain: [0mWARNING ⚠️ /media/data/waymo_yolo/train/images/10723911392655396041_860_000_880_000/000091.jpg: 1 duplicate labels removed
[34m[1mtrain: [0mWARNING ⚠️ /media/data/waymo_yolo/train/images/10770759614217273359_1465_000_1485_000/000184.jpg: 1 duplicate labels removed
[34m[1mtrain: [0mWARNING ⚠️ /media/data/waymo_yolo/train/images/11070802577416161387_740_000_760_000/000035.jpg: 1 duplicate labels removed
[34m[1mtrain: [0mWARNING ⚠️ /media/data/waymo_yolo/train/images/11070802577416161387_740_000_760_000/000049.jpg: 1 duplicate labels removed
[34m[1mtrain: [0mWARNING ⚠️ /media/data/waymo_yolo/train/images/11113047206980595400_2560_000_2580_000/000006.jpg: 1 duplicate labels removed
[34m[1mtrain: [0mWARNING ⚠️ /media/data/waymo_yolo/train/images/11113047206980595400_2560_000_2580_000/000021.jpg: 1 duplicate labels removed
[34m[1mtrain: [0mWARNING ⚠️ /media/data/waymo_yolo/train/images/11113047206980595400_2560_000_2580_000/000044.jpg: 1 duplicate labels removed
[34m[1mtrain: [0mWARNING ⚠️ /media/data/waymo_yolo/train/images/11113047206980595400_2560_000_2580_000/000076.jpg: 1 duplicate labels removed
[34m[1mtrain: [0mWARNING ⚠️ /media/data/waymo_yolo/train/images/11113047206980595400_2560_000_2580_000/000165.jpg: 1 duplicate labels removed
[34m[1mtrain: [0mWARNING ⚠️ /media/data/waymo_yolo/train/images/11113047206980595400_2560_000_2580_000/000175.jpg: 1 duplicate labels removed
[34m[1mtrain: [0mWARNING ⚠️ /media/data/waymo_yolo/train/images/11799592541704458019_9828_750_9848_750/000142.jpg: 1 duplicate labels removed
[34m[1mtrain: [0mWARNING ⚠️ /media/data/waymo_yolo/train/images/11925224148023145510_1040_000_1060_000/000003.jpg: 1 duplicate labels removed
[34m[1mtrain: [0mWARNING ⚠️ /media/data/waymo_yolo/train/images/11940460932056521663_1760_000_1780_000/000197.jpg: 1 duplicate labels removed
[34m[1mtrain: [0mWARNING ⚠️ /media/data/waymo_yolo/train/images/11971497357570544465_1200_000_1220_000/000077.jpg: 1 duplicate labels removed
[34m[1mtrain: [0mWARNING ⚠️ /media/data/waymo_yolo/train/images/11971497357570544465_1200_000_1220_000/000079.jpg: 1 duplicate labels removed
[34m[1mtrain: [0mWARNING ⚠️ /media/data/waymo_yolo/train/images/12273083120751993429_7285_000_7305_000/000150.jpg: 1 duplicate labels removed
[34m[1mtrain: [0mWARNING ⚠️ /media/data/waymo_yolo/train/images/12273083120751993429_7285_000_7305_000/000179.jpg: 1 duplicate labels removed
[34m[1mtrain: [0mWARNING ⚠️ /media/data/waymo_yolo/train/images/12339284075576056695_1920_000_1940_000/000037.jpg: 1 duplicate labels removed
[34m[1mtrain: [0mWARNING ⚠️ /media/data/waymo_yolo/train/images/12505030131868863688_1740_000_1760_000/000020.jpg: 1 duplicate labels removed
[34m[1mtrain: [0mWARNING ⚠️ /media/data/waymo_yolo/train/images/12505030131868863688_1740_000_1760_000/000039.jpg: 1 duplicate labels removed
[34m[1mtrain: [0mWARNING ⚠️ /media/data/waymo_yolo/train/images/13182548552824592684_4160_250_4180_250/000165.jpg: 1 duplicate labels removed
[34m[1mtrain: [0mWARNING ⚠️ /media/data/waymo_yolo/train/images/13186511704021307558_2000_000_2020_000/000110.jpg: 1 duplicate labels removed
[34m[1mtrain: [0mWARNING ⚠️ /media/data/waymo_yolo/train/images/13363977648531075793_343_000_363_000/000149.jpg: 1 duplicate labels removed
[34m[1mtrain: [0mWARNING ⚠️ /media/data/waymo_yolo/train/images/13363977648531075793_343_000_363_000/000187.jpg: 1 duplicate labels removed
[34m[1mtrain: [0mWARNING ⚠️ /media/data/waymo_yolo/train/images/13402473631986525162_5700_000_5720_000/000082.jpg: 1 duplicate labels removed
[34m[1mtrain: [0mWARNING ⚠️ /media/data/waymo_yolo/train/images/13402473631986525162_5700_000_5720_000/000135.jpg: 1 duplicate labels removed
[34m[1mtrain: [0mWARNING ⚠️ /media/data/waymo_yolo/train/images/13823509240483976870_1514_190_1534_190/000041.jpg: 1 duplicate labels removed
[34m[1mtrain: [0mWARNING ⚠️ /media/data/waymo_yolo/train/images/13840133134545942567_1060_000_1080_000/000163.jpg: 1 duplicate labels removed
[34m[1mtrain: [0mWARNING ⚠️ /media/data/waymo_yolo/train/images/13840133134545942567_1060_000_1080_000/000172.jpg: 1 duplicate labels removed
[34m[1mtrain: [0mWARNING ⚠️ /media/data/waymo_yolo/train/images/13840133134545942567_1060_000_1080_000/000188.jpg: 1 duplicate labels removed
[34m[1mtrain: [0mWARNING ⚠️ /media/data/waymo_yolo/train/images/13944915979337652825_4260_668_4280_668/000098.jpg: 1 duplicate labels removed
[34m[1mtrain: [0mWARNING ⚠️ /media/data/waymo_yolo/train/images/141184560845819621_10582_560_10602_560/000193.jpg: 1 duplicate labels removed
[34m[1mtrain: [0mWARNING ⚠️ /media/data/waymo_yolo/train/images/14250544550818363063_880_000_900_000/000071.jpg: 1 duplicate labels removed
[34m[1mtrain: [0mWARNING ⚠️ /media/data/waymo_yolo/train/images/14561791273891593514_2558_030_2578_030/000040.jpg: 1 duplicate labels removed
[34m[1mtrain: [0mWARNING ⚠️ /media/data/waymo_yolo/train/images/14561791273891593514_2558_030_2578_030/000117.jpg: 1 duplicate labels removed
[34m[1mtrain: [0mWARNING ⚠️ /media/data/waymo_yolo/train/images/14818835630668820137_1780_000_1800_000/000026.jpg: 1 duplicate labels removed
[34m[1mtrain: [0mWARNING ⚠️ /media/data/waymo_yolo/train/images/14830022845193837364_3488_060_3508_060/000092.jpg: 1 duplicate labels removed
[34m[1mtrain: [0mWARNING ⚠️ /media/data/waymo_yolo/train/images/14964691552976940738_2219_229_2239_229/000079.jpg: 1 duplicate labels removed
[34m[1mtrain: [0mWARNING ⚠️ /media/data/waymo_yolo/train/images/15125792363972595336_4960_000_4980_000/000165.jpg: 1 duplicate labels removed
[34m[1mtrain: [0mWARNING ⚠️ /media/data/waymo_yolo/train/images/15125792363972595336_4960_000_4980_000/000193.jpg: 1 duplicate labels removed
[34m[1mtrain: [0mWARNING ⚠️ /media/data/waymo_yolo/train/images/15125792363972595336_4960_000_4980_000/000196.jpg: 1 duplicate labels removed
[34m[1mtrain: [0mWARNING ⚠️ /media/data/waymo_yolo/train/images/15166409572599113654_808_000_828_000/000094.jpg: 1 duplicate labels removed
[34m[1mtrain: [0mWARNING ⚠️ /media/data/waymo_yolo/train/images/15202102284304593700_1900_000_1920_000/000001.jpg: 1 duplicate labels removed
[34m[1mtrain: [0mWARNING ⚠️ /media/data/waymo_yolo/train/images/15202102284304593700_1900_000_1920_000/000019.jpg: 1 duplicate labels removed
[34m[1mtrain: [0mWARNING ⚠️ /media/data/waymo_yolo/train/images/15202102284304593700_1900_000_1920_000/000053.jpg: 1 duplicate labels removed
[34m[1mtrain: [0mWARNING ⚠️ /media/data/waymo_yolo/train/images/15202102284304593700_1900_000_1920_000/000070.jpg: 1 duplicate labels removed
[34m[1mtrain: [0mWARNING ⚠️ /media/data/waymo_yolo/train/images/15202102284304593700_1900_000_1920_000/000076.jpg: 1 duplicate labels removed
[34m[1mtrain: [0mWARNING ⚠️ /media/data/waymo_yolo/train/images/15202102284304593700_1900_000_1920_000/000088.jpg: 1 duplicate labels removed
[34m[1mtrain: [0mWARNING ⚠️ /media/data/waymo_yolo/train/images/15202102284304593700_1900_000_1920_000/000092.jpg: 1 duplicate labels removed
[34m[1mtrain: [0mWARNING ⚠️ /media/data/waymo_yolo/train/images/15202102284304593700_1900_000_1920_000/000101.jpg: 1 duplicate labels removed
[34m[1mtrain: [0mWARNING ⚠️ /media/data/waymo_yolo/train/images/15202102284304593700_1900_000_1920_000/000103.jpg: 1 duplicate labels removed
[34m[1mtrain: [0mWARNING ⚠️ /media/data/waymo_yolo/train/images/15202102284304593700_1900_000_1920_000/000104.jpg: 1 duplicate labels removed
[34m[1mtrain: [0mWARNING ⚠️ /media/data/waymo_yolo/train/images/15202102284304593700_1900_000_1920_000/000136.jpg: 1 duplicate labels removed
[34m[1mtrain: [0mWARNING ⚠️ /media/data/waymo_yolo/train/images/15448466074775525292_2920_000_2940_000/000039.jpg: 1 duplicate labels removed
[34m[1mtrain: [0mWARNING ⚠️ /media/data/waymo_yolo/train/images/15448466074775525292_2920_000_2940_000/000084.jpg: 1 duplicate labels removed
[34m[1mtrain: [0mWARNING ⚠️ /media/data/waymo_yolo/train/images/15448466074775525292_2920_000_2940_000/000094.jpg: 1 duplicate labels removed
[34m[1mtrain: [0mWARNING ⚠️ /media/data/waymo_yolo/train/images/15448466074775525292_2920_000_2940_000/000162.jpg: 1 duplicate labels removed
[34m[1mtrain: [0mWARNING ⚠️ /media/data/waymo_yolo/train/images/16238753252899859750_1340_000_1360_000/000003.jpg: 1 duplicate labels removed
[34m[1mtrain: [0mWARNING ⚠️ /media/data/waymo_yolo/train/images/16600468011801266684_1500_000_1520_000/000095.jpg: 1 duplicate labels removed
[34m[1mtrain: [0mWARNING ⚠️ /media/data/waymo_yolo/train/images/17159836069183024120_640_000_660_000/000046.jpg: 1 duplicate labels removed
[34m[1mtrain: [0mWARNING ⚠️ /media/data/waymo_yolo/train/images/17160696560226550358_6229_820_6249_820/000059.jpg: 1 duplicate labels removed
[34m[1mtrain: [0mWARNING ⚠️ /media/data/waymo_yolo/train/images/17388121177218499911_2520_000_2540_000/000054.jpg: 1 duplicate labels removed
[34m[1mtrain: [0mWARNING ⚠️ /media/data/waymo_yolo/train/images/1758724094753801109_1251_037_1271_037/000071.jpg: 1 duplicate labels removed
[34m[1mtrain: [0mWARNING ⚠️ /media/data/waymo_yolo/train/images/1758724094753801109_1251_037_1271_037/000126.jpg: 1 duplicate labels removed
[34m[1mtrain: [0mWARNING ⚠️ /media/data/waymo_yolo/train/images/17647858901077503501_1500_000_1520_000/000000.jpg: 1 duplicate labels removed
[34m[1mtrain: [0mWARNING ⚠️ /media/data/waymo_yolo/train/images/17647858901077503501_1500_000_1520_000/000004.jpg: 1 duplicate labels removed
[34m[1mtrain: [0mWARNING ⚠️ /media/data/waymo_yolo/train/images/17647858901077503501_1500_000_1520_000/000006.jpg: 1 duplicate labels removed
[34m[1mtrain: [0mWARNING ⚠️ /media/data/waymo_yolo/train/images/17674974223808194792_8787_692_8807_692/000022.jpg: 1 duplicate labels removed
[34m[1mtrain: [0mWARNING ⚠️ /media/data/waymo_yolo/train/images/17790754307864212354_1520_000_1540_000/000137.jpg: 1 duplicate labels removed
[34m[1mtrain: [0mWARNING ⚠️ /media/data/waymo_yolo/train/images/17792522237954398691_2698_000_2718_000/000020.jpg: 1 duplicate labels removed
[34m[1mtrain: [0mWARNING ⚠️ /media/data/waymo_yolo/train/images/17792522237954398691_2698_000_2718_000/000026.jpg: 1 duplicate labels removed
[34m[1mtrain: [0mWARNING ⚠️ /media/data/waymo_yolo/train/images/17792522237954398691_2698_000_2718_000/000029.jpg: 1 duplicate labels removed
[34m[1mtrain: [0mWARNING ⚠️ /media/data/waymo_yolo/train/images/17941839888833418904_1240_000_1260_000/000042.jpg: 1 duplicate labels removed
[34m[1mtrain: [0mWARNING ⚠️ /media/data/waymo_yolo/train/images/17958696356648515477_1660_000_1680_000/000084.jpg: 1 duplicate labels removed
[34m[1mtrain: [0mWARNING ⚠️ /media/data/waymo_yolo/train/images/17959337482465423746_2840_000_2860_000/000052.jpg: 1 duplicate labels removed
[34m[1mtrain: [0mWARNING ⚠️ /media/data/waymo_yolo/train/images/17959337482465423746_2840_000_2860_000/000071.jpg: 1 duplicate labels removed
[34m[1mtrain: [0mWARNING ⚠️ /media/data/waymo_yolo/train/images/17959337482465423746_2840_000_2860_000/000072.jpg: 1 duplicate labels removed
[34m[1mtrain: [0mWARNING ⚠️ /media/data/waymo_yolo/train/images/17959337482465423746_2840_000_2860_000/000073.jpg: 1 duplicate labels removed
[34m[1mtrain: [0mWARNING ⚠️ /media/data/waymo_yolo/train/images/17959337482465423746_2840_000_2860_000/000092.jpg: 1 duplicate labels removed
[34m[1mtrain: [0mWARNING ⚠️ /media/data/waymo_yolo/train/images/18136695827203527782_2860_000_2880_000/000108.jpg: 1 duplicate labels removed
[34m[1mtrain: [0mWARNING ⚠️ /media/data/waymo_yolo/train/images/18136695827203527782_2860_000_2880_000/000113.jpg: 1 duplicate labels removed
[34m[1mtrain: [0mWARNING ⚠️ /media/data/waymo_yolo/train/images/18403940760739364047_920_000_940_000/000075.jpg: 1 duplicate labels removed
[34m[1mtrain: [0mWARNING ⚠️ /media/data/waymo_yolo/train/images/18403940760739364047_920_000_940_000/000077.jpg: 1 duplicate labels removed
[34m[1mtrain: [0mWARNING ⚠️ /media/data/waymo_yolo/train/images/1972128316147758939_2500_000_2520_000/000045.jpg: 1 duplicate labels removed
[34m[1mtrain: [0mWARNING ⚠️ /media/data/waymo_yolo/train/images/1972128316147758939_2500_000_2520_000/000049.jpg: 1 duplicate labels removed
[34m[1mtrain: [0mWARNING ⚠️ /media/data/waymo_yolo/train/images/1999080374382764042_7094_100_7114_100/000066.jpg: 1 duplicate labels removed
[34m[1mtrain: [0mWARNING ⚠️ /media/data/waymo_yolo/train/images/207754730878135627_1140_000_1160_000/000147.jpg: 1 duplicate labels removed
[34m[1mtrain: [0mWARNING ⚠️ /media/data/waymo_yolo/train/images/2265177645248606981_2340_000_2360_000/000169.jpg: 1 duplicate labels removed
[34m[1mtrain: [0mWARNING ⚠️ /media/data/waymo_yolo/train/images/2684088316387726629_180_000_200_000/000063.jpg: 1 duplicate labels removed
[34m[1mtrain: [0mWARNING ⚠️ /media/data/waymo_yolo/train/images/2684088316387726629_180_000_200_000/000077.jpg: 1 duplicate labels removed
[34m[1mtrain: [0mWARNING ⚠️ /media/data/waymo_yolo/train/images/2684088316387726629_180_000_200_000/000108.jpg: 1 duplicate labels removed
[34m[1mtrain: [0mWARNING ⚠️ /media/data/waymo_yolo/train/images/2684088316387726629_180_000_200_000/000155.jpg: 1 duplicate labels removed
[34m[1mtrain: [0mWARNING ⚠️ /media/data/waymo_yolo/train/images/2684088316387726629_180_000_200_000/000197.jpg: 1 duplicate labels removed
[34m[1mtrain: [0mWARNING ⚠️ /media/data/waymo_yolo/train/images/2922309829144504838_1840_000_1860_000/000148.jpg: 1 duplicate labels removed
[34m[1mtrain: [0mWARNING ⚠️ /media/data/waymo_yolo/train/images/2922309829144504838_1840_000_1860_000/000169.jpg: 1 duplicate labels removed
[34m[1mtrain: [0mWARNING ⚠️ /media/data/waymo_yolo/train/images/2922309829144504838_1840_000_1860_000/000170.jpg: 1 duplicate labels removed
[34m[1mtrain: [0mWARNING ⚠️ /media/data/waymo_yolo/train/images/2922309829144504838_1840_000_1860_000/000171.jpg: 1 duplicate labels removed
[34m[1mtrain: [0mWARNING ⚠️ /media/data/waymo_yolo/train/images/2922309829144504838_1840_000_1860_000/000173.jpg: 1 duplicate labels removed
[34m[1mtrain: [0mWARNING ⚠️ /media/data/waymo_yolo/train/images/2922309829144504838_1840_000_1860_000/000174.jpg: 1 duplicate labels removed
[34m[1mtrain: [0mWARNING ⚠️ /media/data/waymo_yolo/train/images/2922309829144504838_1840_000_1860_000/000176.jpg: 1 duplicate labels removed
[34m[1mtrain: [0mWARNING ⚠️ /media/data/waymo_yolo/train/images/2922309829144504838_1840_000_1860_000/000177.jpg: 1 duplicate labels removed
[34m[1mtrain: [0mWARNING ⚠️ /media/data/waymo_yolo/train/images/2922309829144504838_1840_000_1860_000/000184.jpg: 1 duplicate labels removed
[34m[1mtrain: [0mWARNING ⚠️ /media/data/waymo_yolo/train/images/2922309829144504838_1840_000_1860_000/000186.jpg: 1 duplicate labels removed
[34m[1mtrain: [0mWARNING ⚠️ /media/data/waymo_yolo/train/images/2922309829144504838_1840_000_1860_000/000188.jpg: 1 duplicate labels removed
[34m[1mtrain: [0mWARNING ⚠️ /media/data/waymo_yolo/train/images/2922309829144504838_1840_000_1860_000/000190.jpg: 1 duplicate labels removed
[34m[1mtrain: [0mWARNING ⚠️ /media/data/waymo_yolo/train/images/3543045673995761051_460_000_480_000/000144.jpg: 1 duplicate labels removed
[34m[1mtrain: [0mWARNING ⚠️ /media/data/waymo_yolo/train/images/3543045673995761051_460_000_480_000/000174.jpg: 1 duplicate labels removed
[34m[1mtrain: [0mWARNING ⚠️ /media/data/waymo_yolo/train/images/3543045673995761051_460_000_480_000/000175.jpg: 1 duplicate labels removed
[34m[1mtrain: [0mWARNING ⚠️ /media/data/waymo_yolo/train/images/3543045673995761051_460_000_480_000/000176.jpg: 1 duplicate labels removed
[34m[1mtrain: [0mWARNING ⚠️ /media/data/waymo_yolo/train/images/3543045673995761051_460_000_480_000/000177.jpg: 1 duplicate labels removed
[34m[1mtrain: [0mWARNING ⚠️ /media/data/waymo_yolo/train/images/3543045673995761051_460_000_480_000/000178.jpg: 1 duplicate labels removed
[34m[1mtrain: [0mWARNING ⚠️ /media/data/waymo_yolo/train/images/3543045673995761051_460_000_480_000/000179.jpg: 1 duplicate labels removed
[34m[1mtrain: [0mWARNING ⚠️ /media/data/waymo_yolo/train/images/3543045673995761051_460_000_480_000/000180.jpg: 1 duplicate labels removed
[34m[1mtrain: [0mWARNING ⚠️ /media/data/waymo_yolo/train/images/3543045673995761051_460_000_480_000/000181.jpg: 1 duplicate labels removed
[34m[1mtrain: [0mWARNING ⚠️ /media/data/waymo_yolo/train/images/3543045673995761051_460_000_480_000/000182.jpg: 1 duplicate labels removed
[34m[1mtrain: [0mWARNING ⚠️ /media/data/waymo_yolo/train/images/3543045673995761051_460_000_480_000/000183.jpg: 1 duplicate labels removed
[34m[1mtrain: [0mWARNING ⚠️ /media/data/waymo_yolo/train/images/3543045673995761051_460_000_480_000/000184.jpg: 1 duplicate labels removed
[34m[1mtrain: [0mWARNING ⚠️ /media/data/waymo_yolo/train/images/3543045673995761051_460_000_480_000/000185.jpg: 1 duplicate labels removed
[34m[1mtrain: [0mWARNING ⚠️ /media/data/waymo_yolo/train/images/3543045673995761051_460_000_480_000/000186.jpg: 1 duplicate labels removed
[34m[1mtrain: [0mWARNING ⚠️ /media/data/waymo_yolo/train/images/3543045673995761051_460_000_480_000/000187.jpg: 1 duplicate labels removed
[34m[1mtrain: [0mWARNING ⚠️ /media/data/waymo_yolo/train/images/3543045673995761051_460_000_480_000/000188.jpg: 1 duplicate labels removed
[34m[1mtrain: [0mWARNING ⚠️ /media/data/waymo_yolo/train/images/3543045673995761051_460_000_480_000/000189.jpg: 1 duplicate labels removed
[34m[1mtrain: [0mWARNING ⚠️ /media/data/waymo_yolo/train/images/3543045673995761051_460_000_480_000/000190.jpg: 1 duplicate labels removed
[34m[1mtrain: [0mWARNING ⚠️ /media/data/waymo_yolo/train/images/3543045673995761051_460_000_480_000/000191.jpg: 1 duplicate labels removed
[34m[1mtrain: [0mWARNING ⚠️ /media/data/waymo_yolo/train/images/3543045673995761051_460_000_480_000/000192.jpg: 1 duplicate labels removed
[34m[1mtrain: [0mWARNING ⚠️ /media/data/waymo_yolo/train/images/3543045673995761051_460_000_480_000/000193.jpg: 1 duplicate labels removed
[34m[1mtrain: [0mWARNING ⚠️ /media/data/waymo_yolo/train/images/3543045673995761051_460_000_480_000/000194.jpg: 1 duplicate labels removed
[34m[1mtrain: [0mWARNING ⚠️ /media/data/waymo_yolo/train/images/3543045673995761051_460_000_480_000/000195.jpg: 1 duplicate labels removed
[34m[1mtrain: [0mWARNING ⚠️ /media/data/waymo_yolo/train/images/3543045673995761051_460_000_480_000/000197.jpg: 1 duplicate labels removed
[34m[1mtrain: [0mWARNING ⚠️ /media/data/waymo_yolo/train/images/3584210979358667442_2880_000_2900_000/000004.jpg: 1 duplicate labels removed
[34m[1mtrain: [0mWARNING ⚠️ /media/data/waymo_yolo/train/images/4114454788208078028_660_000_680_000/000097.jpg: 1 duplicate labels removed
[34m[1mtrain: [0mWARNING ⚠️ /media/data/waymo_yolo/train/images/4164064449185492261_400_000_420_000/000191.jpg: 1 duplicate labels removed
[34m[1mtrain: [0mWARNING ⚠️ /media/data/waymo_yolo/train/images/4164064449185492261_400_000_420_000/000192.jpg: 1 duplicate labels removed
[34m[1mtrain: [0mWARNING ⚠️ /media/data/waymo_yolo/train/images/4324227028219935045_1520_000_1540_000/000084.jpg: 1 duplicate labels removed
[34m[1mtrain: [0mWARNING ⚠️ /media/data/waymo_yolo/train/images/4324227028219935045_1520_000_1540_000/000102.jpg: 1 duplicate labels removed
[34m[1mtrain: [0mWARNING ⚠️ /media/data/waymo_yolo/train/images/4324227028219935045_1520_000_1540_000/000124.jpg: 1 duplicate labels removed
[34m[1mtrain: [0mWARNING ⚠️ /media/data/waymo_yolo/train/images/4380865029019172232_480_000_500_000/000078.jpg: 1 duplicate labels removed
[34m[1mtrain: [0mWARNING ⚠️ /media/data/waymo_yolo/train/images/4427374597960783085_4168_000_4188_000/000153.jpg: 1 duplicate labels removed
[34m[1mtrain: [0mWARNING ⚠️ /media/data/waymo_yolo/train/images/4733704239941053266_960_000_980_000/000147.jpg: 1 duplicate labels removed
[34m[1mtrain: [0mWARNING ⚠️ /media/data/waymo_yolo/train/images/4733704239941053266_960_000_980_000/000154.jpg: 1 duplicate labels removed
[34m[1mtrain: [0mWARNING ⚠️ /media/data/waymo_yolo/train/images/4781039348168995891_280_000_300_000/000175.jpg: 1 duplicate labels removed
[34m[1mtrain: [0mWARNING ⚠️ /media/data/waymo_yolo/train/images/5076950993715916459_3265_000_3285_000/000028.jpg: 1 duplicate labels removed
[34m[1mtrain: [0mWARNING ⚠️ /media/data/waymo_yolo/train/images/5076950993715916459_3265_000_3285_000/000163.jpg: 1 duplicate labels removed
[34m[1mtrain: [0mWARNING ⚠️ /media/data/waymo_yolo/train/images/5076950993715916459_3265_000_3285_000/000168.jpg: 1 duplicate labels removed
[34m[1mtrain: [0mWARNING ⚠️ /media/data/waymo_yolo/train/images/5268267801500934740_2160_000_2180_000/000161.jpg: 1 duplicate labels removed
[34m[1mtrain: [0mWARNING ⚠️ /media/data/waymo_yolo/train/images/5349843997395815699_1040_000_1060_000/000002.jpg: 1 duplicate labels removed
[34m[1mtrain: [0mWARNING ⚠️ /media/data/waymo_yolo/train/images/5349843997395815699_1040_000_1060_000/000146.jpg: 1 duplicate labels removed
[34m[1mtrain: [0mWARNING ⚠️ /media/data/waymo_yolo/train/images/5349843997395815699_1040_000_1060_000/000188.jpg: 1 duplicate labels removed
[34m[1mtrain: [0mWARNING ⚠️ /media/data/waymo_yolo/train/images/5349843997395815699_1040_000_1060_000/000192.jpg: 1 duplicate labels removed
[34m[1mtrain: [0mWARNING ⚠️ /media/data/waymo_yolo/train/images/5349843997395815699_1040_000_1060_000/000195.jpg: 1 duplicate labels removed
[34m[1mtrain: [0mWARNING ⚠️ /media/data/waymo_yolo/train/images/5458962501360340931_3140_000_3160_000/000198.jpg: 1 duplicate labels removed
[34m[1mtrain: [0mWARNING ⚠️ /media/data/waymo_yolo/train/images/5526948896847934178_1039_000_1059_000/000093.jpg: 1 duplicate labels removed
[34m[1mtrain: [0mWARNING ⚠️ /media/data/waymo_yolo/train/images/5592790652933523081_667_770_687_770/000070.jpg: 1 duplicate labels removed
[34m[1mtrain: [0mWARNING ⚠️ /media/data/waymo_yolo/train/images/575209926587730008_3880_000_3900_000/000035.jpg: 1 duplicate labels removed
[34m[1mtrain: [0mWARNING ⚠️ /media/data/waymo_yolo/train/images/5870668058140631588_1180_000_1200_000/000188.jpg: 1 duplicate labels removed
[34m[1mtrain: [0mWARNING ⚠️ /media/data/waymo_yolo/train/images/6128311556082453976_2520_000_2540_000/000003.jpg: 1 duplicate labels removed
[34m[1mtrain: [0mWARNING ⚠️ /media/data/waymo_yolo/train/images/6128311556082453976_2520_000_2540_000/000018.jpg: 1 duplicate labels removed
[34m[1mtrain: [0mWARNING ⚠️ /media/data/waymo_yolo/train/images/6128311556082453976_2520_000_2540_000/000044.jpg: 1 duplicate labels removed
[34m[1mtrain: [0mWARNING ⚠️ /media/data/waymo_yolo/train/images/6128311556082453976_2520_000_2540_000/000056.jpg: 1 duplicate labels removed
[34m[1mtrain: [0mWARNING ⚠️ /media/data/waymo_yolo/train/images/6128311556082453976_2520_000_2540_000/000058.jpg: 1 duplicate labels removed
[34m[1mtrain: [0mWARNING ⚠️ /media/data/waymo_yolo/train/images/616184888931414205_2020_000_2040_000/000143.jpg: 1 duplicate labels removed
[34m[1mtrain: [0mWARNING ⚠️ /media/data/waymo_yolo/train/images/616184888931414205_2020_000_2040_000/000144.jpg: 1 duplicate labels removed
[34m[1mtrain: [0mWARNING ⚠️ /media/data/waymo_yolo/train/images/616184888931414205_2020_000_2040_000/000147.jpg: 1 duplicate labels removed
[34m[1mtrain: [0mWARNING ⚠️ /media/data/waymo_yolo/train/images/6172160122069514875_6866_560_6886_560/000040.jpg: 1 duplicate labels removed
[34m[1mtrain: [0mWARNING ⚠️ /media/data/waymo_yolo/train/images/6234738900256277070_320_000_340_000/000106.jpg: 1 duplicate labels removed
[34m[1mtrain: [0mWARNING ⚠️ /media/data/waymo_yolo/train/images/6234738900256277070_320_000_340_000/000170.jpg: 1 duplicate labels removed
[34m[1mtrain: [0mWARNING ⚠️ /media/data/waymo_yolo/train/images/6390847454531723238_6000_000_6020_000/000006.jpg: 1 duplicate labels removed
[34m[1mtrain: [0mWARNING ⚠️ /media/data/waymo_yolo/train/images/6390847454531723238_6000_000_6020_000/000057.jpg: 1 duplicate labels removed
[34m[1mtrain: [0mWARNING ⚠️ /media/data/waymo_yolo/train/images/6390847454531723238_6000_000_6020_000/000088.jpg: 1 duplicate labels removed
[34m[1mtrain: [0mWARNING ⚠️ /media/data/waymo_yolo/train/images/6390847454531723238_6000_000_6020_000/000113.jpg: 1 duplicate labels removed
[34m[1mtrain: [0mWARNING ⚠️ /media/data/waymo_yolo/train/images/6390847454531723238_6000_000_6020_000/000133.jpg: 1 duplicate labels removed
[34m[1mtrain: [0mWARNING ⚠️ /media/data/waymo_yolo/train/images/6390847454531723238_6000_000_6020_000/000143.jpg: 1 duplicate labels removed
[34m[1mtrain: [0mWARNING ⚠️ /media/data/waymo_yolo/train/images/6390847454531723238_6000_000_6020_000/000146.jpg: 1 duplicate labels removed
[34m[1mtrain: [0mWARNING ⚠️ /media/data/waymo_yolo/train/images/6390847454531723238_6000_000_6020_000/000169.jpg: 1 duplicate labels removed
[34m[1mtrain: [0mWARNING ⚠️ /media/data/waymo_yolo/train/images/6390847454531723238_6000_000_6020_000/000173.jpg: 1 duplicate labels removed
[34m[1mtrain: [0mWARNING ⚠️ /media/data/waymo_yolo/train/images/6390847454531723238_6000_000_6020_000/000194.jpg: 1 duplicate labels removed
[34m[1mtrain: [0mWARNING ⚠️ /media/data/waymo_yolo/train/images/6740694556948402155_3040_000_3060_000/000136.jpg: 1 duplicate labels removed
[34m[1mtrain: [0mWARNING ⚠️ /media/data/waymo_yolo/train/images/6904827860701329567_960_000_980_000/000169.jpg: 1 duplicate labels removed
[34m[1mtrain: [0mWARNING ⚠️ /media/data/waymo_yolo/train/images/7120839653809570957_1060_000_1080_000/000002.jpg: 1 duplicate labels removed
[34m[1mtrain: [0mWARNING ⚠️ /media/data/waymo_yolo/train/images/7313718849795510302_280_000_300_000/000122.jpg: 1 duplicate labels removed
[34m[1mtrain: [0mWARNING ⚠️ /media/data/waymo_yolo/train/images/7741361323303179462_1230_310_1250_310/000007.jpg: 1 duplicate labels removed
[34m[1mtrain: [0mWARNING ⚠️ /media/data/waymo_yolo/train/images/7837172662136597262_1140_000_1160_000/000154.jpg: 1 duplicate labels removed
[34m[1mtrain: [0mWARNING ⚠️ /media/data/waymo_yolo/train/images/7885161619764516373_289_280_309_280/000024.jpg: 1 duplicate labels removed
[34m[1mtrain: [0mWARNING ⚠️ /media/data/waymo_yolo/train/images/7890808800227629086_6162_700_6182_700/000160.jpg: 1 duplicate labels removed
[34m[1mtrain: [0mWARNING ⚠️ /media/data/waymo_yolo/train/images/8123909110537564436_7220_000_7240_000/000011.jpg: 1 duplicate labels removed
[34m[1mtrain: [0mWARNING ⚠️ /media/data/waymo_yolo/train/images/9529958888589376527_640_000_660_000/000096.jpg: 1 duplicate labels removed
[34m[1mtrain: [0mWARNING ⚠️ /media/data/waymo_yolo/train/images/9529958888589376527_640_000_660_000/000097.jpg: 1 duplicate labels removed
[34m[1mtrain: [0mWARNING ⚠️ /media/data/waymo_yolo/train/images/9653249092275997647_980_000_1000_000/000121.jpg: 1 duplicate labels removed
[34m[1mtrain: [0mWARNING ⚠️ /media/data/waymo_yolo/train/images/9653249092275997647_980_000_1000_000/000143.jpg: 1 duplicate labels removed
[34m[1mtrain: [0mWARNING ⚠️ /media/data/waymo_yolo/train/images/9907794657177651763_1126_570_1146_570/000030.jpg: 1 duplicate labels removed
[34m[1mtrain: [0mWARNING ⚠️ /media/data/waymo_yolo/train/images/9907794657177651763_1126_570_1146_570/000074.jpg: 1 duplicate labels removed
[34m[1mtrain: [0mWARNING ⚠️ /media/data/waymo_yolo/train/images/9907794657177651763_1126_570_1146_570/000099.jpg: 1 duplicate labels removed
/home/hslee/anaconda3/envs/yolov12/lib/python3.11/site-packages/albumentations/__init__.py:28: UserWarning: A new version of Albumentations is available: '2.0.8' (you have '2.0.4'). Upgrade using: pip install -U albumentations. To disable automatic update checks, set the environment variable NO_ALBUMENTATIONS_UPDATE to 1.
  check_for_updates()
[34m[1malbumentations: [0mBlur(p=0.01, blur_limit=(3, 7)), MedianBlur(p=0.01, blur_limit=(3, 7)), ToGray(p=0.01, num_output_channels=3, method='weighted_average'), CLAHE(p=0.01, clip_limit=(1.0, 4.0), tile_grid_size=(8, 8))
WARNING ⚠️ 'rect=True' is incompatible with DataLoader shuffle, setting shuffle=False

[34m[1mval: [0mScanning /media/data/waymo_yolo/val/labels/10203656353524179475_7625_000_7645_000.cache... 39987 images, 923 backgrounds, 0 corrupt: 100%|██████████| 39987/39987 [00:00<?, ?it/s]
[34m[1mval: [0mScanning /media/data/waymo_yolo/val/labels/10203656353524179475_7625_000_7645_000.cache... 39987 images, 923 backgrounds, 0 corrupt: 100%|██████████| 39987/39987 [00:00<?, ?it/s]
[34m[1mval: [0mWARNING ⚠️ /media/data/waymo_yolo/val/images/10289507859301986274_4200_000_4220_000/000141.jpg: 1 duplicate labels removed
[34m[1mval: [0mWARNING ⚠️ /media/data/waymo_yolo/val/images/10289507859301986274_4200_000_4220_000/000159.jpg: 1 duplicate labels removed
[34m[1mval: [0mWARNING ⚠️ /media/data/waymo_yolo/val/images/10289507859301986274_4200_000_4220_000/000160.jpg: 1 duplicate labels removed
[34m[1mval: [0mWARNING ⚠️ /media/data/waymo_yolo/val/images/10289507859301986274_4200_000_4220_000/000170.jpg: 1 duplicate labels removed
[34m[1mval: [0mWARNING ⚠️ /media/data/waymo_yolo/val/images/10289507859301986274_4200_000_4220_000/000171.jpg: 1 duplicate labels removed
[34m[1mval: [0mWARNING ⚠️ /media/data/waymo_yolo/val/images/10289507859301986274_4200_000_4220_000/000182.jpg: 1 duplicate labels removed
[34m[1mval: [0mWARNING ⚠️ /media/data/waymo_yolo/val/images/10289507859301986274_4200_000_4220_000/000183.jpg: 1 duplicate labels removed
[34m[1mval: [0mWARNING ⚠️ /media/data/waymo_yolo/val/images/10868756386479184868_3000_000_3020_000/000030.jpg: 1 duplicate labels removed
[34m[1mval: [0mWARNING ⚠️ /media/data/waymo_yolo/val/images/10868756386479184868_3000_000_3020_000/000041.jpg: 1 duplicate labels removed
[34m[1mval: [0mWARNING ⚠️ /media/data/waymo_yolo/val/images/10868756386479184868_3000_000_3020_000/000048.jpg: 1 duplicate labels removed
[34m[1mval: [0mWARNING ⚠️ /media/data/waymo_yolo/val/images/11434627589960744626_4829_660_4849_660/000075.jpg: 1 duplicate labels removed
[34m[1mval: [0mWARNING ⚠️ /media/data/waymo_yolo/val/images/11434627589960744626_4829_660_4849_660/000113.jpg: 1 duplicate labels removed
[34m[1mval: [0mWARNING ⚠️ /media/data/waymo_yolo/val/images/11450298750351730790_1431_750_1451_750/000170.jpg: 1 duplicate labels removed
[34m[1mval: [0mWARNING ⚠️ /media/data/waymo_yolo/val/images/11450298750351730790_1431_750_1451_750/000171.jpg: 1 duplicate labels removed
[34m[1mval: [0mWARNING ⚠️ /media/data/waymo_yolo/val/images/12496433400137459534_120_000_140_000/000163.jpg: 1 duplicate labels removed
[34m[1mval: [0mWARNING ⚠️ /media/data/waymo_yolo/val/images/14262448332225315249_1280_000_1300_000/000158.jpg: 1 duplicate labels removed
[34m[1mval: [0mWARNING ⚠️ /media/data/waymo_yolo/val/images/14383152291533557785_240_000_260_000/000172.jpg: 1 duplicate labels removed
[34m[1mval: [0mWARNING ⚠️ /media/data/waymo_yolo/val/images/1457696187335927618_595_027_615_027/000029.jpg: 1 duplicate labels removed
[34m[1mval: [0mWARNING ⚠️ /media/data/waymo_yolo/val/images/1457696187335927618_595_027_615_027/000151.jpg: 1 duplicate labels removed
[34m[1mval: [0mWARNING ⚠️ /media/data/waymo_yolo/val/images/14624061243736004421_1840_000_1860_000/000183.jpg: 1 duplicate labels removed
[34m[1mval: [0mWARNING ⚠️ /media/data/waymo_yolo/val/images/14739149465358076158_4740_000_4760_000/000137.jpg: 1 duplicate labels removed
[34m[1mval: [0mWARNING ⚠️ /media/data/waymo_yolo/val/images/14739149465358076158_4740_000_4760_000/000138.jpg: 2 duplicate labels removed
[34m[1mval: [0mWARNING ⚠️ /media/data/waymo_yolo/val/images/14739149465358076158_4740_000_4760_000/000139.jpg: 2 duplicate labels removed
[34m[1mval: [0mWARNING ⚠️ /media/data/waymo_yolo/val/images/14739149465358076158_4740_000_4760_000/000140.jpg: 2 duplicate labels removed
[34m[1mval: [0mWARNING ⚠️ /media/data/waymo_yolo/val/images/14739149465358076158_4740_000_4760_000/000141.jpg: 1 duplicate labels removed
[34m[1mval: [0mWARNING ⚠️ /media/data/waymo_yolo/val/images/14739149465358076158_4740_000_4760_000/000142.jpg: 1 duplicate labels removed
[34m[1mval: [0mWARNING ⚠️ /media/data/waymo_yolo/val/images/14739149465358076158_4740_000_4760_000/000146.jpg: 1 duplicate labels removed
[34m[1mval: [0mWARNING ⚠️ /media/data/waymo_yolo/val/images/14739149465358076158_4740_000_4760_000/000147.jpg: 2 duplicate labels removed
[34m[1mval: [0mWARNING ⚠️ /media/data/waymo_yolo/val/images/14739149465358076158_4740_000_4760_000/000148.jpg: 2 duplicate labels removed
[34m[1mval: [0mWARNING ⚠️ /media/data/waymo_yolo/val/images/14739149465358076158_4740_000_4760_000/000149.jpg: 1 duplicate labels removed
[34m[1mval: [0mWARNING ⚠️ /media/data/waymo_yolo/val/images/14739149465358076158_4740_000_4760_000/000150.jpg: 1 duplicate labels removed
[34m[1mval: [0mWARNING ⚠️ /media/data/waymo_yolo/val/images/14739149465358076158_4740_000_4760_000/000151.jpg: 1 duplicate labels removed
[34m[1mval: [0mWARNING ⚠️ /media/data/waymo_yolo/val/images/14739149465358076158_4740_000_4760_000/000154.jpg: 1 duplicate labels removed
[34m[1mval: [0mWARNING ⚠️ /media/data/waymo_yolo/val/images/14739149465358076158_4740_000_4760_000/000158.jpg: 1 duplicate labels removed
[34m[1mval: [0mWARNING ⚠️ /media/data/waymo_yolo/val/images/14739149465358076158_4740_000_4760_000/000159.jpg: 1 duplicate labels removed
[34m[1mval: [0mWARNING ⚠️ /media/data/waymo_yolo/val/images/14739149465358076158_4740_000_4760_000/000160.jpg: 1 duplicate labels removed
[34m[1mval: [0mWARNING ⚠️ /media/data/waymo_yolo/val/images/14739149465358076158_4740_000_4760_000/000162.jpg: 1 duplicate labels removed
[34m[1mval: [0mWARNING ⚠️ /media/data/waymo_yolo/val/images/14739149465358076158_4740_000_4760_000/000168.jpg: 1 duplicate labels removed
[34m[1mval: [0mWARNING ⚠️ /media/data/waymo_yolo/val/images/14739149465358076158_4740_000_4760_000/000173.jpg: 1 duplicate labels removed
[34m[1mval: [0mWARNING ⚠️ /media/data/waymo_yolo/val/images/14739149465358076158_4740_000_4760_000/000176.jpg: 1 duplicate labels removed
[34m[1mval: [0mWARNING ⚠️ /media/data/waymo_yolo/val/images/14739149465358076158_4740_000_4760_000/000177.jpg: 1 duplicate labels removed
[34m[1mval: [0mWARNING ⚠️ /media/data/waymo_yolo/val/images/16213317953898915772_1597_170_1617_170/000129.jpg: 1 duplicate labels removed
[34m[1mval: [0mWARNING ⚠️ /media/data/waymo_yolo/val/images/16229547658178627464_380_000_400_000/000045.jpg: 1 duplicate labels removed
[34m[1mval: [0mWARNING ⚠️ /media/data/waymo_yolo/val/images/16229547658178627464_380_000_400_000/000105.jpg: 1 duplicate labels removed
[34m[1mval: [0mWARNING ⚠️ /media/data/waymo_yolo/val/images/16229547658178627464_380_000_400_000/000116.jpg: 1 duplicate labels removed
[34m[1mval: [0mWARNING ⚠️ /media/data/waymo_yolo/val/images/16229547658178627464_380_000_400_000/000118.jpg: 1 duplicate labels removed
[34m[1mval: [0mWARNING ⚠️ /media/data/waymo_yolo/val/images/16229547658178627464_380_000_400_000/000121.jpg: 1 duplicate labels removed
[34m[1mval: [0mWARNING ⚠️ /media/data/waymo_yolo/val/images/16229547658178627464_380_000_400_000/000122.jpg: 1 duplicate labels removed
[34m[1mval: [0mWARNING ⚠️ /media/data/waymo_yolo/val/images/16229547658178627464_380_000_400_000/000129.jpg: 1 duplicate labels removed
[34m[1mval: [0mWARNING ⚠️ /media/data/waymo_yolo/val/images/16229547658178627464_380_000_400_000/000130.jpg: 1 duplicate labels removed
[34m[1mval: [0mWARNING ⚠️ /media/data/waymo_yolo/val/images/17152649515605309595_3440_000_3460_000/000073.jpg: 1 duplicate labels removed
[34m[1mval: [0mWARNING ⚠️ /media/data/waymo_yolo/val/images/17694030326265859208_2340_000_2360_000/000163.jpg: 1 duplicate labels removed
[34m[1mval: [0mWARNING ⚠️ /media/data/waymo_yolo/val/images/3015436519694987712_1300_000_1320_000/000027.jpg: 1 duplicate labels removed
[34m[1mval: [0mWARNING ⚠️ /media/data/waymo_yolo/val/images/4423389401016162461_4235_900_4255_900/000125.jpg: 1 duplicate labels removed
[34m[1mval: [0mWARNING ⚠️ /media/data/waymo_yolo/val/images/4423389401016162461_4235_900_4255_900/000139.jpg: 1 duplicate labels removed
[34m[1mval: [0mWARNING ⚠️ /media/data/waymo_yolo/val/images/5847910688643719375_180_000_200_000/000113.jpg: 1 duplicate labels removed
[34m[1mval: [0mWARNING ⚠️ /media/data/waymo_yolo/val/images/6680764940003341232_2260_000_2280_000/000110.jpg: 1 duplicate labels removed
[34m[1mval: [0mWARNING ⚠️ /media/data/waymo_yolo/val/images/6680764940003341232_2260_000_2280_000/000114.jpg: 1 duplicate labels removed
[34m[1mval: [0mWARNING ⚠️ /media/data/waymo_yolo/val/images/7732779227944176527_2120_000_2140_000/000117.jpg: 1 duplicate labels removed
[34m[1mval: [0mWARNING ⚠️ /media/data/waymo_yolo/val/images/7732779227944176527_2120_000_2140_000/000123.jpg: 1 duplicate labels removed
[34m[1mval: [0mWARNING ⚠️ /media/data/waymo_yolo/val/images/7732779227944176527_2120_000_2140_000/000124.jpg: 1 duplicate labels removed
[34m[1mval: [0mWARNING ⚠️ /media/data/waymo_yolo/val/images/7732779227944176527_2120_000_2140_000/000143.jpg: 1 duplicate labels removed
[34m[1mval: [0mWARNING ⚠️ /media/data/waymo_yolo/val/images/7732779227944176527_2120_000_2140_000/000162.jpg: 1 duplicate labels removed
[34m[1mval: [0mWARNING ⚠️ /media/data/waymo_yolo/val/images/7732779227944176527_2120_000_2140_000/000163.jpg: 1 duplicate labels removed
[34m[1mval: [0mWARNING ⚠️ /media/data/waymo_yolo/val/images/7732779227944176527_2120_000_2140_000/000164.jpg: 1 duplicate labels removed
[34m[1mval: [0mWARNING ⚠️ /media/data/waymo_yolo/val/images/7732779227944176527_2120_000_2140_000/000170.jpg: 1 duplicate labels removed
[34m[1mval: [0mWARNING ⚠️ /media/data/waymo_yolo/val/images/7732779227944176527_2120_000_2140_000/000171.jpg: 1 duplicate labels removed
[34m[1mval: [0mWARNING ⚠️ /media/data/waymo_yolo/val/images/7732779227944176527_2120_000_2140_000/000184.jpg: 1 duplicate labels removed
[34m[1mval: [0mWARNING ⚠️ /media/data/waymo_yolo/val/images/7799643635310185714_680_000_700_000/000030.jpg: 1 duplicate labels removed
[34m[1mval: [0mWARNING ⚠️ /media/data/waymo_yolo/val/images/8506432817378693815_4860_000_4880_000/000046.jpg: 1 duplicate labels removed
[34m[1mval: [0mWARNING ⚠️ /media/data/waymo_yolo/val/images/8506432817378693815_4860_000_4880_000/000053.jpg: 1 duplicate labels removed
[34m[1mval: [0mWARNING ⚠️ /media/data/waymo_yolo/val/images/8506432817378693815_4860_000_4880_000/000064.jpg: 1 duplicate labels removed
[34m[1mval: [0mWARNING ⚠️ /media/data/waymo_yolo/val/images/8506432817378693815_4860_000_4880_000/000069.jpg: 1 duplicate labels removed
[34m[1mval: [0mWARNING ⚠️ /media/data/waymo_yolo/val/images/8506432817378693815_4860_000_4880_000/000077.jpg: 1 duplicate labels removed
[34m[1mval: [0mWARNING ⚠️ /media/data/waymo_yolo/val/images/8506432817378693815_4860_000_4880_000/000085.jpg: 1 duplicate labels removed
[34m[1mval: [0mWARNING ⚠️ /media/data/waymo_yolo/val/images/8907419590259234067_1960_000_1980_000/000088.jpg: 1 duplicate labels removed
[34m[1mval: [0mWARNING ⚠️ /media/data/waymo_yolo/val/images/8907419590259234067_1960_000_1980_000/000096.jpg: 1 duplicate labels removed
[34m[1mval: [0mWARNING ⚠️ /media/data/waymo_yolo/val/images/8907419590259234067_1960_000_1980_000/000097.jpg: 1 duplicate labels removed
[34m[1mval: [0mWARNING ⚠️ /media/data/waymo_yolo/val/images/8907419590259234067_1960_000_1980_000/000098.jpg: 1 duplicate labels removed
[34m[1mval: [0mWARNING ⚠️ /media/data/waymo_yolo/val/images/8907419590259234067_1960_000_1980_000/000099.jpg: 1 duplicate labels removed
[34m[1mval: [0mWARNING ⚠️ /media/data/waymo_yolo/val/images/9114112687541091312_1100_000_1120_000/000015.jpg: 1 duplicate labels removed
[34m[1mval: [0mWARNING ⚠️ /media/data/waymo_yolo/val/images/9114112687541091312_1100_000_1120_000/000017.jpg: 1 duplicate labels removed
[34m[1mval: [0mWARNING ⚠️ /media/data/waymo_yolo/val/images/9231652062943496183_1740_000_1760_000/000196.jpg: 1 duplicate labels removed
[34m[1mval: [0mWARNING ⚠️ /media/data/waymo_yolo/val/images/933621182106051783_4160_000_4180_000/000116.jpg: 1 duplicate labels removed
Plotting labels to runs/waymo/detect/anydepth-yolov12s/train/labels.jpg... 
/home/hslee/anaconda3/envs/yolov12/lib/python3.11/site-packages/albumentations/__init__.py:28: UserWarning: A new version of Albumentations is available: '2.0.8' (you have '2.0.4'). Upgrade using: pip install -U albumentations. To disable automatic update checks, set the environment variable NO_ALBUMENTATIONS_UPDATE to 1.
  check_for_updates()
[34m[1moptimizer:[0m SGD(lr=0.001, momentum=0.9) with parameter groups 302 weight(decay=0.0), 212 weight(decay=0.0005), 308 bias(decay=0.0)
DistributedDataParallel(
  (module): DetectionModelAnyDepth(
    (model): Sequential(
      (0): Conv(
        (conv): Conv2d(3, 32, kernel_size=(3, 3), stride=(2, 2), padding=(1, 1), bias=False)
        (bn): BatchNorm2d(32, eps=0.001, momentum=0.03, affine=True, track_running_stats=True)
        (act): SiLU(inplace=True)
      )
      (1): Conv(
        (conv): Conv2d(32, 64, kernel_size=(3, 3), stride=(2, 2), padding=(1, 1), groups=2, bias=False)
        (bn): BatchNorm2d(64, eps=0.001, momentum=0.03, affine=True, track_running_stats=True)
        (act): SiLU(inplace=True)
      )
      (2): SkippableC3k2(
        (cv1): SwitchableConv(
          (conv): Conv2d(64, 64, kernel_size=(1, 1), stride=(1, 1), bias=False)
          (bn): BatchNorm2d(64, eps=0.001, momentum=0.03, affine=True, track_running_stats=True)
          (bn_skip): BatchNorm2d(64, eps=0.001, momentum=0.03, affine=True, track_running_stats=True)
          (act): SiLU(inplace=True)
        )
        (cv2): SwitchableConv(
          (conv): Conv2d(128, 128, kernel_size=(1, 1), stride=(1, 1), bias=False)
          (bn): BatchNorm2d(128, eps=0.001, momentum=0.03, affine=True, track_running_stats=True)
          (bn_skip): BatchNorm2d(128, eps=0.001, momentum=0.03, affine=True, track_running_stats=True)
          (act): SiLU(inplace=True)
        )
        (m): ModuleList(
          (0): Bottleneck(
            (cv1): SwitchableConv(
              (conv): Conv2d(32, 16, kernel_size=(3, 3), stride=(1, 1), padding=(1, 1), bias=False)
              (bn): BatchNorm2d(16, eps=0.001, momentum=0.03, affine=True, track_running_stats=True)
              (bn_skip): BatchNorm2d(16, eps=0.001, momentum=0.03, affine=True, track_running_stats=True)
              (act): SiLU(inplace=True)
            )
            (cv2): SwitchableConv(
              (conv): Conv2d(16, 32, kernel_size=(3, 3), stride=(1, 1), padding=(1, 1), bias=False)
              (bn): BatchNorm2d(32, eps=0.001, momentum=0.03, affine=True, track_running_stats=True)
              (bn_skip): BatchNorm2d(32, eps=0.001, momentum=0.03, affine=True, track_running_stats=True)
              (act): SiLU(inplace=True)
            )
          )
          (1): Bottleneck(
            (cv1): Conv(
              (conv): Conv2d(32, 16, kernel_size=(3, 3), stride=(1, 1), padding=(1, 1), bias=False)
              (bn): BatchNorm2d(16, eps=0.001, momentum=0.03, affine=True, track_running_stats=True)
              (act): SiLU(inplace=True)
            )
            (cv2): Conv(
              (conv): Conv2d(16, 32, kernel_size=(3, 3), stride=(1, 1), padding=(1, 1), bias=False)
              (bn): BatchNorm2d(32, eps=0.001, momentum=0.03, affine=True, track_running_stats=True)
              (act): SiLU(inplace=True)
            )
          )
        )
      )
      (3): SwitchableConv(
        (conv): Conv2d(128, 128, kernel_size=(3, 3), stride=(2, 2), padding=(1, 1), groups=4, bias=False)
        (bn): BatchNorm2d(128, eps=0.001, momentum=0.03, affine=True, track_running_stats=True)
        (bn_skip): BatchNorm2d(128, eps=0.001, momentum=0.03, affine=True, track_running_stats=True)
        (act): SiLU(inplace=True)
      )
      (4): SkippableC3k2(
        (cv1): SwitchableConv(
          (conv): Conv2d(128, 128, kernel_size=(1, 1), stride=(1, 1), bias=False)
          (bn): BatchNorm2d(128, eps=0.001, momentum=0.03, affine=True, track_running_stats=True)
          (bn_skip): BatchNorm2d(128, eps=0.001, momentum=0.03, affine=True, track_running_stats=True)
          (act): SiLU(inplace=True)
        )
        (cv2): SwitchableConv(
          (conv): Conv2d(256, 256, kernel_size=(1, 1), stride=(1, 1), bias=False)
          (bn): BatchNorm2d(256, eps=0.001, momentum=0.03, affine=True, track_running_stats=True)
          (bn_skip): BatchNorm2d(256, eps=0.001, momentum=0.03, affine=True, track_running_stats=True)
          (act): SiLU(inplace=True)
        )
        (m): ModuleList(
          (0): Bottleneck(
            (cv1): SwitchableConv(
              (conv): Conv2d(64, 32, kernel_size=(3, 3), stride=(1, 1), padding=(1, 1), bias=False)
              (bn): BatchNorm2d(32, eps=0.001, momentum=0.03, affine=True, track_running_stats=True)
              (bn_skip): BatchNorm2d(32, eps=0.001, momentum=0.03, affine=True, track_running_stats=True)
              (act): SiLU(inplace=True)
            )
            (cv2): SwitchableConv(
              (conv): Conv2d(32, 64, kernel_size=(3, 3), stride=(1, 1), padding=(1, 1), bias=False)
              (bn): BatchNorm2d(64, eps=0.001, momentum=0.03, affine=True, track_running_stats=True)
              (bn_skip): BatchNorm2d(64, eps=0.001, momentum=0.03, affine=True, track_running_stats=True)
              (act): SiLU(inplace=True)
            )
          )
          (1): Bottleneck(
            (cv1): Conv(
              (conv): Conv2d(64, 32, kernel_size=(3, 3), stride=(1, 1), padding=(1, 1), bias=False)
              (bn): BatchNorm2d(32, eps=0.001, momentum=0.03, affine=True, track_running_stats=True)
              (act): SiLU(inplace=True)
            )
            (cv2): Conv(
              (conv): Conv2d(32, 64, kernel_size=(3, 3), stride=(1, 1), padding=(1, 1), bias=False)
              (bn): BatchNorm2d(64, eps=0.001, momentum=0.03, affine=True, track_running_stats=True)
              (act): SiLU(inplace=True)
            )
          )
        )
      )
      (5): SwitchableConv(
        (conv): Conv2d(256, 256, kernel_size=(3, 3), stride=(2, 2), padding=(1, 1), bias=False)
        (bn): BatchNorm2d(256, eps=0.001, momentum=0.03, affine=True, track_running_stats=True)
        (bn_skip): BatchNorm2d(256, eps=0.001, momentum=0.03, affine=True, track_running_stats=True)
        (act): SiLU(inplace=True)
      )
      (6): SkippableA2C2f(
        (cv1): SwitchableConv(
          (conv): Conv2d(256, 128, kernel_size=(1, 1), stride=(1, 1), bias=False)
          (bn): BatchNorm2d(128, eps=0.001, momentum=0.03, affine=True, track_running_stats=True)
          (bn_skip): BatchNorm2d(128, eps=0.001, momentum=0.03, affine=True, track_running_stats=True)
          (act): SiLU(inplace=True)
        )
        (cv2): SwitchableConv(
          (conv): Conv2d(640, 256, kernel_size=(1, 1), stride=(1, 1), bias=False)
          (bn): BatchNorm2d(256, eps=0.001, momentum=0.03, affine=True, track_running_stats=True)
          (bn_skip): BatchNorm2d(256, eps=0.001, momentum=0.03, affine=True, track_running_stats=True)
          (conv_skip): Conv2d(384, 256, kernel_size=(1, 1), stride=(1, 1), bias=False)
          (act): SiLU(inplace=True)
        )
        (m): ModuleList(
          (0-1): 2 x SwitchableSequential(
            (0): ABlock(
              (attn): SwitchableAAttn(
                (qk): SwitchableConv(
                  (conv): Conv2d(128, 256, kernel_size=(1, 1), stride=(1, 1), bias=False)
                  (bn): BatchNorm2d(256, eps=0.001, momentum=0.03, affine=True, track_running_stats=True)
                  (bn_skip): BatchNorm2d(256, eps=0.001, momentum=0.03, affine=True, track_running_stats=True)
                  (act): Identity()
                )
                (v): SwitchableConv(
                  (conv): Conv2d(128, 128, kernel_size=(1, 1), stride=(1, 1), bias=False)
                  (bn): BatchNorm2d(128, eps=0.001, momentum=0.03, affine=True, track_running_stats=True)
                  (bn_skip): BatchNorm2d(128, eps=0.001, momentum=0.03, affine=True, track_running_stats=True)
                  (act): Identity()
                )
                (proj): SwitchableConv(
                  (conv): Conv2d(128, 128, kernel_size=(1, 1), stride=(1, 1), bias=False)
                  (bn): BatchNorm2d(128, eps=0.001, momentum=0.03, affine=True, track_running_stats=True)
                  (bn_skip): BatchNorm2d(128, eps=0.001, momentum=0.03, affine=True, track_running_stats=True)
                  (act): Identity()
                )
                (pe): SwitchableConv(
                  (conv): Conv2d(128, 128, kernel_size=(5, 5), stride=(1, 1), padding=(2, 2), groups=128, bias=False)
                  (bn): BatchNorm2d(128, eps=0.001, momentum=0.03, affine=True, track_running_stats=True)
                  (bn_skip): BatchNorm2d(128, eps=0.001, momentum=0.03, affine=True, track_running_stats=True)
                  (act): Identity()
                )
              )
              (mlp): SwitchableSequential(
                (0): SwitchableConv(
                  (conv): Conv2d(128, 256, kernel_size=(1, 1), stride=(1, 1), bias=False)
                  (bn): BatchNorm2d(256, eps=0.001, momentum=0.03, affine=True, track_running_stats=True)
                  (bn_skip): BatchNorm2d(256, eps=0.001, momentum=0.03, affine=True, track_running_stats=True)
                  (act): SiLU(inplace=True)
                )
                (1): SwitchableConv(
                  (conv): Conv2d(256, 128, kernel_size=(1, 1), stride=(1, 1), bias=False)
                  (bn): BatchNorm2d(128, eps=0.001, momentum=0.03, affine=True, track_running_stats=True)
                  (bn_skip): BatchNorm2d(128, eps=0.001, momentum=0.03, affine=True, track_running_stats=True)
                  (act): Identity()
                )
              )
            )
            (1): ABlock(
              (attn): SwitchableAAttn(
                (qk): SwitchableConv(
                  (conv): Conv2d(128, 256, kernel_size=(1, 1), stride=(1, 1), bias=False)
                  (bn): BatchNorm2d(256, eps=0.001, momentum=0.03, affine=True, track_running_stats=True)
                  (bn_skip): BatchNorm2d(256, eps=0.001, momentum=0.03, affine=True, track_running_stats=True)
                  (act): Identity()
                )
                (v): SwitchableConv(
                  (conv): Conv2d(128, 128, kernel_size=(1, 1), stride=(1, 1), bias=False)
                  (bn): BatchNorm2d(128, eps=0.001, momentum=0.03, affine=True, track_running_stats=True)
                  (bn_skip): BatchNorm2d(128, eps=0.001, momentum=0.03, affine=True, track_running_stats=True)
                  (act): Identity()
                )
                (proj): SwitchableConv(
                  (conv): Conv2d(128, 128, kernel_size=(1, 1), stride=(1, 1), bias=False)
                  (bn): BatchNorm2d(128, eps=0.001, momentum=0.03, affine=True, track_running_stats=True)
                  (bn_skip): BatchNorm2d(128, eps=0.001, momentum=0.03, affine=True, track_running_stats=True)
                  (act): Identity()
                )
                (pe): SwitchableConv(
                  (conv): Conv2d(128, 128, kernel_size=(5, 5), stride=(1, 1), padding=(2, 2), groups=128, bias=False)
                  (bn): BatchNorm2d(128, eps=0.001, momentum=0.03, affine=True, track_running_stats=True)
                  (bn_skip): BatchNorm2d(128, eps=0.001, momentum=0.03, affine=True, track_running_stats=True)
                  (act): Identity()
                )
              )
              (mlp): SwitchableSequential(
                (0): SwitchableConv(
                  (conv): Conv2d(128, 256, kernel_size=(1, 1), stride=(1, 1), bias=False)
                  (bn): BatchNorm2d(256, eps=0.001, momentum=0.03, affine=True, track_running_stats=True)
                  (bn_skip): BatchNorm2d(256, eps=0.001, momentum=0.03, affine=True, track_running_stats=True)
                  (act): SiLU(inplace=True)
                )
                (1): SwitchableConv(
                  (conv): Conv2d(256, 128, kernel_size=(1, 1), stride=(1, 1), bias=False)
                  (bn): BatchNorm2d(128, eps=0.001, momentum=0.03, affine=True, track_running_stats=True)
                  (bn_skip): BatchNorm2d(128, eps=0.001, momentum=0.03, affine=True, track_running_stats=True)
                  (act): Identity()
                )
              )
            )
          )
          (2-3): 2 x Sequential(
            (0): ABlock(
              (attn): AAttn(
                (qk): Conv(
                  (conv): Conv2d(128, 256, kernel_size=(1, 1), stride=(1, 1), bias=False)
                  (bn): BatchNorm2d(256, eps=0.001, momentum=0.03, affine=True, track_running_stats=True)
                  (act): Identity()
                )
                (v): Conv(
                  (conv): Conv2d(128, 128, kernel_size=(1, 1), stride=(1, 1), bias=False)
                  (bn): BatchNorm2d(128, eps=0.001, momentum=0.03, affine=True, track_running_stats=True)
                  (act): Identity()
                )
                (proj): Conv(
                  (conv): Conv2d(128, 128, kernel_size=(1, 1), stride=(1, 1), bias=False)
                  (bn): BatchNorm2d(128, eps=0.001, momentum=0.03, affine=True, track_running_stats=True)
                  (act): Identity()
                )
                (pe): Conv(
                  (conv): Conv2d(128, 128, kernel_size=(5, 5), stride=(1, 1), padding=(2, 2), groups=128, bias=False)
                  (bn): BatchNorm2d(128, eps=0.001, momentum=0.03, affine=True, track_running_stats=True)
                  (act): Identity()
                )
              )
              (mlp): Sequential(
                (0): Conv(
                  (conv): Conv2d(128, 256, kernel_size=(1, 1), stride=(1, 1), bias=False)
                  (bn): BatchNorm2d(256, eps=0.001, momentum=0.03, affine=True, track_running_stats=True)
                  (act): SiLU(inplace=True)
                )
                (1): Conv(
                  (conv): Conv2d(256, 128, kernel_size=(1, 1), stride=(1, 1), bias=False)
                  (bn): BatchNorm2d(128, eps=0.001, momentum=0.03, affine=True, track_running_stats=True)
                  (act): Identity()
                )
              )
            )
            (1): ABlock(
              (attn): AAttn(
                (qk): Conv(
                  (conv): Conv2d(128, 256, kernel_size=(1, 1), stride=(1, 1), bias=False)
                  (bn): BatchNorm2d(256, eps=0.001, momentum=0.03, affine=True, track_running_stats=True)
                  (act): Identity()
                )
                (v): Conv(
                  (conv): Conv2d(128, 128, kernel_size=(1, 1), stride=(1, 1), bias=False)
                  (bn): BatchNorm2d(128, eps=0.001, momentum=0.03, affine=True, track_running_stats=True)
                  (act): Identity()
                )
                (proj): Conv(
                  (conv): Conv2d(128, 128, kernel_size=(1, 1), stride=(1, 1), bias=False)
                  (bn): BatchNorm2d(128, eps=0.001, momentum=0.03, affine=True, track_running_stats=True)
                  (act): Identity()
                )
                (pe): Conv(
                  (conv): Conv2d(128, 128, kernel_size=(5, 5), stride=(1, 1), padding=(2, 2), groups=128, bias=False)
                  (bn): BatchNorm2d(128, eps=0.001, momentum=0.03, affine=True, track_running_stats=True)
                  (act): Identity()
                )
              )
              (mlp): Sequential(
                (0): Conv(
                  (conv): Conv2d(128, 256, kernel_size=(1, 1), stride=(1, 1), bias=False)
                  (bn): BatchNorm2d(256, eps=0.001, momentum=0.03, affine=True, track_running_stats=True)
                  (act): SiLU(inplace=True)
                )
                (1): Conv(
                  (conv): Conv2d(256, 128, kernel_size=(1, 1), stride=(1, 1), bias=False)
                  (bn): BatchNorm2d(128, eps=0.001, momentum=0.03, affine=True, track_running_stats=True)
                  (act): Identity()
                )
              )
            )
          )
        )
      )
      (7): SwitchableConv(
        (conv): Conv2d(256, 256, kernel_size=(3, 3), stride=(2, 2), padding=(1, 1), bias=False)
        (bn): BatchNorm2d(256, eps=0.001, momentum=0.03, affine=True, track_running_stats=True)
        (bn_skip): BatchNorm2d(256, eps=0.001, momentum=0.03, affine=True, track_running_stats=True)
        (act): SiLU(inplace=True)
      )
      (8): SkippableA2C2f(
        (cv1): SwitchableConv(
          (conv): Conv2d(256, 128, kernel_size=(1, 1), stride=(1, 1), bias=False)
          (bn): BatchNorm2d(128, eps=0.001, momentum=0.03, affine=True, track_running_stats=True)
          (bn_skip): BatchNorm2d(128, eps=0.001, momentum=0.03, affine=True, track_running_stats=True)
          (act): SiLU(inplace=True)
        )
        (cv2): SwitchableConv(
          (conv): Conv2d(640, 256, kernel_size=(1, 1), stride=(1, 1), bias=False)
          (bn): BatchNorm2d(256, eps=0.001, momentum=0.03, affine=True, track_running_stats=True)
          (bn_skip): BatchNorm2d(256, eps=0.001, momentum=0.03, affine=True, track_running_stats=True)
          (conv_skip): Conv2d(384, 256, kernel_size=(1, 1), stride=(1, 1), bias=False)
          (act): SiLU(inplace=True)
        )
        (m): ModuleList(
          (0-1): 2 x SwitchableSequential(
            (0): ABlock(
              (attn): SwitchableAAttn(
                (qk): SwitchableConv(
                  (conv): Conv2d(128, 256, kernel_size=(1, 1), stride=(1, 1), bias=False)
                  (bn): BatchNorm2d(256, eps=0.001, momentum=0.03, affine=True, track_running_stats=True)
                  (bn_skip): BatchNorm2d(256, eps=0.001, momentum=0.03, affine=True, track_running_stats=True)
                  (act): Identity()
                )
                (v): SwitchableConv(
                  (conv): Conv2d(128, 128, kernel_size=(1, 1), stride=(1, 1), bias=False)
                  (bn): BatchNorm2d(128, eps=0.001, momentum=0.03, affine=True, track_running_stats=True)
                  (bn_skip): BatchNorm2d(128, eps=0.001, momentum=0.03, affine=True, track_running_stats=True)
                  (act): Identity()
                )
                (proj): SwitchableConv(
                  (conv): Conv2d(128, 128, kernel_size=(1, 1), stride=(1, 1), bias=False)
                  (bn): BatchNorm2d(128, eps=0.001, momentum=0.03, affine=True, track_running_stats=True)
                  (bn_skip): BatchNorm2d(128, eps=0.001, momentum=0.03, affine=True, track_running_stats=True)
                  (act): Identity()
                )
                (pe): SwitchableConv(
                  (conv): Conv2d(128, 128, kernel_size=(5, 5), stride=(1, 1), padding=(2, 2), groups=128, bias=False)
                  (bn): BatchNorm2d(128, eps=0.001, momentum=0.03, affine=True, track_running_stats=True)
                  (bn_skip): BatchNorm2d(128, eps=0.001, momentum=0.03, affine=True, track_running_stats=True)
                  (act): Identity()
                )
              )
              (mlp): SwitchableSequential(
                (0): SwitchableConv(
                  (conv): Conv2d(128, 256, kernel_size=(1, 1), stride=(1, 1), bias=False)
                  (bn): BatchNorm2d(256, eps=0.001, momentum=0.03, affine=True, track_running_stats=True)
                  (bn_skip): BatchNorm2d(256, eps=0.001, momentum=0.03, affine=True, track_running_stats=True)
                  (act): SiLU(inplace=True)
                )
                (1): SwitchableConv(
                  (conv): Conv2d(256, 128, kernel_size=(1, 1), stride=(1, 1), bias=False)
                  (bn): BatchNorm2d(128, eps=0.001, momentum=0.03, affine=True, track_running_stats=True)
                  (bn_skip): BatchNorm2d(128, eps=0.001, momentum=0.03, affine=True, track_running_stats=True)
                  (act): Identity()
                )
              )
            )
            (1): ABlock(
              (attn): SwitchableAAttn(
                (qk): SwitchableConv(
                  (conv): Conv2d(128, 256, kernel_size=(1, 1), stride=(1, 1), bias=False)
                  (bn): BatchNorm2d(256, eps=0.001, momentum=0.03, affine=True, track_running_stats=True)
                  (bn_skip): BatchNorm2d(256, eps=0.001, momentum=0.03, affine=True, track_running_stats=True)
                  (act): Identity()
                )
                (v): SwitchableConv(
                  (conv): Conv2d(128, 128, kernel_size=(1, 1), stride=(1, 1), bias=False)
                  (bn): BatchNorm2d(128, eps=0.001, momentum=0.03, affine=True, track_running_stats=True)
                  (bn_skip): BatchNorm2d(128, eps=0.001, momentum=0.03, affine=True, track_running_stats=True)
                  (act): Identity()
                )
                (proj): SwitchableConv(
                  (conv): Conv2d(128, 128, kernel_size=(1, 1), stride=(1, 1), bias=False)
                  (bn): BatchNorm2d(128, eps=0.001, momentum=0.03, affine=True, track_running_stats=True)
                  (bn_skip): BatchNorm2d(128, eps=0.001, momentum=0.03, affine=True, track_running_stats=True)
                  (act): Identity()
                )
                (pe): SwitchableConv(
                  (conv): Conv2d(128, 128, kernel_size=(5, 5), stride=(1, 1), padding=(2, 2), groups=128, bias=False)
                  (bn): BatchNorm2d(128, eps=0.001, momentum=0.03, affine=True, track_running_stats=True)
                  (bn_skip): BatchNorm2d(128, eps=0.001, momentum=0.03, affine=True, track_running_stats=True)
                  (act): Identity()
                )
              )
              (mlp): SwitchableSequential(
                (0): SwitchableConv(
                  (conv): Conv2d(128, 256, kernel_size=(1, 1), stride=(1, 1), bias=False)
                  (bn): BatchNorm2d(256, eps=0.001, momentum=0.03, affine=True, track_running_stats=True)
                  (bn_skip): BatchNorm2d(256, eps=0.001, momentum=0.03, affine=True, track_running_stats=True)
                  (act): SiLU(inplace=True)
                )
                (1): SwitchableConv(
                  (conv): Conv2d(256, 128, kernel_size=(1, 1), stride=(1, 1), bias=False)
                  (bn): BatchNorm2d(128, eps=0.001, momentum=0.03, affine=True, track_running_stats=True)
                  (bn_skip): BatchNorm2d(128, eps=0.001, momentum=0.03, affine=True, track_running_stats=True)
                  (act): Identity()
                )
              )
            )
          )
          (2-3): 2 x Sequential(
            (0): ABlock(
              (attn): AAttn(
                (qk): Conv(
                  (conv): Conv2d(128, 256, kernel_size=(1, 1), stride=(1, 1), bias=False)
                  (bn): BatchNorm2d(256, eps=0.001, momentum=0.03, affine=True, track_running_stats=True)
                  (act): Identity()
                )
                (v): Conv(
                  (conv): Conv2d(128, 128, kernel_size=(1, 1), stride=(1, 1), bias=False)
                  (bn): BatchNorm2d(128, eps=0.001, momentum=0.03, affine=True, track_running_stats=True)
                  (act): Identity()
                )
                (proj): Conv(
                  (conv): Conv2d(128, 128, kernel_size=(1, 1), stride=(1, 1), bias=False)
                  (bn): BatchNorm2d(128, eps=0.001, momentum=0.03, affine=True, track_running_stats=True)
                  (act): Identity()
                )
                (pe): Conv(
                  (conv): Conv2d(128, 128, kernel_size=(5, 5), stride=(1, 1), padding=(2, 2), groups=128, bias=False)
                  (bn): BatchNorm2d(128, eps=0.001, momentum=0.03, affine=True, track_running_stats=True)
                  (act): Identity()
                )
              )
              (mlp): Sequential(
                (0): Conv(
                  (conv): Conv2d(128, 256, kernel_size=(1, 1), stride=(1, 1), bias=False)
                  (bn): BatchNorm2d(256, eps=0.001, momentum=0.03, affine=True, track_running_stats=True)
                  (act): SiLU(inplace=True)
                )
                (1): Conv(
                  (conv): Conv2d(256, 128, kernel_size=(1, 1), stride=(1, 1), bias=False)
                  (bn): BatchNorm2d(128, eps=0.001, momentum=0.03, affine=True, track_running_stats=True)
                  (act): Identity()
                )
              )
            )
            (1): ABlock(
              (attn): AAttn(
                (qk): Conv(
                  (conv): Conv2d(128, 256, kernel_size=(1, 1), stride=(1, 1), bias=False)
                  (bn): BatchNorm2d(256, eps=0.001, momentum=0.03, affine=True, track_running_stats=True)
                  (act): Identity()
                )
                (v): Conv(
                  (conv): Conv2d(128, 128, kernel_size=(1, 1), stride=(1, 1), bias=False)
                  (bn): BatchNorm2d(128, eps=0.001, momentum=0.03, affine=True, track_running_stats=True)
                  (act): Identity()
                )
                (proj): Conv(
                  (conv): Conv2d(128, 128, kernel_size=(1, 1), stride=(1, 1), bias=False)
                  (bn): BatchNorm2d(128, eps=0.001, momentum=0.03, affine=True, track_running_stats=True)
                  (act): Identity()
                )
                (pe): Conv(
                  (conv): Conv2d(128, 128, kernel_size=(5, 5), stride=(1, 1), padding=(2, 2), groups=128, bias=False)
                  (bn): BatchNorm2d(128, eps=0.001, momentum=0.03, affine=True, track_running_stats=True)
                  (act): Identity()
                )
              )
              (mlp): Sequential(
                (0): Conv(
                  (conv): Conv2d(128, 256, kernel_size=(1, 1), stride=(1, 1), bias=False)
                  (bn): BatchNorm2d(256, eps=0.001, momentum=0.03, affine=True, track_running_stats=True)
                  (act): SiLU(inplace=True)
                )
                (1): Conv(
                  (conv): Conv2d(256, 128, kernel_size=(1, 1), stride=(1, 1), bias=False)
                  (bn): BatchNorm2d(128, eps=0.001, momentum=0.03, affine=True, track_running_stats=True)
                  (act): Identity()
                )
              )
            )
          )
        )
      )
      (9): Upsample(scale_factor=2.0, mode='nearest')
      (10): Concat()
      (11): SkippableA2C2f(
        (cv1): SwitchableConv(
          (conv): Conv2d(512, 128, kernel_size=(1, 1), stride=(1, 1), bias=False)
          (bn): BatchNorm2d(128, eps=0.001, momentum=0.03, affine=True, track_running_stats=True)
          (bn_skip): BatchNorm2d(128, eps=0.001, momentum=0.03, affine=True, track_running_stats=True)
          (act): SiLU(inplace=True)
        )
        (cv2): SwitchableConv(
          (conv): Conv2d(384, 256, kernel_size=(1, 1), stride=(1, 1), bias=False)
          (bn): BatchNorm2d(256, eps=0.001, momentum=0.03, affine=True, track_running_stats=True)
          (bn_skip): BatchNorm2d(256, eps=0.001, momentum=0.03, affine=True, track_running_stats=True)
          (act): SiLU(inplace=True)
        )
        (m): ModuleList(
          (0): C3k(
            (cv1): SwitchableConv(
              (conv): Conv2d(128, 64, kernel_size=(1, 1), stride=(1, 1), bias=False)
              (bn): BatchNorm2d(64, eps=0.001, momentum=0.03, affine=True, track_running_stats=True)
              (bn_skip): BatchNorm2d(64, eps=0.001, momentum=0.03, affine=True, track_running_stats=True)
              (act): SiLU(inplace=True)
            )
            (cv2): SwitchableConv(
              (conv): Conv2d(128, 64, kernel_size=(1, 1), stride=(1, 1), bias=False)
              (bn): BatchNorm2d(64, eps=0.001, momentum=0.03, affine=True, track_running_stats=True)
              (bn_skip): BatchNorm2d(64, eps=0.001, momentum=0.03, affine=True, track_running_stats=True)
              (act): SiLU(inplace=True)
            )
            (cv3): SwitchableConv(
              (conv): Conv2d(128, 128, kernel_size=(1, 1), stride=(1, 1), bias=False)
              (bn): BatchNorm2d(128, eps=0.001, momentum=0.03, affine=True, track_running_stats=True)
              (bn_skip): BatchNorm2d(128, eps=0.001, momentum=0.03, affine=True, track_running_stats=True)
              (act): SiLU(inplace=True)
            )
            (m): SwitchableSequential(
              (0): Bottleneck(
                (cv1): SwitchableConv(
                  (conv): Conv2d(64, 64, kernel_size=(3, 3), stride=(1, 1), padding=(1, 1), bias=False)
                  (bn): BatchNorm2d(64, eps=0.001, momentum=0.03, affine=True, track_running_stats=True)
                  (bn_skip): BatchNorm2d(64, eps=0.001, momentum=0.03, affine=True, track_running_stats=True)
                  (act): SiLU(inplace=True)
                )
                (cv2): SwitchableConv(
                  (conv): Conv2d(64, 64, kernel_size=(3, 3), stride=(1, 1), padding=(1, 1), bias=False)
                  (bn): BatchNorm2d(64, eps=0.001, momentum=0.03, affine=True, track_running_stats=True)
                  (bn_skip): BatchNorm2d(64, eps=0.001, momentum=0.03, affine=True, track_running_stats=True)
                  (act): SiLU(inplace=True)
                )
              )
              (1): Bottleneck(
                (cv1): SwitchableConv(
                  (conv): Conv2d(64, 64, kernel_size=(3, 3), stride=(1, 1), padding=(1, 1), bias=False)
                  (bn): BatchNorm2d(64, eps=0.001, momentum=0.03, affine=True, track_running_stats=True)
                  (bn_skip): BatchNorm2d(64, eps=0.001, momentum=0.03, affine=True, track_running_stats=True)
                  (act): SiLU(inplace=True)
                )
                (cv2): SwitchableConv(
                  (conv): Conv2d(64, 64, kernel_size=(3, 3), stride=(1, 1), padding=(1, 1), bias=False)
                  (bn): BatchNorm2d(64, eps=0.001, momentum=0.03, affine=True, track_running_stats=True)
                  (bn_skip): BatchNorm2d(64, eps=0.001, momentum=0.03, affine=True, track_running_stats=True)
                  (act): SiLU(inplace=True)
                )
              )
            )
          )
          (1): C3k(
            (cv1): Conv(
              (conv): Conv2d(128, 64, kernel_size=(1, 1), stride=(1, 1), bias=False)
              (bn): BatchNorm2d(64, eps=0.001, momentum=0.03, affine=True, track_running_stats=True)
              (act): SiLU(inplace=True)
            )
            (cv2): Conv(
              (conv): Conv2d(128, 64, kernel_size=(1, 1), stride=(1, 1), bias=False)
              (bn): BatchNorm2d(64, eps=0.001, momentum=0.03, affine=True, track_running_stats=True)
              (act): SiLU(inplace=True)
            )
            (cv3): Conv(
              (conv): Conv2d(128, 128, kernel_size=(1, 1), stride=(1, 1), bias=False)
              (bn): BatchNorm2d(128, eps=0.001, momentum=0.03, affine=True, track_running_stats=True)
              (act): SiLU(inplace=True)
            )
            (m): Sequential(
              (0): Bottleneck(
                (cv1): Conv(
                  (conv): Conv2d(64, 64, kernel_size=(3, 3), stride=(1, 1), padding=(1, 1), bias=False)
                  (bn): BatchNorm2d(64, eps=0.001, momentum=0.03, affine=True, track_running_stats=True)
                  (act): SiLU(inplace=True)
                )
                (cv2): Conv(
                  (conv): Conv2d(64, 64, kernel_size=(3, 3), stride=(1, 1), padding=(1, 1), bias=False)
                  (bn): BatchNorm2d(64, eps=0.001, momentum=0.03, affine=True, track_running_stats=True)
                  (act): SiLU(inplace=True)
                )
              )
              (1): Bottleneck(
                (cv1): Conv(
                  (conv): Conv2d(64, 64, kernel_size=(3, 3), stride=(1, 1), padding=(1, 1), bias=False)
                  (bn): BatchNorm2d(64, eps=0.001, momentum=0.03, affine=True, track_running_stats=True)
                  (act): SiLU(inplace=True)
                )
                (cv2): Conv(
                  (conv): Conv2d(64, 64, kernel_size=(3, 3), stride=(1, 1), padding=(1, 1), bias=False)
                  (bn): BatchNorm2d(64, eps=0.001, momentum=0.03, affine=True, track_running_stats=True)
                  (act): SiLU(inplace=True)
                )
              )
            )
          )
        )
      )
      (12): Upsample(scale_factor=2.0, mode='nearest')
      (13): Concat()
      (14): SkippableA2C2f(
        (cv1): SwitchableConv(
          (conv): Conv2d(512, 64, kernel_size=(1, 1), stride=(1, 1), bias=False)
          (bn): BatchNorm2d(64, eps=0.001, momentum=0.03, affine=True, track_running_stats=True)
          (bn_skip): BatchNorm2d(64, eps=0.001, momentum=0.03, affine=True, track_running_stats=True)
          (act): SiLU(inplace=True)
        )
        (cv2): SwitchableConv(
          (conv): Conv2d(192, 128, kernel_size=(1, 1), stride=(1, 1), bias=False)
          (bn): BatchNorm2d(128, eps=0.001, momentum=0.03, affine=True, track_running_stats=True)
          (bn_skip): BatchNorm2d(128, eps=0.001, momentum=0.03, affine=True, track_running_stats=True)
          (act): SiLU(inplace=True)
        )
        (m): ModuleList(
          (0): C3k(
            (cv1): SwitchableConv(
              (conv): Conv2d(64, 32, kernel_size=(1, 1), stride=(1, 1), bias=False)
              (bn): BatchNorm2d(32, eps=0.001, momentum=0.03, affine=True, track_running_stats=True)
              (bn_skip): BatchNorm2d(32, eps=0.001, momentum=0.03, affine=True, track_running_stats=True)
              (act): SiLU(inplace=True)
            )
            (cv2): SwitchableConv(
              (conv): Conv2d(64, 32, kernel_size=(1, 1), stride=(1, 1), bias=False)
              (bn): BatchNorm2d(32, eps=0.001, momentum=0.03, affine=True, track_running_stats=True)
              (bn_skip): BatchNorm2d(32, eps=0.001, momentum=0.03, affine=True, track_running_stats=True)
              (act): SiLU(inplace=True)
            )
            (cv3): SwitchableConv(
              (conv): Conv2d(64, 64, kernel_size=(1, 1), stride=(1, 1), bias=False)
              (bn): BatchNorm2d(64, eps=0.001, momentum=0.03, affine=True, track_running_stats=True)
              (bn_skip): BatchNorm2d(64, eps=0.001, momentum=0.03, affine=True, track_running_stats=True)
              (act): SiLU(inplace=True)
            )
            (m): SwitchableSequential(
              (0): Bottleneck(
                (cv1): SwitchableConv(
                  (conv): Conv2d(32, 32, kernel_size=(3, 3), stride=(1, 1), padding=(1, 1), bias=False)
                  (bn): BatchNorm2d(32, eps=0.001, momentum=0.03, affine=True, track_running_stats=True)
                  (bn_skip): BatchNorm2d(32, eps=0.001, momentum=0.03, affine=True, track_running_stats=True)
                  (act): SiLU(inplace=True)
                )
                (cv2): SwitchableConv(
                  (conv): Conv2d(32, 32, kernel_size=(3, 3), stride=(1, 1), padding=(1, 1), bias=False)
                  (bn): BatchNorm2d(32, eps=0.001, momentum=0.03, affine=True, track_running_stats=True)
                  (bn_skip): BatchNorm2d(32, eps=0.001, momentum=0.03, affine=True, track_running_stats=True)
                  (act): SiLU(inplace=True)
                )
              )
              (1): Bottleneck(
                (cv1): SwitchableConv(
                  (conv): Conv2d(32, 32, kernel_size=(3, 3), stride=(1, 1), padding=(1, 1), bias=False)
                  (bn): BatchNorm2d(32, eps=0.001, momentum=0.03, affine=True, track_running_stats=True)
                  (bn_skip): BatchNorm2d(32, eps=0.001, momentum=0.03, affine=True, track_running_stats=True)
                  (act): SiLU(inplace=True)
                )
                (cv2): SwitchableConv(
                  (conv): Conv2d(32, 32, kernel_size=(3, 3), stride=(1, 1), padding=(1, 1), bias=False)
                  (bn): BatchNorm2d(32, eps=0.001, momentum=0.03, affine=True, track_running_stats=True)
                  (bn_skip): BatchNorm2d(32, eps=0.001, momentum=0.03, affine=True, track_running_stats=True)
                  (act): SiLU(inplace=True)
                )
              )
            )
          )
          (1): C3k(
            (cv1): Conv(
              (conv): Conv2d(64, 32, kernel_size=(1, 1), stride=(1, 1), bias=False)
              (bn): BatchNorm2d(32, eps=0.001, momentum=0.03, affine=True, track_running_stats=True)
              (act): SiLU(inplace=True)
            )
            (cv2): Conv(
              (conv): Conv2d(64, 32, kernel_size=(1, 1), stride=(1, 1), bias=False)
              (bn): BatchNorm2d(32, eps=0.001, momentum=0.03, affine=True, track_running_stats=True)
              (act): SiLU(inplace=True)
            )
            (cv3): Conv(
              (conv): Conv2d(64, 64, kernel_size=(1, 1), stride=(1, 1), bias=False)
              (bn): BatchNorm2d(64, eps=0.001, momentum=0.03, affine=True, track_running_stats=True)
              (act): SiLU(inplace=True)
            )
            (m): Sequential(
              (0): Bottleneck(
                (cv1): Conv(
                  (conv): Conv2d(32, 32, kernel_size=(3, 3), stride=(1, 1), padding=(1, 1), bias=False)
                  (bn): BatchNorm2d(32, eps=0.001, momentum=0.03, affine=True, track_running_stats=True)
                  (act): SiLU(inplace=True)
                )
                (cv2): Conv(
                  (conv): Conv2d(32, 32, kernel_size=(3, 3), stride=(1, 1), padding=(1, 1), bias=False)
                  (bn): BatchNorm2d(32, eps=0.001, momentum=0.03, affine=True, track_running_stats=True)
                  (act): SiLU(inplace=True)
                )
              )
              (1): Bottleneck(
                (cv1): Conv(
                  (conv): Conv2d(32, 32, kernel_size=(3, 3), stride=(1, 1), padding=(1, 1), bias=False)
                  (bn): BatchNorm2d(32, eps=0.001, momentum=0.03, affine=True, track_running_stats=True)
                  (act): SiLU(inplace=True)
                )
                (cv2): Conv(
                  (conv): Conv2d(32, 32, kernel_size=(3, 3), stride=(1, 1), padding=(1, 1), bias=False)
                  (bn): BatchNorm2d(32, eps=0.001, momentum=0.03, affine=True, track_running_stats=True)
                  (act): SiLU(inplace=True)
                )
              )
            )
          )
        )
      )
      (15): SwitchableConv(
        (conv): Conv2d(128, 128, kernel_size=(3, 3), stride=(2, 2), padding=(1, 1), bias=False)
        (bn): BatchNorm2d(128, eps=0.001, momentum=0.03, affine=True, track_running_stats=True)
        (bn_skip): BatchNorm2d(128, eps=0.001, momentum=0.03, affine=True, track_running_stats=True)
        (act): SiLU(inplace=True)
      )
      (16): Concat()
      (17): SkippableA2C2f(
        (cv1): SwitchableConv(
          (conv): Conv2d(384, 128, kernel_size=(1, 1), stride=(1, 1), bias=False)
          (bn): BatchNorm2d(128, eps=0.001, momentum=0.03, affine=True, track_running_stats=True)
          (bn_skip): BatchNorm2d(128, eps=0.001, momentum=0.03, affine=True, track_running_stats=True)
          (act): SiLU(inplace=True)
        )
        (cv2): SwitchableConv(
          (conv): Conv2d(384, 256, kernel_size=(1, 1), stride=(1, 1), bias=False)
          (bn): BatchNorm2d(256, eps=0.001, momentum=0.03, affine=True, track_running_stats=True)
          (bn_skip): BatchNorm2d(256, eps=0.001, momentum=0.03, affine=True, track_running_stats=True)
          (act): SiLU(inplace=True)
        )
        (m): ModuleList(
          (0): C3k(
            (cv1): SwitchableConv(
              (conv): Conv2d(128, 64, kernel_size=(1, 1), stride=(1, 1), bias=False)
              (bn): BatchNorm2d(64, eps=0.001, momentum=0.03, affine=True, track_running_stats=True)
              (bn_skip): BatchNorm2d(64, eps=0.001, momentum=0.03, affine=True, track_running_stats=True)
              (act): SiLU(inplace=True)
            )
            (cv2): SwitchableConv(
              (conv): Conv2d(128, 64, kernel_size=(1, 1), stride=(1, 1), bias=False)
              (bn): BatchNorm2d(64, eps=0.001, momentum=0.03, affine=True, track_running_stats=True)
              (bn_skip): BatchNorm2d(64, eps=0.001, momentum=0.03, affine=True, track_running_stats=True)
              (act): SiLU(inplace=True)
            )
            (cv3): SwitchableConv(
              (conv): Conv2d(128, 128, kernel_size=(1, 1), stride=(1, 1), bias=False)
              (bn): BatchNorm2d(128, eps=0.001, momentum=0.03, affine=True, track_running_stats=True)
              (bn_skip): BatchNorm2d(128, eps=0.001, momentum=0.03, affine=True, track_running_stats=True)
              (act): SiLU(inplace=True)
            )
            (m): SwitchableSequential(
              (0): Bottleneck(
                (cv1): SwitchableConv(
                  (conv): Conv2d(64, 64, kernel_size=(3, 3), stride=(1, 1), padding=(1, 1), bias=False)
                  (bn): BatchNorm2d(64, eps=0.001, momentum=0.03, affine=True, track_running_stats=True)
                  (bn_skip): BatchNorm2d(64, eps=0.001, momentum=0.03, affine=True, track_running_stats=True)
                  (act): SiLU(inplace=True)
                )
                (cv2): SwitchableConv(
                  (conv): Conv2d(64, 64, kernel_size=(3, 3), stride=(1, 1), padding=(1, 1), bias=False)
                  (bn): BatchNorm2d(64, eps=0.001, momentum=0.03, affine=True, track_running_stats=True)
                  (bn_skip): BatchNorm2d(64, eps=0.001, momentum=0.03, affine=True, track_running_stats=True)
                  (act): SiLU(inplace=True)
                )
              )
              (1): Bottleneck(
                (cv1): SwitchableConv(
                  (conv): Conv2d(64, 64, kernel_size=(3, 3), stride=(1, 1), padding=(1, 1), bias=False)
                  (bn): BatchNorm2d(64, eps=0.001, momentum=0.03, affine=True, track_running_stats=True)
                  (bn_skip): BatchNorm2d(64, eps=0.001, momentum=0.03, affine=True, track_running_stats=True)
                  (act): SiLU(inplace=True)
                )
                (cv2): SwitchableConv(
                  (conv): Conv2d(64, 64, kernel_size=(3, 3), stride=(1, 1), padding=(1, 1), bias=False)
                  (bn): BatchNorm2d(64, eps=0.001, momentum=0.03, affine=True, track_running_stats=True)
                  (bn_skip): BatchNorm2d(64, eps=0.001, momentum=0.03, affine=True, track_running_stats=True)
                  (act): SiLU(inplace=True)
                )
              )
            )
          )
          (1): C3k(
            (cv1): Conv(
              (conv): Conv2d(128, 64, kernel_size=(1, 1), stride=(1, 1), bias=False)
              (bn): BatchNorm2d(64, eps=0.001, momentum=0.03, affine=True, track_running_stats=True)
              (act): SiLU(inplace=True)
            )
            (cv2): Conv(
              (conv): Conv2d(128, 64, kernel_size=(1, 1), stride=(1, 1), bias=False)
              (bn): BatchNorm2d(64, eps=0.001, momentum=0.03, affine=True, track_running_stats=True)
              (act): SiLU(inplace=True)
            )
            (cv3): Conv(
              (conv): Conv2d(128, 128, kernel_size=(1, 1), stride=(1, 1), bias=False)
              (bn): BatchNorm2d(128, eps=0.001, momentum=0.03, affine=True, track_running_stats=True)
              (act): SiLU(inplace=True)
            )
            (m): Sequential(
              (0): Bottleneck(
                (cv1): Conv(
                  (conv): Conv2d(64, 64, kernel_size=(3, 3), stride=(1, 1), padding=(1, 1), bias=False)
                  (bn): BatchNorm2d(64, eps=0.001, momentum=0.03, affine=True, track_running_stats=True)
                  (act): SiLU(inplace=True)
                )
                (cv2): Conv(
                  (conv): Conv2d(64, 64, kernel_size=(3, 3), stride=(1, 1), padding=(1, 1), bias=False)
                  (bn): BatchNorm2d(64, eps=0.001, momentum=0.03, affine=True, track_running_stats=True)
                  (act): SiLU(inplace=True)
                )
              )
              (1): Bottleneck(
                (cv1): Conv(
                  (conv): Conv2d(64, 64, kernel_size=(3, 3), stride=(1, 1), padding=(1, 1), bias=False)
                  (bn): BatchNorm2d(64, eps=0.001, momentum=0.03, affine=True, track_running_stats=True)
                  (act): SiLU(inplace=True)
                )
                (cv2): Conv(
                  (conv): Conv2d(64, 64, kernel_size=(3, 3), stride=(1, 1), padding=(1, 1), bias=False)
                  (bn): BatchNorm2d(64, eps=0.001, momentum=0.03, affine=True, track_running_stats=True)
                  (act): SiLU(inplace=True)
                )
              )
            )
          )
        )
      )
      (18): SwitchableConv(
        (conv): Conv2d(256, 256, kernel_size=(3, 3), stride=(2, 2), padding=(1, 1), bias=False)
        (bn): BatchNorm2d(256, eps=0.001, momentum=0.03, affine=True, track_running_stats=True)
        (bn_skip): BatchNorm2d(256, eps=0.001, momentum=0.03, affine=True, track_running_stats=True)
        (act): SiLU(inplace=True)
      )
      (19): Concat()
      (20): SkippableC3k2(
        (cv1): SwitchableConv(
          (conv): Conv2d(512, 256, kernel_size=(1, 1), stride=(1, 1), bias=False)
          (bn): BatchNorm2d(256, eps=0.001, momentum=0.03, affine=True, track_running_stats=True)
          (bn_skip): BatchNorm2d(256, eps=0.001, momentum=0.03, affine=True, track_running_stats=True)
          (act): SiLU(inplace=True)
        )
        (cv2): SwitchableConv(
          (conv): Conv2d(512, 256, kernel_size=(1, 1), stride=(1, 1), bias=False)
          (bn): BatchNorm2d(256, eps=0.001, momentum=0.03, affine=True, track_running_stats=True)
          (bn_skip): BatchNorm2d(256, eps=0.001, momentum=0.03, affine=True, track_running_stats=True)
          (act): SiLU(inplace=True)
        )
        (m): ModuleList(
          (0): C3k(
            (cv1): SwitchableConv(
              (conv): Conv2d(128, 64, kernel_size=(1, 1), stride=(1, 1), bias=False)
              (bn): BatchNorm2d(64, eps=0.001, momentum=0.03, affine=True, track_running_stats=True)
              (bn_skip): BatchNorm2d(64, eps=0.001, momentum=0.03, affine=True, track_running_stats=True)
              (act): SiLU(inplace=True)
            )
            (cv2): SwitchableConv(
              (conv): Conv2d(128, 64, kernel_size=(1, 1), stride=(1, 1), bias=False)
              (bn): BatchNorm2d(64, eps=0.001, momentum=0.03, affine=True, track_running_stats=True)
              (bn_skip): BatchNorm2d(64, eps=0.001, momentum=0.03, affine=True, track_running_stats=True)
              (act): SiLU(inplace=True)
            )
            (cv3): SwitchableConv(
              (conv): Conv2d(128, 128, kernel_size=(1, 1), stride=(1, 1), bias=False)
              (bn): BatchNorm2d(128, eps=0.001, momentum=0.03, affine=True, track_running_stats=True)
              (bn_skip): BatchNorm2d(128, eps=0.001, momentum=0.03, affine=True, track_running_stats=True)
              (act): SiLU(inplace=True)
            )
            (m): SwitchableSequential(
              (0): Bottleneck(
                (cv1): SwitchableConv(
                  (conv): Conv2d(64, 64, kernel_size=(3, 3), stride=(1, 1), padding=(1, 1), bias=False)
                  (bn): BatchNorm2d(64, eps=0.001, momentum=0.03, affine=True, track_running_stats=True)
                  (bn_skip): BatchNorm2d(64, eps=0.001, momentum=0.03, affine=True, track_running_stats=True)
                  (act): SiLU(inplace=True)
                )
                (cv2): SwitchableConv(
                  (conv): Conv2d(64, 64, kernel_size=(3, 3), stride=(1, 1), padding=(1, 1), bias=False)
                  (bn): BatchNorm2d(64, eps=0.001, momentum=0.03, affine=True, track_running_stats=True)
                  (bn_skip): BatchNorm2d(64, eps=0.001, momentum=0.03, affine=True, track_running_stats=True)
                  (act): SiLU(inplace=True)
                )
              )
              (1): Bottleneck(
                (cv1): SwitchableConv(
                  (conv): Conv2d(64, 64, kernel_size=(3, 3), stride=(1, 1), padding=(1, 1), bias=False)
                  (bn): BatchNorm2d(64, eps=0.001, momentum=0.03, affine=True, track_running_stats=True)
                  (bn_skip): BatchNorm2d(64, eps=0.001, momentum=0.03, affine=True, track_running_stats=True)
                  (act): SiLU(inplace=True)
                )
                (cv2): SwitchableConv(
                  (conv): Conv2d(64, 64, kernel_size=(3, 3), stride=(1, 1), padding=(1, 1), bias=False)
                  (bn): BatchNorm2d(64, eps=0.001, momentum=0.03, affine=True, track_running_stats=True)
                  (bn_skip): BatchNorm2d(64, eps=0.001, momentum=0.03, affine=True, track_running_stats=True)
                  (act): SiLU(inplace=True)
                )
              )
            )
          )
          (1): C3k(
            (cv1): Conv(
              (conv): Conv2d(128, 64, kernel_size=(1, 1), stride=(1, 1), bias=False)
              (bn): BatchNorm2d(64, eps=0.001, momentum=0.03, affine=True, track_running_stats=True)
              (act): SiLU(inplace=True)
            )
            (cv2): Conv(
              (conv): Conv2d(128, 64, kernel_size=(1, 1), stride=(1, 1), bias=False)
              (bn): BatchNorm2d(64, eps=0.001, momentum=0.03, affine=True, track_running_stats=True)
              (act): SiLU(inplace=True)
            )
            (cv3): Conv(
              (conv): Conv2d(128, 128, kernel_size=(1, 1), stride=(1, 1), bias=False)
              (bn): BatchNorm2d(128, eps=0.001, momentum=0.03, affine=True, track_running_stats=True)
              (act): SiLU(inplace=True)
            )
            (m): Sequential(
              (0): Bottleneck(
                (cv1): Conv(
                  (conv): Conv2d(64, 64, kernel_size=(3, 3), stride=(1, 1), padding=(1, 1), bias=False)
                  (bn): BatchNorm2d(64, eps=0.001, momentum=0.03, affine=True, track_running_stats=True)
                  (act): SiLU(inplace=True)
                )
                (cv2): Conv(
                  (conv): Conv2d(64, 64, kernel_size=(3, 3), stride=(1, 1), padding=(1, 1), bias=False)
                  (bn): BatchNorm2d(64, eps=0.001, momentum=0.03, affine=True, track_running_stats=True)
                  (act): SiLU(inplace=True)
                )
              )
              (1): Bottleneck(
                (cv1): Conv(
                  (conv): Conv2d(64, 64, kernel_size=(3, 3), stride=(1, 1), padding=(1, 1), bias=False)
                  (bn): BatchNorm2d(64, eps=0.001, momentum=0.03, affine=True, track_running_stats=True)
                  (act): SiLU(inplace=True)
                )
                (cv2): Conv(
                  (conv): Conv2d(64, 64, kernel_size=(3, 3), stride=(1, 1), padding=(1, 1), bias=False)
                  (bn): BatchNorm2d(64, eps=0.001, momentum=0.03, affine=True, track_running_stats=True)
                  (act): SiLU(inplace=True)
                )
              )
            )
          )
        )
      )
      (21): Detect(
        (cv2): ModuleList(
          (0): Sequential(
            (0): Conv(
              (conv): Conv2d(128, 64, kernel_size=(3, 3), stride=(1, 1), padding=(1, 1), bias=False)
              (bn): BatchNorm2d(64, eps=0.001, momentum=0.03, affine=True, track_running_stats=True)
              (act): SiLU(inplace=True)
            )
            (1): Conv(
              (conv): Conv2d(64, 64, kernel_size=(3, 3), stride=(1, 1), padding=(1, 1), bias=False)
              (bn): BatchNorm2d(64, eps=0.001, momentum=0.03, affine=True, track_running_stats=True)
              (act): SiLU(inplace=True)
            )
            (2): Conv2d(64, 64, kernel_size=(1, 1), stride=(1, 1))
          )
          (1-2): 2 x Sequential(
            (0): Conv(
              (conv): Conv2d(256, 64, kernel_size=(3, 3), stride=(1, 1), padding=(1, 1), bias=False)
              (bn): BatchNorm2d(64, eps=0.001, momentum=0.03, affine=True, track_running_stats=True)
              (act): SiLU(inplace=True)
            )
            (1): Conv(
              (conv): Conv2d(64, 64, kernel_size=(3, 3), stride=(1, 1), padding=(1, 1), bias=False)
              (bn): BatchNorm2d(64, eps=0.001, momentum=0.03, affine=True, track_running_stats=True)
              (act): SiLU(inplace=True)
            )
            (2): Conv2d(64, 64, kernel_size=(1, 1), stride=(1, 1))
          )
        )
        (cv3): ModuleList(
          (0): Sequential(
            (0): Sequential(
              (0): DWConv(
                (conv): Conv2d(128, 128, kernel_size=(3, 3), stride=(1, 1), padding=(1, 1), groups=128, bias=False)
                (bn): BatchNorm2d(128, eps=0.001, momentum=0.03, affine=True, track_running_stats=True)
                (act): SiLU(inplace=True)
              )
              (1): Conv(
                (conv): Conv2d(128, 128, kernel_size=(1, 1), stride=(1, 1), bias=False)
                (bn): BatchNorm2d(128, eps=0.001, momentum=0.03, affine=True, track_running_stats=True)
                (act): SiLU(inplace=True)
              )
            )
            (1): Sequential(
              (0): DWConv(
                (conv): Conv2d(128, 128, kernel_size=(3, 3), stride=(1, 1), padding=(1, 1), groups=128, bias=False)
                (bn): BatchNorm2d(128, eps=0.001, momentum=0.03, affine=True, track_running_stats=True)
                (act): SiLU(inplace=True)
              )
              (1): Conv(
                (conv): Conv2d(128, 128, kernel_size=(1, 1), stride=(1, 1), bias=False)
                (bn): BatchNorm2d(128, eps=0.001, momentum=0.03, affine=True, track_running_stats=True)
                (act): SiLU(inplace=True)
              )
            )
            (2): Conv2d(128, 3, kernel_size=(1, 1), stride=(1, 1))
          )
          (1-2): 2 x Sequential(
            (0): Sequential(
              (0): DWConv(
                (conv): Conv2d(256, 256, kernel_size=(3, 3), stride=(1, 1), padding=(1, 1), groups=256, bias=False)
                (bn): BatchNorm2d(256, eps=0.001, momentum=0.03, affine=True, track_running_stats=True)
                (act): SiLU(inplace=True)
              )
              (1): Conv(
                (conv): Conv2d(256, 128, kernel_size=(1, 1), stride=(1, 1), bias=False)
                (bn): BatchNorm2d(128, eps=0.001, momentum=0.03, affine=True, track_running_stats=True)
                (act): SiLU(inplace=True)
              )
            )
            (1): Sequential(
              (0): DWConv(
                (conv): Conv2d(128, 128, kernel_size=(3, 3), stride=(1, 1), padding=(1, 1), groups=128, bias=False)
                (bn): BatchNorm2d(128, eps=0.001, momentum=0.03, affine=True, track_running_stats=True)
                (act): SiLU(inplace=True)
              )
              (1): Conv(
                (conv): Conv2d(128, 128, kernel_size=(1, 1), stride=(1, 1), bias=False)
                (bn): BatchNorm2d(128, eps=0.001, momentum=0.03, affine=True, track_running_stats=True)
                (act): SiLU(inplace=True)
              )
            )
            (2): Conv2d(128, 3, kernel_size=(1, 1), stride=(1, 1))
          )
        )
        (dfl): DFL(
          (conv): Conv2d(16, 1, kernel_size=(1, 1), stride=(1, 1), bias=False)
        )
      )
    )
  )
)
Image sizes 1920 train, 1920 val
Using 16 dataloader workers
Logging results to [1mruns/waymo/detect/anydepth-yolov12s/train[0m
Starting training for 30 epochs...

[FLOPs] Super model (skip=False) @ 1280x1920:
| module             | #parameters or shape   | #flops   |
|:-------------------|:-----------------------|:---------|
| base_model.model   | 7.413M                 | 66.818G  |
| 0                  | 0.928K                 | 0.57G    |
| 0.conv             | 0.864K                 | 0.531G   |
| 0.conv.weight      | (32, 3, 3, 3)          |          |
| 0.bn               | 64                     | 39.322M  |
| 0.bn.weight        | (32,)                  |          |
| 0.bn.bias          | (32,)                  |          |
| 1                  | 9.344K                 | 1.435G   |
| 1.conv             | 9.216K                 | 1.416G   |
| 1.conv.weight      | (64, 16, 3, 3)         |          |
| 1.bn               | 0.128K                 | 19.661M  |
| 1.bn.weight        | (64,)                  |          |
| 1.bn.bias          | (64,)                  |          |
| 2                  | 39.968K                | 6.065G   |
| 2.cv1              | 4.352K                 | 0.649G   |
| 2.cv1.conv         | 4.096K                 | 0.629G   |
| 2.cv1.bn           | 0.128K                 | 19.661M  |
| 2.cv1.bn_skip      | 0.128K                 |          |
| 2.cv2              | 16.896K                | 2.556G   |
| 2.cv2.conv         | 16.384K                | 2.517G   |
| 2.cv2.bn           | 0.256K                 | 39.322M  |
| 2.cv2.bn_skip      | 0.256K                 |          |
| 2.m                | 18.72K                 | 2.861G   |
| 2.m.0              | 9.408K                 | 1.43G    |
| 2.m.1              | 9.312K                 | 1.43G    |
| 3                  | 37.376K                | 1.425G   |
| 3.conv             | 36.864K                | 1.416G   |
| 3.conv.weight      | (128, 32, 3, 3)        |          |
| 3.bn               | 0.256K                 | 9.83M    |
| 3.bn.weight        | (128,)                 |          |
| 3.bn.bias          | (128,)                 |          |
| 3.bn_skip          | 0.256K                 |          |
| 3.bn_skip.weight   | (128,)                 |          |
| 3.bn_skip.bias     | (128,)                 |          |
| 4                  | 0.158M                 | 6.021G   |
| 4.cv1              | 16.896K                | 0.639G   |
| 4.cv1.conv         | 16.384K                | 0.629G   |
| 4.cv1.bn           | 0.256K                 | 9.83M    |
| 4.cv1.bn_skip      | 0.256K                 |          |
| 4.cv2              | 66.56K                 | 2.536G   |
| 4.cv2.conv         | 65.536K                | 2.517G   |
| 4.cv2.bn           | 0.512K                 | 19.661M  |
| 4.cv2.bn_skip      | 0.512K                 |          |
| 4.m                | 74.304K                | 2.846G   |
| 4.m.0              | 37.248K                | 1.423G   |
| 4.m.1              | 37.056K                | 1.423G   |
| 5                  | 0.591M                 | 5.667G   |
| 5.conv             | 0.59M                  | 5.662G   |
| 5.conv.weight      | (256, 256, 3, 3)       |          |
| 5.bn               | 0.512K                 | 4.915M   |
| 5.bn.weight        | (256,)                 |          |
| 5.bn.bias          | (256,)                 |          |
| 5.bn_skip          | 0.512K                 |          |
| 5.bn_skip.weight   | (256,)                 |          |
| 5.bn_skip.bias     | (256,)                 |          |
| 6                  | 1.395M                 | 12.364G  |
| 6.gamma            | (256,)                 |          |
| 6.cv1              | 33.28K                 | 0.317G   |
| 6.cv1.conv         | 32.768K                | 0.315G   |
| 6.cv1.bn           | 0.256K                 | 2.458M   |
| 6.cv1.bn_skip      | 0.256K                 |          |
| 6.cv2              | 0.263M                 | 1.578G   |
| 6.cv2.conv         | 0.164M                 | 1.573G   |
| 6.cv2.bn           | 0.512K                 | 4.915M   |
| 6.cv2.bn_skip      | 0.512K                 |          |
| 6.cv2.conv_skip    | 98.304K                |          |
| 6.m                | 1.099M                 | 10.469G  |
| 6.m.0              | 0.277M                 | 2.617G   |
| 6.m.1              | 0.277M                 | 2.617G   |
| 6.m.2              | 0.273M                 | 2.617G   |
| 6.m.3              | 0.273M                 | 2.617G   |
| 7                  | 0.591M                 | 1.417G   |
| 7.conv             | 0.59M                  | 1.416G   |
| 7.conv.weight      | (256, 256, 3, 3)       |          |
| 7.bn               | 0.512K                 | 1.229M   |
| 7.bn.weight        | (256,)                 |          |
| 7.bn.bias          | (256,)                 |          |
| 7.bn_skip          | 0.512K                 |          |
| 7.bn_skip.weight   | (256,)                 |          |
| 7.bn_skip.bias     | (256,)                 |          |
| 8                  | 1.395M                 | 3.091G   |
| 8.gamma            | (256,)                 |          |
| 8.cv1              | 33.28K                 | 79.258M  |
| 8.cv1.conv         | 32.768K                | 78.643M  |
| 8.cv1.bn           | 0.256K                 | 0.614M   |
| 8.cv1.bn_skip      | 0.256K                 |          |
| 8.cv2              | 0.263M                 | 0.394G   |
| 8.cv2.conv         | 0.164M                 | 0.393G   |
| 8.cv2.bn           | 0.512K                 | 1.229M   |
| 8.cv2.bn_skip      | 0.512K                 |          |
| 8.cv2.conv_skip    | 98.304K                |          |
| 8.m                | 1.099M                 | 2.617G   |
| 8.m.0              | 0.277M                 | 0.654G   |
| 8.m.1              | 0.277M                 | 0.654G   |
| 8.m.2              | 0.273M                 | 0.654G   |
| 8.m.3              | 0.273M                 | 0.654G   |
| 11                 | 0.529M                 | 5.06G    |
| 11.cv1             | 66.048K                | 0.632G   |
| 11.cv1.conv        | 65.536K                | 0.629G   |
| 11.cv1.bn          | 0.256K                 | 2.458M   |
| 11.cv1.bn_skip     | 0.256K                 |          |
| 11.cv2             | 99.328K                | 0.949G   |
| 11.cv2.conv        | 98.304K                | 0.944G   |
| 11.cv2.bn          | 0.512K                 | 4.915M   |
| 11.cv2.bn_skip     | 0.512K                 |          |
| 11.m               | 0.364M                 | 3.48G    |
| 11.m.0             | 0.182M                 | 1.74G    |
| 11.m.1             | 0.181M                 | 1.74G    |
| 14                 | 0.15M                  | 5.716G   |
| 14.cv1             | 33.024K                | 1.263G   |
| 14.cv1.conv        | 32.768K                | 1.258G   |
| 14.cv1.bn          | 0.128K                 | 4.915M   |
| 14.cv1.bn_skip     | 0.128K                 |          |
| 14.cv2             | 25.088K                | 0.954G   |
| 14.cv2.conv        | 24.576K                | 0.944G   |
| 14.cv2.bn          | 0.256K                 | 9.83M    |
| 14.cv2.bn_skip     | 0.256K                 |          |
| 14.m               | 91.648K                | 3.5G     |
| 14.m.0             | 46.08K                 | 1.75G    |
| 14.m.1             | 45.568K                | 1.75G    |
| 15                 | 0.148M                 | 1.418G   |
| 15.conv            | 0.147M                 | 1.416G   |
| 15.conv.weight     | (128, 128, 3, 3)       |          |
| 15.bn              | 0.256K                 | 2.458M   |
| 15.bn.weight       | (128,)                 |          |
| 15.bn.bias         | (128,)                 |          |
| 15.bn_skip         | 0.256K                 |          |
| 15.bn_skip.weight  | (128,)                 |          |
| 15.bn_skip.bias    | (128,)                 |          |
| 17                 | 0.513M                 | 4.903G   |
| 17.cv1             | 49.664K                | 0.474G   |
| 17.cv1.conv        | 49.152K                | 0.472G   |
| 17.cv1.bn          | 0.256K                 | 2.458M   |
| 17.cv1.bn_skip     | 0.256K                 |          |
| 17.cv2             | 99.328K                | 0.949G   |
| 17.cv2.conv        | 98.304K                | 0.944G   |
| 17.cv2.bn          | 0.512K                 | 4.915M   |
| 17.cv2.bn_skip     | 0.512K                 |          |
| 17.m               | 0.364M                 | 3.48G    |
| 17.m.0             | 0.182M                 | 1.74G    |
| 17.m.1             | 0.181M                 | 1.74G    |
| 18                 | 0.591M                 | 1.417G   |
| 18.conv            | 0.59M                  | 1.416G   |
| 18.conv.weight     | (256, 256, 3, 3)       |          |
| 18.bn              | 0.512K                 | 1.229M   |
| 18.bn.weight       | (256,)                 |          |
| 18.bn.bias         | (256,)                 |          |
| 18.bn_skip         | 0.512K                 |          |
| 18.bn_skip.weight  | (256,)                 |          |
| 18.bn_skip.bias    | (256,)                 |          |
| 20                 | 0.628M                 | 1.502G   |
| 20.cv1             | 0.132M                 | 0.316G   |
| 20.cv1.conv        | 0.131M                 | 0.315G   |
| 20.cv1.bn          | 0.512K                 | 1.229M   |
| 20.cv1.bn_skip     | 0.512K                 |          |
| 20.cv2             | 0.132M                 | 0.316G   |
| 20.cv2.conv        | 0.131M                 | 0.315G   |
| 20.cv2.bn          | 0.512K                 | 1.229M   |
| 20.cv2.bn_skip     | 0.512K                 |          |
| 20.m               | 0.364M                 | 0.87G    |
| 20.m.0             | 0.182M                 | 0.435G   |
| 20.m.1             | 0.181M                 | 0.435G   |
| 21                 | 0.638M                 | 8.733G   |
| 21.cv2             | 0.492M                 | 6.678G   |
| 21.cv2.0           | 0.115M                 | 4.414G   |
| 21.cv2.1           | 0.189M                 | 1.811G   |
| 21.cv2.2           | 0.189M                 | 0.453G   |
| 21.cv3             | 0.145M                 | 2.052G   |
| 21.cv3.0           | 36.483K                | 1.401G   |
| 21.cv3.1           | 54.275K                | 0.521G   |
| 21.cv3.2           | 54.275K                | 0.13G    |
| 21.dfl.conv        | 16                     | 3.226M   |
| 21.dfl.conv.weight | (1, 16, 1, 1)          |          |
| 9                  |                        | 2.458M   |
| 12                 |                        | 9.83M    |
  MACs  (super): 66.82 GMACs
  FLOPs (super): 133.64 GFLOPs

[FLOPs] Base model (skip=True) @ 1280x1920:
| module             | #parameters or shape   | #flops   |
|:-------------------|:-----------------------|:---------|
| base_model.model   | 7.413M                 | 48.69G   |
| 0                  | 0.928K                 | 0.57G    |
| 0.conv             | 0.864K                 | 0.531G   |
| 0.conv.weight      | (32, 3, 3, 3)          |          |
| 0.bn               | 64                     | 39.322M  |
| 0.bn.weight        | (32,)                  |          |
| 0.bn.bias          | (32,)                  |          |
| 1                  | 9.344K                 | 1.435G   |
| 1.conv             | 9.216K                 | 1.416G   |
| 1.conv.weight      | (64, 16, 3, 3)         |          |
| 1.bn               | 0.128K                 | 19.661M  |
| 1.bn.weight        | (64,)                  |          |
| 1.bn.bias          | (64,)                  |          |
| 2                  | 39.968K                | 4.006G   |
| 2.cv1              | 4.352K                 | 0.649G   |
| 2.cv1.conv         | 4.096K                 | 0.629G   |
| 2.cv1.bn           | 0.128K                 |          |
| 2.cv1.bn_skip      | 0.128K                 | 19.661M  |
| 2.cv2              | 16.896K                | 1.927G   |
| 2.cv2.conv         | 16.384K                |          |
| 2.cv2.bn           | 0.256K                 |          |
| 2.cv2.bn_skip      | 0.256K                 | 39.322M  |
| 2.m                | 18.72K                 | 1.43G    |
| 2.m.0              | 9.408K                 | 1.43G    |
| 2.m.1              | 9.312K                 |          |
| 3                  | 37.376K                | 1.425G   |
| 3.conv             | 36.864K                | 1.416G   |
| 3.conv.weight      | (128, 32, 3, 3)        |          |
| 3.bn               | 0.256K                 |          |
| 3.bn.weight        | (128,)                 |          |
| 3.bn.bias          | (128,)                 |          |
| 3.bn_skip          | 0.256K                 | 9.83M    |
| 3.bn_skip.weight   | (128,)                 |          |
| 3.bn_skip.bias     | (128,)                 |          |
| 4                  | 0.158M                 | 3.969G   |
| 4.cv1              | 16.896K                | 0.639G   |
| 4.cv1.conv         | 16.384K                | 0.629G   |
| 4.cv1.bn           | 0.256K                 |          |
| 4.cv1.bn_skip      | 0.256K                 | 9.83M    |
| 4.cv2              | 66.56K                 | 1.907G   |
| 4.cv2.conv         | 65.536K                |          |
| 4.cv2.bn           | 0.512K                 |          |
| 4.cv2.bn_skip      | 0.512K                 | 19.661M  |
| 4.m                | 74.304K                | 1.423G   |
| 4.m.0              | 37.248K                | 1.423G   |
| 4.m.1              | 37.056K                |          |
| 5                  | 0.591M                 | 5.667G   |
| 5.conv             | 0.59M                  | 5.662G   |
| 5.conv.weight      | (256, 256, 3, 3)       |          |
| 5.bn               | 0.512K                 |          |
| 5.bn.weight        | (256,)                 |          |
| 5.bn.bias          | (256,)                 |          |
| 5.bn_skip          | 0.512K                 | 4.915M   |
| 5.bn_skip.weight   | (256,)                 |          |
| 5.bn_skip.bias     | (256,)                 |          |
| 6                  | 1.395M                 | 6.5G     |
| 6.gamma            | (256,)                 |          |
| 6.cv1              | 33.28K                 | 0.317G   |
| 6.cv1.conv         | 32.768K                | 0.315G   |
| 6.cv1.bn           | 0.256K                 |          |
| 6.cv1.bn_skip      | 0.256K                 | 2.458M   |
| 6.cv2              | 0.263M                 | 0.949G   |
| 6.cv2.conv         | 0.164M                 |          |
| 6.cv2.bn           | 0.512K                 |          |
| 6.cv2.bn_skip      | 0.512K                 | 4.915M   |
| 6.cv2.conv_skip    | 98.304K                | 0.944G   |
| 6.m                | 1.099M                 | 5.235G   |
| 6.m.0              | 0.277M                 | 2.617G   |
| 6.m.1              | 0.277M                 | 2.617G   |
| 6.m.2              | 0.273M                 |          |
| 6.m.3              | 0.273M                 |          |
| 7                  | 0.591M                 | 1.417G   |
| 7.conv             | 0.59M                  | 1.416G   |
| 7.conv.weight      | (256, 256, 3, 3)       |          |
| 7.bn               | 0.512K                 |          |
| 7.bn.weight        | (256,)                 |          |
| 7.bn.bias          | (256,)                 |          |
| 7.bn_skip          | 0.512K                 | 1.229M   |
| 7.bn_skip.weight   | (256,)                 |          |
| 7.bn_skip.bias     | (256,)                 |          |
| 8                  | 1.395M                 | 1.625G   |
| 8.gamma            | (256,)                 |          |
| 8.cv1              | 33.28K                 | 79.258M  |
| 8.cv1.conv         | 32.768K                | 78.643M  |
| 8.cv1.bn           | 0.256K                 |          |
| 8.cv1.bn_skip      | 0.256K                 | 0.614M   |
| 8.cv2              | 0.263M                 | 0.237G   |
| 8.cv2.conv         | 0.164M                 |          |
| 8.cv2.bn           | 0.512K                 |          |
| 8.cv2.bn_skip      | 0.512K                 | 1.229M   |
| 8.cv2.conv_skip    | 98.304K                | 0.236G   |
| 8.m                | 1.099M                 | 1.309G   |
| 8.m.0              | 0.277M                 | 0.654G   |
| 8.m.1              | 0.277M                 | 0.654G   |
| 8.m.2              | 0.273M                 |          |
| 8.m.3              | 0.273M                 |          |
| 11                 | 0.529M                 | 3.006G   |
| 11.cv1             | 66.048K                | 0.632G   |
| 11.cv1.conv        | 65.536K                | 0.629G   |
| 11.cv1.bn          | 0.256K                 |          |
| 11.cv1.bn_skip     | 0.256K                 | 2.458M   |
| 11.cv2             | 99.328K                | 0.634G   |
| 11.cv2.conv        | 98.304K                |          |
| 11.cv2.bn          | 0.512K                 |          |
| 11.cv2.bn_skip     | 0.512K                 | 4.915M   |
| 11.m               | 0.364M                 | 1.74G    |
| 11.m.0             | 0.182M                 | 1.74G    |
| 11.m.1             | 0.181M                 |          |
| 14                 | 0.15M                  | 3.652G   |
| 14.cv1             | 33.024K                | 1.263G   |
| 14.cv1.conv        | 32.768K                | 1.258G   |
| 14.cv1.bn          | 0.128K                 |          |
| 14.cv1.bn_skip     | 0.128K                 | 4.915M   |
| 14.cv2             | 25.088K                | 0.639G   |
| 14.cv2.conv        | 24.576K                |          |
| 14.cv2.bn          | 0.256K                 |          |
| 14.cv2.bn_skip     | 0.256K                 | 9.83M    |
| 14.m               | 91.648K                | 1.75G    |
| 14.m.0             | 46.08K                 | 1.75G    |
| 14.m.1             | 45.568K                |          |
| 15                 | 0.148M                 | 1.418G   |
| 15.conv            | 0.147M                 | 1.416G   |
| 15.conv.weight     | (128, 128, 3, 3)       |          |
| 15.bn              | 0.256K                 |          |
| 15.bn.weight       | (128,)                 |          |
| 15.bn.bias         | (128,)                 |          |
| 15.bn_skip         | 0.256K                 | 2.458M   |
| 15.bn_skip.weight  | (128,)                 |          |
| 15.bn_skip.bias    | (128,)                 |          |
| 17                 | 0.513M                 | 2.848G   |
| 17.cv1             | 49.664K                | 0.474G   |
| 17.cv1.conv        | 49.152K                | 0.472G   |
| 17.cv1.bn          | 0.256K                 |          |
| 17.cv1.bn_skip     | 0.256K                 | 2.458M   |
| 17.cv2             | 99.328K                | 0.634G   |
| 17.cv2.conv        | 98.304K                |          |
| 17.cv2.bn          | 0.512K                 |          |
| 17.cv2.bn_skip     | 0.512K                 | 4.915M   |
| 17.m               | 0.364M                 | 1.74G    |
| 17.m.0             | 0.182M                 | 1.74G    |
| 17.m.1             | 0.181M                 |          |
| 18                 | 0.591M                 | 1.417G   |
| 18.conv            | 0.59M                  | 1.416G   |
| 18.conv.weight     | (256, 256, 3, 3)       |          |
| 18.bn              | 0.512K                 |          |
| 18.bn.weight       | (256,)                 |          |
| 18.bn.bias         | (256,)                 |          |
| 18.bn_skip         | 0.512K                 | 1.229M   |
| 18.bn_skip.weight  | (256,)                 |          |
| 18.bn_skip.bias    | (256,)                 |          |
| 20                 | 0.628M                 | 0.988G   |
| 20.cv1             | 0.132M                 | 0.316G   |
| 20.cv1.conv        | 0.131M                 | 0.315G   |
| 20.cv1.bn          | 0.512K                 |          |
| 20.cv1.bn_skip     | 0.512K                 | 1.229M   |
| 20.cv2             | 0.132M                 | 0.237G   |
| 20.cv2.conv        | 0.131M                 |          |
| 20.cv2.bn          | 0.512K                 |          |
| 20.cv2.bn_skip     | 0.512K                 | 1.229M   |
| 20.m               | 0.364M                 | 0.435G   |
| 20.m.0             | 0.182M                 | 0.435G   |
| 20.m.1             | 0.181M                 |          |
| 21                 | 0.638M                 | 8.733G   |
| 21.cv2             | 0.492M                 | 6.678G   |
| 21.cv2.0           | 0.115M                 | 4.414G   |
| 21.cv2.1           | 0.189M                 | 1.811G   |
| 21.cv2.2           | 0.189M                 | 0.453G   |
| 21.cv3             | 0.145M                 | 2.052G   |
| 21.cv3.0           | 36.483K                | 1.401G   |
| 21.cv3.1           | 54.275K                | 0.521G   |
| 21.cv3.2           | 54.275K                | 0.13G    |
| 21.dfl.conv        | 16                     | 3.226M   |
| 21.dfl.conv.weight | (1, 16, 1, 1)          |          |
| 9                  |                        | 2.458M   |
| 12                 |                        | 9.83M    |
  MACs  (base): 48.69 GMACs
  FLOPs (base): 97.38 GFLOPs

           Epoch         GPU_mem          box_om          cls_om          dfl_om          box_oo          cls_oo          dfl_oo       Instances            Size
/home/hslee/anaconda3/envs/yolov12/lib/python3.11/site-packages/torch/autograd/__init__.py:266: UserWarning: Grad strides do not match bucket view strides. This may indicate grad was not created according to the gradient layout contract, or that the param's strides changed since DDP was constructed.  This is not an error, but may impair performance.
grad.sizes() = [128, 128, 1, 1], strides() = [128, 1, 128, 128]
bucket_view.sizes() = [128, 128, 1, 1], strides() = [128, 1, 1, 1] (Triggered internally at ../torch/csrc/distributed/c10d/reducer.cpp:322.)
  Variable._execution_engine.run_backward(  # Calls into the C++ engine to run the backward pass
/home/hslee/anaconda3/envs/yolov12/lib/python3.11/site-packages/torch/autograd/__init__.py:266: UserWarning: Grad strides do not match bucket view strides. This may indicate grad was not created according to the gradient layout contract, or that the param's strides changed since DDP was constructed.  This is not an error, but may impair performance.
grad.sizes() = [128, 128, 1, 1], strides() = [128, 1, 128, 128]
bucket_view.sizes() = [128, 128, 1, 1], strides() = [128, 1, 1, 1] (Triggered internally at ../torch/csrc/distributed/c10d/reducer.cpp:322.)
  Variable._execution_engine.run_backward(  # Calls into the C++ engine to run the backward pass
  Epoch 1/30  Batch 1/9881 (0.0%)  | Super 136.942 (box 1.4354  cls 5.8689  dfl 1.2546)  | Base 139.402 (box 1.4465  cls 6.0082  dfl 1.2580)  | KD 10.444 (box 0.54910  cls 0.10066  dfl 0.00219  feat 0.00077)
  Epoch 1/30  Batch 989/9881 (10.0%)  | Super 53.951 (box 1.2148  cls 0.9912  dfl 1.1659)  | Base 56.132 (box 1.2363  cls 1.1006  dfl 1.1714)  | KD 6.200 (box 0.36781  cls 0.01805  dfl 0.00105  feat 0.00061)
  Epoch 1/30  Batch 1977/9881 (20.0%)  | Super 66.878 (box 1.6485  cls 1.0828  dfl 1.4486)  | Base 69.208 (box 1.6624  cls 1.1898  dfl 1.4733)  | KD 8.946 (box 0.53668  cls 0.01927  dfl 0.00155  feat 0.00163)   Epoch 1/30  Batch 2965/9881 (30.0%)  | Super 73.752 (box 1.9519  cls 1.3142  dfl 1.3433)  | Base 74.826 (box 1.9274  cls 1.4153  dfl 1.3339)  | KD 8.517 (box 0.51801  cls 0.01262  dfl 0.00112  feat 0.00054)
  Epoch 1/30  Batch 3953/9881 (40.0%)  | Super 50.140 (box 1.1562  cls 0.7269  dfl 1.2506)  | Base 52.302 (box 1.1893  cls 0.7996  dfl 1.2800)  | KD 6.775 (box 0.41128  cls 0.00985  dfl 0.00154  feat 0.00073)
  Epoch 1/30  Batch 4941/9881 (50.0%)  | Super 42.246 (box 1.0032  cls 0.5015  dfl 1.1356)  | Base 42.993 (box 1.0194  cls 0.5380  dfl 1.1296)  | KD 3.372 (box 0.20611  cls 0.00302  dfl 0.00068  feat 0.00092)
  Epoch 1/30  Batch 5929/9881 (60.0%)  | Super 51.187 (box 1.2743  cls 0.6432  dfl 1.2817)  | Base 51.246 (box 1.2762  cls 0.6830  dfl 1.2438)  | KD 5.141 (box 0.31374  cls 0.00547  dfl 0.00108  feat 0.00100)
  Epoch 1/30  Batch 6917/9881 (70.0%)  | Super 54.899 (box 1.3218  cls 0.9240  dfl 1.1854)  | Base 58.254 (box 1.3711  cls 1.0633  dfl 1.2065)  | KD 6.334 (box 0.38069  cls 0.01336  dfl 0.00131  feat 0.00051)
  Epoch 1/30  Batch 7905/9881 (80.0%)  | Super 42.440 (box 1.0591  cls 0.5403  dfl 1.0531)  | Base 44.692 (box 1.1081  cls 0.6132  dfl 1.0719)  | KD 4.925 (box 0.30196  cls 0.00436  dfl 0.00101  feat 0.00047)
  Epoch 1/30  Batch 8893/9881 (90.0%)  | Super 65.488 (box 1.5382  cls 1.3868  dfl 1.1680)  | Base 66.723 (box 1.5454  cls 1.4831  dfl 1.1417)  | KD 7.510 (box 0.46248  cls 0.00525  dfl 0.00083  feat 0.00080)
  Epoch 1/30  Batch 9881/9881 (100.0%)  | Super 49.046 (box 1.2049  cls 0.7062  dfl 1.1544)  | Base 50.036 (box 1.2103  cls 0.7748  dfl 1.1422)  | KD 5.916 (box 0.36415  cls 0.00364  dfl 0.00106  feat 0.00089)

================================================================================
  [Validation] Super model (skip=False)  |  Epoch 1/30
================================================================================
[*] Validation input tensor shape: torch.Size([16, 3, 1312, 1952])
                 Class     Images  Instances      Box(P          R      mAP50  mAP50-95)
                   all      39987     885826      0.766      0.476      0.562      0.353

================================================================================
  [Validation] Base model  (skip=True)   |  Epoch 1/30
================================================================================
[*] Validation input tensor shape: torch.Size([16, 3, 1312, 1952])
                 Class     Images  Instances      Box(P          R      mAP50  mAP50-95)
                   all      39987     885826       0.76      0.468       0.55      0.342

           Epoch         GPU_mem          box_om          cls_om          dfl_om          box_oo          cls_oo          dfl_oo       Instances            Size
  Epoch 2/30  Batch 1/9881 (0.0%)  | Super 51.741 (box 1.2725  cls 0.7786  dfl 1.1827)  | Base 53.779 (box 1.3096  cls 0.8587  dfl 1.1929)  | KD 5.520 (box 0.33843  cls 0.00433  dfl 0.00136  feat 0.00086)
  Epoch 2/30  Batch 989/9881 (10.0%)  | Super 45.988 (box 1.1364  cls 0.5978  dfl 1.1401)  | Base 47.694 (box 1.1748  cls 0.6506  dfl 1.1554)  | KD 5.256 (box 0.32350  cls 0.00359  dfl 0.00087  feat 0.00056)
  Epoch 2/30  Batch 1977/9881 (20.0%)  | Super 60.618 (box 1.5529  cls 0.8451  dfl 1.3906)  | Base 63.282 (box 1.6377  cls 0.8892  dfl 1.4282)  | KD 7.742 (box 0.47457  cls 0.00688  dfl 0.00140  feat 0.00106)
  Epoch 2/30  Batch 2965/9881 (30.0%)  | Super 72.316 (box 1.9073  cls 1.2687  dfl 1.3437)  | Base 74.091 (box 1.9219  cls 1.3627  dfl 1.3462)  | KD 8.480 (box 0.51488  cls 0.01347  dfl 0.00111  feat 0.00057)
  Epoch 2/30  Batch 3953/9881 (40.0%)  | Super 48.720 (box 1.1218  cls 0.6720  dfl 1.2512)  | Base 49.626 (box 1.1486  cls 0.6992  dfl 1.2539)  | KD 6.130 (box 0.37655  cls 0.00453  dfl 0.00139  feat 0.00067)
  Epoch 2/30  Batch 4941/9881 (50.0%)  | Super 39.873 (box 1.0048  cls 0.4418  dfl 1.0455)  | Base 40.019 (box 0.9985  cls 0.4685  dfl 1.0342)  | KD 3.258 (box 0.20052  cls 0.00156  dfl 0.00078  feat 0.00078)
  Epoch 2/30  Batch 5929/9881 (60.0%)  | Super 51.304 (box 1.3106  cls 0.6109  dfl 1.2850)  | Base 51.377 (box 1.3103  cls 0.6567  dfl 1.2441)  | KD 4.732 (box 0.29151  cls 0.00261  dfl 0.00095  feat 0.00066)
  Epoch 2/30  Batch 6917/9881 (70.0%)  | Super 52.744 (box 1.3083  cls 0.8252  dfl 1.1630)  | Base 54.853 (box 1.3207  cls 0.9371  dfl 1.1705)  | KD 6.095 (box 0.36636  cls 0.01311  dfl 0.00100  feat 0.00046)
  Epoch 2/30  Batch 7905/9881 (80.0%)  | Super 44.684 (box 1.1192  cls 0.5606  dfl 1.1130)  | Base 48.568 (box 1.2157  cls 0.6331  dfl 1.1867)  | KD 5.472 (box 0.33005  cls 0.01003  dfl 0.00141  feat 0.00051)
  Epoch 2/30  Batch 8893/9881 (90.0%)  | Super 65.902 (box 1.5057  cls 1.4269  dfl 1.1863)  | Base 64.480 (box 1.4737  cls 1.3876  dfl 1.1688)  | KD 7.175 (box 0.44141  cls 0.00544  dfl 0.00076  feat 0.00083)
  Epoch 2/30  Batch 9881/9881 (100.0%)  | Super 46.833 (box 1.1361  cls 0.6796  dfl 1.1113)  | Base 47.778 (box 1.1455  cls 0.7342  dfl 1.1064)  | KD 5.766 (box 0.35610  cls 0.00246  dfl 0.00099  feat 0.00080)

================================================================================
  [Validation] Super model (skip=False)  |  Epoch 2/30
================================================================================
[*] Validation input tensor shape: torch.Size([16, 3, 1312, 1952])
                 Class     Images  Instances      Box(P          R      mAP50  mAP50-95)
                   all      39987     885826      0.772      0.507      0.594      0.373

================================================================================
  [Validation] Base model  (skip=True)   |  Epoch 2/30
================================================================================
[*] Validation input tensor shape: torch.Size([16, 3, 1312, 1952])
                 Class     Images  Instances      Box(P          R      mAP50  mAP50-95)
                   all      39987     885826      0.762      0.501      0.584      0.364

           Epoch         GPU_mem          box_om          cls_om          dfl_om          box_oo          cls_oo          dfl_oo       Instances            Size
  Epoch 3/30  Batch 1/9881 (0.0%)  | Super 47.981 (box 1.2105  cls 0.6649  dfl 1.1234)  | Base 49.414 (box 1.2339  cls 0.7272  dfl 1.1273)  | KD 5.457 (box 0.33657  cls 0.00266  dfl 0.00111  feat 0.00073)
  Epoch 3/30  Batch 989/9881 (10.0%)  | Super 46.842 (box 1.1803  cls 0.6096  dfl 1.1377)  | Base 48.468 (box 1.2194  cls 0.6667  dfl 1.1432)  | KD 5.453 (box 0.33584  cls 0.00349  dfl 0.00082  feat 0.00068)
  Epoch 3/30  Batch 1977/9881 (20.0%)  | Super 62.742 (box 1.5966  cls 0.8708  dfl 1.4539)  | Base 65.617 (box 1.6607  cls 0.9516  dfl 1.4889)  | KD 8.000 (box 0.49342  cls 0.00432  dfl 0.00128  feat 0.00097)
  Epoch 3/30  Batch 2965/9881 (30.0%)  | Super 67.857 (box 1.8155  cls 1.2336  dfl 1.1919)  | Base 68.536 (box 1.8417  cls 1.2494  dfl 1.1924)  | KD 8.888 (box 0.53878  cls 0.01496  dfl 0.00117  feat 0.00056)
  Epoch 3/30  Batch 3953/9881 (40.0%)  | Super 47.052 (box 1.1189  cls 0.6162  dfl 1.2056)  | Base 48.686 (box 1.1517  cls 0.6677  dfl 1.2235)  | KD 6.577 (box 0.40544  cls 0.00355  dfl 0.00149  feat 0.00060)
  Epoch 3/30  Batch 4941/9881 (50.0%)  | Super 40.758 (box 1.0304  cls 0.4372  dfl 1.0797)  | Base 40.963 (box 1.0091  cls 0.4850  dfl 1.0661)  | KD 3.269 (box 0.19977  cls 0.00314  dfl 0.00066  feat 0.00074)
  Epoch 3/30  Batch 5929/9881 (60.0%)  | Super 51.523 (box 1.3125  cls 0.6183  dfl 1.2893)  | Base 51.765 (box 1.3073  cls 0.6612  dfl 1.2668)  | KD 4.593 (box 0.28351  cls 0.00196  dfl 0.00095  feat 0.00062)
  Epoch 3/30  Batch 6917/9881 (70.0%)  | Super 51.675 (box 1.3149  cls 0.7759  dfl 1.1388)  | Base 54.715 (box 1.3883  cls 0.8637  dfl 1.1677)  | KD 6.079 (box 0.36928  cls 0.00902  dfl 0.00106  feat 0.00056)
  Epoch 3/30  Batch 7905/9881 (80.0%)  | Super 43.292 (box 1.0998  cls 0.5563  dfl 1.0497)  | Base 45.674 (box 1.1550  cls 0.6111  dfl 1.0885)  | KD 4.925 (box 0.30165  cls 0.00459  dfl 0.00114  feat 0.00042)
  Epoch 3/30  Batch 8893/9881 (90.0%)  | Super 67.499 (box 1.5642  cls 1.4928  dfl 1.1617)  | Base 68.945 (box 1.5850  cls 1.5567  dfl 1.1674)  | KD 7.711 (box 0.47599  cls 0.00405  dfl 0.00089  feat 0.00099)
  Epoch 3/30  Batch 9881/9881 (100.0%)  | Super 44.306 (box 1.0645  cls 0.6284  dfl 1.0762)  | Base 44.640 (box 1.0659  cls 0.6669  dfl 1.0573)  | KD 5.060 (box 0.31303  cls 0.00174  dfl 0.00080  feat 0.00072)

================================================================================
  [Validation] Super model (skip=False)  |  Epoch 3/30
================================================================================
[*] Validation input tensor shape: torch.Size([16, 3, 1312, 1952])
                 Class     Images  Instances      Box(P          R      mAP50  mAP50-95)
                   all      39987     885826      0.794      0.519      0.609      0.383

================================================================================
  [Validation] Base model  (skip=True)   |  Epoch 3/30
================================================================================
[*] Validation input tensor shape: torch.Size([16, 3, 1312, 1952])
                 Class     Images  Instances      Box(P          R      mAP50  mAP50-95)
                   all      39987     885826      0.776      0.509      0.595      0.372

           Epoch         GPU_mem          box_om          cls_om          dfl_om          box_oo          cls_oo          dfl_oo       Instances            Size
  Epoch 4/30  Batch 1/9881 (0.0%)  | Super 47.907 (box 1.2059  cls 0.6618  dfl 1.1266)  | Base 49.893 (box 1.2481  cls 0.7290  dfl 1.1412)  | KD 5.328 (box 0.32846  cls 0.00263  dfl 0.00109  feat 0.00081)
  Epoch 4/30  Batch 989/9881 (10.0%)  | Super 47.184 (box 1.1920  cls 0.6086  dfl 1.1484)  | Base 47.589 (box 1.1856  cls 0.6563  dfl 1.1324)  | KD 5.158 (box 0.31842  cls 0.00243  dfl 0.00080  feat 0.00070)
  Epoch 4/30  Batch 1977/9881 (20.0%)  | Super 62.609 (box 1.6067  cls 0.8575  dfl 1.4488)  | Base 64.242 (box 1.6475  cls 0.9060  dfl 1.4616)  | KD 8.173 (box 0.50383  cls 0.00453  dfl 0.00149  feat 0.00095)
  Epoch 4/30  Batch 2965/9881 (30.0%)  | Super 70.229 (box 1.8921  cls 1.1970  dfl 1.3002)  | Base 71.468 (box 1.9151  cls 1.2686  dfl 1.2830)  | KD 8.843 (box 0.53885  cls 0.01223  dfl 0.00117  feat 0.00043)
  Epoch 4/30  Batch 3953/9881 (40.0%)  | Super 48.322 (box 1.1558  cls 0.6626  dfl 1.2017)  | Base 48.704 (box 1.1424  cls 0.7028  dfl 1.1987)  | KD 7.080 (box 0.43599  cls 0.00427  dfl 0.00147  feat 0.00080)
  Epoch 4/30  Batch 4941/9881 (50.0%)  | Super 40.943 (box 1.0385  cls 0.4415  dfl 1.0789)  | Base 41.114 (box 1.0297  cls 0.4757  dfl 1.0643)  | KD 3.217 (box 0.19754  cls 0.00222  dfl 0.00068  feat 0.00065)
  Epoch 4/30  Batch 5929/9881 (60.0%)  | Super 54.587 (box 1.4217  cls 0.6211  dfl 1.3689)  | Base 54.963 (box 1.4166  cls 0.6814  dfl 1.3372)  | KD 4.722 (box 0.29191  cls 0.00167  dfl 0.00088  feat 0.00069)
  Epoch 4/30  Batch 6917/9881 (70.0%)  | Super 52.156 (box 1.3078  cls 0.7690  dfl 1.1830)  | Base 54.645 (box 1.3497  cls 0.8782  dfl 1.1875)  | KD 6.145 (box 0.37320  cls 0.00910  dfl 0.00110  feat 0.00063)
  Epoch 4/30  Batch 7905/9881 (80.0%)  | Super 43.546 (box 1.0746  cls 0.5447  dfl 1.1023)  | Base 45.616 (box 1.1070  cls 0.6223  dfl 1.1216)  | KD 5.429 (box 0.32154  cls 0.01591  dfl 0.00135  feat 0.00050)
  Epoch 4/30  Batch 8893/9881 (90.0%)  | Super 66.353 (box 1.4719  cls 1.5422  dfl 1.1329)  | Base 68.486 (box 1.4948  cls 1.6519  dfl 1.1337)  | KD 7.529 (box 0.45928  cls 0.00959  dfl 0.00084  feat 0.00087)
  Epoch 4/30  Batch 9881/9881 (100.0%)  | Super 46.457 (box 1.1439  cls 0.6732  dfl 1.0865)  | Base 47.808 (box 1.1711  cls 0.7433  dfl 1.0736)  | KD 5.276 (box 0.32599  cls 0.00211  dfl 0.00084  feat 0.00079)

================================================================================
  [Validation] Super model (skip=False)  |  Epoch 4/30
================================================================================
[*] Validation input tensor shape: torch.Size([16, 3, 1312, 1952])
                 Class     Images  Instances      Box(P          R      mAP50  mAP50-95)
                   all      39987     885826      0.801      0.524      0.618      0.389

================================================================================
  [Validation] Base model  (skip=True)   |  Epoch 4/30
================================================================================
[*] Validation input tensor shape: torch.Size([16, 3, 1312, 1952])
                 Class     Images  Instances      Box(P          R      mAP50  mAP50-95)
                   all      39987     885826      0.784      0.517      0.605      0.379

           Epoch         GPU_mem          box_om          cls_om          dfl_om          box_oo          cls_oo          dfl_oo       Instances            Size
  Epoch 5/30  Batch 1/9881 (0.0%)  | Super 48.683 (box 1.2067  cls 0.6764  dfl 1.1596)  | Base 51.139 (box 1.2731  cls 0.7449  dfl 1.1781)  | KD 5.306 (box 0.32651  cls 0.00314  dfl 0.00126  feat 0.00068)
  Epoch 5/30  Batch 989/9881 (10.0%)  | Super 44.544 (box 1.1008  cls 0.5770  dfl 1.1062)  | Base 45.664 (box 1.1249  cls 0.6178  dfl 1.1113)  | KD 4.822 (box 0.29746  cls 0.00256  dfl 0.00077  feat 0.00056)
  Epoch 5/30  Batch 1977/9881 (20.0%)  | Super 60.782 (box 1.5308  cls 0.8612  dfl 1.4068)  | Base 63.751 (box 1.6131  cls 0.9326  dfl 1.4388)  | KD 7.997 (box 0.49386  cls 0.00313  dfl 0.00137  feat 0.00146)
  Epoch 5/30  Batch 2965/9881 (30.0%)  | Super 68.512 (box 1.8178  cls 1.1681  dfl 1.2961)  | Base 70.367 (box 1.8717  cls 1.2283  dfl 1.2980)  | KD 8.013 (box 0.48746  cls 0.01169  dfl 0.00113  feat 0.00052)
  Epoch 5/30  Batch 3953/9881 (40.0%)  | Super 48.220 (box 1.1266  cls 0.6532  dfl 1.2339)  | Base 49.379 (box 1.1607  cls 0.6771  dfl 1.2484)  | KD 6.899 (box 0.42411  cls 0.00494  dfl 0.00144  feat 0.00069)
  Epoch 5/30  Batch 4941/9881 (50.0%)  | Super 39.721 (box 0.9979  cls 0.4330  dfl 1.0517)  | Base 40.589 (box 1.0222  cls 0.4658  dfl 1.0489)  | KD 3.297 (box 0.20328  cls 0.00161  dfl 0.00060  feat 0.00057)
  Epoch 5/30  Batch 5929/9881 (60.0%)  | Super 49.962 (box 1.2755  cls 0.5382  dfl 1.3089)  | Base 50.245 (box 1.2666  cls 0.6081  dfl 1.2656)  | KD 4.456 (box 0.27530  cls 0.00135  dfl 0.00090  feat 0.00094)
  Epoch 5/30  Batch 6917/9881 (70.0%)  | Super 51.590 (box 1.2852  cls 0.7600  dfl 1.1791)  | Base 52.736 (box 1.3039  cls 0.8147  dfl 1.1773)  | KD 5.739 (box 0.34720  cls 0.01002  dfl 0.00090  feat 0.00054)
  Epoch 5/30  Batch 7905/9881 (80.0%)  | Super 42.497 (box 1.0573  cls 0.5166  dfl 1.0821)  | Base 44.862 (box 1.1065  cls 0.5806  dfl 1.1167)  | KD 5.342 (box 0.32738  cls 0.00473  dfl 0.00133  feat 0.00046)
  Epoch 5/30  Batch 8893/9881 (90.0%)  | Super 65.265 (box 1.5077  cls 1.4087  dfl 1.1627)  | Base 68.657 (box 1.5337  cls 1.5917  dfl 1.1657)  | KD 7.843 (box 0.48106  cls 0.00727  dfl 0.00114  feat 0.00072)
  Epoch 5/30  Batch 9881/9881 (100.0%)  | Super 43.354 (box 1.0383  cls 0.5929  dfl 1.0785)  | Base 44.535 (box 1.0563  cls 0.6580  dfl 1.0691)  | KD 5.078 (box 0.31356  cls 0.00223  dfl 0.00078  feat 0.00082)

================================================================================
  [Validation] Super model (skip=False)  |  Epoch 5/30
================================================================================
[*] Validation input tensor shape: torch.Size([16, 3, 1312, 1952])
                 Class     Images  Instances      Box(P          R      mAP50  mAP50-95)
                   all      39987     885826      0.794      0.534      0.626      0.394

================================================================================
  [Validation] Base model  (skip=True)   |  Epoch 5/30
================================================================================
[*] Validation input tensor shape: torch.Size([16, 3, 1312, 1952])
                 Class     Images  Instances      Box(P          R      mAP50  mAP50-95)
                   all      39987     885826      0.782      0.525      0.612      0.383

           Epoch         GPU_mem          box_om          cls_om          dfl_om          box_oo          cls_oo          dfl_oo       Instances            Size
  Epoch 6/30  Batch 1/9881 (0.0%)  | Super 45.710 (box 1.1210  cls 0.6299  dfl 1.1060)  | Base 47.883 (box 1.1627  cls 0.7130  dfl 1.1170)  | KD 4.899 (box 0.30223  cls 0.00225  dfl 0.00108  feat 0.00063)
  Epoch 6/30  Batch 989/9881 (10.0%)  | Super 44.180 (box 1.1191  cls 0.5538  dfl 1.0883)  | Base 45.129 (box 1.1422  cls 0.5953  dfl 1.0830)  | KD 5.101 (box 0.31362  cls 0.00372  dfl 0.00087  feat 0.00061)
  Epoch 6/30  Batch 1977/9881 (20.0%)  | Super 59.124 (box 1.5204  cls 0.7980  dfl 1.3769)  | Base 61.180 (box 1.5793  cls 0.8668  dfl 1.3776)  | KD 7.969 (box 0.49207  cls 0.00365  dfl 0.00119  feat 0.00117)
  Epoch 6/30  Batch 2965/9881 (30.0%)  | Super 69.061 (box 1.8667  cls 1.1686  dfl 1.2810)  | Base 70.671 (box 1.8741  cls 1.2796  dfl 1.2632)  | KD 8.609 (box 0.52135  cls 0.01520  dfl 0.00098  feat 0.00054)
  Epoch 6/30  Batch 3953/9881 (40.0%)  | Super 44.903 (box 1.0600  cls 0.6066  dfl 1.1399)  | Base 46.189 (box 1.0892  cls 0.6437  dfl 1.1539)  | KD 6.241 (box 0.38372  cls 0.00446  dfl 0.00126  feat 0.00061)
  Epoch 6/30  Batch 4941/9881 (50.0%)  | Super 40.482 (box 0.9970  cls 0.4432  dfl 1.0899)  | Base 40.593 (box 0.9921  cls 0.4620  dfl 1.0830)  | KD 3.543 (box 0.21743  cls 0.00238  dfl 0.00079  feat 0.00082)
  Epoch 6/30  Batch 5929/9881 (60.0%)  | Super 51.302 (box 1.3364  cls 0.5700  dfl 1.3000)  | Base 51.762 (box 1.3381  cls 0.6214  dfl 1.2756)  | KD 4.640 (box 0.28693  cls 0.00145  dfl 0.00090  feat 0.00072)
  Epoch 6/30  Batch 6917/9881 (70.0%)  | Super 49.743 (box 1.2632  cls 0.7285  dfl 1.1172)  | Base 50.621 (box 1.2714  cls 0.7840  dfl 1.1084)  | KD 6.112 (box 0.37198  cls 0.00823  dfl 0.00106  feat 0.00072)
  Epoch 6/30  Batch 7905/9881 (80.0%)  | Super 40.858 (box 1.0008  cls 0.5017  dfl 1.0511)  | Base 43.256 (box 1.0589  cls 0.5654  dfl 1.0793)  | KD 5.157 (box 0.31683  cls 0.00370  dfl 0.00130  feat 0.00049)
  Epoch 6/30  Batch 8893/9881 (90.0%)  | Super 61.001 (box 1.4948  cls 1.1252  dfl 1.1925)  | Base 65.570 (box 1.5599  cls 1.3136  dfl 1.2246)  | KD 7.998 (box 0.48650  cls 0.01130  dfl 0.00122  feat 0.00084)
  Epoch 6/30  Batch 9881/9881 (100.0%)  | Super 45.672 (box 1.1163  cls 0.6185  dfl 1.1197)  | Base 47.582 (box 1.1435  cls 0.7130  dfl 1.1174)  | KD 5.502 (box 0.33930  cls 0.00290  dfl 0.00083  feat 0.00085)

================================================================================
  [Validation] Super model (skip=False)  |  Epoch 6/30
================================================================================
[*] Validation input tensor shape: torch.Size([16, 3, 1312, 1952])
                 Class     Images  Instances      Box(P          R      mAP50  mAP50-95)
                   all      39987     885826      0.797      0.532      0.627      0.394

================================================================================
  [Validation] Base model  (skip=True)   |  Epoch 6/30
================================================================================
[*] Validation input tensor shape: torch.Size([16, 3, 1312, 1952])
                 Class     Images  Instances      Box(P          R      mAP50  mAP50-95)
                   all      39987     885826      0.789      0.523      0.614      0.384

           Epoch         GPU_mem          box_om          cls_om          dfl_om          box_oo          cls_oo          dfl_oo       Instances            Size
  Epoch 7/30  Batch 1/9881 (0.0%)  | Super 46.507 (box 1.1592  cls 0.6308  dfl 1.1167)  | Base 48.925 (box 1.1998  cls 0.7214  dfl 1.1365)  | KD 5.782 (box 0.35633  cls 0.00318  dfl 0.00128  feat 0.00058)
  Epoch 7/30  Batch 989/9881 (10.0%)  | Super 44.169 (box 1.1306  cls 0.5529  dfl 1.0770)  | Base 45.001 (box 1.1453  cls 0.5902  dfl 1.0770)  | KD 5.114 (box 0.31525  cls 0.00296  dfl 0.00086  feat 0.00057)
  Epoch 7/30  Batch 1977/9881 (20.0%)  | Super 58.645 (box 1.4741  cls 0.8233  dfl 1.3678)  | Base 61.690 (box 1.5761  cls 0.8746  dfl 1.4049)  | KD 8.038 (box 0.49625  cls 0.00382  dfl 0.00146  feat 0.00086)
  Epoch 7/30  Batch 2965/9881 (30.0%)  | Super 64.036 (box 1.7900  cls 1.0429  dfl 1.1693)  | Base 66.040 (box 1.8488  cls 1.1111  dfl 1.1676)  | KD 9.227 (box 0.55200  cls 0.02273  dfl 0.00139  feat 0.00054)
  Epoch 7/30  Batch 3953/9881 (40.0%)  | Super 46.214 (box 1.0754  cls 0.6067  dfl 1.2063)  | Base 47.322 (box 1.1099  cls 0.6594  dfl 1.1884)  | KD 6.569 (box 0.40528  cls 0.00338  dfl 0.00139  feat 0.00054)
  Epoch 7/30  Batch 4941/9881 (50.0%)  | Super 42.354 (box 1.0222  cls 0.4327  dfl 1.1922)  | Base 42.621 (box 1.0130  cls 0.4697  dfl 1.1811)  | KD 3.614 (box 0.22320  cls 0.00126  dfl 0.00076  feat 0.00064)
  Epoch 7/30  Batch 5929/9881 (60.0%)  | Super 49.732 (box 1.2696  cls 0.5584  dfl 1.2802)  | Base 50.725 (box 1.3034  cls 0.6193  dfl 1.2475)  | KD 4.976 (box 0.30775  cls 0.00140  dfl 0.00110  feat 0.00075)
  Epoch 7/30  Batch 6917/9881 (70.0%)  | Super 50.982 (box 1.2726  cls 0.7244  dfl 1.1893)  | Base 51.945 (box 1.2897  cls 0.7685  dfl 1.1883)  | KD 5.531 (box 0.33425  cls 0.00983  dfl 0.00111  feat 0.00053)
  Epoch 7/30  Batch 7905/9881 (80.0%)  | Super 42.858 (box 1.0795  cls 0.5234  dfl 1.0758)  | Base 45.893 (box 1.1486  cls 0.5895  dfl 1.1302)  | KD 5.318 (box 0.32713  cls 0.00336  dfl 0.00133  feat 0.00055)
  Epoch 7/30  Batch 8893/9881 (90.0%)  | Super 64.321 (box 1.4909  cls 1.3583  dfl 1.1709)  | Base 68.319 (box 1.5432  cls 1.5484  dfl 1.1783)  | KD 8.091 (box 0.49289  cls 0.01095  dfl 0.00106  feat 0.00080)
  Epoch 7/30  Batch 9881/9881 (100.0%)  | Super 42.892 (box 1.0365  cls 0.5740  dfl 1.0703)  | Base 44.816 (box 1.0720  cls 0.6557  dfl 1.0733)  | KD 5.334 (box 0.32946  cls 0.00233  dfl 0.00091  feat 0.00067)

================================================================================
  [Validation] Super model (skip=False)  |  Epoch 7/30
================================================================================
[*] Validation input tensor shape: torch.Size([16, 3, 1312, 1952])
                 Class     Images  Instances      Box(P          R      mAP50  mAP50-95)
                   all      39987     885826      0.791      0.541      0.631      0.397

================================================================================
  [Validation] Base model  (skip=True)   |  Epoch 7/30
================================================================================
[*] Validation input tensor shape: torch.Size([16, 3, 1312, 1952])
                 Class     Images  Instances      Box(P          R      mAP50  mAP50-95)
                   all      39987     885826      0.793      0.527      0.619      0.387

           Epoch         GPU_mem          box_om          cls_om          dfl_om          box_oo          cls_oo          dfl_oo       Instances            Size
  Epoch 8/30  Batch 1/9881 (0.0%)  | Super 45.262 (box 1.1216  cls 0.6147  dfl 1.0926)  | Base 46.930 (box 1.1539  cls 0.6789  dfl 1.1004)  | KD 5.681 (box 0.34995  cls 0.00317  dfl 0.00131  feat 0.00061)
  Epoch 8/30  Batch 989/9881 (10.0%)  | Super 42.562 (box 1.0866  cls 0.5316  dfl 1.0419)  | Base 43.577 (box 1.1162  cls 0.5759  dfl 1.0315)  | KD 5.108 (box 0.31451  cls 0.00324  dfl 0.00086  feat 0.00064)
  Epoch 8/30  Batch 1977/9881 (20.0%)  | Super 63.150 (box 1.6064  cls 0.8497  dfl 1.4908)  | Base 66.190 (box 1.6930  cls 0.9026  dfl 1.5413)  | KD 8.163 (box 0.50269  cls 0.00498  dfl 0.00155  feat 0.00096)
  Epoch 8/30  Batch 2965/9881 (30.0%)  | Super 66.519 (box 1.8120  cls 1.0508  dfl 1.2947)  | Base 69.774 (box 1.8971  cls 1.1410  dfl 1.3229)  | KD 8.032 (box 0.48503  cls 0.01541  dfl 0.00112  feat 0.00044)
  Epoch 8/30  Batch 3953/9881 (40.0%)  | Super 46.988 (box 1.0849  cls 0.6358  dfl 1.2160)  | Base 47.654 (box 1.0944  cls 0.6719  dfl 1.2121)  | KD 6.496 (box 0.39888  cls 0.00507  dfl 0.00143  feat 0.00065)
  Epoch 8/30  Batch 4941/9881 (50.0%)  | Super 41.554 (box 1.0289  cls 0.4435  dfl 1.1247)  | Base 41.446 (box 1.0098  cls 0.4712  dfl 1.1094)  | KD 3.221 (box 0.19802  cls 0.00172  dfl 0.00062  feat 0.00092)
  Epoch 8/30  Batch 5929/9881 (60.0%)  | Super 54.992 (box 1.4443  cls 0.5841  dfl 1.4086)  | Base 54.972 (box 1.4351  cls 0.6333  dfl 1.3673)  | KD 4.666 (box 0.28871  cls 0.00131  dfl 0.00097  feat 0.00064)
  Epoch 8/30  Batch 6917/9881 (70.0%)  | Super 51.024 (box 1.2638  cls 0.7450  dfl 1.1802)  | Base 53.226 (box 1.3123  cls 0.8243  dfl 1.1900)  | KD 6.324 (box 0.38333  cls 0.01028  dfl 0.00120  feat 0.00047)
  Epoch 8/30  Batch 7905/9881 (80.0%)  | Super 41.160 (box 1.0350  cls 0.4926  dfl 1.0449)  | Base 42.958 (box 1.0765  cls 0.5567  dfl 1.0516)  | KD 5.163 (box 0.31700  cls 0.00368  dfl 0.00144  feat 0.00058)
  Epoch 8/30  Batch 8893/9881 (90.0%)  | Super 57.713 (box 1.4803  cls 1.0685  dfl 1.0583)  | Base 61.516 (box 1.5300  cls 1.2153  dfl 1.0995)  | KD 9.385 (box 0.57490  cls 0.00902  dfl 0.00186  feat 0.00079)
  Epoch 8/30  Batch 9881/9881 (100.0%)  | Super 43.827 (box 1.0909  cls 0.5837  dfl 1.0645)  | Base 45.059 (box 1.0957  cls 0.6551  dfl 1.0654)  | KD 4.731 (box 0.29132  cls 0.00302  dfl 0.00071  feat 0.00067)

================================================================================
  [Validation] Super model (skip=False)  |  Epoch 8/30
================================================================================
[*] Validation input tensor shape: torch.Size([16, 3, 1312, 1952])
                 Class     Images  Instances      Box(P          R      mAP50  mAP50-95)
                   all      39987     885826      0.793      0.545      0.635        0.4

================================================================================
  [Validation] Base model  (skip=True)   |  Epoch 8/30
================================================================================
[*] Validation input tensor shape: torch.Size([16, 3, 1312, 1952])
                 Class     Images  Instances      Box(P          R      mAP50  mAP50-95)
                   all      39987     885826       0.79      0.535      0.625      0.391

           Epoch         GPU_mem          box_om          cls_om          dfl_om          box_oo          cls_oo          dfl_oo       Instances            Size
  Epoch 9/30  Batch 1/9881 (0.0%)  | Super 45.854 (box 1.1568  cls 0.6109  dfl 1.0982)  | Base 48.439 (box 1.2152  cls 0.6857  dfl 1.1266)  | KD 5.620 (box 0.34675  cls 0.00238  dfl 0.00155  feat 0.00056)
  Epoch 9/30  Batch 989/9881 (10.0%)  | Super 43.299 (box 1.0664  cls 0.5386  dfl 1.1012)  | Base 44.267 (box 1.0873  cls 0.5927  dfl 1.0866)  | KD 4.870 (box 0.29965  cls 0.00335  dfl 0.00084  feat 0.00052)
  Epoch 9/30  Batch 1977/9881 (20.0%)  | Super 58.352 (box 1.5106  cls 0.7718  dfl 1.3647)  | Base 60.801 (box 1.5757  cls 0.8531  dfl 1.3713)  | KD 7.519 (box 0.46366  cls 0.00390  dfl 0.00151  feat 0.00090)
  Epoch 9/30  Batch 2965/9881 (30.0%)  | Super 65.089 (box 1.7862  cls 1.0566  dfl 1.2252)  | Base 66.819 (box 1.8133  cls 1.1382  dfl 1.2247)  | KD 8.443 (box 0.50864  cls 0.01750  dfl 0.00108  feat 0.00047)
  Epoch 9/30  Batch 3953/9881 (40.0%)  | Super 44.833 (box 1.0543  cls 0.6001  dfl 1.1476)  | Base 45.875 (box 1.0661  cls 0.6503  dfl 1.1508)  | KD 6.643 (box 0.40811  cls 0.00494  dfl 0.00157  feat 0.00058)
  Epoch 9/30  Batch 4941/9881 (50.0%)  | Super 40.809 (box 1.0163  cls 0.4314  dfl 1.1029)  | Base 41.197 (box 1.0181  cls 0.4589  dfl 1.0978)  | KD 3.435 (box 0.21144  cls 0.00189  dfl 0.00070  feat 0.00065)
  Epoch 9/30  Batch 5929/9881 (60.0%)  | Super 50.018 (box 1.2985  cls 0.5380  dfl 1.2897)  | Base 49.647 (box 1.2812  cls 0.5785  dfl 1.2433)  | KD 4.670 (box 0.28891  cls 0.00132  dfl 0.00096  feat 0.00071)
  Epoch 9/30  Batch 6917/9881 (70.0%)  | Super 50.140 (box 1.2609  cls 0.7285  dfl 1.1443)  | Base 51.808 (box 1.2908  cls 0.7873  dfl 1.1599)  | KD 5.757 (box 0.34976  cls 0.00843  dfl 0.00105  feat 0.00059)
  Epoch 9/30  Batch 7905/9881 (80.0%)  | Super 40.342 (box 1.0084  cls 0.4735  dfl 1.0394)  | Base 42.897 (box 1.0710  cls 0.5545  dfl 1.0555)  | KD 5.249 (box 0.32229  cls 0.00413  dfl 0.00116  feat 0.00050)
  Epoch 9/30  Batch 8893/9881 (90.0%)  | Super 61.715 (box 1.4876  cls 1.1710  dfl 1.1986)  | Base 67.023 (box 1.5383  cls 1.4701  dfl 1.1806)  | KD 9.961 (box 0.60388  cls 0.01577  dfl 0.00221  feat 0.00067)
  Epoch 9/30  Batch 9881/9881 (100.0%)  | Super 43.765 (box 1.0706  cls 0.5721  dfl 1.0926)  | Base 45.713 (box 1.1172  cls 0.6407  dfl 1.0991)  | KD 5.510 (box 0.33981  cls 0.00282  dfl 0.00091  feat 0.00082)

================================================================================
  [Validation] Super model (skip=False)  |  Epoch 9/30
================================================================================
[*] Validation input tensor shape: torch.Size([16, 3, 1312, 1952])
                 Class     Images  Instances      Box(P          R      mAP50  mAP50-95)
                   all      39987     885826      0.794      0.548      0.636        0.4

================================================================================
  [Validation] Base model  (skip=True)   |  Epoch 9/30
================================================================================
[*] Validation input tensor shape: torch.Size([16, 3, 1312, 1952])
                 Class     Images  Instances      Box(P          R      mAP50  mAP50-95)
                   all      39987     885826      0.793      0.537      0.626      0.392

           Epoch         GPU_mem          box_om          cls_om          dfl_om          box_oo          cls_oo          dfl_oo       Instances            Size
  Epoch 10/30  Batch 1/9881 (0.0%)  | Super 44.401 (box 1.0920  cls 0.5583  dfl 1.1247)  | Base 46.328 (box 1.1386  cls 0.6307  dfl 1.1262)  | KD 5.124 (box 0.31527  cls 0.00300  dfl 0.00131  feat 0.00065)
  Epoch 10/30  Batch 989/9881 (10.0%)  | Super 42.949 (box 1.0703  cls 0.5274  dfl 1.0865)  | Base 43.766 (box 1.0826  cls 0.5749  dfl 1.0779)  | KD 5.139 (box 0.31572  cls 0.00375  dfl 0.00093  feat 0.00081)
  Epoch 10/30  Batch 1977/9881 (20.0%)  | Super 58.810 (box 1.5073  cls 0.7915  dfl 1.3769)  | Base 60.748 (box 1.5614  cls 0.8517  dfl 1.3837)  | KD 7.886 (box 0.48776  cls 0.00273  dfl 0.00140  feat 0.00098)
  Epoch 10/30  Batch 2965/9881 (30.0%)  | Super 65.468 (box 1.8442  cls 1.0174  dfl 1.2301)  | Base 67.078 (box 1.8463  cls 1.1144  dfl 1.2317)  | KD 8.380 (box 0.50990  cls 0.01226  dfl 0.00109  feat 0.00050)
  Epoch 10/30  Batch 3953/9881 (40.0%)  | Super 45.020 (box 1.0724  cls 0.5987  dfl 1.1426)  | Base 45.939 (box 1.0843  cls 0.6379  dfl 1.1490)  | KD 6.165 (box 0.38074  cls 0.00266  dfl 0.00136  feat 0.00056)
  Epoch 10/30  Batch 4941/9881 (50.0%)  | Super 41.333 (box 1.0088  cls 0.4299  dfl 1.1447)  | Base 41.480 (box 1.0025  cls 0.4535  dfl 1.1365)  | KD 3.235 (box 0.19888  cls 0.00189  dfl 0.00069  feat 0.00073)
  Epoch 10/30  Batch 5929/9881 (60.0%)  | Super 52.070 (box 1.3722  cls 0.5441  dfl 1.3381)  | Base 52.936 (box 1.3865  cls 0.5980  dfl 1.3240)  | KD 4.355 (box 0.26913  cls 0.00147  dfl 0.00092  feat 0.00065)
  Epoch 10/30  Batch 6917/9881 (70.0%)  | Super 49.909 (box 1.2603  cls 0.7332  dfl 1.1257)  | Base 52.227 (box 1.3080  cls 0.7889  dfl 1.1673)  | KD 6.223 (box 0.37927  cls 0.00786  dfl 0.00126  feat 0.00053)
  Epoch 10/30  Batch 7905/9881 (80.0%)  | Super 39.198 (box 0.9643  cls 0.4658  dfl 1.0197)  | Base 42.224 (box 1.0379  cls 0.5345  dfl 1.0665)  | KD 5.167 (box 0.31652  cls 0.00468  dfl 0.00123  feat 0.00051)
  Epoch 10/30  Batch 8893/9881 (90.0%)  | Super 61.376 (box 1.5787  cls 1.0592  dfl 1.1980)  | Base 65.132 (box 1.6000  cls 1.2552  dfl 1.2155)  | KD 8.621 (box 0.51822  cls 0.01820  dfl 0.00169  feat 0.00068)
  Epoch 10/30  Batch 9881/9881 (100.0%)  | Super 41.229 (box 0.9938  cls 0.5736  dfl 1.0094)  | Base 42.265 (box 1.0116  cls 0.6282  dfl 1.0018)  | KD 5.227 (box 0.32267  cls 0.00243  dfl 0.00088  feat 0.00073)

================================================================================
  [Validation] Super model (skip=False)  |  Epoch 10/30
================================================================================
[*] Validation input tensor shape: torch.Size([16, 3, 1312, 1952])
                 Class     Images  Instances      Box(P          R      mAP50  mAP50-95)
                   all      39987     885826      0.793       0.55      0.639      0.402

================================================================================
  [Validation] Base model  (skip=True)   |  Epoch 10/30
================================================================================
[*] Validation input tensor shape: torch.Size([16, 3, 1312, 1952])
                 Class     Images  Instances      Box(P          R      mAP50  mAP50-95)
                   all      39987     885826       0.79      0.539      0.628      0.393

           Epoch         GPU_mem          box_om          cls_om          dfl_om          box_oo          cls_oo          dfl_oo       Instances            Size
  Epoch 11/30  Batch 1/9881 (0.0%)  | Super 43.802 (box 1.0855  cls 0.5819  dfl 1.0702)  | Base 46.100 (box 1.1401  cls 0.6357  dfl 1.1054)  | KD 5.867 (box 0.36187  cls 0.00284  dfl 0.00135  feat 0.00060)
  Epoch 11/30  Batch 989/9881 (10.0%)  | Super 42.844 (box 1.0524  cls 0.5326  dfl 1.0927)  | Base 43.652 (box 1.0675  cls 0.5766  dfl 1.0842)  | KD 4.590 (box 0.28305  cls 0.00244  dfl 0.00080  feat 0.00060)
  Epoch 11/30  Batch 1977/9881 (20.0%)  | Super 56.291 (box 1.4366  cls 0.7434  dfl 1.3382)  | Base 59.253 (box 1.5110  cls 0.8057  dfl 1.3866)  | KD 7.803 (box 0.48237  cls 0.00310  dfl 0.00142  feat 0.00079)
  Epoch 11/30  Batch 2965/9881 (30.0%)  | Super 65.236 (box 1.7885  cls 1.0230  dfl 1.2657)  | Base 67.106 (box 1.7961  cls 1.1353  dfl 1.2628)  | KD 8.455 (box 0.51269  cls 0.01401  dfl 0.00116  feat 0.00057)
  Epoch 11/30  Batch 3953/9881 (40.0%)  | Super 45.791 (box 1.0527  cls 0.6133  dfl 1.1959)  | Base 47.453 (box 1.0987  cls 0.6535  dfl 1.2136)  | KD 6.743 (box 0.41558  cls 0.00364  dfl 0.00157  feat 0.00067)
  Epoch 11/30  Batch 4941/9881 (50.0%)  | Super 39.542 (box 0.9834  cls 0.4142  dfl 1.0738)  | Base 39.825 (box 0.9797  cls 0.4420  dfl 1.0673)  | KD 3.201 (box 0.19609  cls 0.00248  dfl 0.00068  feat 0.00080)
  Epoch 11/30  Batch 5929/9881 (60.0%)  | Super 51.836 (box 1.3517  cls 0.5540  dfl 1.3341)  | Base 53.839 (box 1.4079  cls 0.6026  dfl 1.3544)  | KD 4.428 (box 0.27353  cls 0.00161  dfl 0.00091  feat 0.00071)
  Epoch 11/30  Batch 6917/9881 (70.0%)  | Super 50.117 (box 1.2810  cls 0.7154  dfl 1.1359)  | Base 51.338 (box 1.3042  cls 0.7667  dfl 1.1377)  | KD 6.352 (box 0.38617  cls 0.00937  dfl 0.00096  feat 0.00052)
  Epoch 11/30  Batch 7905/9881 (80.0%)  | Super 39.918 (box 0.9784  cls 0.4790  dfl 1.0374)  | Base 42.130 (box 1.0262  cls 0.5554  dfl 1.0515)  | KD 5.078 (box 0.31052  cls 0.00498  dfl 0.00129  feat 0.00057)
  Epoch 11/30  Batch 8893/9881 (90.0%)  | Super 55.177 (box 1.4243  cls 0.9445  dfl 1.0798)  | Base 62.001 (box 1.4836  cls 1.3020  dfl 1.0895)  | KD 8.021 (box 0.48953  cls 0.00977  dfl 0.00135  feat 0.00070)
  Epoch 11/30  Batch 9881/9881 (100.0%)  | Super 42.094 (box 1.0221  cls 0.5722  dfl 1.0366)  | Base 44.703 (box 1.0676  cls 0.6826  dfl 1.0437)  | KD 5.917 (box 0.36317  cls 0.00488  dfl 0.00099  feat 0.00079)

================================================================================
  [Validation] Super model (skip=False)  |  Epoch 11/30
================================================================================
[*] Validation input tensor shape: torch.Size([16, 3, 1312, 1952])
                 Class     Images  Instances      Box(P          R      mAP50  mAP50-95)
                   all      39987     885826      0.798       0.55      0.639      0.401

================================================================================
  [Validation] Base model  (skip=True)   |  Epoch 11/30
================================================================================
[*] Validation input tensor shape: torch.Size([16, 3, 1312, 1952])
                 Class     Images  Instances      Box(P          R      mAP50  mAP50-95)
                   all      39987     885826      0.797      0.538      0.628      0.393

           Epoch         GPU_mem          box_om          cls_om          dfl_om          box_oo          cls_oo          dfl_oo       Instances            Size
  Epoch 12/30  Batch 1/9881 (0.0%)  | Super 44.048 (box 1.0715  cls 0.6024  dfl 1.0790)  | Base 46.875 (box 1.1469  cls 0.6829  dfl 1.0998)  | KD 6.308 (box 0.38365  cls 0.00846  dfl 0.00138  feat 0.00073)
  Epoch 12/30  Batch 989/9881 (10.0%)  | Super 41.870 (box 1.0351  cls 0.5162  dfl 1.0655)  | Base 43.170 (box 1.0692  cls 0.5610  dfl 1.0679)  | KD 5.282 (box 0.32652  cls 0.00200  dfl 0.00100  feat 0.00062)
  Epoch 12/30  Batch 1977/9881 (20.0%)  | Super 56.231 (box 1.4516  cls 0.7404  dfl 1.3225)  | Base 57.777 (box 1.4962  cls 0.8004  dfl 1.3144)  | KD 8.104 (box 0.50044  cls 0.00377  dfl 0.00142  feat 0.00087)
  Epoch 12/30  Batch 2965/9881 (30.0%)  | Super 63.557 (box 1.7290  cls 0.9835  dfl 1.2597)  | Base 66.215 (box 1.7794  cls 1.0887  dfl 1.2704)  | KD 8.264 (box 0.49822  cls 0.01680  dfl 0.00106  feat 0.00042)
  Epoch 12/30  Batch 3953/9881 (40.0%)  | Super 45.345 (box 1.0817  cls 0.5930  dfl 1.1594)  | Base 46.665 (box 1.0954  cls 0.6636  dfl 1.1576)  | KD 6.346 (box 0.39081  cls 0.00356  dfl 0.00158  feat 0.00067)
  Epoch 12/30  Batch 4941/9881 (50.0%)  | Super 39.454 (box 0.9836  cls 0.4106  dfl 1.0717)  | Base 39.740 (box 0.9843  cls 0.4290  dfl 1.0705)  | KD 3.144 (box 0.19297  cls 0.00223  dfl 0.00064  feat 0.00068)
  Epoch 12/30  Batch 5929/9881 (60.0%)  | Super 50.128 (box 1.3258  cls 0.5107  dfl 1.2965)  | Base 50.242 (box 1.3289  cls 0.5590  dfl 1.2522)  | KD 4.466 (box 0.27565  cls 0.00189  dfl 0.00089  feat 0.00071)
  Epoch 12/30  Batch 6917/9881 (70.0%)  | Super 49.531 (box 1.2455  cls 0.7229  dfl 1.1273)  | Base 51.549 (box 1.2932  cls 0.7611  dfl 1.1676)  | KD 6.148 (box 0.37230  cls 0.01017  dfl 0.00129  feat 0.00048)
  Epoch 12/30  Batch 7905/9881 (80.0%)  | Super 40.527 (box 1.0126  cls 0.4697  dfl 1.0507)  | Base 42.524 (box 1.0645  cls 0.5331  dfl 1.0601)  | KD 5.244 (box 0.32265  cls 0.00324  dfl 0.00131  feat 0.00056)
  Epoch 12/30  Batch 8893/9881 (90.0%)  | Super 53.944 (box 1.3994  cls 0.9104  dfl 1.0616)  | Base 60.193 (box 1.4597  cls 1.1934  dfl 1.1090)  | KD 8.793 (box 0.53147  cls 0.01597  dfl 0.00138  feat 0.00073)
  Epoch 12/30  Batch 9881/9881 (100.0%)  | Super 41.515 (box 1.0182  cls 0.5379  dfl 1.0386)  | Base 43.567 (box 1.0592  cls 0.6201  dfl 1.0437)  | KD 5.297 (box 0.32592  cls 0.00351  dfl 0.00091  feat 0.00073)

================================================================================
  [Validation] Super model (skip=False)  |  Epoch 12/30
================================================================================
[*] Validation input tensor shape: torch.Size([16, 3, 1312, 1952])
                 Class     Images  Instances      Box(P          R      mAP50  mAP50-95)
                   all      39987     885826      0.796      0.553      0.641      0.402

================================================================================
  [Validation] Base model  (skip=True)   |  Epoch 12/30
================================================================================
[*] Validation input tensor shape: torch.Size([16, 3, 1312, 1952])
                 Class     Images  Instances      Box(P          R      mAP50  mAP50-95)
                   all      39987     885826       0.79      0.542      0.631      0.394

           Epoch         GPU_mem          box_om          cls_om          dfl_om          box_oo          cls_oo          dfl_oo       Instances            Size
  Epoch 13/30  Batch 1/9881 (0.0%)  | Super 44.005 (box 1.0835  cls 0.5740  dfl 1.0928)  | Base 46.603 (box 1.1354  cls 0.6585  dfl 1.1188)  | KD 6.371 (box 0.39207  cls 0.00372  dfl 0.00171  feat 0.00068)
  Epoch 13/30  Batch 989/9881 (10.0%)  | Super 41.308 (box 1.0289  cls 0.5068  dfl 1.0461)  | Base 42.958 (box 1.0748  cls 0.5505  dfl 1.0596)  | KD 5.359 (box 0.33011  cls 0.00312  dfl 0.00100  feat 0.00073)
  Epoch 13/30  Batch 1977/9881 (20.0%)  | Super 55.222 (box 1.4307  cls 0.6951  dfl 1.3256)  | Base 58.400 (box 1.5151  cls 0.7766  dfl 1.3583)  | KD 7.794 (box 0.48237  cls 0.00257  dfl 0.00146  feat 0.00074)
  Epoch 13/30  Batch 2965/9881 (30.0%)  | Super 62.283 (box 1.7041  cls 0.9611  dfl 1.2274)  | Base 65.689 (box 1.7899  cls 1.0577  dfl 1.2579)  | KD 8.254 (box 0.50381  cls 0.01038  dfl 0.00112  feat 0.00056)
  Epoch 13/30  Batch 3953/9881 (40.0%)  | Super 44.827 (box 1.0235  cls 0.5918  dfl 1.1864)  | Base 47.191 (box 1.0877  cls 0.6548  dfl 1.2070)  | KD 6.611 (box 0.40764  cls 0.00339  dfl 0.00164  feat 0.00050)
  Epoch 13/30  Batch 4941/9881 (50.0%)  | Super 40.952 (box 1.0078  cls 0.4354  dfl 1.1164)  | Base 40.660 (box 0.9971  cls 0.4416  dfl 1.1026)  | KD 3.686 (box 0.22610  cls 0.00278  dfl 0.00073  feat 0.00074)
  Epoch 13/30  Batch 5929/9881 (60.0%)  | Super 50.666 (box 1.3233  cls 0.5425  dfl 1.3009)  | Base 51.873 (box 1.3500  cls 0.5943  dfl 1.2978)  | KD 4.892 (box 0.30148  cls 0.00260  dfl 0.00099  feat 0.00066)
  Epoch 13/30  Batch 6917/9881 (70.0%)  | Super 51.314 (box 1.2888  cls 0.7454  dfl 1.1729)  | Base 52.642 (box 1.3207  cls 0.7778  dfl 1.1917)  | KD 6.699 (box 0.40691  cls 0.00980  dfl 0.00144  feat 0.00052)
  Epoch 13/30  Batch 7905/9881 (80.0%)  | Super 39.584 (box 0.9747  cls 0.4733  dfl 1.0260)  | Base 41.084 (box 1.0122  cls 0.5153  dfl 1.0403)  | KD 4.928 (box 0.30338  cls 0.00286  dfl 0.00118  feat 0.00056)
  Epoch 13/30  Batch 8893/9881 (90.0%)  | Super 56.216 (box 1.4674  cls 0.9105  dfl 1.1356)  | Base 61.574 (box 1.5076  cls 1.2065  dfl 1.1343)  | KD 10.586 (box 0.64497  cls 0.01354  dfl 0.00233  feat 0.00077)
  Epoch 13/30  Batch 9881/9881 (100.0%)  | Super 41.837 (box 1.0316  cls 0.5456  dfl 1.0376)  | Base 43.456 (box 1.0574  cls 0.6133  dfl 1.0453)  | KD 5.081 (box 0.31408  cls 0.00188  dfl 0.00092  feat 0.00065)

================================================================================
  [Validation] Super model (skip=False)  |  Epoch 13/30
================================================================================
[*] Validation input tensor shape: torch.Size([16, 3, 1312, 1952])
                 Class     Images  Instances      Box(P          R      mAP50  mAP50-95)
                   all      39987     885826      0.793      0.555      0.641      0.403

================================================================================
  [Validation] Base model  (skip=True)   |  Epoch 13/30
================================================================================
[*] Validation input tensor shape: torch.Size([16, 3, 1312, 1952])
                 Class     Images  Instances      Box(P          R      mAP50  mAP50-95)
                   all      39987     885826      0.793      0.543      0.631      0.395

           Epoch         GPU_mem          box_om          cls_om          dfl_om          box_oo          cls_oo          dfl_oo       Instances            Size
  Epoch 14/30  Batch 1/9881 (0.0%)  | Super 43.974 (box 1.0958  cls 0.5694  dfl 1.0831)  | Base 47.054 (box 1.1678  cls 0.6539  dfl 1.1192)  | KD 6.245 (box 0.38275  cls 0.00522  dfl 0.00170  feat 0.00063)
  Epoch 14/30  Batch 989/9881 (10.0%)  | Super 41.101 (box 1.0385  cls 0.4999  dfl 1.0304)  | Base 42.615 (box 1.0727  cls 0.5569  dfl 1.0339)  | KD 5.247 (box 0.32362  cls 0.00266  dfl 0.00090  feat 0.00077)
  Epoch 14/30  Batch 1977/9881 (20.0%)  | Super 53.211 (box 1.4049  cls 0.6823  dfl 1.2384)  | Base 55.146 (box 1.4555  cls 0.7334  dfl 1.2578)  | KD 8.066 (box 0.49831  cls 0.00362  dfl 0.00149  feat 0.00073)
  Epoch 14/30  Batch 2965/9881 (30.0%)  | Super 62.211 (box 1.7235  cls 0.9669  dfl 1.1978)  | Base 65.294 (box 1.7821  cls 1.0850  dfl 1.2137)  | KD 8.422 (box 0.50795  cls 0.01674  dfl 0.00117  feat 0.00053)
  Epoch 14/30  Batch 3953/9881 (40.0%)  | Super 44.696 (box 1.0350  cls 0.6100  dfl 1.1485)  | Base 46.315 (box 1.0635  cls 0.6566  dfl 1.1746)  | KD 6.378 (box 0.39359  cls 0.00325  dfl 0.00131  feat 0.00046)
  Epoch 14/30  Batch 4941/9881 (50.0%)  | Super 40.324 (box 1.0078  cls 0.4208  dfl 1.0917)  | Base 40.390 (box 1.0003  cls 0.4485  dfl 1.0756)  | KD 3.529 (box 0.21811  cls 0.00114  dfl 0.00070  feat 0.00060)
  Epoch 14/30  Batch 5929/9881 (60.0%)  | Super 47.786 (box 1.2458  cls 0.5076  dfl 1.2331)  | Base 48.265 (box 1.2484  cls 0.5643  dfl 1.2038)  | KD 4.550 (box 0.28182  cls 0.00093  dfl 0.00092  feat 0.00073)
  Epoch 14/30  Batch 6917/9881 (70.0%)  | Super 49.565 (box 1.2615  cls 0.6882  dfl 1.1481)  | Base 51.037 (box 1.2844  cls 0.7351  dfl 1.1703)  | KD 6.009 (box 0.36517  cls 0.00872  dfl 0.00113  feat 0.00053)
  Epoch 14/30  Batch 7905/9881 (80.0%)  | Super 40.296 (box 1.0147  cls 0.4569  dfl 1.0468)  | Base 41.659 (box 1.0553  cls 0.5187  dfl 1.0297)  | KD 5.438 (box 0.33524  cls 0.00282  dfl 0.00128  feat 0.00053)
  Epoch 14/30  Batch 8893/9881 (90.0%)  | Super 53.602 (box 1.3848  cls 0.8856  dfl 1.0797)  | Base 60.450 (box 1.4925  cls 1.1732  dfl 1.1125)  | KD 10.174 (box 0.60030  cls 0.03281  dfl 0.00198  feat 0.00077)
  Epoch 14/30  Batch 9881/9881 (100.0%)  | Super 41.447 (box 1.0223  cls 0.5322  dfl 1.0359)  | Base 43.450 (box 1.0718  cls 0.5946  dfl 1.0492)  | KD 5.645 (box 0.34903  cls 0.00219  dfl 0.00097  feat 0.00060)

================================================================================
  [Validation] Super model (skip=False)  |  Epoch 14/30
================================================================================
[*] Validation input tensor shape: torch.Size([16, 3, 1312, 1952])
                 Class     Images  Instances      Box(P          R      mAP50  mAP50-95)
                   all      39987     885826      0.792      0.556       0.64      0.403

================================================================================
  [Validation] Base model  (skip=True)   |  Epoch 14/30
================================================================================
[*] Validation input tensor shape: torch.Size([16, 3, 1312, 1952])
                 Class     Images  Instances      Box(P          R      mAP50  mAP50-95)
                   all      39987     885826       0.79      0.545      0.631      0.394

           Epoch         GPU_mem          box_om          cls_om          dfl_om          box_oo          cls_oo          dfl_oo       Instances            Size
  Epoch 15/30  Batch 1/9881 (0.0%)  | Super 41.393 (box 1.0465  cls 0.5240  dfl 1.0166)  | Base 43.622 (box 1.0900  cls 0.5850  dfl 1.0514)  | KD 5.669 (box 0.34749  cls 0.00482  dfl 0.00137  feat 0.00065)
  Epoch 15/30  Batch 989/9881 (10.0%)  | Super 40.988 (box 1.0187  cls 0.5050  dfl 1.0380)  | Base 42.650 (box 1.0587  cls 0.5630  dfl 1.0439)  | KD 5.432 (box 0.33424  cls 0.00363  dfl 0.00094  feat 0.00066)
  Epoch 15/30  Batch 1977/9881 (20.0%)  | Super 58.072 (box 1.4672  cls 0.7639  dfl 1.3984)  | Base 59.925 (box 1.5175  cls 0.8382  dfl 1.3896)  | KD 8.042 (box 0.49779  cls 0.00256  dfl 0.00143  feat 0.00084)
  Epoch 15/30  Batch 2965/9881 (30.0%)  | Super 63.485 (box 1.7601  cls 0.9479  dfl 1.2598)  | Base 65.602 (box 1.8104  cls 1.0343  dfl 1.2555)  | KD 7.538 (box 0.45486  cls 0.01462  dfl 0.00112  feat 0.00052)
  Epoch 15/30  Batch 3953/9881 (40.0%)  | Super 43.758 (box 1.0258  cls 0.5818  dfl 1.1273)  | Base 45.685 (box 1.0849  cls 0.6273  dfl 1.1431)  | KD 6.283 (box 0.38790  cls 0.00290  dfl 0.00133  feat 0.00055)
  Epoch 15/30  Batch 4941/9881 (50.0%)  | Super 39.503 (box 0.9813  cls 0.4191  dfl 1.0685)  | Base 39.651 (box 0.9662  cls 0.4408  dfl 1.0712)  | KD 3.620 (box 0.22302  cls 0.00179  dfl 0.00071  feat 0.00070)
  Epoch 15/30  Batch 5929/9881 (60.0%)  | Super 51.183 (box 1.3249  cls 0.5399  dfl 1.3342)  | Base 52.045 (box 1.3385  cls 0.6076  dfl 1.3068)  | KD 4.569 (box 0.28260  cls 0.00137  dfl 0.00091  feat 0.00068)
  Epoch 15/30  Batch 6917/9881 (70.0%)  | Super 50.307 (box 1.2804  cls 0.7027  dfl 1.1611)  | Base 51.930 (box 1.3027  cls 0.7749  dfl 1.1681)  | KD 6.340 (box 0.38467  cls 0.00966  dfl 0.00130  feat 0.00063)
  Epoch 15/30  Batch 7905/9881 (80.0%)  | Super 38.070 (box 0.9149  cls 0.4441  dfl 1.0204)  | Base 40.480 (box 0.9748  cls 0.5100  dfl 1.0452)  | KD 5.104 (box 0.31461  cls 0.00258  dfl 0.00130  feat 0.00053)
  Epoch 15/30  Batch 8893/9881 (90.0%)  | Super 52.403 (box 1.3570  cls 0.8511  dfl 1.0672)  | Base 57.092 (box 1.4262  cls 1.0576  dfl 1.0844)  | KD 9.193 (box 0.56461  cls 0.00764  dfl 0.00167  feat 0.00065)
  Epoch 15/30  Batch 9881/9881 (100.0%)  | Super 40.896 (box 1.0004  cls 0.5290  dfl 1.0266)  | Base 43.538 (box 1.0701  cls 0.5991  dfl 1.0519)  | KD 5.795 (box 0.35813  cls 0.00230  dfl 0.00107  feat 0.00070)

================================================================================
  [Validation] Super model (skip=False)  |  Epoch 15/30
================================================================================
[*] Validation input tensor shape: torch.Size([16, 3, 1312, 1952])
                 Class     Images  Instances      Box(P          R      mAP50  mAP50-95)
                   all      39987     885826      0.789      0.558      0.641      0.403

================================================================================
  [Validation] Base model  (skip=True)   |  Epoch 15/30
================================================================================
[*] Validation input tensor shape: torch.Size([16, 3, 1312, 1952])
                 Class     Images  Instances      Box(P          R      mAP50  mAP50-95)
                   all      39987     885826      0.789      0.546      0.632      0.395

           Epoch         GPU_mem          box_om          cls_om          dfl_om          box_oo          cls_oo          dfl_oo       Instances            Size
  Epoch 16/30  Batch 1/9881 (0.0%)  | Super 43.028 (box 1.0871  cls 0.5418  dfl 1.0603)  | Base 45.375 (box 1.1331  cls 0.6023  dfl 1.1006)  | KD 5.189 (box 0.31666  cls 0.00581  dfl 0.00129  feat 0.00059)
  Epoch 16/30  Batch 989/9881 (10.0%)  | Super 41.192 (box 1.0189  cls 0.5047  dfl 1.0508)  | Base 42.616 (box 1.0581  cls 0.5565  dfl 1.0489)  | KD 5.338 (box 0.32929  cls 0.00273  dfl 0.00091  feat 0.00071)
  Epoch 16/30  Batch 1977/9881 (20.0%)  | Super 57.058 (box 1.4409  cls 0.7512  dfl 1.3740)  | Base 60.769 (box 1.5523  cls 0.8327  dfl 1.4130)  | KD 8.734 (box 0.53884  cls 0.00438  dfl 0.00181  feat 0.00087)
  Epoch 16/30  Batch 2965/9881 (30.0%)  | Super 62.372 (box 1.7133  cls 0.9505  dfl 1.2344)  | Base 65.148 (box 1.7709  cls 1.0641  dfl 1.2368)  | KD 8.035 (box 0.48440  cls 0.01615  dfl 0.00110  feat 0.00055)
  Epoch 16/30  Batch 3953/9881 (40.0%)  | Super 44.220 (box 1.0464  cls 0.5668  dfl 1.1506)  | Base 45.577 (box 1.0607  cls 0.6352  dfl 1.1527)  | KD 6.506 (box 0.40223  cls 0.00226  dfl 0.00153  feat 0.00059)
  Epoch 16/30  Batch 4941/9881 (50.0%)  | Super 39.662 (box 0.9672  cls 0.4291  dfl 1.0826)  | Base 39.930 (box 0.9762  cls 0.4419  dfl 1.0775)  | KD 3.525 (box 0.21589  cls 0.00303  dfl 0.00070  feat 0.00067)
  Epoch 16/30  Batch 5929/9881 (60.0%)  | Super 50.903 (box 1.3080  cls 0.5058  dfl 1.3677)  | Base 52.110 (box 1.3424  cls 0.5586  dfl 1.3559)  | KD 4.537 (box 0.27955  cls 0.00214  dfl 0.00108  feat 0.00076)
  Epoch 16/30  Batch 6917/9881 (70.0%)  | Super 48.898 (box 1.2264  cls 0.6712  dfl 1.1585)  | Base 51.540 (box 1.2919  cls 0.7427  dfl 1.1867)  | KD 5.822 (box 0.35224  cls 0.00972  dfl 0.00134  feat 0.00058)
  Epoch 16/30  Batch 7905/9881 (80.0%)  | Super 38.355 (box 0.9270  cls 0.4467  dfl 1.0235)  | Base 40.904 (box 0.9907  cls 0.5075  dfl 1.0583)  | KD 5.156 (box 0.31736  cls 0.00293  dfl 0.00141  feat 0.00057)
  Epoch 16/30  Batch 8893/9881 (90.0%)  | Super 51.252 (box 1.3277  cls 0.8155  dfl 1.0600)  | Base 56.788 (box 1.4147  cls 1.0335  dfl 1.1011)  | KD 11.081 (box 0.67199  cls 0.01697  dfl 0.00271  feat 0.00087)
  Epoch 16/30  Batch 9881/9881 (100.0%)  | Super 40.430 (box 0.9946  cls 0.5203  dfl 1.0120)  | Base 42.362 (box 1.0294  cls 0.5823  dfl 1.0360)  | KD 5.754 (box 0.35468  cls 0.00317  dfl 0.00100  feat 0.00074)

================================================================================
  [Validation] Super model (skip=False)  |  Epoch 16/30
================================================================================
[*] Validation input tensor shape: torch.Size([16, 3, 1312, 1952])
                 Class     Images  Instances      Box(P          R      mAP50  mAP50-95)
                   all      39987     885826      0.794      0.556      0.641      0.403

================================================================================
  [Validation] Base model  (skip=True)   |  Epoch 16/30
================================================================================
[*] Validation input tensor shape: torch.Size([16, 3, 1312, 1952])
                 Class     Images  Instances      Box(P          R      mAP50  mAP50-95)
                   all      39987     885826      0.789      0.546      0.633      0.395

           Epoch         GPU_mem          box_om          cls_om          dfl_om          box_oo          cls_oo          dfl_oo       Instances            Size
  Epoch 17/30  Batch 1/9881 (0.0%)  | Super 41.442 (box 1.0320  cls 0.5265  dfl 1.0317)  | Base 44.377 (box 1.1004  cls 0.6145  dfl 1.0587)  | KD 6.005 (box 0.36830  cls 0.00471  dfl 0.00155  feat 0.00074)
  Epoch 17/30  Batch 989/9881 (10.0%)  | Super 40.984 (box 1.0326  cls 0.4862  dfl 1.0427)  | Base 42.637 (box 1.0760  cls 0.5353  dfl 1.0535)  | KD 5.340 (box 0.32960  cls 0.00252  dfl 0.00095  feat 0.00069)
  Epoch 17/30  Batch 1977/9881 (20.0%)  | Super 52.995 (box 1.3373  cls 0.7021  dfl 1.2727)  | Base 55.874 (box 1.4264  cls 0.7639  dfl 1.3018)  | KD 7.954 (box 0.49196  cls 0.00281  dfl 0.00147  feat 0.00087)
  Epoch 17/30  Batch 2965/9881 (30.0%)  | Super 62.646 (box 1.7592  cls 0.9610  dfl 1.1951)  | Base 66.263 (box 1.8322  cls 1.0865  dfl 1.2227)  | KD 9.206 (box 0.54460  cls 0.02894  dfl 0.00131  feat 0.00053)
  Epoch 17/30  Batch 3953/9881 (40.0%)  | Super 43.688 (box 1.0265  cls 0.5701  dfl 1.1339)  | Base 44.516 (box 1.0365  cls 0.6226  dfl 1.1231)  | KD 6.775 (box 0.41754  cls 0.00396  dfl 0.00143  feat 0.00050)
  Epoch 17/30  Batch 4941/9881 (50.0%)  | Super 41.175 (box 1.0140  cls 0.4342  dfl 1.1253)  | Base 41.456 (box 1.0132  cls 0.4561  dfl 1.1218)  | KD 3.618 (box 0.21929  cls 0.00528  dfl 0.00080  feat 0.00073)
  Epoch 17/30  Batch 5929/9881 (60.0%)  | Super 49.412 (box 1.2894  cls 0.5018  dfl 1.2970)  | Base 51.287 (box 1.3465  cls 0.5556  dfl 1.3033)  | KD 4.909 (box 0.30363  cls 0.00131  dfl 0.00113  feat 0.00076)
  Epoch 17/30  Batch 6917/9881 (70.0%)  | Super 48.548 (box 1.2385  cls 0.6597  dfl 1.1360)  | Base 50.811 (box 1.2810  cls 0.7283  dfl 1.1664)  | KD 6.267 (box 0.37850  cls 0.01123  dfl 0.00127  feat 0.00067)
  Epoch 17/30  Batch 7905/9881 (80.0%)  | Super 37.648 (box 0.9427  cls 0.4384  dfl 0.9719)  | Base 40.292 (box 1.0202  cls 0.4968  dfl 1.0012)  | KD 5.330 (box 0.32874  cls 0.00256  dfl 0.00135  feat 0.00046)
  Epoch 17/30  Batch 8893/9881 (90.0%)  | Super 51.688 (box 1.3044  cls 0.8837  dfl 1.0423)  | Base 56.011 (box 1.4167  cls 0.9793  dfl 1.1047)  | KD 9.276 (box 0.55976  cls 0.01760  dfl 0.00163  feat 0.00076)
  Epoch 17/30  Batch 9881/9881 (100.0%)  | Super 40.687 (box 1.0188  cls 0.5086  dfl 1.0155)  | Base 42.427 (box 1.0616  cls 0.5556  dfl 1.0345)  | KD 5.224 (box 0.32294  cls 0.00203  dfl 0.00085  feat 0.00068)

================================================================================
  [Validation] Super model (skip=False)  |  Epoch 17/30
================================================================================
[*] Validation input tensor shape: torch.Size([16, 3, 1312, 1952])
                 Class     Images  Instances      Box(P          R      mAP50  mAP50-95)
                   all      39987     885826      0.792      0.557      0.641      0.403

================================================================================
  [Validation] Base model  (skip=True)   |  Epoch 17/30
================================================================================
[*] Validation input tensor shape: torch.Size([16, 3, 1312, 1952])
                 Class     Images  Instances      Box(P          R      mAP50  mAP50-95)
                   all      39987     885826       0.79      0.546      0.633      0.396

           Epoch         GPU_mem          box_om          cls_om          dfl_om          box_oo          cls_oo          dfl_oo       Instances            Size
  Epoch 18/30  Batch 1/9881 (0.0%)  | Super 41.514 (box 1.0363  cls 0.5315  dfl 1.0268)  | Base 44.360 (box 1.0977  cls 0.6185  dfl 1.0563)  | KD 5.423 (box 0.33318  cls 0.00388  dfl 0.00126  feat 0.00060)
  Epoch 18/30  Batch 989/9881 (10.0%)  | Super 41.023 (box 1.0175  cls 0.4915  dfl 1.0549)  | Base 42.247 (box 1.0475  cls 0.5327  dfl 1.0602)  | KD 5.059 (box 0.31213  cls 0.00242  dfl 0.00097  feat 0.00066)
  Epoch 18/30  Batch 1977/9881 (20.0%)  | Super 54.571 (box 1.3836  cls 0.7048  dfl 1.3223)  | Base 57.543 (box 1.4790  cls 0.7694  dfl 1.3480)  | KD 7.563 (box 0.46736  cls 0.00313  dfl 0.00139  feat 0.00080)
  Epoch 18/30  Batch 2965/9881 (30.0%)  | Super 61.173 (box 1.7150  cls 0.9465  dfl 1.1618)  | Base 63.532 (box 1.7510  cls 1.0469  dfl 1.1728)  | KD 8.566 (box 0.50432  cls 0.02940  dfl 0.00116  feat 0.00051)
  Epoch 18/30  Batch 3953/9881 (40.0%)  | Super 44.562 (box 1.0574  cls 0.5655  dfl 1.1623)  | Base 46.258 (box 1.0854  cls 0.6432  dfl 1.1625)  | KD 6.833 (box 0.42240  cls 0.00231  dfl 0.00179  feat 0.00055)
  Epoch 18/30  Batch 4941/9881 (50.0%)  | Super 41.082 (box 1.0078  cls 0.4460  dfl 1.1139)  | Base 41.112 (box 1.0029  cls 0.4662  dfl 1.1004)  | KD 4.067 (box 0.25030  cls 0.00251  dfl 0.00073  feat 0.00064)
  Epoch 18/30  Batch 5929/9881 (60.0%)  | Super 48.180 (box 1.2461  cls 0.5138  dfl 1.2514)  | Base 48.359 (box 1.2583  cls 0.5594  dfl 1.2048)  | KD 5.297 (box 0.32805  cls 0.00119  dfl 0.00110  feat 0.00071)
  Epoch 18/30  Batch 6917/9881 (70.0%)  | Super 50.198 (box 1.2638  cls 0.7108  dfl 1.1628)  | Base 52.157 (box 1.2982  cls 0.7768  dfl 1.1849)  | KD 6.071 (box 0.36533  cls 0.01228  dfl 0.00127  feat 0.00058)
  Epoch 18/30  Batch 7905/9881 (80.0%)  | Super 37.348 (box 0.9151  cls 0.4455  dfl 0.9737)  | Base 39.782 (box 0.9750  cls 0.5035  dfl 1.0078)  | KD 5.223 (box 0.32167  cls 0.00282  dfl 0.00139  feat 0.00057)
  Epoch 18/30  Batch 8893/9881 (90.0%)  | Super 49.008 (box 1.2684  cls 0.7733  dfl 1.0213)  | Base 54.762 (box 1.3425  cls 1.0553  dfl 1.0247)  | KD 8.802 (box 0.53225  cls 0.01540  dfl 0.00176  feat 0.00071)
  Epoch 18/30  Batch 9881/9881 (100.0%)  | Super 40.824 (box 1.0094  cls 0.5162  dfl 1.0260)  | Base 43.897 (box 1.0955  cls 0.5991  dfl 1.0489)  | KD 6.746 (box 0.41315  cls 0.00638  dfl 0.00120  feat 0.00086)

================================================================================
  [Validation] Super model (skip=False)  |  Epoch 18/30
================================================================================
[*] Validation input tensor shape: torch.Size([16, 3, 1312, 1952])
                 Class     Images  Instances      Box(P          R      mAP50  mAP50-95)
                   all      39987     885826      0.791      0.557      0.641      0.403

================================================================================
  [Validation] Base model  (skip=True)   |  Epoch 18/30
================================================================================
[*] Validation input tensor shape: torch.Size([16, 3, 1312, 1952])
                 Class     Images  Instances      Box(P          R      mAP50  mAP50-95)
                   all      39987     885826       0.79      0.546      0.634      0.396

           Epoch         GPU_mem          box_om          cls_om          dfl_om          box_oo          cls_oo          dfl_oo       Instances            Size
  Epoch 19/30  Batch 1/9881 (0.0%)  | Super 40.745 (box 1.0053  cls 0.5063  dfl 1.0350)  | Base 43.464 (box 1.0720  cls 0.5722  dfl 1.0723)  | KD 5.875 (box 0.36220  cls 0.00308  dfl 0.00133  feat 0.00059)
  Epoch 19/30  Batch 989/9881 (10.0%)  | Super 41.062 (box 1.0240  cls 0.4993  dfl 1.0430)  | Base 42.752 (box 1.0687  cls 0.5521  dfl 1.0512)  | KD 5.505 (box 0.33883  cls 0.00350  dfl 0.00103  feat 0.00072)
  Epoch 19/30  Batch 1977/9881 (20.0%)  | Super 57.446 (box 1.4537  cls 0.7492  dfl 1.3875)  | Base 59.336 (box 1.5146  cls 0.8062  dfl 1.3876)  | KD 8.432 (box 0.52125  cls 0.00311  dfl 0.00165  feat 0.00098)
  Epoch 19/30  Batch 2965/9881 (30.0%)  | Super 62.329 (box 1.7182  cls 0.9457  dfl 1.2316)  | Base 65.044 (box 1.7868  cls 1.0420  dfl 1.2364)  | KD 8.958 (box 0.53638  cls 0.02157  dfl 0.00132  feat 0.00060)
  Epoch 19/30  Batch 3953/9881 (40.0%)  | Super 44.021 (box 1.0521  cls 0.5576  dfl 1.1416)  | Base 45.730 (box 1.0727  cls 0.6323  dfl 1.1531)  | KD 6.570 (box 0.40537  cls 0.00310  dfl 0.00159  feat 0.00054)
  Epoch 19/30  Batch 4941/9881 (50.0%)  | Super 40.925 (box 1.0123  cls 0.4073  dfl 1.1382)  | Base 40.869 (box 1.0057  cls 0.4334  dfl 1.1152)  | KD 3.433 (box 0.21056  cls 0.00242  dfl 0.00071  feat 0.00086)
  Epoch 19/30  Batch 5929/9881 (60.0%)  | Super 46.363 (box 1.2134  cls 0.4676  dfl 1.2166)  | Base 47.922 (box 1.2540  cls 0.5229  dfl 1.2182)  | KD 5.051 (box 0.31312  cls 0.00090  dfl 0.00099  feat 0.00067)
  Epoch 19/30  Batch 6917/9881 (70.0%)  | Super 49.075 (box 1.2316  cls 0.6891  dfl 1.1465)  | Base 51.274 (box 1.2919  cls 0.7451  dfl 1.1675)  | KD 6.363 (box 0.38300  cls 0.01286  dfl 0.00124  feat 0.00058)
  Epoch 19/30  Batch 7905/9881 (80.0%)  | Super 37.588 (box 0.9064  cls 0.4463  dfl 0.9966)  | Base 39.543 (box 0.9538  cls 0.4978  dfl 1.0198)  | KD 5.507 (box 0.33933  cls 0.00267  dfl 0.00162  feat 0.00057)
  Epoch 19/30  Batch 8893/9881 (90.0%)  | Super 52.662 (box 1.3973  cls 0.7822  dfl 1.1118)  | Base 57.759 (box 1.4307  cls 1.0632  dfl 1.1160)  | KD 8.647 (box 0.52914  cls 0.00898  dfl 0.00163  feat 0.00069)
  Epoch 19/30  Batch 9881/9881 (100.0%)  | Super 38.969 (box 0.9445  cls 0.4857  dfl 1.0053)  | Base 41.692 (box 1.0057  cls 0.5739  dfl 1.0261)  | KD 5.719 (box 0.35339  cls 0.00234  dfl 0.00106  feat 0.00067)

================================================================================
  [Validation] Super model (skip=False)  |  Epoch 19/30
================================================================================
[*] Validation input tensor shape: torch.Size([16, 3, 1312, 1952])
                 Class     Images  Instances      Box(P          R      mAP50  mAP50-95)
                   all      39987     885826      0.792      0.557      0.641      0.403

================================================================================
  [Validation] Base model  (skip=True)   |  Epoch 19/30
================================================================================
[*] Validation input tensor shape: torch.Size([16, 3, 1312, 1952])
                 Class     Images  Instances      Box(P          R      mAP50  mAP50-95)
                   all      39987     885826      0.788      0.547      0.634      0.396

           Epoch         GPU_mem          box_om          cls_om          dfl_om          box_oo          cls_oo          dfl_oo       Instances            Size
  Epoch 20/30  Batch 1/9881 (0.0%)  | Super 41.347 (box 1.0095  cls 0.5207  dfl 1.0540)  | Base 45.175 (box 1.1154  cls 0.6089  dfl 1.0991)  | KD 5.729 (box 0.35313  cls 0.00262  dfl 0.00162  feat 0.00070)
  Epoch 20/30  Batch 989/9881 (10.0%)  | Super 40.044 (box 0.9883  cls 0.4882  dfl 1.0263)  | Base 41.530 (box 1.0350  cls 0.5357  dfl 1.0249)  | KD 5.467 (box 0.33669  cls 0.00342  dfl 0.00098  feat 0.00063)
  Epoch 20/30  Batch 1977/9881 (20.0%)  | Super 57.014 (box 1.4463  cls 0.7422  dfl 1.3748)  | Base 58.944 (box 1.5142  cls 0.7988  dfl 1.3710)  | KD 7.755 (box 0.47899  cls 0.00324  dfl 0.00151  feat 0.00094)
  Epoch 20/30  Batch 2965/9881 (30.0%)  | Super 61.379 (box 1.7327  cls 0.9015  dfl 1.2020)  | Base 65.293 (box 1.8188  cls 1.0329  dfl 1.2291)  | KD 8.785 (box 0.52902  cls 0.01823  dfl 0.00129  feat 0.00053)
  Epoch 20/30  Batch 3953/9881 (40.0%)  | Super 43.328 (box 1.0221  cls 0.5544  dfl 1.1314)  | Base 44.399 (box 1.0495  cls 0.6046  dfl 1.1208)  | KD 6.235 (box 0.38544  cls 0.00205  dfl 0.00156  feat 0.00060)
  Epoch 20/30  Batch 4941/9881 (50.0%)  | Super 40.268 (box 1.0016  cls 0.4327  dfl 1.0824)  | Base 41.353 (box 1.0348  cls 0.4536  dfl 1.0962)  | KD 3.714 (box 0.22752  cls 0.00301  dfl 0.00074  feat 0.00086)
  Epoch 20/30  Batch 5929/9881 (60.0%)  | Super 47.255 (box 1.2065  cls 0.4948  dfl 1.2521)  | Base 48.182 (box 1.2405  cls 0.5273  dfl 1.2435)  | KD 5.456 (box 0.33793  cls 0.00128  dfl 0.00114  feat 0.00068)
  Epoch 20/30  Batch 6917/9881 (70.0%)  | Super 50.780 (box 1.2904  cls 0.7127  dfl 1.1706)  | Base 51.949 (box 1.3058  cls 0.7662  dfl 1.1748)  | KD 6.501 (box 0.39221  cls 0.01229  dfl 0.00121  feat 0.00058)
  Epoch 20/30  Batch 7905/9881 (80.0%)  | Super 36.424 (box 0.8903  cls 0.4450  dfl 0.9413)  | Base 38.078 (box 0.9323  cls 0.4847  dfl 0.9629)  | KD 5.715 (box 0.35222  cls 0.00322  dfl 0.00124  feat 0.00051)
  Epoch 20/30  Batch 8893/9881 (90.0%)  | Super 49.994 (box 1.3085  cls 0.7313  dfl 1.0848)  | Base 56.819 (box 1.3894  cls 1.0309  dfl 1.1308)  | KD 9.947 (box 0.60128  cls 0.01765  dfl 0.00199  feat 0.00075)
  Epoch 20/30  Batch 9881/9881 (100.0%)  | Super 38.668 (box 0.9444  cls 0.4771  dfl 0.9953)  | Base 41.232 (box 1.0093  cls 0.5543  dfl 1.0134)  | KD 6.141 (box 0.38021  cls 0.00159  dfl 0.00121  feat 0.00078)

================================================================================
  [Validation] Super model (skip=False)  |  Epoch 20/30
================================================================================
[*] Validation input tensor shape: torch.Size([16, 3, 1312, 1952])
                 Class     Images  Instances      Box(P          R      mAP50  mAP50-95)
                   all      39987     885826       0.79      0.557      0.641      0.403

================================================================================
  [Validation] Base model  (skip=True)   |  Epoch 20/30
================================================================================
[*] Validation input tensor shape: torch.Size([16, 3, 1312, 1952])
                 Class     Images  Instances      Box(P          R      mAP50  mAP50-95)
                   all      39987     885826      0.789      0.547      0.634      0.396

           Epoch         GPU_mem          box_om          cls_om          dfl_om          box_oo          cls_oo          dfl_oo       Instances            Size
  Epoch 21/30  Batch 1/9881 (0.0%)  | Super 41.436 (box 1.0393  cls 0.5178  dfl 1.0327)  | Base 44.809 (box 1.1284  cls 0.6145  dfl 1.0576)  | KD 6.248 (box 0.38420  cls 0.00399  dfl 0.00156  feat 0.00074)
  Epoch 21/30  Batch 989/9881 (10.0%)  | Super 39.908 (box 0.9587  cls 0.4812  dfl 1.0545)  | Base 42.312 (box 1.0232  cls 0.5435  dfl 1.0779)  | KD 5.334 (box 0.32741  cls 0.00420  dfl 0.00107  feat 0.00070)
  Epoch 21/30  Batch 1977/9881 (20.0%)  | Super 55.173 (box 1.4052  cls 0.7164  dfl 1.3267)  | Base 57.748 (box 1.4913  cls 0.7740  dfl 1.3439)  | KD 8.010 (box 0.49507  cls 0.00318  dfl 0.00154  feat 0.00086)
  Epoch 21/30  Batch 2965/9881 (30.0%)  | Super 61.526 (box 1.7203  cls 0.8866  dfl 1.2385)  | Base 65.005 (box 1.8031  cls 0.9947  dfl 1.2650)  | KD 9.195 (box 0.55848  cls 0.01408  dfl 0.00162  feat 0.00052)
  Epoch 21/30  Batch 3953/9881 (40.0%)  | Super 43.242 (box 1.0389  cls 0.5276  dfl 1.1362)  | Base 44.807 (box 1.0650  cls 0.5970  dfl 1.1384)  | KD 6.385 (box 0.39525  cls 0.00169  dfl 0.00151  feat 0.00061)
  Epoch 21/30  Batch 4941/9881 (50.0%)  | Super 39.562 (box 0.9838  cls 0.4063  dfl 1.0825)  | Base 39.949 (box 0.9855  cls 0.4347  dfl 1.0766)  | KD 3.733 (box 0.22773  cls 0.00417  dfl 0.00073  feat 0.00068)
  Epoch 21/30  Batch 5929/9881 (60.0%)  | Super 49.167 (box 1.2651  cls 0.4867  dfl 1.3212)  | Base 50.795 (box 1.3028  cls 0.5408  dfl 1.3311)  | KD 4.738 (box 0.29157  cls 0.00296  dfl 0.00097  feat 0.00062)
  Epoch 21/30  Batch 6917/9881 (70.0%)  | Super 48.864 (box 1.2510  cls 0.6940  dfl 1.1090)  | Base 50.573 (box 1.2946  cls 0.7262  dfl 1.1400)  | KD 6.046 (box 0.36712  cls 0.00905  dfl 0.00114  feat 0.00055)
  Epoch 21/30  Batch 7905/9881 (80.0%)  | Super 37.383 (box 0.8887  cls 0.4290  dfl 1.0187)  | Base 39.401 (box 0.9432  cls 0.4860  dfl 1.0334)  | KD 5.409 (box 0.33362  cls 0.00253  dfl 0.00139  feat 0.00054)
  Epoch 21/30  Batch 8893/9881 (90.0%)  | Super 47.390 (box 1.2380  cls 0.6988  dfl 1.0251)  | Base 52.068 (box 1.2734  cls 0.9437  dfl 1.0371)  | KD 7.719 (box 0.47047  cls 0.00971  dfl 0.00154  feat 0.00073)
  Epoch 21/30  Batch 9881/9881 (100.0%)  | Super 38.586 (box 0.9394  cls 0.4768  dfl 0.9954)  | Base 41.199 (box 1.0134  cls 0.5469  dfl 1.0146)  | KD 6.465 (box 0.39984  cls 0.00208  dfl 0.00132  feat 0.00084)

================================================================================
  [Validation] Super model (skip=False)  |  Epoch 21/30
================================================================================
[*] Validation input tensor shape: torch.Size([16, 3, 1312, 1952])
                 Class     Images  Instances      Box(P          R      mAP50  mAP50-95)
                   all      39987     885826      0.792      0.556       0.64      0.403

================================================================================
  [Validation] Base model  (skip=True)   |  Epoch 21/30
================================================================================
[*] Validation input tensor shape: torch.Size([16, 3, 1312, 1952])
                 Class     Images  Instances      Box(P          R      mAP50  mAP50-95)
                   all      39987     885826      0.788      0.548      0.634      0.396

           Epoch         GPU_mem          box_om          cls_om          dfl_om          box_oo          cls_oo          dfl_oo       Instances            Size
  Epoch 22/30  Batch 1/9881 (0.0%)  | Super 40.231 (box 0.9896  cls 0.5010  dfl 1.0238)  | Base 43.072 (box 1.0490  cls 0.5942  dfl 1.0488)  | KD 6.288 (box 0.38445  cls 0.00623  dfl 0.00155  feat 0.00074)
  Epoch 22/30  Batch 989/9881 (10.0%)  | Super 39.022 (box 0.9603  cls 0.4746  dfl 1.0041)  | Base 40.648 (box 0.9969  cls 0.5274  dfl 1.0162)  | KD 5.513 (box 0.33879  cls 0.00406  dfl 0.00101  feat 0.00070)
  Epoch 22/30  Batch 1977/9881 (20.0%)  | Super 53.078 (box 1.3845  cls 0.6595  dfl 1.2734)  | Base 56.385 (box 1.4925  cls 0.7419  dfl 1.2896)  | KD 8.334 (box 0.51486  cls 0.00355  dfl 0.00159  feat 0.00088)
  Epoch 22/30  Batch 2965/9881 (30.0%)  | Super 60.811 (box 1.6905  cls 0.8958  dfl 1.2143)  | Base 63.906 (box 1.7587  cls 1.0172  dfl 1.2182)  | KD 8.728 (box 0.52766  cls 0.01608  dfl 0.00127  feat 0.00051)
  Epoch 22/30  Batch 3953/9881 (40.0%)  | Super 43.292 (box 1.0278  cls 0.5399  dfl 1.1381)  | Base 45.556 (box 1.0693  cls 0.6284  dfl 1.1496)  | KD 6.770 (box 0.41866  cls 0.00220  dfl 0.00174  feat 0.00053)
  Epoch 22/30  Batch 4941/9881 (50.0%)  | Super 40.249 (box 0.9860  cls 0.4169  dfl 1.1127)  | Base 40.218 (box 0.9956  cls 0.4213  dfl 1.0967)  | KD 3.599 (box 0.22151  cls 0.00200  dfl 0.00082  feat 0.00059)
  Epoch 22/30  Batch 5929/9881 (60.0%)  | Super 47.634 (box 1.2434  cls 0.4732  dfl 1.2605)  | Base 50.306 (box 1.3148  cls 0.5275  dfl 1.3018)  | KD 5.076 (box 0.31415  cls 0.00136  dfl 0.00109  feat 0.00064)
  Epoch 22/30  Batch 6917/9881 (70.0%)  | Super 48.629 (box 1.2578  cls 0.6733  dfl 1.1083)  | Base 50.574 (box 1.3043  cls 0.7220  dfl 1.1345)  | KD 6.737 (box 0.40868  cls 0.01040  dfl 0.00121  feat 0.00081)
  Epoch 22/30  Batch 7905/9881 (80.0%)  | Super 35.921 (box 0.8765  cls 0.4192  dfl 0.9494)  | Base 38.421 (box 0.9450  cls 0.4774  dfl 0.9789)  | KD 5.520 (box 0.34012  cls 0.00305  dfl 0.00135  feat 0.00050)
  Epoch 22/30  Batch 8893/9881 (90.0%)  | Super 48.607 (box 1.2881  cls 0.6463  dfl 1.1035)  | Base 52.354 (box 1.3375  cls 0.8288  dfl 1.1058)  | KD 9.244 (box 0.56755  cls 0.00744  dfl 0.00200  feat 0.00079)
  Epoch 22/30  Batch 9881/9881 (100.0%)  | Super 38.897 (box 0.9616  cls 0.4632  dfl 1.0063)  | Base 41.892 (box 1.0393  cls 0.5453  dfl 1.0336)  | KD 6.207 (box 0.38460  cls 0.00146  dfl 0.00122  feat 0.00066)

================================================================================
  [Validation] Super model (skip=False)  |  Epoch 22/30
================================================================================
[*] Validation input tensor shape: torch.Size([16, 3, 1312, 1952])
                 Class     Images  Instances      Box(P          R      mAP50  mAP50-95)
                   all      39987     885826      0.792      0.556       0.64      0.403

================================================================================
  [Validation] Base model  (skip=True)   |  Epoch 22/30
================================================================================
[*] Validation input tensor shape: torch.Size([16, 3, 1312, 1952])
                 Class     Images  Instances      Box(P          R      mAP50  mAP50-95)
                   all      39987     885826      0.786      0.549      0.634      0.396

           Epoch         GPU_mem          box_om          cls_om          dfl_om          box_oo          cls_oo          dfl_oo       Instances            Size
  Epoch 23/30  Batch 1/9881 (0.0%)  | Super 40.878 (box 1.0072  cls 0.5311  dfl 1.0167)  | Base 44.274 (box 1.1078  cls 0.6070  dfl 1.0523)  | KD 7.204 (box 0.43999  cls 0.00766  dfl 0.00192  feat 0.00071)
  Epoch 23/30  Batch 989/9881 (10.0%)  | Super 39.880 (box 0.9898  cls 0.4819  dfl 1.0208)  | Base 41.787 (box 1.0450  cls 0.5277  dfl 1.0391)  | KD 5.361 (box 0.32974  cls 0.00357  dfl 0.00103  feat 0.00075)
  Epoch 23/30  Batch 1977/9881 (20.0%)  | Super 53.730 (box 1.3836  cls 0.6925  dfl 1.2821)  | Base 58.165 (box 1.5047  cls 0.7711  dfl 1.3595)  | KD 8.117 (box 0.50109  cls 0.00371  dfl 0.00162  feat 0.00092)
  Epoch 23/30  Batch 2965/9881 (30.0%)  | Super 60.183 (box 1.6978  cls 0.8678  dfl 1.1958)  | Base 62.673 (box 1.7432  cls 0.9735  dfl 1.2004)  | KD 8.434 (box 0.48963  cls 0.03568  dfl 0.00124  feat 0.00055)
  Epoch 23/30  Batch 3953/9881 (40.0%)  | Super 44.270 (box 1.0688  cls 0.5502  dfl 1.1479)  | Base 45.698 (box 1.0926  cls 0.6198  dfl 1.1437)  | KD 6.412 (box 0.39590  cls 0.00274  dfl 0.00158  feat 0.00055)
  Epoch 23/30  Batch 4941/9881 (50.0%)  | Super 38.799 (box 0.9666  cls 0.4186  dfl 1.0397)  | Base 38.812 (box 0.9656  cls 0.4217  dfl 1.0385)  | KD 3.816 (box 0.23240  cls 0.00455  dfl 0.00079  feat 0.00079)
  Epoch 23/30  Batch 5929/9881 (60.0%)  | Super 47.527 (box 1.2211  cls 0.5081  dfl 1.2412)  | Base 48.986 (box 1.2624  cls 0.5444  dfl 1.2548)  | KD 4.959 (box 0.30553  cls 0.00249  dfl 0.00110  feat 0.00085)
  Epoch 23/30  Batch 6917/9881 (70.0%)  | Super 50.244 (box 1.2905  cls 0.6948  dfl 1.1549)  | Base 51.514 (box 1.3225  cls 0.7296  dfl 1.1675)  | KD 6.162 (box 0.37483  cls 0.00851  dfl 0.00120  feat 0.00061)
  Epoch 23/30  Batch 7905/9881 (80.0%)  | Super 36.236 (box 0.8574  cls 0.4429  dfl 0.9644)  | Base 38.808 (box 0.9338  cls 0.4876  dfl 1.0042)  | KD 5.664 (box 0.34920  cls 0.00272  dfl 0.00154  feat 0.00057)
  Epoch 23/30  Batch 8893/9881 (90.0%)  | Super 48.235 (box 1.2415  cls 0.7548  dfl 1.0183)  | Base 52.938 (box 1.3065  cls 0.9289  dfl 1.0732)  | KD 8.252 (box 0.50997  cls 0.00380  dfl 0.00127  feat 0.00068)
  Epoch 23/30  Batch 9881/9881 (100.0%)  | Super 38.462 (box 0.9312  cls 0.4627  dfl 1.0100)  | Base 41.317 (box 1.0195  cls 0.5242  dfl 1.0386)  | KD 6.197 (box 0.38419  cls 0.00117  dfl 0.00127  feat 0.00067)

================================================================================
  [Validation] Super model (skip=False)  |  Epoch 23/30
================================================================================
[*] Validation input tensor shape: torch.Size([16, 3, 1312, 1952])
                 Class     Images  Instances      Box(P          R      mAP50  mAP50-95)
                   all      39987     885826      0.793      0.555       0.64      0.402

================================================================================
  [Validation] Base model  (skip=True)   |  Epoch 23/30
================================================================================
[*] Validation input tensor shape: torch.Size([16, 3, 1312, 1952])
                 Class     Images  Instances      Box(P          R      mAP50  mAP50-95)
                   all      39987     885826      0.786       0.55      0.634      0.396

           Epoch         GPU_mem          box_om          cls_om          dfl_om          box_oo          cls_oo          dfl_oo       Instances            Size
  Epoch 24/30  Batch 1/9881 (0.0%)  | Super 42.119 (box 1.0460  cls 0.5340  dfl 1.0524)  | Base 45.226 (box 1.1244  cls 0.6138  dfl 1.0884)  | KD 6.120 (box 0.37728  cls 0.00295  dfl 0.00159  feat 0.00071)
  Epoch 24/30  Batch 989/9881 (10.0%)  | Super 39.448 (box 0.9753  cls 0.4753  dfl 1.0149)  | Base 41.344 (box 1.0291  cls 0.5289  dfl 1.0260)  | KD 5.746 (box 0.35435  cls 0.00284  dfl 0.00114  feat 0.00080)
  Epoch 24/30  Batch 1977/9881 (20.0%)  | Super 55.184 (box 1.4184  cls 0.6970  dfl 1.3336)  | Base 58.194 (box 1.4996  cls 0.7663  dfl 1.3712)  | KD 7.956 (box 0.49112  cls 0.00364  dfl 0.00154  feat 0.00093)
  Epoch 24/30  Batch 2965/9881 (30.0%)  | Super 57.461 (box 1.5956  cls 0.8397  dfl 1.1560)  | Base 60.512 (box 1.6815  cls 0.9319  dfl 1.1686)  | KD 9.388 (box 0.57048  cls 0.01434  dfl 0.00137  feat 0.00057)
  Epoch 24/30  Batch 3953/9881 (40.0%)  | Super 43.918 (box 1.0428  cls 0.5498  dfl 1.1523)  | Base 45.261 (box 1.0684  cls 0.6294  dfl 1.1310)  | KD 6.720 (box 0.41440  cls 0.00333  dfl 0.00167  feat 0.00059)
  Epoch 24/30  Batch 4941/9881 (50.0%)  | Super 38.789 (box 0.9602  cls 0.4028  dfl 1.0613)  | Base 39.150 (box 0.9709  cls 0.4151  dfl 1.0609)  | KD 3.919 (box 0.24122  cls 0.00215  dfl 0.00084  feat 0.00074)
  Epoch 24/30  Batch 5929/9881 (60.0%)  | Super 46.437 (box 1.2149  cls 0.4807  dfl 1.2067)  | Base 48.347 (box 1.2710  cls 0.5262  dfl 1.2244)  | KD 5.159 (box 0.31947  cls 0.00110  dfl 0.00106  feat 0.00080)
  Epoch 24/30  Batch 6917/9881 (70.0%)  | Super 48.043 (box 1.2344  cls 0.6580  dfl 1.1103)  | Base 50.478 (box 1.2941  cls 0.7148  dfl 1.1460)  | KD 6.465 (box 0.39037  cls 0.01181  dfl 0.00128  feat 0.00062)
  Epoch 24/30  Batch 7905/9881 (80.0%)  | Super 36.973 (box 0.8744  cls 0.4273  dfl 1.0092)  | Base 39.544 (box 0.9487  cls 0.4769  dfl 1.0459)  | KD 5.420 (box 0.33404  cls 0.00267  dfl 0.00145  feat 0.00057)
  Epoch 24/30  Batch 8893/9881 (90.0%)  | Super 47.348 (box 1.2763  cls 0.6769  dfl 1.0061)  | Base 55.608 (box 1.4697  cls 0.8924  dfl 1.1134)  | KD 12.752 (box 0.77465  cls 0.01860  dfl 0.00289  feat 0.00086)
  Epoch 24/30  Batch 9881/9881 (100.0%)  | Super 38.354 (box 0.9031  cls 0.4694  dfl 1.0246)  | Base 40.595 (box 0.9610  cls 0.5492  dfl 1.0270)  | KD 5.995 (box 0.37098  cls 0.00183  dfl 0.00116  feat 0.00069)

================================================================================
  [Validation] Super model (skip=False)  |  Epoch 24/30
================================================================================
[*] Validation input tensor shape: torch.Size([16, 3, 1312, 1952])
                 Class     Images  Instances      Box(P          R      mAP50  mAP50-95)
                   all      39987     885826      0.793      0.556       0.64      0.402

================================================================================
  [Validation] Base model  (skip=True)   |  Epoch 24/30
================================================================================
[*] Validation input tensor shape: torch.Size([16, 3, 1312, 1952])
                 Class     Images  Instances      Box(P          R      mAP50  mAP50-95)
                   all      39987     885826      0.786      0.549      0.634      0.396

           Epoch         GPU_mem          box_om          cls_om          dfl_om          box_oo          cls_oo          dfl_oo       Instances            Size
  Epoch 25/30  Batch 1/9881 (0.0%)  | Super 39.432 (box 0.9659  cls 0.4905  dfl 1.0082)  | Base 41.851 (box 1.0392  cls 0.5513  dfl 1.0252)  | KD 6.062 (box 0.36970  cls 0.00718  dfl 0.00141  feat 0.00061)
  Epoch 25/30  Batch 989/9881 (10.0%)  | Super 39.800 (box 0.9745  cls 0.4827  dfl 1.0303)  | Base 41.814 (box 1.0285  cls 0.5369  dfl 1.0480)  | KD 5.390 (box 0.33231  cls 0.00278  dfl 0.00111  feat 0.00065)
  Epoch 25/30  Batch 1977/9881 (20.0%)  | Super 56.729 (box 1.4412  cls 0.7186  dfl 1.3857)  | Base 60.939 (box 1.5650  cls 0.7991  dfl 1.4446)  | KD 8.756 (box 0.53970  cls 0.00484  dfl 0.00180  feat 0.00091)
  Epoch 25/30  Batch 2965/9881 (30.0%)  | Super 60.435 (box 1.7000  cls 0.8515  dfl 1.2256)  | Base 62.824 (box 1.7563  cls 0.9475  dfl 1.2227)  | KD 8.599 (box 0.52055  cls 0.01512  dfl 0.00126  feat 0.00051)
  Epoch 25/30  Batch 3953/9881 (40.0%)  | Super 43.575 (box 1.0345  cls 0.5448  dfl 1.1441)  | Base 44.526 (box 1.0347  cls 0.6190  dfl 1.1291)  | KD 6.471 (box 0.40001  cls 0.00223  dfl 0.00155  feat 0.00067)
  Epoch 25/30  Batch 4941/9881 (50.0%)  | Super 39.798 (box 0.9597  cls 0.4168  dfl 1.1109)  | Base 40.556 (box 0.9799  cls 0.4506  dfl 1.1043)  | KD 3.946 (box 0.24025  cls 0.00479  dfl 0.00094  feat 0.00067)
  Epoch 25/30  Batch 5929/9881 (60.0%)  | Super 45.898 (box 1.1985  cls 0.4615  dfl 1.2086)  | Base 48.295 (box 1.2561  cls 0.5217  dfl 1.2407)  | KD 5.331 (box 0.33073  cls 0.00076  dfl 0.00105  feat 0.00066)
  Epoch 25/30  Batch 6917/9881 (70.0%)  | Super 49.079 (box 1.2220  cls 0.7124  dfl 1.1331)  | Base 51.556 (box 1.2705  cls 0.7927  dfl 1.1590)  | KD 6.494 (box 0.39265  cls 0.01128  dfl 0.00140  feat 0.00055)
  Epoch 25/30  Batch 7905/9881 (80.0%)  | Super 35.679 (box 0.8449  cls 0.4196  dfl 0.9654)  | Base 37.784 (box 0.8991  cls 0.4726  dfl 0.9898)  | KD 5.638 (box 0.34844  cls 0.00203  dfl 0.00148  feat 0.00046)
  Epoch 25/30  Batch 8893/9881 (90.0%)  | Super 48.363 (box 1.3089  cls 0.6565  dfl 1.0572)  | Base 55.003 (box 1.4731  cls 0.8120  dfl 1.1526)  | KD 10.402 (box 0.63997  cls 0.00667  dfl 0.00280  feat 0.00072)
  Epoch 25/30  Batch 9881/9881 (100.0%)  | Super 37.368 (box 0.8832  cls 0.4673  dfl 0.9850)  | Base 40.452 (box 0.9718  cls 0.5405  dfl 1.0159)  | KD 6.053 (box 0.37481  cls 0.00157  dfl 0.00120  feat 0.00071)

================================================================================
  [Validation] Super model (skip=False)  |  Epoch 25/30
================================================================================
[*] Validation input tensor shape: torch.Size([16, 3, 1312, 1952])
                 Class     Images  Instances      Box(P          R      mAP50  mAP50-95)
                   all      39987     885826      0.795      0.555       0.64      0.402

================================================================================
  [Validation] Base model  (skip=True)   |  Epoch 25/30
================================================================================
[*] Validation input tensor shape: torch.Size([16, 3, 1312, 1952])
                 Class     Images  Instances      Box(P          R      mAP50  mAP50-95)
                   all      39987     885826      0.786      0.551      0.635      0.396

           Epoch         GPU_mem          box_om          cls_om          dfl_om          box_oo          cls_oo          dfl_oo       Instances            Size
  Epoch 26/30  Batch 1/9881 (0.0%)  | Super 41.509 (box 1.0415  cls 0.5065  dfl 1.0463)  | Base 44.083 (box 1.1099  cls 0.5952  dfl 1.0500)  | KD 6.163 (box 0.38051  cls 0.00247  dfl 0.00164  feat 0.00059)
  Epoch 26/30  Batch 989/9881 (10.0%)  | Super 39.563 (box 0.9632  cls 0.4771  dfl 1.0324)  | Base 40.781 (box 0.9856  cls 0.5236  dfl 1.0396)  | KD 5.712 (box 0.35112  cls 0.00404  dfl 0.00112  feat 0.00076)
  Epoch 26/30  Batch 1977/9881 (20.0%)  | Super 50.715 (box 1.3343  cls 0.6352  dfl 1.2002)  | Base 55.559 (box 1.4725  cls 0.7362  dfl 1.2637)  | KD 9.096 (box 0.56256  cls 0.00328  dfl 0.00180  feat 0.00088)
  Epoch 26/30  Batch 2965/9881 (30.0%)  | Super 58.682 (box 1.6451  cls 0.8329  dfl 1.1896)  | Base 62.067 (box 1.7051  cls 0.9688  dfl 1.2053)  | KD 8.658 (box 0.51712  cls 0.02213  dfl 0.00138  feat 0.00048)
  Epoch 26/30  Batch 3953/9881 (40.0%)  | Super 44.626 (box 1.0713  cls 0.5567  dfl 1.1611)  | Base 45.890 (box 1.0830  cls 0.6310  dfl 1.1541)  | KD 6.764 (box 0.41819  cls 0.00228  dfl 0.00168  feat 0.00058)
  Epoch 26/30  Batch 4941/9881 (50.0%)  | Super 38.267 (box 0.9509  cls 0.3923  dfl 1.0484)  | Base 38.494 (box 0.9543  cls 0.4308  dfl 1.0208)  | KD 3.901 (box 0.23717  cls 0.00493  dfl 0.00091  feat 0.00078)
  Epoch 26/30  Batch 5929/9881 (60.0%)  | Super 44.277 (box 1.1336  cls 0.4662  dfl 1.1675)  | Base 45.884 (box 1.1714  cls 0.5156  dfl 1.1807)  | KD 5.117 (box 0.31657  cls 0.00142  dfl 0.00111  feat 0.00071)
  Epoch 26/30  Batch 6917/9881 (70.0%)  | Super 49.657 (box 1.2523  cls 0.6903  dfl 1.1610)  | Base 51.612 (box 1.2901  cls 0.7539  dfl 1.1817)  | KD 6.439 (box 0.38833  cls 0.01229  dfl 0.00128  feat 0.00054)
  Epoch 26/30  Batch 7905/9881 (80.0%)  | Super 36.450 (box 0.8469  cls 0.4312  dfl 1.0000)  | Base 39.222 (box 0.9156  cls 0.4918  dfl 1.0439)  | KD 5.628 (box 0.34754  cls 0.00209  dfl 0.00149  feat 0.00062)
  Epoch 26/30  Batch 8893/9881 (90.0%)  | Super 45.118 (box 1.2166  cls 0.5873  dfl 1.0161)  | Base 49.441 (box 1.2606  cls 0.7759  dfl 1.0536)  | KD 8.288 (box 0.50770  cls 0.00769  dfl 0.00176  feat 0.00085)
  Epoch 26/30  Batch 9881/9881 (100.0%)  | Super 37.097 (box 0.8742  cls 0.4683  dfl 0.9760)  | Base 40.111 (box 0.9694  cls 0.5337  dfl 1.0039)  | KD 6.318 (box 0.38992  cls 0.00299  dfl 0.00129  feat 0.00071)

================================================================================
  [Validation] Super model (skip=False)  |  Epoch 26/30
================================================================================
[*] Validation input tensor shape: torch.Size([16, 3, 1312, 1952])
                 Class     Images  Instances      Box(P          R      mAP50  mAP50-95)
                   all      39987     885826      0.794      0.556       0.64      0.402

================================================================================
  [Validation] Base model  (skip=True)   |  Epoch 26/30
================================================================================
[*] Validation input tensor shape: torch.Size([16, 3, 1312, 1952])
                 Class     Images  Instances      Box(P          R      mAP50  mAP50-95)
                   all      39987     885826      0.786      0.551      0.635      0.396

           Epoch         GPU_mem          box_om          cls_om          dfl_om          box_oo          cls_oo          dfl_oo       Instances            Size
  Epoch 27/30  Batch 1/9881 (0.0%)  | Super 41.451 (box 1.0374  cls 0.5052  dfl 1.0481)  | Base 43.934 (box 1.1008  cls 0.5786  dfl 1.0665)  | KD 6.291 (box 0.38703  cls 0.00391  dfl 0.00153  feat 0.00070)
  Epoch 27/30  Batch 989/9881 (10.0%)  | Super 38.922 (box 0.9442  cls 0.4706  dfl 1.0178)  | Base 40.943 (box 0.9964  cls 0.5240  dfl 1.0386)  | KD 5.473 (box 0.33758  cls 0.00278  dfl 0.00110  feat 0.00062)
  Epoch 27/30  Batch 1977/9881 (20.0%)  | Super 54.834 (box 1.4219  cls 0.6866  dfl 1.3187)  | Base 58.157 (box 1.5160  cls 0.7757  dfl 1.3431)  | KD 8.906 (box 0.54968  cls 0.00423  dfl 0.00178  feat 0.00095)
  Epoch 27/30  Batch 2965/9881 (30.0%)  | Super 57.518 (box 1.5828  cls 0.8769  dfl 1.1351)  | Base 59.958 (box 1.6276  cls 0.9719  dfl 1.1478)  | KD 9.543 (box 0.57590  cls 0.01862  dfl 0.00137  feat 0.00056)
  Epoch 27/30  Batch 3953/9881 (40.0%)  | Super 44.279 (box 1.0327  cls 0.5574  dfl 1.1774)  | Base 45.791 (box 1.0625  cls 0.6046  dfl 1.1947)  | KD 6.414 (box 0.39668  cls 0.00212  dfl 0.00151  feat 0.00059)
  Epoch 27/30  Batch 4941/9881 (50.0%)  | Super 40.275 (box 0.9733  cls 0.4294  dfl 1.1144)  | Base 40.675 (box 0.9751  cls 0.4571  dfl 1.1100)  | KD 3.479 (box 0.21340  cls 0.00231  dfl 0.00072  feat 0.00104)
  Epoch 27/30  Batch 5929/9881 (60.0%)  | Super 46.573 (box 1.2102  cls 0.4739  dfl 1.2267)  | Base 48.050 (box 1.2561  cls 0.5115  dfl 1.2355)  | KD 4.967 (box 0.30680  cls 0.00204  dfl 0.00103  feat 0.00055)
  Epoch 27/30  Batch 6917/9881 (70.0%)  | Super 49.104 (box 1.2541  cls 0.6726  dfl 1.1423)  | Base 51.449 (box 1.3105  cls 0.7418  dfl 1.1632)  | KD 6.425 (box 0.38943  cls 0.01030  dfl 0.00125  feat 0.00058)
  Epoch 27/30  Batch 7905/9881 (80.0%)  | Super 35.954 (box 0.8572  cls 0.4045  dfl 0.9855)  | Base 38.667 (box 0.9287  cls 0.4629  dfl 1.0251)  | KD 5.563 (box 0.34363  cls 0.00194  dfl 0.00164  feat 0.00050)
  Epoch 27/30  Batch 8893/9881 (90.0%)  | Super 47.684 (box 1.2860  cls 0.6423  dfl 1.0520)  | Base 53.236 (box 1.3736  cls 0.8570  dfl 1.0967)  | KD 9.486 (box 0.57527  cls 0.01488  dfl 0.00199  feat 0.00074)
  Epoch 27/30  Batch 9881/9881 (100.0%)  | Super 37.345 (box 0.8937  cls 0.4613  dfl 0.9791)  | Base 39.676 (box 0.9578  cls 0.5355  dfl 0.9864)  | KD 6.097 (box 0.37734  cls 0.00178  dfl 0.00124  feat 0.00070)

================================================================================
  [Validation] Super model (skip=False)  |  Epoch 27/30
================================================================================
[*] Validation input tensor shape: torch.Size([16, 3, 1312, 1952])
                 Class     Images  Instances      Box(P          R      mAP50  mAP50-95)
                   all      39987     885826      0.793      0.556       0.64      0.402

================================================================================
  [Validation] Base model  (skip=True)   |  Epoch 27/30
================================================================================
[*] Validation input tensor shape: torch.Size([16, 3, 1312, 1952])
                 Class     Images  Instances      Box(P          R      mAP50  mAP50-95)
                   all      39987     885826      0.787      0.551      0.635      0.396

           Epoch         GPU_mem          box_om          cls_om          dfl_om          box_oo          cls_oo          dfl_oo       Instances            Size
  Epoch 28/30  Batch 1/9881 (0.0%)  | Super 39.402 (box 0.9775  cls 0.4961  dfl 0.9890)  | Base 41.755 (box 1.0425  cls 0.5519  dfl 1.0153)  | KD 5.946 (box 0.36551  cls 0.00405  dfl 0.00146  feat 0.00058)
  Epoch 28/30  Batch 989/9881 (10.0%)  | Super 39.453 (box 0.9699  cls 0.4786  dfl 1.0173)  | Base 41.249 (box 1.0227  cls 0.5236  dfl 1.0318)  | KD 5.671 (box 0.34754  cls 0.00510  dfl 0.00107  feat 0.00072)
  Epoch 28/30  Batch 1977/9881 (20.0%)  | Super 52.252 (box 1.3655  cls 0.6589  dfl 1.2414)  | Base 55.892 (box 1.4988  cls 0.7230  dfl 1.2714)  | KD 8.977 (box 0.55333  cls 0.00480  dfl 0.00191  feat 0.00104)
  Epoch 28/30  Batch 2965/9881 (30.0%)  | Super 58.954 (box 1.6647  cls 0.8524  dfl 1.1675)  | Base 62.325 (box 1.7293  cls 0.9734  dfl 1.1926)  | KD 8.933 (box 0.53827  cls 0.01817  dfl 0.00134  feat 0.00053)
  Epoch 28/30  Batch 3953/9881 (40.0%)  | Super 44.999 (box 1.0938  cls 0.5462  dfl 1.1725)  | Base 46.051 (box 1.1047  cls 0.6126  dfl 1.1609)  | KD 6.478 (box 0.40073  cls 0.00187  dfl 0.00168  feat 0.00062)
  Epoch 28/30  Batch 4941/9881 (50.0%)  | Super 39.250 (box 0.9778  cls 0.4172  dfl 1.0581)  | Base 39.237 (box 0.9695  cls 0.4446  dfl 1.0383)  | KD 3.794 (box 0.23229  cls 0.00300  dfl 0.00098  feat 0.00082)
  Epoch 28/30  Batch 5929/9881 (60.0%)  | Super 45.610 (box 1.1811  cls 0.4670  dfl 1.2025)  | Base 47.162 (box 1.2300  cls 0.5100  dfl 1.2076)  | KD 4.939 (box 0.30548  cls 0.00160  dfl 0.00099  feat 0.00062)
  Epoch 28/30  Batch 6917/9881 (70.0%)  | Super 48.531 (box 1.2421  cls 0.6647  dfl 1.1264)  | Base 50.777 (box 1.2916  cls 0.7202  dfl 1.1618)  | KD 6.714 (box 0.40687  cls 0.01072  dfl 0.00152  feat 0.00054)
  Epoch 28/30  Batch 7905/9881 (80.0%)  | Super 36.360 (box 0.8668  cls 0.4145  dfl 0.9912)  | Base 38.821 (box 0.9239  cls 0.4812  dfl 1.0212)  | KD 5.451 (box 0.33647  cls 0.00214  dfl 0.00156  feat 0.00049)
  Epoch 28/30  Batch 8893/9881 (90.0%)  | Super 45.374 (box 1.2280  cls 0.5916  dfl 1.0163)  | Base 49.140 (box 1.2613  cls 0.7845  dfl 1.0255)  | KD 8.311 (box 0.51190  cls 0.00524  dfl 0.00160  feat 0.00067)
  Epoch 28/30  Batch 9881/9881 (100.0%)  | Super 38.328 (box 0.9090  cls 0.4734  dfl 1.0130)  | Base 40.728 (box 0.9857  cls 0.5402  dfl 1.0197)  | KD 6.355 (box 0.39388  cls 0.00125  dfl 0.00127  feat 0.00080)

================================================================================
  [Validation] Super model (skip=False)  |  Epoch 28/30
================================================================================
[*] Validation input tensor shape: torch.Size([16, 3, 1312, 1952])
                 Class     Images  Instances      Box(P          R      mAP50  mAP50-95)
                   all      39987     885826      0.795      0.556       0.64      0.402

================================================================================
  [Validation] Base model  (skip=True)   |  Epoch 28/30
================================================================================
[*] Validation input tensor shape: torch.Size([16, 3, 1312, 1952])
                 Class     Images  Instances      Box(P          R      mAP50  mAP50-95)
                   all      39987     885826      0.787      0.551      0.635      0.396

           Epoch         GPU_mem          box_om          cls_om          dfl_om          box_oo          cls_oo          dfl_oo       Instances            Size
  Epoch 29/30  Batch 1/9881 (0.0%)  | Super 39.705 (box 0.9662  cls 0.4891  dfl 1.0262)  | Base 41.966 (box 1.0186  cls 0.5657  dfl 1.0385)  | KD 5.932 (box 0.36688  cls 0.00193  dfl 0.00131  feat 0.00061)
  Epoch 29/30  Batch 989/9881 (10.0%)  | Super 38.623 (box 0.9255  cls 0.4719  dfl 1.0165)  | Base 40.600 (box 0.9799  cls 0.5173  dfl 1.0404)  | KD 6.255 (box 0.38508  cls 0.00385  dfl 0.00131  feat 0.00068)
  Epoch 29/30  Batch 1977/9881 (20.0%)  | Super 55.531 (box 1.4170  cls 0.6990  dfl 1.3547)  | Base 59.163 (box 1.5205  cls 0.7845  dfl 1.3926)  | KD 8.602 (box 0.53023  cls 0.00487  dfl 0.00169  feat 0.00084)
  Epoch 29/30  Batch 2965/9881 (30.0%)  | Super 58.905 (box 1.6315  cls 0.8802  dfl 1.1699)  | Base 61.668 (box 1.7013  cls 0.9556  dfl 1.1973)  | KD 8.347 (box 0.49772  cls 0.02213  dfl 0.00126  feat 0.00057)
  Epoch 29/30  Batch 3953/9881 (40.0%)  | Super 44.720 (box 1.0523  cls 0.5645  dfl 1.1781)  | Base 46.140 (box 1.0856  cls 0.6144  dfl 1.1837)  | KD 6.844 (box 0.42293  cls 0.00258  dfl 0.00169  feat 0.00058)
  Epoch 29/30  Batch 4941/9881 (50.0%)  | Super 39.788 (box 0.9824  cls 0.4209  dfl 1.0834)  | Base 39.988 (box 0.9751  cls 0.4481  dfl 1.0761)  | KD 3.779 (box 0.23007  cls 0.00454  dfl 0.00084  feat 0.00076)
  Epoch 29/30  Batch 5929/9881 (60.0%)  | Super 47.281 (box 1.1968  cls 0.4893  dfl 1.2690)  | Base 49.559 (box 1.2592  cls 0.5450  dfl 1.2932)  | KD 5.066 (box 0.31340  cls 0.00153  dfl 0.00117  feat 0.00055)
  Epoch 29/30  Batch 6917/9881 (70.0%)  | Super 49.711 (box 1.2658  cls 0.6851  dfl 1.1561)  | Base 51.354 (box 1.2967  cls 0.7366  dfl 1.1764)  | KD 6.219 (box 0.37795  cls 0.00869  dfl 0.00145  feat 0.00057)
  Epoch 29/30  Batch 7905/9881 (80.0%)  | Super 35.614 (box 0.8312  cls 0.4211  dfl 0.9736)  | Base 37.943 (box 0.8898  cls 0.4726  dfl 1.0090)  | KD 5.404 (box 0.33392  cls 0.00172  dfl 0.00155  feat 0.00053)
  Epoch 29/30  Batch 8893/9881 (90.0%)  | Super 48.739 (box 1.3173  cls 0.6700  dfl 1.0589)  | Base 52.103 (box 1.3848  cls 0.7787  dfl 1.0930)  | KD 10.675 (box 0.64943  cls 0.01491  dfl 0.00216  feat 0.00071)
  Epoch 29/30  Batch 9881/9881 (100.0%)  | Super 38.672 (box 0.9352  cls 0.4986  dfl 0.9832)  | Base 39.947 (box 0.9604  cls 0.5548  dfl 0.9814)  | KD 6.045 (box 0.37369  cls 0.00240  dfl 0.00106  feat 0.00068)

================================================================================
  [Validation] Super model (skip=False)  |  Epoch 29/30
================================================================================
[*] Validation input tensor shape: torch.Size([16, 3, 1312, 1952])
                 Class     Images  Instances      Box(P          R      mAP50  mAP50-95)
                   all      39987     885826      0.797      0.555       0.64      0.402

================================================================================
  [Validation] Base model  (skip=True)   |  Epoch 29/30
================================================================================
[*] Validation input tensor shape: torch.Size([16, 3, 1312, 1952])
                 Class     Images  Instances      Box(P          R      mAP50  mAP50-95)
                   all      39987     885826      0.789       0.55      0.635      0.396

           Epoch         GPU_mem          box_om          cls_om          dfl_om          box_oo          cls_oo          dfl_oo       Instances            Size
  Epoch 30/30  Batch 1/9881 (0.0%)  | Super 40.709 (box 1.0063  cls 0.5236  dfl 1.0143)  | Base 43.624 (box 1.0872  cls 0.5936  dfl 1.0457)  | KD 5.967 (box 0.36656  cls 0.00410  dfl 0.00162  feat 0.00066)
  Epoch 30/30  Batch 989/9881 (10.0%)  | Super 39.645 (box 0.9943  cls 0.4701  dfl 1.0135)  | Base 41.079 (box 1.0212  cls 0.5264  dfl 1.0199)  | KD 5.684 (box 0.34818  cls 0.00538  dfl 0.00106  feat 0.00064)
  Epoch 30/30  Batch 1977/9881 (20.0%)  | Super 53.829 (box 1.3835  cls 0.6762  dfl 1.3046)  | Base 57.626 (box 1.4930  cls 0.7543  dfl 1.3543)  | KD 8.567 (box 0.52851  cls 0.00434  dfl 0.00175  feat 0.00083)
  Epoch 30/30  Batch 2965/9881 (30.0%)  | Super 60.193 (box 1.6843  cls 0.8545  dfl 1.2233)  | Base 63.387 (box 1.7442  cls 0.9836  dfl 1.2339)  | KD 8.045 (box 0.48647  cls 0.01456  dfl 0.00126  feat 0.00054)
  Epoch 30/30  Batch 3953/9881 (40.0%)  | Super 44.531 (box 1.0523  cls 0.5508  dfl 1.1801)  | Base 45.587 (box 1.0696  cls 0.6130  dfl 1.1666)  | KD 7.209 (box 0.44559  cls 0.00241  dfl 0.00187  feat 0.00068)
  Epoch 30/30  Batch 4941/9881 (50.0%)  | Super 40.630 (box 1.0113  cls 0.4256  dfl 1.1025)  | Base 40.456 (box 1.0031  cls 0.4502  dfl 1.0752)  | KD 3.807 (box 0.23315  cls 0.00329  dfl 0.00086  feat 0.00060)
  Epoch 30/30  Batch 5929/9881 (60.0%)  | Super 45.956 (box 1.1953  cls 0.4577  dfl 1.2193)  | Base 47.748 (box 1.2426  cls 0.5057  dfl 1.2360)  | KD 4.876 (box 0.30152  cls 0.00152  dfl 0.00109  feat 0.00065)
  Epoch 30/30  Batch 6917/9881 (70.0%)  | Super 48.921 (box 1.2647  cls 0.6652  dfl 1.1277)  | Base 51.391 (box 1.3150  cls 0.7384  dfl 1.1586)  | KD 7.052 (box 0.42729  cls 0.01140  dfl 0.00154  feat 0.00054)
  Epoch 30/30  Batch 7905/9881 (80.0%)  | Super 35.635 (box 0.8421  cls 0.4154  dfl 0.9697)  | Base 38.335 (box 0.9077  cls 0.4790  dfl 1.0093)  | KD 5.774 (box 0.35601  cls 0.00278  dfl 0.00157  feat 0.00051)
  Epoch 30/30  Batch 8893/9881 (90.0%)  | Super 47.626 (box 1.2995  cls 0.6204  dfl 1.0568)  | Base 50.498 (box 1.3241  cls 0.7828  dfl 1.0492)  | KD 9.060 (box 0.55554  cls 0.00846  dfl 0.00159  feat 0.00064)
  Epoch 30/30  Batch 9881/9881 (100.0%)  | Super 37.176 (box 0.8822  cls 0.4526  dfl 0.9887)  | Base 39.899 (box 0.9566  cls 0.5350  dfl 1.0020)  | KD 5.707 (box 0.35161  cls 0.00339  dfl 0.00106  feat 0.00063)

================================================================================
  [Validation] Super model (skip=False)  |  Epoch 30/30
================================================================================
[*] Validation input tensor shape: torch.Size([16, 3, 1312, 1952])
                 Class     Images  Instances      Box(P          R      mAP50  mAP50-95)
                   all      39987     885826      0.794      0.556       0.64      0.402

================================================================================
  [Validation] Base model  (skip=True)   |  Epoch 30/30
================================================================================
[*] Validation input tensor shape: torch.Size([16, 3, 1312, 1952])
                 Class     Images  Instances      Box(P          R      mAP50  mAP50-95)
                   all      39987     885826      0.788       0.55      0.635      0.396

30 epochs completed in 46.278 hours.
Optimizer stripped from runs/waymo/detect/anydepth-yolov12s/train/weights/last.pt, 15.9MB
Optimizer stripped from runs/waymo/detect/anydepth-yolov12s/train/weights/best.pt, 15.9MB

Validating runs/waymo/detect/anydepth-yolov12s/train/weights/best.pt...
Ultralytics 8.3.63 🚀 Python-3.11.15 torch-2.2.2+cu121 CUDA:0 (NVIDIA RTX 6000 Ada Generation, 48509MiB)
                                                       CUDA:1 (NVIDIA RTX 6000 Ada Generation, 48500MiB)
YOLO-ad-v12s-orig summary: 827 layers, 7,400,809 parameters, 0 gradients, 22.3 GFLOPs

[*] FLOPs calculated at resolution: 1312x1952
| module                 | #parameters or shape   | #flops   |
|:-----------------------|:-----------------------|:---------|
| base_model.model.model | 7.401M                 | 69.329G  |
| 0.conv                 | 0.896K                 | 0.553G   |
| 0.conv.weight          | (32, 3, 3, 3)          |          |
| 0.conv.bias            | (32,)                  |          |
| 1.conv                 | 9.28K                  | 1.475G   |
| 1.conv.weight          | (64, 16, 3, 3)         |          |
| 1.conv.bias            | (64,)                  |          |
| 2                      | 39.92K                 | 6.305G   |
| 2.cv1                  | 4.352K                 | 0.676G   |
| 2.cv1.conv             | 4.096K                 | 0.656G   |
| 2.cv1.bn               | 0.128K                 | 20.488M  |
| 2.cv1.bn_skip          | 0.128K                 |          |
| 2.cv2                  | 16.896K                | 2.663G   |
| 2.cv2.conv             | 16.384K                | 2.622G   |
| 2.cv2.bn               | 0.256K                 | 40.976M  |
| 2.cv2.bn_skip          | 0.256K                 |          |
| 2.m                    | 18.672K                | 2.966G   |
| 2.m.0                  | 9.408K                 | 1.491G   |
| 2.m.1                  | 9.264K                 | 1.475G   |
| 3                      | 37.376K                | 1.485G   |
| 3.conv                 | 36.864K                | 1.475G   |
| 3.conv.weight          | (128, 32, 3, 3)        |          |
| 3.bn                   | 0.256K                 | 10.244M  |
| 3.bn.weight            | (128,)                 |          |
| 3.bn.bias              | (128,)                 |          |
| 3.bn_skip              | 0.256K                 |          |
| 3.bn_skip.weight       | (128,)                 |          |
| 3.bn_skip.bias         | (128,)                 |          |
| 4                      | 0.158M                 | 6.267G   |
| 4.cv1                  | 16.896K                | 0.666G   |
| 4.cv1.conv             | 16.384K                | 0.656G   |
| 4.cv1.bn               | 0.256K                 | 10.244M  |
| 4.cv1.bn_skip          | 0.256K                 |          |
| 4.cv2                  | 66.56K                 | 2.643G   |
| 4.cv2.conv             | 65.536K                | 2.622G   |
| 4.cv2.bn               | 0.512K                 | 20.488M  |
| 4.cv2.bn_skip          | 0.512K                 |          |
| 4.m                    | 74.208K                | 2.958G   |
| 4.m.0                  | 37.248K                | 1.483G   |
| 4.m.1                  | 36.96K                 | 1.475G   |
| 5                      | 0.591M                 | 5.906G   |
| 5.conv                 | 0.59M                  | 5.901G   |
| 5.conv.weight          | (256, 256, 3, 3)       |          |
| 5.bn                   | 0.512K                 | 5.122M   |
| 5.bn.weight            | (256,)                 |          |
| 5.bn.bias              | (256,)                 |          |
| 5.bn_skip              | 0.512K                 |          |
| 5.bn_skip.weight       | (256,)                 |          |
| 5.bn_skip.bias         | (256,)                 |          |
| 6                      | 1.391M                 | 12.803G  |
| 6.gamma                | (256,)                 |          |
| 6.cv1                  | 33.28K                 | 0.33G    |
| 6.cv1.conv             | 32.768K                | 0.328G   |
| 6.cv1.bn               | 0.256K                 | 2.561M   |
| 6.cv1.bn_skip          | 0.256K                 |          |
| 6.cv2                  | 0.263M                 | 1.644G   |
| 6.cv2.conv             | 0.164M                 | 1.639G   |
| 6.cv2.bn               | 0.512K                 | 5.122M   |
| 6.cv2.bn_skip          | 0.512K                 |          |
| 6.cv2.conv_skip        | 98.304K                |          |
| 6.m                    | 1.095M                 | 10.828G  |
| 6.m.0                  | 0.277M                 | 2.727G   |
| 6.m.1                  | 0.277M                 | 2.727G   |
| 6.m.2                  | 0.271M                 | 2.687G   |
| 6.m.3                  | 0.271M                 | 2.687G   |
| 7                      | 0.591M                 | 1.476G   |
| 7.conv                 | 0.59M                  | 1.475G   |
| 7.conv.weight          | (256, 256, 3, 3)       |          |
| 7.bn                   | 0.512K                 | 1.281M   |
| 7.bn.weight            | (256,)                 |          |
| 7.bn.bias              | (256,)                 |          |
| 7.bn_skip              | 0.512K                 |          |
| 7.bn_skip.weight       | (256,)                 |          |
| 7.bn_skip.bias         | (256,)                 |          |
| 8                      | 1.391M                 | 3.201G   |
| 8.gamma                | (256,)                 |          |
| 8.cv1                  | 33.28K                 | 82.593M  |
| 8.cv1.conv             | 32.768K                | 81.953M  |
| 8.cv1.bn               | 0.256K                 | 0.64M    |
| 8.cv1.bn_skip          | 0.256K                 |          |
| 8.cv2                  | 0.263M                 | 0.411G   |
| 8.cv2.conv             | 0.164M                 | 0.41G    |
| 8.cv2.bn               | 0.512K                 | 1.281M   |
| 8.cv2.bn_skip          | 0.512K                 |          |
| 8.cv2.conv_skip        | 98.304K                |          |
| 8.m                    | 1.095M                 | 2.707G   |
| 8.m.0                  | 0.277M                 | 0.682G   |
| 8.m.1                  | 0.277M                 | 0.682G   |
| 8.m.2                  | 0.271M                 | 0.672G   |
| 8.m.3                  | 0.271M                 | 0.672G   |
| 11                     | 0.528M                 | 5.263G   |
| 11.cv1                 | 66.048K                | 0.658G   |
| 11.cv1.conv            | 65.536K                | 0.656G   |
| 11.cv1.bn              | 0.256K                 | 2.561M   |
| 11.cv1.bn_skip         | 0.256K                 |          |
| 11.cv2                 | 99.328K                | 0.989G   |
| 11.cv2.conv            | 98.304K                | 0.983G   |
| 11.cv2.bn              | 0.512K                 | 5.122M   |
| 11.cv2.bn_skip         | 0.512K                 |          |
| 11.m                   | 0.363M                 | 3.616G   |
| 11.m.0                 | 0.182M                 | 1.813G   |
| 11.m.1                 | 0.181M                 | 1.803G   |
| 14                     | 0.15M                  | 5.936G   |
| 14.cv1                 | 33.024K                | 1.316G   |
| 14.cv1.conv            | 32.768K                | 1.311G   |
| 14.cv1.bn              | 0.128K                 | 5.122M   |
| 14.cv1.bn_skip         | 0.128K                 |          |
| 14.cv2                 | 25.088K                | 0.994G   |
| 14.cv2.conv            | 24.576K                | 0.983G   |
| 14.cv2.bn              | 0.256K                 | 10.244M  |
| 14.cv2.bn_skip         | 0.256K                 |          |
| 14.m                   | 91.392K                | 3.626G   |
| 14.m.0                 | 46.08K                 | 1.823G   |
| 14.m.1                 | 45.312K                | 1.803G   |
| 15                     | 0.148M                 | 1.478G   |
| 15.conv                | 0.147M                 | 1.475G   |
| 15.conv.weight         | (128, 128, 3, 3)       |          |
| 15.bn                  | 0.256K                 | 2.561M   |
| 15.bn.weight           | (128,)                 |          |
| 15.bn.bias             | (128,)                 |          |
| 15.bn_skip             | 0.256K                 |          |
| 15.bn_skip.weight      | (128,)                 |          |
| 15.bn_skip.bias        | (128,)                 |          |
| 17                     | 0.512M                 | 5.099G   |
| 17.cv1                 | 49.664K                | 0.494G   |
| 17.cv1.conv            | 49.152K                | 0.492G   |
| 17.cv1.bn              | 0.256K                 | 2.561M   |
| 17.cv1.bn_skip         | 0.256K                 |          |
| 17.cv2                 | 99.328K                | 0.989G   |
| 17.cv2.conv            | 98.304K                | 0.983G   |
| 17.cv2.bn              | 0.512K                 | 5.122M   |
| 17.cv2.bn_skip         | 0.512K                 |          |
| 17.m                   | 0.363M                 | 3.616G   |
| 17.m.0                 | 0.182M                 | 1.813G   |
| 17.m.1                 | 0.181M                 | 1.803G   |
| 18                     | 0.591M                 | 1.476G   |
| 18.conv                | 0.59M                  | 1.475G   |
| 18.conv.weight         | (256, 256, 3, 3)       |          |
| 18.bn                  | 0.512K                 | 1.281M   |
| 18.bn.weight           | (256,)                 |          |
| 18.bn.bias             | (256,)                 |          |
| 18.bn_skip             | 0.512K                 |          |
| 18.bn_skip.weight      | (256,)                 |          |
| 18.bn_skip.bias        | (256,)                 |          |
| 20                     | 0.627M                 | 1.562G   |
| 20.cv1                 | 0.132M                 | 0.329G   |
| 20.cv1.conv            | 0.131M                 | 0.328G   |
| 20.cv1.bn              | 0.512K                 | 1.281M   |
| 20.cv1.bn_skip         | 0.512K                 |          |
| 20.cv2                 | 0.132M                 | 0.329G   |
| 20.cv2.conv            | 0.131M                 | 0.328G   |
| 20.cv2.bn              | 0.512K                 | 1.281M   |
| 20.cv2.bn_skip         | 0.512K                 |          |
| 20.m                   | 0.363M                 | 0.904G   |
| 20.m.0                 | 0.182M                 | 0.453G   |
| 20.m.1                 | 0.181M                 | 0.451G   |
| 21                     | 0.635M                 | 9.03G    |
| 21.cv2                 | 0.492M                 | 6.945G   |
| 21.cv2.0               | 0.115M                 | 4.589G   |
| 21.cv2.1               | 0.189M                 | 1.885G   |
| 21.cv2.2               | 0.189M                 | 0.471G   |
| 21.cv3                 | 0.143M                 | 2.081G   |
| 21.cv3.0               | 35.971K                | 1.419G   |
| 21.cv3.1               | 53.635K                | 0.53G    |
| 21.cv3.2               | 53.635K                | 0.133G   |
| 21.dfl.conv            | 16                     | 3.361M   |
| 21.dfl.conv.weight     | (1, 16, 1, 1)          |          |
| 9                      |                        | 2.561M   |
| 12                     |                        | 10.244M  |
  MACs  : 69.33 GMACs
  FLOPs : 138.66 GFLOPs
[*] Validation input tensor shape: torch.Size([16, 3, 1312, 1952])
                 Class     Images  Instances      Box(P          R      mAP50  mAP50-95)
                   all      39987     885826      0.792      0.557      0.641      0.403
               vehicle      38551     711508       0.85      0.691      0.783      0.521
            pedestrian      21189     167497      0.813      0.577       0.67       0.38
               cyclist       4617       6821      0.714      0.402      0.471      0.307
Speed: 0.4ms preprocess, 8.1ms inference, 0.0ms loss, 0.3ms postprocess per image
Results saved to [1mruns/waymo/detect/anydepth-yolov12s/train[0m
WARNING: Plotting error for runs/waymo/detect/anydepth-yolov12s/train/results.csv: could not convert string to float: 'super'
/home/hslee/context-anydepth-det/anydepth-yolov12/ultralytics/utils/plotting.py:1231: UserWarning: No artists with labels found to put in legend.  Note that artists whose label start with an underscore are ignored when legend() is called with no argument.
  ax[1].legend()
