WARNING:__main__:
*****************************************
Setting OMP_NUM_THREADS environment variable for each process to be 1 in default, to avoid your system being overloaded, please further tune the variable for optimal performance in your application as needed. 
*****************************************
[*] Image size: 640
[*] Starting new training using weight: ./pretrained/yolov12l.pt
task: detect
Transferred 1341/1341 items from pretrained weights
Ultralytics 8.3.63 🚀 Python-3.11.13 torch-2.2.2+cu121 CUDA:0 (NVIDIA RTX 6000 Ada Generation, 48509MiB)
                                                       CUDA:1 (NVIDIA RTX 6000 Ada Generation, 48509MiB)
Overriding model.yaml nc=80 with nc=10
Transferred 1335/1341 items from pretrained weights
Not transferred items (6):
  - [Shape Mismatch] model.21.cv3.0.2.bias: model [10] != pretrained [80]
  - [Shape Mismatch] model.21.cv3.0.2.weight: model [10, 256, 1, 1] != pretrained [80, 256, 1, 1]
  - [Shape Mismatch] model.21.cv3.1.2.bias: model [10] != pretrained [80]
  - [Shape Mismatch] model.21.cv3.1.2.weight: model [10, 256, 1, 1] != pretrained [80, 256, 1, 1]
  - [Shape Mismatch] model.21.cv3.2.2.bias: model [10] != pretrained [80]
  - [Shape Mismatch] model.21.cv3.2.2.weight: model [10, 256, 1, 1] != pretrained [80, 256, 1, 1]
Freezing layer 'model.21.dfl.conv.weight'
[34m[1mAMP: [0mrunning Automatic Mixed Precision (AMP) checks...
task: None
[34m[1mAMP: [0mchecks passed ✅
[34m[1mtrain: [0mScanning /media/data/bdd100k_yolo/train/labels.cache... 70000 images, 0 backgrounds, 0 corrupt: 100%|██████████| 70000/70000 [00:00<?, ?it/s][34m[1mtrain: [0mScanning /media/data/bdd100k_yolo/train/labels.cache... 70000 images, 0 backgrounds, 0 corrupt: 100%|██████████| 70000/70000 [00:00<?, ?it/s]
[34m[1mtrain: [0mWARNING ⚠️ /media/data/bdd100k_yolo/train/images/75055858-7d04a650.jpg: 1 duplicate labels removed
/home/hslee/anaconda3/envs/yolov12/lib/python3.11/site-packages/albumentations/__init__.py:28: UserWarning: A new version of Albumentations is available: '2.0.8' (you have '2.0.4'). Upgrade using: pip install -U albumentations. To disable automatic update checks, set the environment variable NO_ALBUMENTATIONS_UPDATE to 1.
  check_for_updates()
[34m[1malbumentations: [0mBlur(p=0.01, blur_limit=(3, 7)), MedianBlur(p=0.01, blur_limit=(3, 7)), ToGray(p=0.01, num_output_channels=3, method='weighted_average'), CLAHE(p=0.01, clip_limit=(1.0, 4.0), tile_grid_size=(8, 8))
WARNING ⚠️ 'rect=True' is incompatible with DataLoader shuffle, setting shuffle=False
[34m[1mval: [0mScanning /media/data/bdd100k_yolo/val/labels.cache... 10000 images, 0 backgrounds, 0 corrupt: 100%|██████████| 10000/10000 [00:00<?, ?it/s][34m[1mval: [0mScanning /media/data/bdd100k_yolo/val/labels.cache... 10000 images, 0 backgrounds, 0 corrupt: 100%|██████████| 10000/10000 [00:00<?, ?it/s]
/home/hslee/anaconda3/envs/yolov12/lib/python3.11/site-packages/albumentations/__init__.py:28: UserWarning: A new version of Albumentations is available: '2.0.8' (you have '2.0.4'). Upgrade using: pip install -U albumentations. To disable automatic update checks, set the environment variable NO_ALBUMENTATIONS_UPDATE to 1.
  check_for_updates()
Plotting labels to runs/bdd100k/detect/baseline-yolov12l/train/labels.jpg... 
[34m[1moptimizer:[0m SGD(lr=0.01, momentum=0.9) with parameter groups 221 weight(decay=0.0), 230 weight(decay=0.0005), 227 bias(decay=0.0)
DistributedDataParallel(
  (module): DetectionModel(
    (model): Sequential(
      (0): Conv(
        (conv): Conv2d(3, 64, kernel_size=(3, 3), stride=(2, 2), padding=(1, 1), bias=False)
        (bn): BatchNorm2d(64, eps=0.001, momentum=0.03, affine=True, track_running_stats=True)
        (act): SiLU(inplace=True)
      )
      (1): Conv(
        (conv): Conv2d(64, 128, kernel_size=(3, 3), stride=(2, 2), padding=(1, 1), groups=2, bias=False)
        (bn): BatchNorm2d(128, eps=0.001, momentum=0.03, affine=True, track_running_stats=True)
        (act): SiLU(inplace=True)
      )
      (2): C3k2(
        (cv1): Conv(
          (conv): Conv2d(128, 128, kernel_size=(1, 1), stride=(1, 1), bias=False)
          (bn): BatchNorm2d(128, eps=0.001, momentum=0.03, affine=True, track_running_stats=True)
          (act): SiLU(inplace=True)
        )
        (cv2): Conv(
          (conv): Conv2d(256, 256, kernel_size=(1, 1), stride=(1, 1), bias=False)
          (bn): BatchNorm2d(256, eps=0.001, momentum=0.03, affine=True, track_running_stats=True)
          (act): SiLU(inplace=True)
        )
        (m): ModuleList(
          (0-1): 2 x C3k(
            (cv1): Conv(
              (conv): Conv2d(64, 32, kernel_size=(1, 1), stride=(1, 1), bias=False)
              (bn): BatchNorm2d(32, eps=0.001, momentum=0.03, affine=True, track_running_stats=True)
              (act): SiLU(inplace=True)
            )
            (cv2): Conv(
              (conv): Conv2d(64, 32, kernel_size=(1, 1), stride=(1, 1), bias=False)
              (bn): BatchNorm2d(32, eps=0.001, momentum=0.03, affine=True, track_running_stats=True)
              (act): SiLU(inplace=True)
            )
            (cv3): Conv(
              (conv): Conv2d(64, 64, kernel_size=(1, 1), stride=(1, 1), bias=False)
              (bn): BatchNorm2d(64, eps=0.001, momentum=0.03, affine=True, track_running_stats=True)
              (act): SiLU(inplace=True)
            )
            (m): Sequential(
              (0): Bottleneck(
                (cv1): Conv(
                  (conv): Conv2d(32, 32, kernel_size=(3, 3), stride=(1, 1), padding=(1, 1), bias=False)
                  (bn): BatchNorm2d(32, eps=0.001, momentum=0.03, affine=True, track_running_stats=True)
                  (act): SiLU(inplace=True)
                )
                (cv2): Conv(
                  (conv): Conv2d(32, 32, kernel_size=(3, 3), stride=(1, 1), padding=(1, 1), bias=False)
                  (bn): BatchNorm2d(32, eps=0.001, momentum=0.03, affine=True, track_running_stats=True)
                  (act): SiLU(inplace=True)
                )
              )
              (1): Bottleneck(
                (cv1): Conv(
                  (conv): Conv2d(32, 32, kernel_size=(3, 3), stride=(1, 1), padding=(1, 1), bias=False)
                  (bn): BatchNorm2d(32, eps=0.001, momentum=0.03, affine=True, track_running_stats=True)
                  (act): SiLU(inplace=True)
                )
                (cv2): Conv(
                  (conv): Conv2d(32, 32, kernel_size=(3, 3), stride=(1, 1), padding=(1, 1), bias=False)
                  (bn): BatchNorm2d(32, eps=0.001, momentum=0.03, affine=True, track_running_stats=True)
                  (act): SiLU(inplace=True)
                )
              )
            )
          )
        )
      )
      (3): Conv(
        (conv): Conv2d(256, 256, kernel_size=(3, 3), stride=(2, 2), padding=(1, 1), groups=4, bias=False)
        (bn): BatchNorm2d(256, eps=0.001, momentum=0.03, affine=True, track_running_stats=True)
        (act): SiLU(inplace=True)
      )
      (4): C3k2(
        (cv1): Conv(
          (conv): Conv2d(256, 256, kernel_size=(1, 1), stride=(1, 1), bias=False)
          (bn): BatchNorm2d(256, eps=0.001, momentum=0.03, affine=True, track_running_stats=True)
          (act): SiLU(inplace=True)
        )
        (cv2): Conv(
          (conv): Conv2d(512, 512, kernel_size=(1, 1), stride=(1, 1), bias=False)
          (bn): BatchNorm2d(512, eps=0.001, momentum=0.03, affine=True, track_running_stats=True)
          (act): SiLU(inplace=True)
        )
        (m): ModuleList(
          (0-1): 2 x C3k(
            (cv1): Conv(
              (conv): Conv2d(128, 64, kernel_size=(1, 1), stride=(1, 1), bias=False)
              (bn): BatchNorm2d(64, eps=0.001, momentum=0.03, affine=True, track_running_stats=True)
              (act): SiLU(inplace=True)
            )
            (cv2): Conv(
              (conv): Conv2d(128, 64, kernel_size=(1, 1), stride=(1, 1), bias=False)
              (bn): BatchNorm2d(64, eps=0.001, momentum=0.03, affine=True, track_running_stats=True)
              (act): SiLU(inplace=True)
            )
            (cv3): Conv(
              (conv): Conv2d(128, 128, kernel_size=(1, 1), stride=(1, 1), bias=False)
              (bn): BatchNorm2d(128, eps=0.001, momentum=0.03, affine=True, track_running_stats=True)
              (act): SiLU(inplace=True)
            )
            (m): Sequential(
              (0): Bottleneck(
                (cv1): Conv(
                  (conv): Conv2d(64, 64, kernel_size=(3, 3), stride=(1, 1), padding=(1, 1), bias=False)
                  (bn): BatchNorm2d(64, eps=0.001, momentum=0.03, affine=True, track_running_stats=True)
                  (act): SiLU(inplace=True)
                )
                (cv2): Conv(
                  (conv): Conv2d(64, 64, kernel_size=(3, 3), stride=(1, 1), padding=(1, 1), bias=False)
                  (bn): BatchNorm2d(64, eps=0.001, momentum=0.03, affine=True, track_running_stats=True)
                  (act): SiLU(inplace=True)
                )
              )
              (1): Bottleneck(
                (cv1): Conv(
                  (conv): Conv2d(64, 64, kernel_size=(3, 3), stride=(1, 1), padding=(1, 1), bias=False)
                  (bn): BatchNorm2d(64, eps=0.001, momentum=0.03, affine=True, track_running_stats=True)
                  (act): SiLU(inplace=True)
                )
                (cv2): Conv(
                  (conv): Conv2d(64, 64, kernel_size=(3, 3), stride=(1, 1), padding=(1, 1), bias=False)
                  (bn): BatchNorm2d(64, eps=0.001, momentum=0.03, affine=True, track_running_stats=True)
                  (act): SiLU(inplace=True)
                )
              )
            )
          )
        )
      )
      (5): Conv(
        (conv): Conv2d(512, 512, kernel_size=(3, 3), stride=(2, 2), padding=(1, 1), bias=False)
        (bn): BatchNorm2d(512, eps=0.001, momentum=0.03, affine=True, track_running_stats=True)
        (act): SiLU(inplace=True)
      )
      (6): A2C2f(
        (cv1): Conv(
          (conv): Conv2d(512, 256, kernel_size=(1, 1), stride=(1, 1), bias=False)
          (bn): BatchNorm2d(256, eps=0.001, momentum=0.03, affine=True, track_running_stats=True)
          (act): SiLU(inplace=True)
        )
        (cv2): Conv(
          (conv): Conv2d(1280, 512, kernel_size=(1, 1), stride=(1, 1), bias=False)
          (bn): BatchNorm2d(512, eps=0.001, momentum=0.03, affine=True, track_running_stats=True)
          (act): SiLU(inplace=True)
        )
        (m): ModuleList(
          (0-3): 4 x Sequential(
            (0): ABlock(
              (attn): AAttn(
                (qk): Conv(
                  (conv): Conv2d(256, 512, kernel_size=(1, 1), stride=(1, 1), bias=False)
                  (bn): BatchNorm2d(512, eps=0.001, momentum=0.03, affine=True, track_running_stats=True)
                  (act): Identity()
                )
                (v): Conv(
                  (conv): Conv2d(256, 256, kernel_size=(1, 1), stride=(1, 1), bias=False)
                  (bn): BatchNorm2d(256, eps=0.001, momentum=0.03, affine=True, track_running_stats=True)
                  (act): Identity()
                )
                (proj): Conv(
                  (conv): Conv2d(256, 256, kernel_size=(1, 1), stride=(1, 1), bias=False)
                  (bn): BatchNorm2d(256, eps=0.001, momentum=0.03, affine=True, track_running_stats=True)
                  (act): Identity()
                )
                (pe): Conv(
                  (conv): Conv2d(256, 256, kernel_size=(5, 5), stride=(1, 1), padding=(2, 2), groups=256, bias=False)
                  (bn): BatchNorm2d(256, eps=0.001, momentum=0.03, affine=True, track_running_stats=True)
                  (act): Identity()
                )
              )
              (mlp): Sequential(
                (0): Conv(
                  (conv): Conv2d(256, 384, kernel_size=(1, 1), stride=(1, 1), bias=False)
                  (bn): BatchNorm2d(384, eps=0.001, momentum=0.03, affine=True, track_running_stats=True)
                  (act): SiLU(inplace=True)
                )
                (1): Conv(
                  (conv): Conv2d(384, 256, kernel_size=(1, 1), stride=(1, 1), bias=False)
                  (bn): BatchNorm2d(256, eps=0.001, momentum=0.03, affine=True, track_running_stats=True)
                  (act): Identity()
                )
              )
            )
            (1): ABlock(
              (attn): AAttn(
                (qk): Conv(
                  (conv): Conv2d(256, 512, kernel_size=(1, 1), stride=(1, 1), bias=False)
                  (bn): BatchNorm2d(512, eps=0.001, momentum=0.03, affine=True, track_running_stats=True)
                  (act): Identity()
                )
                (v): Conv(
                  (conv): Conv2d(256, 256, kernel_size=(1, 1), stride=(1, 1), bias=False)
                  (bn): BatchNorm2d(256, eps=0.001, momentum=0.03, affine=True, track_running_stats=True)
                  (act): Identity()
                )
                (proj): Conv(
                  (conv): Conv2d(256, 256, kernel_size=(1, 1), stride=(1, 1), bias=False)
                  (bn): BatchNorm2d(256, eps=0.001, momentum=0.03, affine=True, track_running_stats=True)
                  (act): Identity()
                )
                (pe): Conv(
                  (conv): Conv2d(256, 256, kernel_size=(5, 5), stride=(1, 1), padding=(2, 2), groups=256, bias=False)
                  (bn): BatchNorm2d(256, eps=0.001, momentum=0.03, affine=True, track_running_stats=True)
                  (act): Identity()
                )
              )
              (mlp): Sequential(
                (0): Conv(
                  (conv): Conv2d(256, 384, kernel_size=(1, 1), stride=(1, 1), bias=False)
                  (bn): BatchNorm2d(384, eps=0.001, momentum=0.03, affine=True, track_running_stats=True)
                  (act): SiLU(inplace=True)
                )
                (1): Conv(
                  (conv): Conv2d(384, 256, kernel_size=(1, 1), stride=(1, 1), bias=False)
                  (bn): BatchNorm2d(256, eps=0.001, momentum=0.03, affine=True, track_running_stats=True)
                  (act): Identity()
                )
              )
            )
          )
        )
      )
      (7): Conv(
        (conv): Conv2d(512, 512, kernel_size=(3, 3), stride=(2, 2), padding=(1, 1), bias=False)
        (bn): BatchNorm2d(512, eps=0.001, momentum=0.03, affine=True, track_running_stats=True)
        (act): SiLU(inplace=True)
      )
      (8): A2C2f(
        (cv1): Conv(
          (conv): Conv2d(512, 256, kernel_size=(1, 1), stride=(1, 1), bias=False)
          (bn): BatchNorm2d(256, eps=0.001, momentum=0.03, affine=True, track_running_stats=True)
          (act): SiLU(inplace=True)
        )
        (cv2): Conv(
          (conv): Conv2d(1280, 512, kernel_size=(1, 1), stride=(1, 1), bias=False)
          (bn): BatchNorm2d(512, eps=0.001, momentum=0.03, affine=True, track_running_stats=True)
          (act): SiLU(inplace=True)
        )
        (m): ModuleList(
          (0-3): 4 x Sequential(
            (0): ABlock(
              (attn): AAttn(
                (qk): Conv(
                  (conv): Conv2d(256, 512, kernel_size=(1, 1), stride=(1, 1), bias=False)
                  (bn): BatchNorm2d(512, eps=0.001, momentum=0.03, affine=True, track_running_stats=True)
                  (act): Identity()
                )
                (v): Conv(
                  (conv): Conv2d(256, 256, kernel_size=(1, 1), stride=(1, 1), bias=False)
                  (bn): BatchNorm2d(256, eps=0.001, momentum=0.03, affine=True, track_running_stats=True)
                  (act): Identity()
                )
                (proj): Conv(
                  (conv): Conv2d(256, 256, kernel_size=(1, 1), stride=(1, 1), bias=False)
                  (bn): BatchNorm2d(256, eps=0.001, momentum=0.03, affine=True, track_running_stats=True)
                  (act): Identity()
                )
                (pe): Conv(
                  (conv): Conv2d(256, 256, kernel_size=(5, 5), stride=(1, 1), padding=(2, 2), groups=256, bias=False)
                  (bn): BatchNorm2d(256, eps=0.001, momentum=0.03, affine=True, track_running_stats=True)
                  (act): Identity()
                )
              )
              (mlp): Sequential(
                (0): Conv(
                  (conv): Conv2d(256, 384, kernel_size=(1, 1), stride=(1, 1), bias=False)
                  (bn): BatchNorm2d(384, eps=0.001, momentum=0.03, affine=True, track_running_stats=True)
                  (act): SiLU(inplace=True)
                )
                (1): Conv(
                  (conv): Conv2d(384, 256, kernel_size=(1, 1), stride=(1, 1), bias=False)
                  (bn): BatchNorm2d(256, eps=0.001, momentum=0.03, affine=True, track_running_stats=True)
                  (act): Identity()
                )
              )
            )
            (1): ABlock(
              (attn): AAttn(
                (qk): Conv(
                  (conv): Conv2d(256, 512, kernel_size=(1, 1), stride=(1, 1), bias=False)
                  (bn): BatchNorm2d(512, eps=0.001, momentum=0.03, affine=True, track_running_stats=True)
                  (act): Identity()
                )
                (v): Conv(
                  (conv): Conv2d(256, 256, kernel_size=(1, 1), stride=(1, 1), bias=False)
                  (bn): BatchNorm2d(256, eps=0.001, momentum=0.03, affine=True, track_running_stats=True)
                  (act): Identity()
                )
                (proj): Conv(
                  (conv): Conv2d(256, 256, kernel_size=(1, 1), stride=(1, 1), bias=False)
                  (bn): BatchNorm2d(256, eps=0.001, momentum=0.03, affine=True, track_running_stats=True)
                  (act): Identity()
                )
                (pe): Conv(
                  (conv): Conv2d(256, 256, kernel_size=(5, 5), stride=(1, 1), padding=(2, 2), groups=256, bias=False)
                  (bn): BatchNorm2d(256, eps=0.001, momentum=0.03, affine=True, track_running_stats=True)
                  (act): Identity()
                )
              )
              (mlp): Sequential(
                (0): Conv(
                  (conv): Conv2d(256, 384, kernel_size=(1, 1), stride=(1, 1), bias=False)
                  (bn): BatchNorm2d(384, eps=0.001, momentum=0.03, affine=True, track_running_stats=True)
                  (act): SiLU(inplace=True)
                )
                (1): Conv(
                  (conv): Conv2d(384, 256, kernel_size=(1, 1), stride=(1, 1), bias=False)
                  (bn): BatchNorm2d(256, eps=0.001, momentum=0.03, affine=True, track_running_stats=True)
                  (act): Identity()
                )
              )
            )
          )
        )
      )
      (9): Upsample(scale_factor=2.0, mode='nearest')
      (10): Concat()
      (11): A2C2f(
        (cv1): Conv(
          (conv): Conv2d(1024, 256, kernel_size=(1, 1), stride=(1, 1), bias=False)
          (bn): BatchNorm2d(256, eps=0.001, momentum=0.03, affine=True, track_running_stats=True)
          (act): SiLU(inplace=True)
        )
        (cv2): Conv(
          (conv): Conv2d(768, 512, kernel_size=(1, 1), stride=(1, 1), bias=False)
          (bn): BatchNorm2d(512, eps=0.001, momentum=0.03, affine=True, track_running_stats=True)
          (act): SiLU(inplace=True)
        )
        (m): ModuleList(
          (0-1): 2 x C3k(
            (cv1): Conv(
              (conv): Conv2d(256, 128, kernel_size=(1, 1), stride=(1, 1), bias=False)
              (bn): BatchNorm2d(128, eps=0.001, momentum=0.03, affine=True, track_running_stats=True)
              (act): SiLU(inplace=True)
            )
            (cv2): Conv(
              (conv): Conv2d(256, 128, kernel_size=(1, 1), stride=(1, 1), bias=False)
              (bn): BatchNorm2d(128, eps=0.001, momentum=0.03, affine=True, track_running_stats=True)
              (act): SiLU(inplace=True)
            )
            (cv3): Conv(
              (conv): Conv2d(256, 256, kernel_size=(1, 1), stride=(1, 1), bias=False)
              (bn): BatchNorm2d(256, eps=0.001, momentum=0.03, affine=True, track_running_stats=True)
              (act): SiLU(inplace=True)
            )
            (m): Sequential(
              (0): Bottleneck(
                (cv1): Conv(
                  (conv): Conv2d(128, 128, kernel_size=(3, 3), stride=(1, 1), padding=(1, 1), bias=False)
                  (bn): BatchNorm2d(128, eps=0.001, momentum=0.03, affine=True, track_running_stats=True)
                  (act): SiLU(inplace=True)
                )
                (cv2): Conv(
                  (conv): Conv2d(128, 128, kernel_size=(3, 3), stride=(1, 1), padding=(1, 1), bias=False)
                  (bn): BatchNorm2d(128, eps=0.001, momentum=0.03, affine=True, track_running_stats=True)
                  (act): SiLU(inplace=True)
                )
              )
              (1): Bottleneck(
                (cv1): Conv(
                  (conv): Conv2d(128, 128, kernel_size=(3, 3), stride=(1, 1), padding=(1, 1), bias=False)
                  (bn): BatchNorm2d(128, eps=0.001, momentum=0.03, affine=True, track_running_stats=True)
                  (act): SiLU(inplace=True)
                )
                (cv2): Conv(
                  (conv): Conv2d(128, 128, kernel_size=(3, 3), stride=(1, 1), padding=(1, 1), bias=False)
                  (bn): BatchNorm2d(128, eps=0.001, momentum=0.03, affine=True, track_running_stats=True)
                  (act): SiLU(inplace=True)
                )
              )
            )
          )
        )
      )
      (12): Upsample(scale_factor=2.0, mode='nearest')
      (13): Concat()
      (14): A2C2f(
        (cv1): Conv(
          (conv): Conv2d(1024, 128, kernel_size=(1, 1), stride=(1, 1), bias=False)
          (bn): BatchNorm2d(128, eps=0.001, momentum=0.03, affine=True, track_running_stats=True)
          (act): SiLU(inplace=True)
        )
        (cv2): Conv(
          (conv): Conv2d(384, 256, kernel_size=(1, 1), stride=(1, 1), bias=False)
          (bn): BatchNorm2d(256, eps=0.001, momentum=0.03, affine=True, track_running_stats=True)
          (act): SiLU(inplace=True)
        )
        (m): ModuleList(
          (0-1): 2 x C3k(
            (cv1): Conv(
              (conv): Conv2d(128, 64, kernel_size=(1, 1), stride=(1, 1), bias=False)
              (bn): BatchNorm2d(64, eps=0.001, momentum=0.03, affine=True, track_running_stats=True)
              (act): SiLU(inplace=True)
            )
            (cv2): Conv(
              (conv): Conv2d(128, 64, kernel_size=(1, 1), stride=(1, 1), bias=False)
              (bn): BatchNorm2d(64, eps=0.001, momentum=0.03, affine=True, track_running_stats=True)
              (act): SiLU(inplace=True)
            )
            (cv3): Conv(
              (conv): Conv2d(128, 128, kernel_size=(1, 1), stride=(1, 1), bias=False)
              (bn): BatchNorm2d(128, eps=0.001, momentum=0.03, affine=True, track_running_stats=True)
              (act): SiLU(inplace=True)
            )
            (m): Sequential(
              (0): Bottleneck(
                (cv1): Conv(
                  (conv): Conv2d(64, 64, kernel_size=(3, 3), stride=(1, 1), padding=(1, 1), bias=False)
                  (bn): BatchNorm2d(64, eps=0.001, momentum=0.03, affine=True, track_running_stats=True)
                  (act): SiLU(inplace=True)
                )
                (cv2): Conv(
                  (conv): Conv2d(64, 64, kernel_size=(3, 3), stride=(1, 1), padding=(1, 1), bias=False)
                  (bn): BatchNorm2d(64, eps=0.001, momentum=0.03, affine=True, track_running_stats=True)
                  (act): SiLU(inplace=True)
                )
              )
              (1): Bottleneck(
                (cv1): Conv(
                  (conv): Conv2d(64, 64, kernel_size=(3, 3), stride=(1, 1), padding=(1, 1), bias=False)
                  (bn): BatchNorm2d(64, eps=0.001, momentum=0.03, affine=True, track_running_stats=True)
                  (act): SiLU(inplace=True)
                )
                (cv2): Conv(
                  (conv): Conv2d(64, 64, kernel_size=(3, 3), stride=(1, 1), padding=(1, 1), bias=False)
                  (bn): BatchNorm2d(64, eps=0.001, momentum=0.03, affine=True, track_running_stats=True)
                  (act): SiLU(inplace=True)
                )
              )
            )
          )
        )
      )
      (15): Conv(
        (conv): Conv2d(256, 256, kernel_size=(3, 3), stride=(2, 2), padding=(1, 1), bias=False)
        (bn): BatchNorm2d(256, eps=0.001, momentum=0.03, affine=True, track_running_stats=True)
        (act): SiLU(inplace=True)
      )
      (16): Concat()
      (17): A2C2f(
        (cv1): Conv(
          (conv): Conv2d(768, 256, kernel_size=(1, 1), stride=(1, 1), bias=False)
          (bn): BatchNorm2d(256, eps=0.001, momentum=0.03, affine=True, track_running_stats=True)
          (act): SiLU(inplace=True)
        )
        (cv2): Conv(
          (conv): Conv2d(768, 512, kernel_size=(1, 1), stride=(1, 1), bias=False)
          (bn): BatchNorm2d(512, eps=0.001, momentum=0.03, affine=True, track_running_stats=True)
          (act): SiLU(inplace=True)
        )
        (m): ModuleList(
          (0-1): 2 x C3k(
            (cv1): Conv(
              (conv): Conv2d(256, 128, kernel_size=(1, 1), stride=(1, 1), bias=False)
              (bn): BatchNorm2d(128, eps=0.001, momentum=0.03, affine=True, track_running_stats=True)
              (act): SiLU(inplace=True)
            )
            (cv2): Conv(
              (conv): Conv2d(256, 128, kernel_size=(1, 1), stride=(1, 1), bias=False)
              (bn): BatchNorm2d(128, eps=0.001, momentum=0.03, affine=True, track_running_stats=True)
              (act): SiLU(inplace=True)
            )
            (cv3): Conv(
              (conv): Conv2d(256, 256, kernel_size=(1, 1), stride=(1, 1), bias=False)
              (bn): BatchNorm2d(256, eps=0.001, momentum=0.03, affine=True, track_running_stats=True)
              (act): SiLU(inplace=True)
            )
            (m): Sequential(
              (0): Bottleneck(
                (cv1): Conv(
                  (conv): Conv2d(128, 128, kernel_size=(3, 3), stride=(1, 1), padding=(1, 1), bias=False)
                  (bn): BatchNorm2d(128, eps=0.001, momentum=0.03, affine=True, track_running_stats=True)
                  (act): SiLU(inplace=True)
                )
                (cv2): Conv(
                  (conv): Conv2d(128, 128, kernel_size=(3, 3), stride=(1, 1), padding=(1, 1), bias=False)
                  (bn): BatchNorm2d(128, eps=0.001, momentum=0.03, affine=True, track_running_stats=True)
                  (act): SiLU(inplace=True)
                )
              )
              (1): Bottleneck(
                (cv1): Conv(
                  (conv): Conv2d(128, 128, kernel_size=(3, 3), stride=(1, 1), padding=(1, 1), bias=False)
                  (bn): BatchNorm2d(128, eps=0.001, momentum=0.03, affine=True, track_running_stats=True)
                  (act): SiLU(inplace=True)
                )
                (cv2): Conv(
                  (conv): Conv2d(128, 128, kernel_size=(3, 3), stride=(1, 1), padding=(1, 1), bias=False)
                  (bn): BatchNorm2d(128, eps=0.001, momentum=0.03, affine=True, track_running_stats=True)
                  (act): SiLU(inplace=True)
                )
              )
            )
          )
        )
      )
      (18): Conv(
        (conv): Conv2d(512, 512, kernel_size=(3, 3), stride=(2, 2), padding=(1, 1), bias=False)
        (bn): BatchNorm2d(512, eps=0.001, momentum=0.03, affine=True, track_running_stats=True)
        (act): SiLU(inplace=True)
      )
      (19): Concat()
      (20): C3k2(
        (cv1): Conv(
          (conv): Conv2d(1024, 512, kernel_size=(1, 1), stride=(1, 1), bias=False)
          (bn): BatchNorm2d(512, eps=0.001, momentum=0.03, affine=True, track_running_stats=True)
          (act): SiLU(inplace=True)
        )
        (cv2): Conv(
          (conv): Conv2d(1024, 512, kernel_size=(1, 1), stride=(1, 1), bias=False)
          (bn): BatchNorm2d(512, eps=0.001, momentum=0.03, affine=True, track_running_stats=True)
          (act): SiLU(inplace=True)
        )
        (m): ModuleList(
          (0-1): 2 x C3k(
            (cv1): Conv(
              (conv): Conv2d(256, 128, kernel_size=(1, 1), stride=(1, 1), bias=False)
              (bn): BatchNorm2d(128, eps=0.001, momentum=0.03, affine=True, track_running_stats=True)
              (act): SiLU(inplace=True)
            )
            (cv2): Conv(
              (conv): Conv2d(256, 128, kernel_size=(1, 1), stride=(1, 1), bias=False)
              (bn): BatchNorm2d(128, eps=0.001, momentum=0.03, affine=True, track_running_stats=True)
              (act): SiLU(inplace=True)
            )
            (cv3): Conv(
              (conv): Conv2d(256, 256, kernel_size=(1, 1), stride=(1, 1), bias=False)
              (bn): BatchNorm2d(256, eps=0.001, momentum=0.03, affine=True, track_running_stats=True)
              (act): SiLU(inplace=True)
            )
            (m): Sequential(
              (0): Bottleneck(
                (cv1): Conv(
                  (conv): Conv2d(128, 128, kernel_size=(3, 3), stride=(1, 1), padding=(1, 1), bias=False)
                  (bn): BatchNorm2d(128, eps=0.001, momentum=0.03, affine=True, track_running_stats=True)
                  (act): SiLU(inplace=True)
                )
                (cv2): Conv(
                  (conv): Conv2d(128, 128, kernel_size=(3, 3), stride=(1, 1), padding=(1, 1), bias=False)
                  (bn): BatchNorm2d(128, eps=0.001, momentum=0.03, affine=True, track_running_stats=True)
                  (act): SiLU(inplace=True)
                )
              )
              (1): Bottleneck(
                (cv1): Conv(
                  (conv): Conv2d(128, 128, kernel_size=(3, 3), stride=(1, 1), padding=(1, 1), bias=False)
                  (bn): BatchNorm2d(128, eps=0.001, momentum=0.03, affine=True, track_running_stats=True)
                  (act): SiLU(inplace=True)
                )
                (cv2): Conv(
                  (conv): Conv2d(128, 128, kernel_size=(3, 3), stride=(1, 1), padding=(1, 1), bias=False)
                  (bn): BatchNorm2d(128, eps=0.001, momentum=0.03, affine=True, track_running_stats=True)
                  (act): SiLU(inplace=True)
                )
              )
            )
          )
        )
      )
      (21): Detect(
        (cv2): ModuleList(
          (0): Sequential(
            (0): Conv(
              (conv): Conv2d(256, 64, kernel_size=(3, 3), stride=(1, 1), padding=(1, 1), bias=False)
              (bn): BatchNorm2d(64, eps=0.001, momentum=0.03, affine=True, track_running_stats=True)
              (act): SiLU(inplace=True)
            )
            (1): Conv(
              (conv): Conv2d(64, 64, kernel_size=(3, 3), stride=(1, 1), padding=(1, 1), bias=False)
              (bn): BatchNorm2d(64, eps=0.001, momentum=0.03, affine=True, track_running_stats=True)
              (act): SiLU(inplace=True)
            )
            (2): Conv2d(64, 64, kernel_size=(1, 1), stride=(1, 1))
          )
          (1-2): 2 x Sequential(
            (0): Conv(
              (conv): Conv2d(512, 64, kernel_size=(3, 3), stride=(1, 1), padding=(1, 1), bias=False)
              (bn): BatchNorm2d(64, eps=0.001, momentum=0.03, affine=True, track_running_stats=True)
              (act): SiLU(inplace=True)
            )
            (1): Conv(
              (conv): Conv2d(64, 64, kernel_size=(3, 3), stride=(1, 1), padding=(1, 1), bias=False)
              (bn): BatchNorm2d(64, eps=0.001, momentum=0.03, affine=True, track_running_stats=True)
              (act): SiLU(inplace=True)
            )
            (2): Conv2d(64, 64, kernel_size=(1, 1), stride=(1, 1))
          )
        )
        (cv3): ModuleList(
          (0): Sequential(
            (0): Sequential(
              (0): DWConv(
                (conv): Conv2d(256, 256, kernel_size=(3, 3), stride=(1, 1), padding=(1, 1), groups=256, bias=False)
                (bn): BatchNorm2d(256, eps=0.001, momentum=0.03, affine=True, track_running_stats=True)
                (act): SiLU(inplace=True)
              )
              (1): Conv(
                (conv): Conv2d(256, 256, kernel_size=(1, 1), stride=(1, 1), bias=False)
                (bn): BatchNorm2d(256, eps=0.001, momentum=0.03, affine=True, track_running_stats=True)
                (act): SiLU(inplace=True)
              )
            )
            (1): Sequential(
              (0): DWConv(
                (conv): Conv2d(256, 256, kernel_size=(3, 3), stride=(1, 1), padding=(1, 1), groups=256, bias=False)
                (bn): BatchNorm2d(256, eps=0.001, momentum=0.03, affine=True, track_running_stats=True)
                (act): SiLU(inplace=True)
              )
              (1): Conv(
                (conv): Conv2d(256, 256, kernel_size=(1, 1), stride=(1, 1), bias=False)
                (bn): BatchNorm2d(256, eps=0.001, momentum=0.03, affine=True, track_running_stats=True)
                (act): SiLU(inplace=True)
              )
            )
            (2): Conv2d(256, 10, kernel_size=(1, 1), stride=(1, 1))
          )
          (1-2): 2 x Sequential(
            (0): Sequential(
              (0): DWConv(
                (conv): Conv2d(512, 512, kernel_size=(3, 3), stride=(1, 1), padding=(1, 1), groups=512, bias=False)
                (bn): BatchNorm2d(512, eps=0.001, momentum=0.03, affine=True, track_running_stats=True)
                (act): SiLU(inplace=True)
              )
              (1): Conv(
                (conv): Conv2d(512, 256, kernel_size=(1, 1), stride=(1, 1), bias=False)
                (bn): BatchNorm2d(256, eps=0.001, momentum=0.03, affine=True, track_running_stats=True)
                (act): SiLU(inplace=True)
              )
            )
            (1): Sequential(
              (0): DWConv(
                (conv): Conv2d(256, 256, kernel_size=(3, 3), stride=(1, 1), padding=(1, 1), groups=256, bias=False)
                (bn): BatchNorm2d(256, eps=0.001, momentum=0.03, affine=True, track_running_stats=True)
                (act): SiLU(inplace=True)
              )
              (1): Conv(
                (conv): Conv2d(256, 256, kernel_size=(1, 1), stride=(1, 1), bias=False)
                (bn): BatchNorm2d(256, eps=0.001, momentum=0.03, affine=True, track_running_stats=True)
                (act): SiLU(inplace=True)
              )
            )
            (2): Conv2d(256, 10, kernel_size=(1, 1), stride=(1, 1))
          )
        )
        (dfl): DFL(
          (conv): Conv2d(16, 1, kernel_size=(1, 1), stride=(1, 1), bias=False)
        )
      )
    )
  )
)
[*] Training input tensor shape: torch.Size([16, 3, 384, 640])

[*] FLOPs calculated at resolution: 384x640
| module             | #parameters or shape   | #flops   |
|:-------------------|:-----------------------|:---------|
| model              | 26.453M                | 24.957G  |
| 0                  | 1.856K                 | 0.126G   |
| 0.conv             | 1.728K                 | 0.106G   |
| 0.conv.weight      | (64, 3, 3, 3)          |          |
| 0.bn               | 0.128K                 | 19.661M  |
| 0.bn.weight        | (64,)                  |          |
| 0.bn.bias          | (64,)                  |          |
| 1                  | 37.12K                 | 0.576G   |
| 1.conv             | 36.864K                | 0.566G   |
| 1.conv.weight      | (128, 32, 3, 3)        |          |
| 1.bn               | 0.256K                 | 9.83M    |
| 1.bn.weight        | (128,)                 |          |
| 1.bn.bias          | (128,)                 |          |
| 2                  | 0.174M                 | 2.711G   |
| 2.cv1              | 16.64K                 | 0.261G   |
| 2.cv1.conv         | 16.384K                | 0.252G   |
| 2.cv1.bn           | 0.256K                 | 9.83M    |
| 2.cv2              | 66.048K                | 1.026G   |
| 2.cv2.conv         | 65.536K                | 1.007G   |
| 2.cv2.bn           | 0.512K                 | 19.661M  |
| 2.m                | 91.136K                | 1.423G   |
| 2.m.0              | 45.568K                | 0.712G   |
| 2.m.1              | 45.568K                | 0.712G   |
| 3                  | 0.148M                 | 0.571G   |
| 3.conv             | 0.147M                 | 0.566G   |
| 3.conv.weight      | (256, 64, 3, 3)        |          |
| 3.bn               | 0.512K                 | 4.915M   |
| 3.bn.weight        | (256,)                 |          |
| 3.bn.bias          | (256,)                 |          |
| 4                  | 0.692M                 | 2.677G   |
| 4.cv1              | 66.048K                | 0.257G   |
| 4.cv1.conv         | 65.536K                | 0.252G   |
| 4.cv1.bn           | 0.512K                 | 4.915M   |
| 4.cv2              | 0.263M                 | 1.016G   |
| 4.cv2.conv         | 0.262M                 | 1.007G   |
| 4.cv2.bn           | 1.024K                 | 9.83M    |
| 4.m                | 0.362M                 | 1.404G   |
| 4.m.0              | 0.181M                 | 0.702G   |
| 4.m.1              | 0.181M                 | 0.702G   |
| 5                  | 2.36M                  | 2.267G   |
| 5.conv             | 2.359M                 | 2.265G   |
| 5.conv.weight      | (512, 512, 3, 3)       |          |
| 5.bn               | 1.024K                 | 2.458M   |
| 5.bn.weight        | (512,)                 |          |
| 5.bn.bias          | (512,)                 |          |
| 6                  | 4.54M                  | 4.405G   |
| 6.gamma            | (512,)                 |          |
| 6.cv1              | 0.132M                 | 0.127G   |
| 6.cv1.conv         | 0.131M                 | 0.126G   |
| 6.cv1.bn           | 0.512K                 | 1.229M   |
| 6.cv2              | 0.656M                 | 0.632G   |
| 6.cv2.conv         | 0.655M                 | 0.629G   |
| 6.cv2.bn           | 1.024K                 | 2.458M   |
| 6.m                | 3.752M                 | 3.646G   |
| 6.m.0              | 0.938M                 | 0.912G   |
| 6.m.1              | 0.938M                 | 0.912G   |
| 6.m.2              | 0.938M                 | 0.912G   |
| 6.m.3              | 0.938M                 | 0.912G   |
| 7                  | 2.36M                  | 0.567G   |
| 7.conv             | 2.359M                 | 0.566G   |
| 7.conv.weight      | (512, 512, 3, 3)       |          |
| 7.bn               | 1.024K                 | 0.614M   |
| 7.bn.weight        | (512,)                 |          |
| 7.bn.bias          | (512,)                 |          |
| 8                  | 4.54M                  | 1.101G   |
| 8.gamma            | (512,)                 |          |
| 8.cv1              | 0.132M                 | 31.764M  |
| 8.cv1.conv         | 0.131M                 | 31.457M  |
| 8.cv1.bn           | 0.512K                 | 0.307M   |
| 8.cv2              | 0.656M                 | 0.158G   |
| 8.cv2.conv         | 0.655M                 | 0.157G   |
| 8.cv2.bn           | 1.024K                 | 0.614M   |
| 8.m                | 3.752M                 | 0.912G   |
| 8.m.0              | 0.938M                 | 0.228G   |
| 8.m.1              | 0.938M                 | 0.228G   |
| 8.m.2              | 0.938M                 | 0.228G   |
| 8.m.3              | 0.938M                 | 0.228G   |
| 11                 | 2.103M                 | 2.027G   |
| 11.cv1             | 0.263M                 | 0.253G   |
| 11.cv1.conv        | 0.262M                 | 0.252G   |
| 11.cv1.bn          | 0.512K                 | 1.229M   |
| 11.cv2             | 0.394M                 | 0.38G    |
| 11.cv2.conv        | 0.393M                 | 0.377G   |
| 11.cv2.bn          | 1.024K                 | 2.458M   |
| 11.m               | 1.446M                 | 1.394G   |
| 11.m.0             | 0.723M                 | 0.697G   |
| 11.m.1             | 0.723M                 | 0.697G   |
| 14                 | 0.593M                 | 2.292G   |
| 14.cv1             | 0.131M                 | 0.506G   |
| 14.cv1.conv        | 0.131M                 | 0.503G   |
| 14.cv1.bn          | 0.256K                 | 2.458M   |
| 14.cv2             | 98.816K                | 0.382G   |
| 14.cv2.conv        | 98.304K                | 0.377G   |
| 14.cv2.bn          | 0.512K                 | 4.915M   |
| 14.m               | 0.362M                 | 1.404G   |
| 14.m.0             | 0.181M                 | 0.702G   |
| 14.m.1             | 0.181M                 | 0.702G   |
| 15                 | 0.59M                  | 0.567G   |
| 15.conv            | 0.59M                  | 0.566G   |
| 15.conv.weight     | (256, 256, 3, 3)       |          |
| 15.bn              | 0.512K                 | 1.229M   |
| 15.bn.weight       | (256,)                 |          |
| 15.bn.bias         | (256,)                 |          |
| 17                 | 2.037M                 | 1.964G   |
| 17.cv1             | 0.197M                 | 0.19G    |
| 17.cv1.conv        | 0.197M                 | 0.189G   |
| 17.cv1.bn          | 0.512K                 | 1.229M   |
| 17.cv2             | 0.394M                 | 0.38G    |
| 17.cv2.conv        | 0.393M                 | 0.377G   |
| 17.cv2.bn          | 1.024K                 | 2.458M   |
| 17.m               | 1.446M                 | 1.394G   |
| 17.m.0             | 0.723M                 | 0.697G   |
| 17.m.1             | 0.723M                 | 0.697G   |
| 18                 | 2.36M                  | 0.567G   |
| 18.conv            | 2.359M                 | 0.566G   |
| 18.conv.weight     | (512, 512, 3, 3)       |          |
| 18.bn              | 1.024K                 | 0.614M   |
| 18.bn.weight       | (512,)                 |          |
| 18.bn.bias         | (512,)                 |          |
| 20                 | 2.497M                 | 0.601G   |
| 20.cv1             | 0.525M                 | 0.126G   |
| 20.cv1.conv        | 0.524M                 | 0.126G   |
| 20.cv1.bn          | 1.024K                 | 0.614M   |
| 20.cv2             | 0.525M                 | 0.126G   |
| 20.cv2.conv        | 0.524M                 | 0.126G   |
| 20.cv2.bn          | 1.024K                 | 0.614M   |
| 20.m               | 1.446M                 | 0.348G   |
| 20.m.0             | 0.723M                 | 0.174G   |
| 20.m.1             | 0.723M                 | 0.174G   |
| 21                 | 1.419M                 | 1.935G   |
| 21.cv2             | 0.861M                 | 1.13G    |
| 21.cv2.0           | 0.189M                 | 0.726G   |
| 21.cv2.1           | 0.336M                 | 0.323G   |
| 21.cv2.2           | 0.336M                 | 80.763M  |
| 21.cv3             | 0.558M                 | 0.805G   |
| 21.cv3.0           | 0.14M                  | 0.551G   |
| 21.cv3.1           | 0.209M                 | 0.204G   |
| 21.cv3.2           | 0.209M                 | 50.995M  |
| 21.dfl.conv        | 16                     |          |
| 21.dfl.conv.weight | (1, 16, 1, 1)          |          |
| 9                  |                        | 0.492M   |
| 12                 |                        | 1.966M   |
  MACs  : 24.96 GMACs
  FLOPs : 49.91 GFLOPs
Image sizes 640 train(rect=True), val(rect=True)
Using 16 dataloader workers
Logging results to [1mruns/bdd100k/detect/baseline-yolov12l/train[0m
Starting training for 50 epochs...

           Epoch         GPU_mem        box_loss        cls_loss        dfl_loss       Instances            Size
[rank0]:[W reducer.cpp:1360] Warning: find_unused_parameters=True was specified in DDP constructor, but did not find any unused parameters in the forward pass. This flag results in an extra traversal of the autograd graph every iteration,  which can adversely affect performance. If your model indeed never has any unused parameters in the forward pass, consider turning this flag off. Note that this warning may be a false positive if your model has flow control causing later iterations to have unused parameters. (function operator())
[rank1]:[W reducer.cpp:1360] Warning: find_unused_parameters=True was specified in DDP constructor, but did not find any unused parameters in the forward pass. This flag results in an extra traversal of the autograd graph every iteration,  which can adversely affect performance. If your model indeed never has any unused parameters in the forward pass, consider turning this flag off. Note that this warning may be a false positive if your model has flow control causing later iterations to have unused parameters. (function operator())
/home/hslee/anaconda3/envs/yolov12/lib/python3.11/site-packages/torch/autograd/__init__.py:266: UserWarning: Grad strides do not match bucket view strides. This may indicate grad was not created according to the gradient layout contract, or that the param's strides changed since DDP was constructed.  This is not an error, but may impair performance.
grad.sizes() = [256, 256, 1, 1], strides() = [256, 1, 256, 256]
bucket_view.sizes() = [256, 256, 1, 1], strides() = [256, 1, 1, 1] (Triggered internally at ../torch/csrc/distributed/c10d/reducer.cpp:322.)
  Variable._execution_engine.run_backward(  # Calls into the C++ engine to run the backward pass
/home/hslee/anaconda3/envs/yolov12/lib/python3.11/site-packages/torch/autograd/__init__.py:266: UserWarning: Grad strides do not match bucket view strides. This may indicate grad was not created according to the gradient layout contract, or that the param's strides changed since DDP was constructed.  This is not an error, but may impair performance.
grad.sizes() = [256, 256, 1, 1], strides() = [256, 1, 256, 256]
bucket_view.sizes() = [256, 256, 1, 1], strides() = [256, 1, 1, 1] (Triggered internally at ../torch/csrc/distributed/c10d/reducer.cpp:322.)
  Variable._execution_engine.run_backward(  # Calls into the C++ engine to run the backward pass
Epoch 1/50, Batch 1/2188 (0.0%) - Loss: 145.149, box,cls,dfl: 1.399,1.973,1.164
Epoch 1/50, Batch 219/2188 (10.0%) - Loss: 107.508, box,cls,dfl: 1.407,0.894,1.059
Epoch 1/50, Batch 437/2188 (20.0%) - Loss: 113.188, box,cls,dfl: 1.531,0.957,1.049
Epoch 1/50, Batch 655/2188 (29.9%) - Loss: 94.794, box,cls,dfl: 1.260,0.730,0.972
Epoch 1/50, Batch 873/2188 (39.9%) - Loss: 110.235, box,cls,dfl: 1.431,0.936,1.078
Epoch 1/50, Batch 1091/2188 (49.9%) - Loss: 95.193, box,cls,dfl: 1.262,0.743,0.970
Epoch 1/50, Batch 1309/2188 (59.8%) - Loss: 85.672, box,cls,dfl: 1.080,0.665,0.932
Epoch 1/50, Batch 1527/2188 (69.8%) - Loss: 99.365, box,cls,dfl: 1.279,0.845,0.981
Epoch 1/50, Batch 1745/2188 (79.8%) - Loss: 98.514, box,cls,dfl: 1.304,0.782,0.992
Epoch 1/50, Batch 1963/2188 (89.7%) - Loss: 94.654, box,cls,dfl: 1.235,0.745,0.978
Epoch 1/50, Batch 2181/2188 (99.7%) - Loss: 100.565, box,cls,dfl: 1.325,0.798,1.020
[*] Validation input tensor shape: torch.Size([32, 3, 384, 672])
                 Class     Images  Instances      Box(P          R      mAP50  mAP50-95)
                   all      10000     185578      0.683      0.417      0.456      0.258

           Epoch         GPU_mem        box_loss        cls_loss        dfl_loss       Instances            Size
Epoch 2/50, Batch 1/2188 (0.0%) - Loss: 104.981, box,cls,dfl: 1.360,0.850,1.071
Epoch 2/50, Batch 219/2188 (10.0%) - Loss: 98.012, box,cls,dfl: 1.287,0.773,1.004
Epoch 2/50, Batch 437/2188 (20.0%) - Loss: 115.694, box,cls,dfl: 1.600,0.898,1.117
Epoch 2/50, Batch 655/2188 (29.9%) - Loss: 98.482, box,cls,dfl: 1.301,0.782,0.994
Epoch 2/50, Batch 873/2188 (39.9%) - Loss: 108.079, box,cls,dfl: 1.398,0.891,1.088
Epoch 2/50, Batch 1091/2188 (49.9%) - Loss: 94.995, box,cls,dfl: 1.294,0.727,0.948
Epoch 2/50, Batch 1309/2188 (59.8%) - Loss: 88.830, box,cls,dfl: 1.139,0.680,0.957
Epoch 2/50, Batch 1527/2188 (69.8%) - Loss: 101.560, box,cls,dfl: 1.319,0.829,1.026
Epoch 2/50, Batch 1745/2188 (79.8%) - Loss: 96.675, box,cls,dfl: 1.280,0.758,0.983
Epoch 2/50, Batch 1963/2188 (89.7%) - Loss: 100.604, box,cls,dfl: 1.321,0.837,0.986
Epoch 2/50, Batch 2181/2188 (99.7%) - Loss: 105.996, box,cls,dfl: 1.429,0.781,1.102
[*] Validation input tensor shape: torch.Size([32, 3, 384, 672])
                 Class     Images  Instances      Box(P          R      mAP50  mAP50-95)
                   all      10000     185578      0.662      0.417      0.452      0.252

           Epoch         GPU_mem        box_loss        cls_loss        dfl_loss       Instances            Size
Epoch 3/50, Batch 1/2188 (0.0%) - Loss: 102.701, box,cls,dfl: 1.345,0.801,1.063
Epoch 3/50, Batch 219/2188 (10.0%) - Loss: 104.257, box,cls,dfl: 1.425,0.779,1.054
Epoch 3/50, Batch 437/2188 (20.0%) - Loss: 108.391, box,cls,dfl: 1.484,0.897,1.006
Epoch 3/50, Batch 655/2188 (29.9%) - Loss: 101.247, box,cls,dfl: 1.358,0.794,1.012
Epoch 3/50, Batch 873/2188 (39.9%) - Loss: 108.284, box,cls,dfl: 1.401,0.939,1.044
Epoch 3/50, Batch 1091/2188 (49.9%) - Loss: 94.601, box,cls,dfl: 1.234,0.720,1.003
Epoch 3/50, Batch 1309/2188 (59.8%) - Loss: 96.753, box,cls,dfl: 1.230,0.763,1.030
Epoch 3/50, Batch 1527/2188 (69.8%) - Loss: 104.520, box,cls,dfl: 1.357,0.869,1.040
Epoch 3/50, Batch 1745/2188 (79.8%) - Loss: 103.826, box,cls,dfl: 1.395,0.817,1.032
Epoch 3/50, Batch 1963/2188 (89.7%) - Loss: 105.391, box,cls,dfl: 1.409,0.844,1.040
Epoch 3/50, Batch 2181/2188 (99.7%) - Loss: 104.834, box,cls,dfl: 1.335,0.799,1.141
[*] Validation input tensor shape: torch.Size([32, 3, 384, 672])
                 Class     Images  Instances      Box(P          R      mAP50  mAP50-95)
                   all      10000     185578      0.669      0.416      0.453       0.25

           Epoch         GPU_mem        box_loss        cls_loss        dfl_loss       Instances            Size
Epoch 4/50, Batch 1/2188 (0.0%) - Loss: 103.277, box,cls,dfl: 1.329,0.838,1.060
Epoch 4/50, Batch 219/2188 (10.0%) - Loss: 102.861, box,cls,dfl: 1.349,0.795,1.070
Epoch 4/50, Batch 437/2188 (20.0%) - Loss: 109.753, box,cls,dfl: 1.533,0.882,1.015
Epoch 4/50, Batch 655/2188 (29.9%) - Loss: 99.614, box,cls,dfl: 1.292,0.804,1.017
Epoch 4/50, Batch 873/2188 (39.9%) - Loss: 112.087, box,cls,dfl: 1.477,0.914,1.112
Epoch 4/50, Batch 1091/2188 (49.9%) - Loss: 94.727, box,cls,dfl: 1.260,0.710,0.990
Epoch 4/50, Batch 1309/2188 (59.8%) - Loss: 95.319, box,cls,dfl: 1.255,0.702,1.022
Epoch 4/50, Batch 1527/2188 (69.8%) - Loss: 103.163, box,cls,dfl: 1.339,0.839,1.046
Epoch 4/50, Batch 1745/2188 (79.8%) - Loss: 98.479, box,cls,dfl: 1.315,0.761,1.001
Epoch 4/50, Batch 1963/2188 (89.7%) - Loss: 99.416, box,cls,dfl: 1.316,0.823,0.967
Epoch 4/50, Batch 2181/2188 (99.7%) - Loss: 102.414, box,cls,dfl: 1.356,0.749,1.095
[*] Validation input tensor shape: torch.Size([32, 3, 384, 672])
                 Class     Images  Instances      Box(P          R      mAP50  mAP50-95)
                   all      10000     185578       0.68      0.416      0.456      0.254

           Epoch         GPU_mem        box_loss        cls_loss        dfl_loss       Instances            Size
Epoch 5/50, Batch 1/2188 (0.0%) - Loss: 100.508, box,cls,dfl: 1.335,0.783,1.023
Epoch 5/50, Batch 219/2188 (10.0%) - Loss: 102.288, box,cls,dfl: 1.400,0.803,0.993
Epoch 5/50, Batch 437/2188 (20.0%) - Loss: 107.532, box,cls,dfl: 1.489,0.845,1.026
Epoch 5/50, Batch 655/2188 (29.9%) - Loss: 95.655, box,cls,dfl: 1.272,0.726,0.992
Epoch 5/50, Batch 873/2188 (39.9%) - Loss: 108.143, box,cls,dfl: 1.416,0.881,1.082
Epoch 5/50, Batch 1091/2188 (49.9%) - Loss: 95.062, box,cls,dfl: 1.267,0.690,1.014
Epoch 5/50, Batch 1309/2188 (59.8%) - Loss: 90.564, box,cls,dfl: 1.184,0.655,0.991
Epoch 5/50, Batch 1527/2188 (69.8%) - Loss: 105.035, box,cls,dfl: 1.359,0.881,1.041
Epoch 5/50, Batch 1745/2188 (79.8%) - Loss: 100.345, box,cls,dfl: 1.378,0.738,1.020
Epoch 5/50, Batch 1963/2188 (89.7%) - Loss: 96.095, box,cls,dfl: 1.257,0.749,0.997
Epoch 5/50, Batch 2181/2188 (99.7%) - Loss: 102.997, box,cls,dfl: 1.372,0.747,1.099
[*] Validation input tensor shape: torch.Size([32, 3, 384, 672])
                 Class     Images  Instances      Box(P          R      mAP50  mAP50-95)
                   all      10000     185578      0.674      0.423      0.465      0.261

           Epoch         GPU_mem        box_loss        cls_loss        dfl_loss       Instances            Size
Epoch 6/50, Batch 1/2188 (0.0%) - Loss: 97.596, box,cls,dfl: 1.290,0.744,1.016
Epoch 6/50, Batch 219/2188 (10.0%) - Loss: 96.926, box,cls,dfl: 1.291,0.705,1.032
Epoch 6/50, Batch 437/2188 (20.0%) - Loss: 107.702, box,cls,dfl: 1.512,0.844,1.010
Epoch 6/50, Batch 655/2188 (29.9%) - Loss: 94.508, box,cls,dfl: 1.249,0.708,0.996
Epoch 6/50, Batch 873/2188 (39.9%) - Loss: 110.537, box,cls,dfl: 1.458,0.852,1.144
Epoch 6/50, Batch 1091/2188 (49.9%) - Loss: 90.700, box,cls,dfl: 1.217,0.663,0.954
Epoch 6/50, Batch 1309/2188 (59.8%) - Loss: 96.676, box,cls,dfl: 1.288,0.711,1.022
Epoch 6/50, Batch 1527/2188 (69.8%) - Loss: 98.426, box,cls,dfl: 1.274,0.809,0.993
Epoch 6/50, Batch 1745/2188 (79.8%) - Loss: 90.929, box,cls,dfl: 1.187,0.689,0.965
Epoch 6/50, Batch 1963/2188 (89.7%) - Loss: 97.447, box,cls,dfl: 1.284,0.759,1.003
Epoch 6/50, Batch 2181/2188 (99.7%) - Loss: 102.053, box,cls,dfl: 1.373,0.739,1.077
[*] Validation input tensor shape: torch.Size([32, 3, 384, 672])
                 Class     Images  Instances      Box(P          R      mAP50  mAP50-95)
                   all      10000     185578      0.686      0.435      0.475      0.265

           Epoch         GPU_mem        box_loss        cls_loss        dfl_loss       Instances            Size
Epoch 7/50, Batch 1/2188 (0.0%) - Loss: 98.893, box,cls,dfl: 1.336,0.744,1.010
Epoch 7/50, Batch 219/2188 (10.0%) - Loss: 97.750, box,cls,dfl: 1.337,0.743,0.975
Epoch 7/50, Batch 437/2188 (20.0%) - Loss: 103.148, box,cls,dfl: 1.443,0.801,0.979
Epoch 7/50, Batch 655/2188 (29.9%) - Loss: 91.461, box,cls,dfl: 1.222,0.681,0.955
Epoch 7/50, Batch 873/2188 (39.9%) - Loss: 104.941, box,cls,dfl: 1.398,0.836,1.045
Epoch 7/50, Batch 1091/2188 (49.9%) - Loss: 90.146, box,cls,dfl: 1.209,0.663,0.945
Epoch 7/50, Batch 1309/2188 (59.8%) - Loss: 89.810, box,cls,dfl: 1.167,0.652,0.987
Epoch 7/50, Batch 1527/2188 (69.8%) - Loss: 97.712, box,cls,dfl: 1.268,0.779,1.006
Epoch 7/50, Batch 1745/2188 (79.8%) - Loss: 92.858, box,cls,dfl: 1.245,0.685,0.972
Epoch 7/50, Batch 1963/2188 (89.7%) - Loss: 98.134, box,cls,dfl: 1.323,0.769,0.975
Epoch 7/50, Batch 2181/2188 (99.7%) - Loss: 104.358, box,cls,dfl: 1.406,0.762,1.093
[*] Validation input tensor shape: torch.Size([32, 3, 384, 672])
                 Class     Images  Instances      Box(P          R      mAP50  mAP50-95)
                   all      10000     185578      0.703      0.446      0.493      0.277

           Epoch         GPU_mem        box_loss        cls_loss        dfl_loss       Instances            Size
Epoch 8/50, Batch 1/2188 (0.0%) - Loss: 96.977, box,cls,dfl: 1.284,0.729,1.018
Epoch 8/50, Batch 219/2188 (10.0%) - Loss: 95.308, box,cls,dfl: 1.285,0.693,1.000
Epoch 8/50, Batch 437/2188 (20.0%) - Loss: 105.975, box,cls,dfl: 1.471,0.806,1.035
Epoch 8/50, Batch 655/2188 (29.9%) - Loss: 90.663, box,cls,dfl: 1.200,0.664,0.969
Epoch 8/50, Batch 873/2188 (39.9%) - Loss: 107.017, box,cls,dfl: 1.415,0.869,1.060
Epoch 8/50, Batch 1091/2188 (49.9%) - Loss: 92.974, box,cls,dfl: 1.242,0.668,0.996
Epoch 8/50, Batch 1309/2188 (59.8%) - Loss: 90.171, box,cls,dfl: 1.183,0.659,0.975
Epoch 8/50, Batch 1527/2188 (69.8%) - Loss: 100.959, box,cls,dfl: 1.306,0.827,1.022
Epoch 8/50, Batch 1745/2188 (79.8%) - Loss: 95.771, box,cls,dfl: 1.300,0.676,1.017
Epoch 8/50, Batch 1963/2188 (89.7%) - Loss: 95.067, box,cls,dfl: 1.269,0.721,0.981
Epoch 8/50, Batch 2181/2188 (99.7%) - Loss: 100.217, box,cls,dfl: 1.344,0.725,1.062
[*] Validation input tensor shape: torch.Size([32, 3, 384, 672])
                 Class     Images  Instances      Box(P          R      mAP50  mAP50-95)
                   all      10000     185578      0.686      0.455      0.493      0.278

           Epoch         GPU_mem        box_loss        cls_loss        dfl_loss       Instances            Size
Epoch 9/50, Batch 1/2188 (0.0%) - Loss: 92.153, box,cls,dfl: 1.190,0.724,0.966
Epoch 9/50, Batch 219/2188 (10.0%) - Loss: 100.601, box,cls,dfl: 1.367,0.735,1.042
Epoch 9/50, Batch 437/2188 (20.0%) - Loss: 106.091, box,cls,dfl: 1.521,0.771,1.023
Epoch 9/50, Batch 655/2188 (29.9%) - Loss: 89.326, box,cls,dfl: 1.175,0.674,0.942
Epoch 9/50, Batch 873/2188 (39.9%) - Loss: 106.197, box,cls,dfl: 1.432,0.834,1.053
Epoch 9/50, Batch 1091/2188 (49.9%) - Loss: 91.619, box,cls,dfl: 1.234,0.649,0.980
Epoch 9/50, Batch 1309/2188 (59.8%) - Loss: 88.333, box,cls,dfl: 1.131,0.652,0.978
Epoch 9/50, Batch 1527/2188 (69.8%) - Loss: 95.104, box,cls,dfl: 1.241,0.777,0.954
Epoch 9/50, Batch 1745/2188 (79.8%) - Loss: 93.557, box,cls,dfl: 1.241,0.697,0.986
Epoch 9/50, Batch 1963/2188 (89.7%) - Loss: 87.832, box,cls,dfl: 1.126,0.671,0.947
Epoch 9/50, Batch 2181/2188 (99.7%) - Loss: 100.267, box,cls,dfl: 1.344,0.725,1.065
[*] Validation input tensor shape: torch.Size([32, 3, 384, 672])
                 Class     Images  Instances      Box(P          R      mAP50  mAP50-95)
                   all      10000     185578      0.704       0.46      0.508      0.286

           Epoch         GPU_mem        box_loss        cls_loss        dfl_loss       Instances            Size
Epoch 10/50, Batch 1/2188 (0.0%) - Loss: 95.690, box,cls,dfl: 1.234,0.726,1.030
Epoch 10/50, Batch 219/2188 (10.0%) - Loss: 97.941, box,cls,dfl: 1.300,0.711,1.049
Epoch 10/50, Batch 437/2188 (20.0%) - Loss: 104.383, box,cls,dfl: 1.479,0.744,1.039
Epoch 10/50, Batch 655/2188 (29.9%) - Loss: 94.799, box,cls,dfl: 1.264,0.692,1.006
Epoch 10/50, Batch 873/2188 (39.9%) - Loss: 104.825, box,cls,dfl: 1.342,0.872,1.062
Epoch 10/50, Batch 1091/2188 (49.9%) - Loss: 92.068, box,cls,dfl: 1.211,0.682,0.984
Epoch 10/50, Batch 1309/2188 (59.8%) - Loss: 91.146, box,cls,dfl: 1.178,0.677,0.993
Epoch 10/50, Batch 1527/2188 (69.8%) - Loss: 95.393, box,cls,dfl: 1.240,0.759,0.982
Epoch 10/50, Batch 1745/2188 (79.8%) - Loss: 92.441, box,cls,dfl: 1.232,0.667,0.990
Epoch 10/50, Batch 1963/2188 (89.7%) - Loss: 92.527, box,cls,dfl: 1.207,0.680,1.004
Epoch 10/50, Batch 2181/2188 (99.7%) - Loss: 100.856, box,cls,dfl: 1.346,0.743,1.063
[*] Validation input tensor shape: torch.Size([32, 3, 384, 672])
                 Class     Images  Instances      Box(P          R      mAP50  mAP50-95)
                   all      10000     185578      0.714      0.461      0.511      0.288

           Epoch         GPU_mem        box_loss        cls_loss        dfl_loss       Instances            Size
Epoch 11/50, Batch 1/2188 (0.0%) - Loss: 91.040, box,cls,dfl: 1.186,0.675,0.985
Epoch 11/50, Batch 219/2188 (10.0%) - Loss: 101.169, box,cls,dfl: 1.413,0.731,1.017
Epoch 11/50, Batch 437/2188 (20.0%) - Loss: 102.792, box,cls,dfl: 1.461,0.782,0.969
Epoch 11/50, Batch 655/2188 (29.9%) - Loss: 90.406, box,cls,dfl: 1.210,0.660,0.955
Epoch 11/50, Batch 873/2188 (39.9%) - Loss: 104.802, box,cls,dfl: 1.407,0.772,1.096
Epoch 11/50, Batch 1091/2188 (49.9%) - Loss: 89.774, box,cls,dfl: 1.216,0.655,0.935
Epoch 11/50, Batch 1309/2188 (59.8%) - Loss: 87.257, box,cls,dfl: 1.127,0.622,0.977
Epoch 11/50, Batch 1527/2188 (69.8%) - Loss: 96.889, box,cls,dfl: 1.257,0.785,0.986
Epoch 11/50, Batch 1745/2188 (79.8%) - Loss: 92.108, box,cls,dfl: 1.225,0.650,1.004
Epoch 11/50, Batch 1963/2188 (89.7%) - Loss: 92.162, box,cls,dfl: 1.208,0.701,0.971
Epoch 11/50, Batch 2181/2188 (99.7%) - Loss: 98.134, box,cls,dfl: 1.290,0.684,1.093
[*] Validation input tensor shape: torch.Size([32, 3, 384, 672])
                 Class     Images  Instances      Box(P          R      mAP50  mAP50-95)
                   all      10000     185578      0.702      0.468      0.512       0.29

           Epoch         GPU_mem        box_loss        cls_loss        dfl_loss       Instances            Size
Epoch 12/50, Batch 1/2188 (0.0%) - Loss: 92.167, box,cls,dfl: 1.212,0.690,0.978
Epoch 12/50, Batch 219/2188 (10.0%) - Loss: 95.518, box,cls,dfl: 1.283,0.698,1.004
Epoch 12/50, Batch 437/2188 (20.0%) - Loss: 103.434, box,cls,dfl: 1.455,0.754,1.023
Epoch 12/50, Batch 655/2188 (29.9%) - Loss: 89.306, box,cls,dfl: 1.173,0.658,0.960
Epoch 12/50, Batch 873/2188 (39.9%) - Loss: 105.463, box,cls,dfl: 1.342,0.826,1.128
Epoch 12/50, Batch 1091/2188 (49.9%) - Loss: 89.676, box,cls,dfl: 1.220,0.619,0.963
Epoch 12/50, Batch 1309/2188 (59.8%) - Loss: 89.322, box,cls,dfl: 1.135,0.665,0.991
Epoch 12/50, Batch 1527/2188 (69.8%) - Loss: 95.043, box,cls,dfl: 1.251,0.740,0.979
Epoch 12/50, Batch 1745/2188 (79.8%) - Loss: 93.504, box,cls,dfl: 1.256,0.671,0.994
Epoch 12/50, Batch 1963/2188 (89.7%) - Loss: 93.586, box,cls,dfl: 1.218,0.724,0.982
Epoch 12/50, Batch 2181/2188 (99.7%) - Loss: 98.464, box,cls,dfl: 1.321,0.715,1.041
[*] Validation input tensor shape: torch.Size([32, 3, 384, 672])
                 Class     Images  Instances      Box(P          R      mAP50  mAP50-95)
                   all      10000     185578      0.708      0.468      0.514      0.293

           Epoch         GPU_mem        box_loss        cls_loss        dfl_loss       Instances            Size
Epoch 13/50, Batch 1/2188 (0.0%) - Loss: 98.058, box,cls,dfl: 1.291,0.740,1.033
Epoch 13/50, Batch 219/2188 (10.0%) - Loss: 97.224, box,cls,dfl: 1.331,0.687,1.020
Epoch 13/50, Batch 437/2188 (20.0%) - Loss: 100.801, box,cls,dfl: 1.402,0.745,1.003
Epoch 13/50, Batch 655/2188 (29.9%) - Loss: 91.083, box,cls,dfl: 1.239,0.652,0.955
Epoch 13/50, Batch 873/2188 (39.9%) - Loss: 102.220, box,cls,dfl: 1.366,0.768,1.060
Epoch 13/50, Batch 1091/2188 (49.9%) - Loss: 89.952, box,cls,dfl: 1.227,0.614,0.970
Epoch 13/50, Batch 1309/2188 (59.8%) - Loss: 89.256, box,cls,dfl: 1.155,0.613,1.021
Epoch 13/50, Batch 1527/2188 (69.8%) - Loss: 94.605, box,cls,dfl: 1.252,0.714,0.990
Epoch 13/50, Batch 1745/2188 (79.8%) - Loss: 94.968, box,cls,dfl: 1.273,0.692,1.002
Epoch 13/50, Batch 1963/2188 (89.7%) - Loss: 91.261, box,cls,dfl: 1.210,0.678,0.964
Epoch 13/50, Batch 2181/2188 (99.7%) - Loss: 97.496, box,cls,dfl: 1.311,0.690,1.046
[*] Validation input tensor shape: torch.Size([32, 3, 384, 672])
                 Class     Images  Instances      Box(P          R      mAP50  mAP50-95)
                   all      10000     185578      0.718      0.471      0.522      0.298

           Epoch         GPU_mem        box_loss        cls_loss        dfl_loss       Instances            Size
Epoch 14/50, Batch 1/2188 (0.0%) - Loss: 93.852, box,cls,dfl: 1.228,0.699,1.005
Epoch 14/50, Batch 219/2188 (10.0%) - Loss: 95.795, box,cls,dfl: 1.288,0.681,1.025
Epoch 14/50, Batch 437/2188 (20.0%) - Loss: 102.650, box,cls,dfl: 1.427,0.771,1.010
Epoch 14/50, Batch 655/2188 (29.9%) - Loss: 88.273, box,cls,dfl: 1.157,0.651,0.951
Epoch 14/50, Batch 873/2188 (39.9%) - Loss: 104.717, box,cls,dfl: 1.429,0.768,1.076
Epoch 14/50, Batch 1091/2188 (49.9%) - Loss: 90.227, box,cls,dfl: 1.217,0.635,0.967
Epoch 14/50, Batch 1309/2188 (59.8%) - Loss: 89.399, box,cls,dfl: 1.160,0.643,0.991
Epoch 14/50, Batch 1527/2188 (69.8%) - Loss: 94.055, box,cls,dfl: 1.253,0.716,0.970
Epoch 14/50, Batch 1745/2188 (79.8%) - Loss: 87.909, box,cls,dfl: 1.189,0.611,0.947
Epoch 14/50, Batch 1963/2188 (89.7%) - Loss: 96.071, box,cls,dfl: 1.282,0.721,0.999
Epoch 14/50, Batch 2181/2188 (99.7%) - Loss: 97.901, box,cls,dfl: 1.298,0.696,1.065
[*] Validation input tensor shape: torch.Size([32, 3, 384, 672])
                 Class     Images  Instances      Box(P          R      mAP50  mAP50-95)
                   all      10000     185578      0.724      0.474      0.526      0.301

           Epoch         GPU_mem        box_loss        cls_loss        dfl_loss       Instances            Size
Epoch 15/50, Batch 1/2188 (0.0%) - Loss: 94.163, box,cls,dfl: 1.237,0.697,1.009
Epoch 15/50, Batch 219/2188 (10.0%) - Loss: 99.636, box,cls,dfl: 1.350,0.718,1.046
Epoch 15/50, Batch 437/2188 (20.0%) - Loss: 103.630, box,cls,dfl: 1.442,0.785,1.011
Epoch 15/50, Batch 655/2188 (29.9%) - Loss: 88.522, box,cls,dfl: 1.196,0.624,0.946
Epoch 15/50, Batch 873/2188 (39.9%) - Loss: 99.706, box,cls,dfl: 1.311,0.787,1.017
Epoch 15/50, Batch 1091/2188 (49.9%) - Loss: 87.921, box,cls,dfl: 1.164,0.632,0.952
Epoch 15/50, Batch 1309/2188 (59.8%) - Loss: 84.251, box,cls,dfl: 1.126,0.582,0.925
Epoch 15/50, Batch 1527/2188 (69.8%) - Loss: 90.262, box,cls,dfl: 1.220,0.659,0.941
Epoch 15/50, Batch 1745/2188 (79.8%) - Loss: 92.915, box,cls,dfl: 1.259,0.674,0.970
Epoch 15/50, Batch 1963/2188 (89.7%) - Loss: 89.857, box,cls,dfl: 1.185,0.628,0.994
Epoch 15/50, Batch 2181/2188 (99.7%) - Loss: 96.094, box,cls,dfl: 1.265,0.698,1.040
[*] Validation input tensor shape: torch.Size([32, 3, 384, 672])
                 Class     Images  Instances      Box(P          R      mAP50  mAP50-95)
                   all      10000     185578      0.734      0.477      0.529      0.302

           Epoch         GPU_mem        box_loss        cls_loss        dfl_loss       Instances            Size
Epoch 16/50, Batch 1/2188 (0.0%) - Loss: 93.820, box,cls,dfl: 1.233,0.679,1.019
Epoch 16/50, Batch 219/2188 (10.0%) - Loss: 93.556, box,cls,dfl: 1.232,0.673,1.019
Epoch 16/50, Batch 437/2188 (20.0%) - Loss: 100.250, box,cls,dfl: 1.418,0.714,1.001
Epoch 16/50, Batch 655/2188 (29.9%) - Loss: 87.943, box,cls,dfl: 1.162,0.623,0.964
Epoch 16/50, Batch 873/2188 (39.9%) - Loss: 101.213, box,cls,dfl: 1.310,0.801,1.052
Epoch 16/50, Batch 1091/2188 (49.9%) - Loss: 85.220, box,cls,dfl: 1.118,0.606,0.938
Epoch 16/50, Batch 1309/2188 (59.8%) - Loss: 83.926, box,cls,dfl: 1.080,0.589,0.954
Epoch 16/50, Batch 1527/2188 (69.8%) - Loss: 92.808, box,cls,dfl: 1.223,0.683,0.995
Epoch 16/50, Batch 1745/2188 (79.8%) - Loss: 93.176, box,cls,dfl: 1.243,0.686,0.983
Epoch 16/50, Batch 1963/2188 (89.7%) - Loss: 85.424, box,cls,dfl: 1.113,0.597,0.960
Epoch 16/50, Batch 2181/2188 (99.7%) - Loss: 92.031, box,cls,dfl: 1.201,0.681,0.994
[*] Validation input tensor shape: torch.Size([32, 3, 384, 672])
                 Class     Images  Instances      Box(P          R      mAP50  mAP50-95)
                   all      10000     185578      0.734      0.486      0.537      0.306

           Epoch         GPU_mem        box_loss        cls_loss        dfl_loss       Instances            Size
Epoch 17/50, Batch 1/2188 (0.0%) - Loss: 97.815, box,cls,dfl: 1.305,0.720,1.032
Epoch 17/50, Batch 219/2188 (10.0%) - Loss: 91.477, box,cls,dfl: 1.238,0.645,0.975
Epoch 17/50, Batch 437/2188 (20.0%) - Loss: 100.830, box,cls,dfl: 1.440,0.732,0.978
Epoch 17/50, Batch 655/2188 (29.9%) - Loss: 92.012, box,cls,dfl: 1.251,0.655,0.970
Epoch 17/50, Batch 873/2188 (39.9%) - Loss: 99.487, box,cls,dfl: 1.299,0.765,1.045
Epoch 17/50, Batch 1091/2188 (49.9%) - Loss: 86.007, box,cls,dfl: 1.128,0.619,0.941
Epoch 17/50, Batch 1309/2188 (59.8%) - Loss: 83.259, box,cls,dfl: 1.058,0.594,0.950
Epoch 17/50, Batch 1527/2188 (69.8%) - Loss: 91.324, box,cls,dfl: 1.197,0.709,0.947
Epoch 17/50, Batch 1745/2188 (79.8%) - Loss: 91.843, box,cls,dfl: 1.253,0.648,0.969
Epoch 17/50, Batch 1963/2188 (89.7%) - Loss: 96.808, box,cls,dfl: 1.314,0.705,1.006
Epoch 17/50, Batch 2181/2188 (99.7%) - Loss: 94.114, box,cls,dfl: 1.257,0.668,1.016
[*] Validation input tensor shape: torch.Size([32, 3, 384, 672])
                 Class     Images  Instances      Box(P          R      mAP50  mAP50-95)
                   all      10000     185578      0.727      0.484      0.536      0.308

           Epoch         GPU_mem        box_loss        cls_loss        dfl_loss       Instances            Size
Epoch 18/50, Batch 1/2188 (0.0%) - Loss: 90.359, box,cls,dfl: 1.163,0.677,0.984
Epoch 18/50, Batch 219/2188 (10.0%) - Loss: 95.506, box,cls,dfl: 1.299,0.676,1.009
Epoch 18/50, Batch 437/2188 (20.0%) - Loss: 100.455, box,cls,dfl: 1.418,0.703,1.019
Epoch 18/50, Batch 655/2188 (29.9%) - Loss: 89.387, box,cls,dfl: 1.221,0.611,0.961
Epoch 18/50, Batch 873/2188 (39.9%) - Loss: 97.400, box,cls,dfl: 1.263,0.774,1.007
Epoch 18/50, Batch 1091/2188 (49.9%) - Loss: 84.230, box,cls,dfl: 1.115,0.588,0.929
Epoch 18/50, Batch 1309/2188 (59.8%) - Loss: 85.787, box,cls,dfl: 1.115,0.591,0.975
Epoch 18/50, Batch 1527/2188 (69.8%) - Loss: 93.599, box,cls,dfl: 1.265,0.663,0.997
Epoch 18/50, Batch 1745/2188 (79.8%) - Loss: 94.153, box,cls,dfl: 1.277,0.656,1.009
Epoch 18/50, Batch 1963/2188 (89.7%) - Loss: 89.057, box,cls,dfl: 1.118,0.705,0.960
Epoch 18/50, Batch 2181/2188 (99.7%) - Loss: 93.592, box,cls,dfl: 1.231,0.687,1.006
[*] Validation input tensor shape: torch.Size([32, 3, 384, 672])
                 Class     Images  Instances      Box(P          R      mAP50  mAP50-95)
                   all      10000     185578       0.73      0.488      0.543       0.31

           Epoch         GPU_mem        box_loss        cls_loss        dfl_loss       Instances            Size
Epoch 19/50, Batch 1/2188 (0.0%) - Loss: 90.484, box,cls,dfl: 1.180,0.655,0.993
Epoch 19/50, Batch 219/2188 (10.0%) - Loss: 93.445, box,cls,dfl: 1.264,0.677,0.979
Epoch 19/50, Batch 437/2188 (20.0%) - Loss: 95.785, box,cls,dfl: 1.341,0.715,0.938
Epoch 19/50, Batch 655/2188 (29.9%) - Loss: 90.307, box,cls,dfl: 1.209,0.646,0.967
Epoch 19/50, Batch 873/2188 (39.9%) - Loss: 101.378, box,cls,dfl: 1.331,0.758,1.080
Epoch 19/50, Batch 1091/2188 (49.9%) - Loss: 86.997, box,cls,dfl: 1.186,0.585,0.949
Epoch 19/50, Batch 1309/2188 (59.8%) - Loss: 88.530, box,cls,dfl: 1.179,0.626,0.961
Epoch 19/50, Batch 1527/2188 (69.8%) - Loss: 90.742, box,cls,dfl: 1.198,0.668,0.969
Epoch 19/50, Batch 1745/2188 (79.8%) - Loss: 90.770, box,cls,dfl: 1.233,0.612,0.992
Epoch 19/50, Batch 1963/2188 (89.7%) - Loss: 87.597, box,cls,dfl: 1.140,0.654,0.943
Epoch 19/50, Batch 2181/2188 (99.7%) - Loss: 93.145, box,cls,dfl: 1.271,0.627,1.013
[*] Validation input tensor shape: torch.Size([32, 3, 384, 672])
                 Class     Images  Instances      Box(P          R      mAP50  mAP50-95)
                   all      10000     185578      0.735      0.487      0.544      0.313

           Epoch         GPU_mem        box_loss        cls_loss        dfl_loss       Instances            Size
Epoch 20/50, Batch 1/2188 (0.0%) - Loss: 93.741, box,cls,dfl: 1.237,0.703,0.989
Epoch 20/50, Batch 219/2188 (10.0%) - Loss: 99.610, box,cls,dfl: 1.338,0.714,1.062
Epoch 20/50, Batch 437/2188 (20.0%) - Loss: 99.395, box,cls,dfl: 1.421,0.698,0.987
Epoch 20/50, Batch 655/2188 (29.9%) - Loss: 86.961, box,cls,dfl: 1.142,0.635,0.940
Epoch 20/50, Batch 873/2188 (39.9%) - Loss: 101.252, box,cls,dfl: 1.341,0.760,1.064
Epoch 20/50, Batch 1091/2188 (49.9%) - Loss: 87.901, box,cls,dfl: 1.180,0.593,0.974
Epoch 20/50, Batch 1309/2188 (59.8%) - Loss: 85.371, box,cls,dfl: 1.087,0.612,0.969
Epoch 20/50, Batch 1527/2188 (69.8%) - Loss: 90.717, box,cls,dfl: 1.196,0.677,0.962
Epoch 20/50, Batch 1745/2188 (79.8%) - Loss: 87.222, box,cls,dfl: 1.171,0.593,0.962
Epoch 20/50, Batch 1963/2188 (89.7%) - Loss: 92.196, box,cls,dfl: 1.238,0.635,1.008
Epoch 20/50, Batch 2181/2188 (99.7%) - Loss: 94.846, box,cls,dfl: 1.276,0.678,1.010
[*] Validation input tensor shape: torch.Size([32, 3, 384, 672])
                 Class     Images  Instances      Box(P          R      mAP50  mAP50-95)
                   all      10000     185578      0.733       0.49      0.543      0.313

           Epoch         GPU_mem        box_loss        cls_loss        dfl_loss       Instances            Size
Epoch 21/50, Batch 1/2188 (0.0%) - Loss: 87.510, box,cls,dfl: 1.153,0.634,0.947
Epoch 21/50, Batch 219/2188 (10.0%) - Loss: 96.089, box,cls,dfl: 1.296,0.671,1.035
Epoch 21/50, Batch 437/2188 (20.0%) - Loss: 99.251, box,cls,dfl: 1.400,0.721,0.981
Epoch 21/50, Batch 655/2188 (29.9%) - Loss: 86.875, box,cls,dfl: 1.150,0.632,0.933
Epoch 21/50, Batch 873/2188 (39.9%) - Loss: 94.391, box,cls,dfl: 1.235,0.700,1.015
Epoch 21/50, Batch 1091/2188 (49.9%) - Loss: 85.449, box,cls,dfl: 1.151,0.588,0.932
Epoch 21/50, Batch 1309/2188 (59.8%) - Loss: 85.554, box,cls,dfl: 1.087,0.606,0.980
Epoch 21/50, Batch 1527/2188 (69.8%) - Loss: 90.772, box,cls,dfl: 1.191,0.688,0.958
Epoch 21/50, Batch 1745/2188 (79.8%) - Loss: 88.613, box,cls,dfl: 1.199,0.630,0.940
Epoch 21/50, Batch 1963/2188 (89.7%) - Loss: 87.438, box,cls,dfl: 1.168,0.633,0.931
Epoch 21/50, Batch 2181/2188 (99.7%) - Loss: 95.582, box,cls,dfl: 1.310,0.639,1.038
[*] Validation input tensor shape: torch.Size([32, 3, 384, 672])
                 Class     Images  Instances      Box(P          R      mAP50  mAP50-95)
                   all      10000     185578      0.637      0.494      0.545      0.315

           Epoch         GPU_mem        box_loss        cls_loss        dfl_loss       Instances            Size
Epoch 22/50, Batch 1/2188 (0.0%) - Loss: 92.995, box,cls,dfl: 1.238,0.670,0.998
Epoch 22/50, Batch 219/2188 (10.0%) - Loss: 90.197, box,cls,dfl: 1.231,0.632,0.956
Epoch 22/50, Batch 437/2188 (20.0%) - Loss: 97.792, box,cls,dfl: 1.381,0.687,0.988
Epoch 22/50, Batch 655/2188 (29.9%) - Loss: 87.551, box,cls,dfl: 1.175,0.616,0.944
Epoch 22/50, Batch 873/2188 (39.9%) - Loss: 101.048, box,cls,dfl: 1.367,0.721,1.070
Epoch 22/50, Batch 1091/2188 (49.9%) - Loss: 85.212, box,cls,dfl: 1.154,0.569,0.940
Epoch 22/50, Batch 1309/2188 (59.8%) - Loss: 88.847, box,cls,dfl: 1.149,0.644,0.983
Epoch 22/50, Batch 1527/2188 (69.8%) - Loss: 96.418, box,cls,dfl: 1.275,0.717,1.021
Epoch 22/50, Batch 1745/2188 (79.8%) - Loss: 90.047, box,cls,dfl: 1.211,0.616,0.987
Epoch 22/50, Batch 1963/2188 (89.7%) - Loss: 90.495, box,cls,dfl: 1.199,0.667,0.962
Epoch 22/50, Batch 2181/2188 (99.7%) - Loss: 92.098, box,cls,dfl: 1.227,0.651,1.000
[*] Validation input tensor shape: torch.Size([32, 3, 384, 672])
                 Class     Images  Instances      Box(P          R      mAP50  mAP50-95)
                   all      10000     185578      0.731      0.502      0.549      0.317

           Epoch         GPU_mem        box_loss        cls_loss        dfl_loss       Instances            Size
Epoch 23/50, Batch 1/2188 (0.0%) - Loss: 89.162, box,cls,dfl: 1.177,0.627,0.982
Epoch 23/50, Batch 219/2188 (10.0%) - Loss: 92.059, box,cls,dfl: 1.258,0.639,0.980
Epoch 23/50, Batch 437/2188 (20.0%) - Loss: 103.186, box,cls,dfl: 1.438,0.737,1.049
Epoch 23/50, Batch 655/2188 (29.9%) - Loss: 86.790, box,cls,dfl: 1.176,0.596,0.941
Epoch 23/50, Batch 873/2188 (39.9%) - Loss: 95.897, box,cls,dfl: 1.274,0.742,0.981
Epoch 23/50, Batch 1091/2188 (49.9%) - Loss: 84.741, box,cls,dfl: 1.124,0.588,0.937
Epoch 23/50, Batch 1309/2188 (59.8%) - Loss: 86.886, box,cls,dfl: 1.127,0.595,0.993
Epoch 23/50, Batch 1527/2188 (69.8%) - Loss: 89.548, box,cls,dfl: 1.177,0.665,0.957
Epoch 23/50, Batch 1745/2188 (79.8%) - Loss: 88.904, box,cls,dfl: 1.190,0.615,0.973
Epoch 23/50, Batch 1963/2188 (89.7%) - Loss: 89.080, box,cls,dfl: 1.184,0.641,0.959
Epoch 23/50, Batch 2181/2188 (99.7%) - Loss: 92.003, box,cls,dfl: 1.235,0.643,0.996
[*] Validation input tensor shape: torch.Size([32, 3, 384, 672])
                 Class     Images  Instances      Box(P          R      mAP50  mAP50-95)
                   all      10000     185578      0.731      0.497      0.549      0.318

           Epoch         GPU_mem        box_loss        cls_loss        dfl_loss       Instances            Size
Epoch 24/50, Batch 1/2188 (0.0%) - Loss: 89.804, box,cls,dfl: 1.177,0.644,0.985
Epoch 24/50, Batch 219/2188 (10.0%) - Loss: 92.686, box,cls,dfl: 1.266,0.623,1.007
Epoch 24/50, Batch 437/2188 (20.0%) - Loss: 98.081, box,cls,dfl: 1.383,0.705,0.976
Epoch 24/50, Batch 655/2188 (29.9%) - Loss: 83.910, box,cls,dfl: 1.115,0.573,0.934
Epoch 24/50, Batch 873/2188 (39.9%) - Loss: 102.375, box,cls,dfl: 1.336,0.801,1.062
Epoch 24/50, Batch 1091/2188 (49.9%) - Loss: 88.303, box,cls,dfl: 1.176,0.612,0.971
Epoch 24/50, Batch 1309/2188 (59.8%) - Loss: 86.662, box,cls,dfl: 1.116,0.617,0.975
Epoch 24/50, Batch 1527/2188 (69.8%) - Loss: 94.220, box,cls,dfl: 1.263,0.703,0.978
Epoch 24/50, Batch 1745/2188 (79.8%) - Loss: 87.932, box,cls,dfl: 1.183,0.604,0.960
Epoch 24/50, Batch 1963/2188 (89.7%) - Loss: 92.873, box,cls,dfl: 1.234,0.694,0.974
Epoch 24/50, Batch 2181/2188 (99.7%) - Loss: 93.595, box,cls,dfl: 1.280,0.614,1.031
[*] Validation input tensor shape: torch.Size([32, 3, 384, 672])
                 Class     Images  Instances      Box(P          R      mAP50  mAP50-95)
                   all      10000     185578      0.739      0.498      0.553      0.319

           Epoch         GPU_mem        box_loss        cls_loss        dfl_loss       Instances            Size
Epoch 25/50, Batch 1/2188 (0.0%) - Loss: 84.312, box,cls,dfl: 1.092,0.582,0.960
Epoch 25/50, Batch 219/2188 (10.0%) - Loss: 92.551, box,cls,dfl: 1.278,0.617,0.998
Epoch 25/50, Batch 437/2188 (20.0%) - Loss: 103.954, box,cls,dfl: 1.488,0.738,1.023
Epoch 25/50, Batch 655/2188 (29.9%) - Loss: 88.921, box,cls,dfl: 1.208,0.595,0.975
Epoch 25/50, Batch 873/2188 (39.9%) - Loss: 96.512, box,cls,dfl: 1.279,0.710,1.027
Epoch 25/50, Batch 1091/2188 (49.9%) - Loss: 86.021, box,cls,dfl: 1.180,0.584,0.924
Epoch 25/50, Batch 1309/2188 (59.8%) - Loss: 84.561, box,cls,dfl: 1.100,0.582,0.960
Epoch 25/50, Batch 1527/2188 (69.8%) - Loss: 92.946, box,cls,dfl: 1.247,0.657,1.000
Epoch 25/50, Batch 1745/2188 (79.8%) - Loss: 88.573, box,cls,dfl: 1.187,0.607,0.974
Epoch 25/50, Batch 1963/2188 (89.7%) - Loss: 90.936, box,cls,dfl: 1.221,0.639,0.981
Epoch 25/50, Batch 2181/2188 (99.7%) - Loss: 97.192, box,cls,dfl: 1.297,0.663,1.077
[*] Validation input tensor shape: torch.Size([32, 3, 384, 672])
                 Class     Images  Instances      Box(P          R      mAP50  mAP50-95)
                   all      10000     185578      0.636      0.503      0.556      0.322

           Epoch         GPU_mem        box_loss        cls_loss        dfl_loss       Instances            Size
Epoch 26/50, Batch 1/2188 (0.0%) - Loss: 90.650, box,cls,dfl: 1.184,0.642,1.007
Epoch 26/50, Batch 219/2188 (10.0%) - Loss: 92.536, box,cls,dfl: 1.252,0.661,0.978
Epoch 26/50, Batch 437/2188 (20.0%) - Loss: 98.768, box,cls,dfl: 1.398,0.709,0.979
Epoch 26/50, Batch 655/2188 (29.9%) - Loss: 87.338, box,cls,dfl: 1.166,0.606,0.957
Epoch 26/50, Batch 873/2188 (39.9%) - Loss: 91.859, box,cls,dfl: 1.242,0.637,0.992
Epoch 26/50, Batch 1091/2188 (49.9%) - Loss: 89.798, box,cls,dfl: 1.210,0.614,0.982
Epoch 26/50, Batch 1309/2188 (59.8%) - Loss: 82.973, box,cls,dfl: 1.072,0.579,0.942
Epoch 26/50, Batch 1527/2188 (69.8%) - Loss: 90.127, box,cls,dfl: 1.189,0.655,0.973
Epoch 26/50, Batch 1745/2188 (79.8%) - Loss: 89.064, box,cls,dfl: 1.186,0.604,0.993
Epoch 26/50, Batch 1963/2188 (89.7%) - Loss: 89.200, box,cls,dfl: 1.173,0.667,0.948
Epoch 26/50, Batch 2181/2188 (99.7%) - Loss: 95.093, box,cls,dfl: 1.257,0.653,1.062
[*] Validation input tensor shape: torch.Size([32, 3, 384, 672])
                 Class     Images  Instances      Box(P          R      mAP50  mAP50-95)
                   all      10000     185578      0.733      0.503      0.556      0.323

           Epoch         GPU_mem        box_loss        cls_loss        dfl_loss       Instances            Size
Epoch 27/50, Batch 1/2188 (0.0%) - Loss: 88.464, box,cls,dfl: 1.180,0.609,0.976
Epoch 27/50, Batch 219/2188 (10.0%) - Loss: 88.996, box,cls,dfl: 1.196,0.647,0.938
Epoch 27/50, Batch 437/2188 (20.0%) - Loss: 95.582, box,cls,dfl: 1.363,0.675,0.949
Epoch 27/50, Batch 655/2188 (29.9%) - Loss: 86.676, box,cls,dfl: 1.168,0.580,0.960
Epoch 27/50, Batch 873/2188 (39.9%) - Loss: 97.676, box,cls,dfl: 1.286,0.746,1.020
Epoch 27/50, Batch 1091/2188 (49.9%) - Loss: 86.875, box,cls,dfl: 1.162,0.603,0.950
Epoch 27/50, Batch 1309/2188 (59.8%) - Loss: 85.078, box,cls,dfl: 1.085,0.606,0.968
Epoch 27/50, Batch 1527/2188 (69.8%) - Loss: 91.501, box,cls,dfl: 1.246,0.655,0.959
Epoch 27/50, Batch 1745/2188 (79.8%) - Loss: 89.771, box,cls,dfl: 1.214,0.624,0.968
Epoch 27/50, Batch 1963/2188 (89.7%) - Loss: 87.729, box,cls,dfl: 1.163,0.635,0.944
Epoch 27/50, Batch 2181/2188 (99.7%) - Loss: 96.247, box,cls,dfl: 1.292,0.644,1.071
[*] Validation input tensor shape: torch.Size([32, 3, 384, 672])
                 Class     Images  Instances      Box(P          R      mAP50  mAP50-95)
                   all      10000     185578      0.647      0.491      0.555      0.322

           Epoch         GPU_mem        box_loss        cls_loss        dfl_loss       Instances            Size
Epoch 28/50, Batch 1/2188 (0.0%) - Loss: 90.407, box,cls,dfl: 1.192,0.633,1.000
Epoch 28/50, Batch 219/2188 (10.0%) - Loss: 86.704, box,cls,dfl: 1.137,0.635,0.938
Epoch 28/50, Batch 437/2188 (20.0%) - Loss: 98.943, box,cls,dfl: 1.431,0.685,0.976
Epoch 28/50, Batch 655/2188 (29.9%) - Loss: 85.478, box,cls,dfl: 1.152,0.585,0.934
Epoch 28/50, Batch 873/2188 (39.9%) - Loss: 96.931, box,cls,dfl: 1.279,0.711,1.039
Epoch 28/50, Batch 1091/2188 (49.9%) - Loss: 84.850, box,cls,dfl: 1.137,0.563,0.951
Epoch 28/50, Batch 1309/2188 (59.8%) - Loss: 78.967, box,cls,dfl: 1.013,0.557,0.897
Epoch 28/50, Batch 1527/2188 (69.8%) - Loss: 93.188, box,cls,dfl: 1.249,0.690,0.973
Epoch 28/50, Batch 1745/2188 (79.8%) - Loss: 87.055, box,cls,dfl: 1.152,0.617,0.952
Epoch 28/50, Batch 1963/2188 (89.7%) - Loss: 89.154, box,cls,dfl: 1.147,0.663,0.975
Epoch 28/50, Batch 2181/2188 (99.7%) - Loss: 93.470, box,cls,dfl: 1.242,0.649,1.030
[*] Validation input tensor shape: torch.Size([32, 3, 384, 672])
                 Class     Images  Instances      Box(P          R      mAP50  mAP50-95)
                   all      10000     185578      0.627      0.509      0.558      0.324

           Epoch         GPU_mem        box_loss        cls_loss        dfl_loss       Instances            Size
Epoch 29/50, Batch 1/2188 (0.0%) - Loss: 90.992, box,cls,dfl: 1.193,0.643,1.007
Epoch 29/50, Batch 219/2188 (10.0%) - Loss: 87.138, box,cls,dfl: 1.181,0.582,0.960
Epoch 29/50, Batch 437/2188 (20.0%) - Loss: 98.308, box,cls,dfl: 1.376,0.700,0.996
Epoch 29/50, Batch 655/2188 (29.9%) - Loss: 86.508, box,cls,dfl: 1.173,0.601,0.930
Epoch 29/50, Batch 873/2188 (39.9%) - Loss: 93.458, box,cls,dfl: 1.219,0.715,0.987
Epoch 29/50, Batch 1091/2188 (49.9%) - Loss: 85.975, box,cls,dfl: 1.137,0.585,0.965
Epoch 29/50, Batch 1309/2188 (59.8%) - Loss: 82.784, box,cls,dfl: 1.091,0.569,0.927
Epoch 29/50, Batch 1527/2188 (69.8%) - Loss: 91.913, box,cls,dfl: 1.231,0.653,0.988
Epoch 29/50, Batch 1745/2188 (79.8%) - Loss: 87.628, box,cls,dfl: 1.152,0.628,0.958
Epoch 29/50, Batch 1963/2188 (89.7%) - Loss: 89.886, box,cls,dfl: 1.188,0.638,0.983
Epoch 29/50, Batch 2181/2188 (99.7%) - Loss: 90.850, box,cls,dfl: 1.226,0.643,0.970
[*] Validation input tensor shape: torch.Size([32, 3, 384, 672])
                 Class     Images  Instances      Box(P          R      mAP50  mAP50-95)
                   all      10000     185578      0.642      0.509      0.561      0.325

           Epoch         GPU_mem        box_loss        cls_loss        dfl_loss       Instances            Size
Epoch 30/50, Batch 1/2188 (0.0%) - Loss: 88.480, box,cls,dfl: 1.158,0.623,0.984
Epoch 30/50, Batch 219/2188 (10.0%) - Loss: 87.939, box,cls,dfl: 1.171,0.591,0.987
Epoch 30/50, Batch 437/2188 (20.0%) - Loss: 97.365, box,cls,dfl: 1.403,0.669,0.971
Epoch 30/50, Batch 655/2188 (29.9%) - Loss: 87.164, box,cls,dfl: 1.160,0.607,0.957
Epoch 30/50, Batch 873/2188 (39.9%) - Loss: 97.319, box,cls,dfl: 1.264,0.729,1.047
Epoch 30/50, Batch 1091/2188 (49.9%) - Loss: 85.506, box,cls,dfl: 1.160,0.572,0.941
Epoch 30/50, Batch 1309/2188 (59.8%) - Loss: 79.074, box,cls,dfl: 1.022,0.536,0.913
Epoch 30/50, Batch 1527/2188 (69.8%) - Loss: 91.524, box,cls,dfl: 1.187,0.684,0.989
Epoch 30/50, Batch 1745/2188 (79.8%) - Loss: 85.925, box,cls,dfl: 1.132,0.604,0.948
Epoch 30/50, Batch 1963/2188 (89.7%) - Loss: 86.410, box,cls,dfl: 1.141,0.606,0.953
Epoch 30/50, Batch 2181/2188 (99.7%) - Loss: 91.987, box,cls,dfl: 1.236,0.617,1.021
[*] Validation input tensor shape: torch.Size([32, 3, 384, 672])
                 Class     Images  Instances      Box(P          R      mAP50  mAP50-95)
                   all      10000     185578      0.736      0.513      0.564      0.327

           Epoch         GPU_mem        box_loss        cls_loss        dfl_loss       Instances            Size
Epoch 31/50, Batch 1/2188 (0.0%) - Loss: 92.880, box,cls,dfl: 1.222,0.647,1.033
Epoch 31/50, Batch 219/2188 (10.0%) - Loss: 92.292, box,cls,dfl: 1.228,0.684,0.972
Epoch 31/50, Batch 437/2188 (20.0%) - Loss: 100.168, box,cls,dfl: 1.432,0.687,1.011
Epoch 31/50, Batch 655/2188 (29.9%) - Loss: 84.731, box,cls,dfl: 1.139,0.551,0.958
Epoch 31/50, Batch 873/2188 (39.9%) - Loss: 98.540, box,cls,dfl: 1.326,0.733,1.020
Epoch 31/50, Batch 1091/2188 (49.9%) - Loss: 84.041, box,cls,dfl: 1.108,0.562,0.957
Epoch 31/50, Batch 1309/2188 (59.8%) - Loss: 87.519, box,cls,dfl: 1.143,0.607,0.984
Epoch 31/50, Batch 1527/2188 (69.8%) - Loss: 90.042, box,cls,dfl: 1.212,0.636,0.966
Epoch 31/50, Batch 1745/2188 (79.8%) - Loss: 87.736, box,cls,dfl: 1.196,0.597,0.948
Epoch 31/50, Batch 1963/2188 (89.7%) - Loss: 80.701, box,cls,dfl: 1.069,0.554,0.899
Epoch 31/50, Batch 2181/2188 (99.7%) - Loss: 93.923, box,cls,dfl: 1.283,0.639,1.013
[*] Validation input tensor shape: torch.Size([32, 3, 384, 672])
                 Class     Images  Instances      Box(P          R      mAP50  mAP50-95)
                   all      10000     185578      0.643       0.51      0.562      0.326

           Epoch         GPU_mem        box_loss        cls_loss        dfl_loss       Instances            Size
Epoch 32/50, Batch 1/2188 (0.0%) - Loss: 83.560, box,cls,dfl: 1.122,0.575,0.913
Epoch 32/50, Batch 219/2188 (10.0%) - Loss: 84.964, box,cls,dfl: 1.150,0.576,0.929
Epoch 32/50, Batch 437/2188 (20.0%) - Loss: 96.580, box,cls,dfl: 1.378,0.667,0.973
Epoch 32/50, Batch 655/2188 (29.9%) - Loss: 84.970, box,cls,dfl: 1.136,0.589,0.931
Epoch 32/50, Batch 873/2188 (39.9%) - Loss: 97.309, box,cls,dfl: 1.308,0.683,1.050
Epoch 32/50, Batch 1091/2188 (49.9%) - Loss: 87.474, box,cls,dfl: 1.172,0.575,0.987
Epoch 32/50, Batch 1309/2188 (59.8%) - Loss: 86.021, box,cls,dfl: 1.127,0.572,0.989
Epoch 32/50, Batch 1527/2188 (69.8%) - Loss: 86.164, box,cls,dfl: 1.097,0.630,0.966
Epoch 32/50, Batch 1745/2188 (79.8%) - Loss: 85.916, box,cls,dfl: 1.138,0.584,0.963
Epoch 32/50, Batch 1963/2188 (89.7%) - Loss: 87.865, box,cls,dfl: 1.159,0.615,0.972
Epoch 32/50, Batch 2181/2188 (99.7%) - Loss: 91.967, box,cls,dfl: 1.242,0.616,1.016
[*] Validation input tensor shape: torch.Size([32, 3, 384, 672])
                 Class     Images  Instances      Box(P          R      mAP50  mAP50-95)
                   all      10000     185578      0.677      0.521      0.569       0.33

           Epoch         GPU_mem        box_loss        cls_loss        dfl_loss       Instances            Size
Epoch 33/50, Batch 1/2188 (0.0%) - Loss: 83.235, box,cls,dfl: 1.081,0.570,0.951
Epoch 33/50, Batch 219/2188 (10.0%) - Loss: 90.433, box,cls,dfl: 1.239,0.626,0.961
Epoch 33/50, Batch 437/2188 (20.0%) - Loss: 96.063, box,cls,dfl: 1.378,0.666,0.957
Epoch 33/50, Batch 655/2188 (29.9%) - Loss: 87.911, box,cls,dfl: 1.197,0.609,0.941
Epoch 33/50, Batch 873/2188 (39.9%) - Loss: 99.304, box,cls,dfl: 1.346,0.720,1.038
Epoch 33/50, Batch 1091/2188 (49.9%) - Loss: 86.023, box,cls,dfl: 1.149,0.576,0.963
Epoch 33/50, Batch 1309/2188 (59.8%) - Loss: 80.271, box,cls,dfl: 1.029,0.550,0.929
Epoch 33/50, Batch 1527/2188 (69.8%) - Loss: 87.707, box,cls,dfl: 1.166,0.625,0.951
Epoch 33/50, Batch 1745/2188 (79.8%) - Loss: 85.045, box,cls,dfl: 1.141,0.589,0.928
Epoch 33/50, Batch 1963/2188 (89.7%) - Loss: 89.383, box,cls,dfl: 1.175,0.630,0.988
Epoch 33/50, Batch 2181/2188 (99.7%) - Loss: 90.596, box,cls,dfl: 1.222,0.608,1.001
[*] Validation input tensor shape: torch.Size([32, 3, 384, 672])
                 Class     Images  Instances      Box(P          R      mAP50  mAP50-95)
                   all      10000     185578      0.647      0.508      0.565      0.328

           Epoch         GPU_mem        box_loss        cls_loss        dfl_loss       Instances            Size
Epoch 34/50, Batch 1/2188 (0.0%) - Loss: 87.035, box,cls,dfl: 1.132,0.608,0.980
Epoch 34/50, Batch 219/2188 (10.0%) - Loss: 89.595, box,cls,dfl: 1.230,0.577,0.993
Epoch 34/50, Batch 437/2188 (20.0%) - Loss: 93.948, box,cls,dfl: 1.341,0.644,0.950
Epoch 34/50, Batch 655/2188 (29.9%) - Loss: 84.303, box,cls,dfl: 1.110,0.594,0.931
Epoch 34/50, Batch 873/2188 (39.9%) - Loss: 94.890, box,cls,dfl: 1.268,0.673,1.024
Epoch 34/50, Batch 1091/2188 (49.9%) - Loss: 85.008, box,cls,dfl: 1.148,0.571,0.938
Epoch 34/50, Batch 1309/2188 (59.8%) - Loss: 79.896, box,cls,dfl: 1.027,0.526,0.943
Epoch 34/50, Batch 1527/2188 (69.8%) - Loss: 84.252, box,cls,dfl: 1.130,0.585,0.917
Epoch 34/50, Batch 1745/2188 (79.8%) - Loss: 87.855, box,cls,dfl: 1.181,0.614,0.950
Epoch 34/50, Batch 1963/2188 (89.7%) - Loss: 88.299, box,cls,dfl: 1.193,0.606,0.961
Epoch 34/50, Batch 2181/2188 (99.7%) - Loss: 86.437, box,cls,dfl: 1.154,0.579,0.969
[*] Validation input tensor shape: torch.Size([32, 3, 384, 672])
                 Class     Images  Instances      Box(P          R      mAP50  mAP50-95)
                   all      10000     185578      0.642      0.527      0.564      0.328

           Epoch         GPU_mem        box_loss        cls_loss        dfl_loss       Instances            Size
Epoch 35/50, Batch 1/2188 (0.0%) - Loss: 87.157, box,cls,dfl: 1.151,0.600,0.972
Epoch 35/50, Batch 219/2188 (10.0%) - Loss: 87.281, box,cls,dfl: 1.167,0.586,0.974
Epoch 35/50, Batch 437/2188 (20.0%) - Loss: 96.301, box,cls,dfl: 1.363,0.671,0.975
Epoch 35/50, Batch 655/2188 (29.9%) - Loss: 85.441, box,cls,dfl: 1.149,0.576,0.945
Epoch 35/50, Batch 873/2188 (39.9%) - Loss: 96.820, box,cls,dfl: 1.306,0.694,1.026
Epoch 35/50, Batch 1091/2188 (49.9%) - Loss: 85.813, box,cls,dfl: 1.162,0.556,0.964
Epoch 35/50, Batch 1309/2188 (59.8%) - Loss: 81.875, box,cls,dfl: 1.092,0.533,0.933
Epoch 35/50, Batch 1527/2188 (69.8%) - Loss: 94.768, box,cls,dfl: 1.251,0.680,1.030
Epoch 35/50, Batch 1745/2188 (79.8%) - Loss: 87.613, box,cls,dfl: 1.184,0.588,0.966
Epoch 35/50, Batch 1963/2188 (89.7%) - Loss: 88.174, box,cls,dfl: 1.195,0.632,0.928
Epoch 35/50, Batch 2181/2188 (99.7%) - Loss: 96.062, box,cls,dfl: 1.306,0.635,1.060
[*] Validation input tensor shape: torch.Size([32, 3, 384, 672])
                 Class     Images  Instances      Box(P          R      mAP50  mAP50-95)
                   all      10000     185578      0.746      0.514      0.565      0.328

           Epoch         GPU_mem        box_loss        cls_loss        dfl_loss       Instances            Size
Epoch 36/50, Batch 1/2188 (0.0%) - Loss: 90.049, box,cls,dfl: 1.192,0.617,1.005
Epoch 36/50, Batch 219/2188 (10.0%) - Loss: 87.333, box,cls,dfl: 1.166,0.586,0.977
Epoch 36/50, Batch 437/2188 (20.0%) - Loss: 99.588, box,cls,dfl: 1.448,0.654,1.010
Epoch 36/50, Batch 655/2188 (29.9%) - Loss: 83.676, box,cls,dfl: 1.126,0.575,0.914
Epoch 36/50, Batch 873/2188 (39.9%) - Loss: 96.425, box,cls,dfl: 1.303,0.688,1.022
Epoch 36/50, Batch 1091/2188 (49.9%) - Loss: 82.487, box,cls,dfl: 1.111,0.525,0.942
Epoch 36/50, Batch 1309/2188 (59.8%) - Loss: 81.262, box,cls,dfl: 1.038,0.558,0.943
Epoch 36/50, Batch 1527/2188 (69.8%) - Loss: 90.493, box,cls,dfl: 1.203,0.646,0.978
Epoch 36/50, Batch 1745/2188 (79.8%) - Loss: 86.382, box,cls,dfl: 1.182,0.538,0.979
Epoch 36/50, Batch 1963/2188 (89.7%) - Loss: 85.208, box,cls,dfl: 1.135,0.624,0.904
Epoch 36/50, Batch 2181/2188 (99.7%) - Loss: 95.921, box,cls,dfl: 1.320,0.644,1.034
[*] Validation input tensor shape: torch.Size([32, 3, 384, 672])
                 Class     Images  Instances      Box(P          R      mAP50  mAP50-95)
                   all      10000     185578      0.634      0.532      0.566      0.328

           Epoch         GPU_mem        box_loss        cls_loss        dfl_loss       Instances            Size
Epoch 37/50, Batch 1/2188 (0.0%) - Loss: 84.858, box,cls,dfl: 1.096,0.592,0.963
Epoch 37/50, Batch 219/2188 (10.0%) - Loss: 91.003, box,cls,dfl: 1.221,0.631,0.992
Epoch 37/50, Batch 437/2188 (20.0%) - Loss: 98.674, box,cls,dfl: 1.393,0.693,0.998
Epoch 37/50, Batch 655/2188 (29.9%) - Loss: 85.429, box,cls,dfl: 1.153,0.581,0.936
Epoch 37/50, Batch 873/2188 (39.9%) - Loss: 97.095, box,cls,dfl: 1.280,0.717,1.037
Epoch 37/50, Batch 1091/2188 (49.9%) - Loss: 85.633, box,cls,dfl: 1.165,0.571,0.940
Epoch 37/50, Batch 1309/2188 (59.8%) - Loss: 80.589, box,cls,dfl: 1.055,0.553,0.911
Epoch 37/50, Batch 1527/2188 (69.8%) - Loss: 86.254, box,cls,dfl: 1.140,0.609,0.946
Epoch 37/50, Batch 1745/2188 (79.8%) - Loss: 85.564, box,cls,dfl: 1.133,0.581,0.960
Epoch 37/50, Batch 1963/2188 (89.7%) - Loss: 82.224, box,cls,dfl: 1.091,0.579,0.900
Epoch 37/50, Batch 2181/2188 (99.7%) - Loss: 92.472, box,cls,dfl: 1.272,0.604,1.014
[*] Validation input tensor shape: torch.Size([32, 3, 384, 672])
                 Class     Images  Instances      Box(P          R      mAP50  mAP50-95)
                   all      10000     185578      0.649      0.514      0.569       0.33

           Epoch         GPU_mem        box_loss        cls_loss        dfl_loss       Instances            Size
Epoch 38/50, Batch 1/2188 (0.0%) - Loss: 84.298, box,cls,dfl: 1.114,0.572,0.948
Epoch 38/50, Batch 219/2188 (10.0%) - Loss: 89.451, box,cls,dfl: 1.243,0.604,0.948
Epoch 38/50, Batch 437/2188 (20.0%) - Loss: 97.254, box,cls,dfl: 1.383,0.655,1.001
Epoch 38/50, Batch 655/2188 (29.9%) - Loss: 82.909, box,cls,dfl: 1.096,0.571,0.924
Epoch 38/50, Batch 873/2188 (39.9%) - Loss: 92.872, box,cls,dfl: 1.255,0.642,1.005
Epoch 38/50, Batch 1091/2188 (49.9%) - Loss: 81.854, box,cls,dfl: 1.110,0.528,0.920
Epoch 38/50, Batch 1309/2188 (59.8%) - Loss: 82.180, box,cls,dfl: 1.059,0.567,0.942
Epoch 38/50, Batch 1527/2188 (69.8%) - Loss: 87.819, box,cls,dfl: 1.181,0.608,0.955
Epoch 38/50, Batch 1745/2188 (79.8%) - Loss: 84.395, box,cls,dfl: 1.143,0.556,0.938
Epoch 38/50, Batch 1963/2188 (89.7%) - Loss: 86.568, box,cls,dfl: 1.153,0.612,0.941
Epoch 38/50, Batch 2181/2188 (99.7%) - Loss: 90.022, box,cls,dfl: 1.206,0.606,1.001
[*] Validation input tensor shape: torch.Size([32, 3, 384, 672])
                 Class     Images  Instances      Box(P          R      mAP50  mAP50-95)
                   all      10000     185578      0.603      0.544       0.57      0.331

           Epoch         GPU_mem        box_loss        cls_loss        dfl_loss       Instances            Size
Epoch 39/50, Batch 1/2188 (0.0%) - Loss: 89.598, box,cls,dfl: 1.192,0.615,0.993
Epoch 39/50, Batch 219/2188 (10.0%) - Loss: 85.357, box,cls,dfl: 1.136,0.586,0.945
Epoch 39/50, Batch 437/2188 (20.0%) - Loss: 93.090, box,cls,dfl: 1.338,0.634,0.937
Epoch 39/50, Batch 655/2188 (29.9%) - Loss: 82.926, box,cls,dfl: 1.105,0.559,0.927
Epoch 39/50, Batch 873/2188 (39.9%) - Loss: 91.727, box,cls,dfl: 1.199,0.673,0.995
Epoch 39/50, Batch 1091/2188 (49.9%) - Loss: 80.595, box,cls,dfl: 1.074,0.542,0.903
Epoch 39/50, Batch 1309/2188 (59.8%) - Loss: 80.154, box,cls,dfl: 1.053,0.532,0.920
Epoch 39/50, Batch 1527/2188 (69.8%) - Loss: 85.795, box,cls,dfl: 1.147,0.596,0.938
Epoch 39/50, Batch 1745/2188 (79.8%) - Loss: 81.486, box,cls,dfl: 1.097,0.538,0.912
Epoch 39/50, Batch 1963/2188 (89.7%) - Loss: 82.258, box,cls,dfl: 1.119,0.548,0.903
Epoch 39/50, Batch 2181/2188 (99.7%) - Loss: 88.244, box,cls,dfl: 1.199,0.573,0.985
[*] Validation input tensor shape: torch.Size([32, 3, 384, 672])
                 Class     Images  Instances      Box(P          R      mAP50  mAP50-95)
                   all      10000     185578      0.647      0.529      0.569       0.33

           Epoch         GPU_mem        box_loss        cls_loss        dfl_loss       Instances            Size
Epoch 40/50, Batch 1/2188 (0.0%) - Loss: 81.753, box,cls,dfl: 1.093,0.532,0.929
Epoch 40/50, Batch 219/2188 (10.0%) - Loss: 88.405, box,cls,dfl: 1.167,0.613,0.983
Epoch 40/50, Batch 437/2188 (20.0%) - Loss: 96.073, box,cls,dfl: 1.363,0.664,0.976
Epoch 40/50, Batch 655/2188 (29.9%) - Loss: 82.100, box,cls,dfl: 1.090,0.575,0.900
Epoch 40/50, Batch 873/2188 (39.9%) - Loss: 93.816, box,cls,dfl: 1.253,0.689,0.989
Epoch 40/50, Batch 1091/2188 (49.9%) - Loss: 83.923, box,cls,dfl: 1.144,0.543,0.935
Epoch 40/50, Batch 1309/2188 (59.8%) - Loss: 83.073, box,cls,dfl: 1.096,0.539,0.961
Epoch 40/50, Batch 1527/2188 (69.8%) - Loss: 86.399, box,cls,dfl: 1.177,0.594,0.929
Epoch 40/50, Batch 1745/2188 (79.8%) - Loss: 86.453, box,cls,dfl: 1.169,0.563,0.970
Epoch 40/50, Batch 1963/2188 (89.7%) - Loss: 81.684, box,cls,dfl: 1.077,0.565,0.910
Epoch 40/50, Batch 2181/2188 (99.7%) - Loss: 89.139, box,cls,dfl: 1.200,0.572,1.014
[*] Validation input tensor shape: torch.Size([32, 3, 384, 672])
                 Class     Images  Instances      Box(P          R      mAP50  mAP50-95)
                   all      10000     185578      0.678       0.53      0.571      0.332

           Epoch         GPU_mem        box_loss        cls_loss        dfl_loss       Instances            Size
Epoch 41/50, Batch 1/2188 (0.0%) - Loss: 84.345, box,cls,dfl: 1.112,0.565,0.959
Epoch 41/50, Batch 219/2188 (10.0%) - Loss: 88.204, box,cls,dfl: 1.214,0.583,0.959
Epoch 41/50, Batch 437/2188 (20.0%) - Loss: 92.987, box,cls,dfl: 1.323,0.632,0.951
Epoch 41/50, Batch 655/2188 (29.9%) - Loss: 83.150, box,cls,dfl: 1.129,0.534,0.936
Epoch 41/50, Batch 873/2188 (39.9%) - Loss: 97.222, box,cls,dfl: 1.290,0.714,1.034
Epoch 41/50, Batch 1091/2188 (49.9%) - Loss: 84.991, box,cls,dfl: 1.158,0.564,0.935
Epoch 41/50, Batch 1309/2188 (59.8%) - Loss: 82.397, box,cls,dfl: 1.088,0.553,0.934
Epoch 41/50, Batch 1527/2188 (69.8%) - Loss: 87.000, box,cls,dfl: 1.162,0.593,0.964
Epoch 41/50, Batch 1745/2188 (79.8%) - Loss: 87.527, box,cls,dfl: 1.201,0.556,0.978
Epoch 41/50, Batch 1963/2188 (89.7%) - Loss: 85.784, box,cls,dfl: 1.156,0.577,0.948
Epoch 41/50, Batch 2181/2188 (99.7%) - Loss: 88.826, box,cls,dfl: 1.181,0.582,1.013
[*] Validation input tensor shape: torch.Size([32, 3, 384, 672])
                 Class     Images  Instances      Box(P          R      mAP50  mAP50-95)
                   all      10000     185578      0.654       0.54      0.571      0.332

           Epoch         GPU_mem        box_loss        cls_loss        dfl_loss       Instances            Size
Epoch 42/50, Batch 1/2188 (0.0%) - Loss: 90.153, box,cls,dfl: 1.194,0.608,1.015
Epoch 42/50, Batch 219/2188 (10.0%) - Loss: 85.322, box,cls,dfl: 1.155,0.558,0.953
Epoch 42/50, Batch 437/2188 (20.0%) - Loss: 98.606, box,cls,dfl: 1.424,0.658,1.000
Epoch 42/50, Batch 655/2188 (29.9%) - Loss: 83.673, box,cls,dfl: 1.113,0.541,0.961
Epoch 42/50, Batch 873/2188 (39.9%) - Loss: 90.085, box,cls,dfl: 1.188,0.627,1.001
Epoch 42/50, Batch 1091/2188 (49.9%) - Loss: 83.550, box,cls,dfl: 1.126,0.554,0.931
Epoch 42/50, Batch 1309/2188 (59.8%) - Loss: 84.132, box,cls,dfl: 1.121,0.547,0.961
Epoch 42/50, Batch 1527/2188 (69.8%) - Loss: 85.713, box,cls,dfl: 1.145,0.572,0.961
Epoch 42/50, Batch 1745/2188 (79.8%) - Loss: 84.243, box,cls,dfl: 1.126,0.570,0.936
Epoch 42/50, Batch 1963/2188 (89.7%) - Loss: 82.055, box,cls,dfl: 1.096,0.537,0.931
Epoch 42/50, Batch 2181/2188 (99.7%) - Loss: 87.709, box,cls,dfl: 1.183,0.588,0.970
[*] Validation input tensor shape: torch.Size([32, 3, 384, 672])
                 Class     Images  Instances      Box(P          R      mAP50  mAP50-95)
                   all      10000     185578      0.673      0.528      0.571      0.332

           Epoch         GPU_mem        box_loss        cls_loss        dfl_loss       Instances            Size
Epoch 43/50, Batch 1/2188 (0.0%) - Loss: 84.786, box,cls,dfl: 1.118,0.576,0.955
Epoch 43/50, Batch 219/2188 (10.0%) - Loss: 89.219, box,cls,dfl: 1.223,0.616,0.950
Epoch 43/50, Batch 437/2188 (20.0%) - Loss: 94.783, box,cls,dfl: 1.351,0.632,0.979
Epoch 43/50, Batch 655/2188 (29.9%) - Loss: 83.625, box,cls,dfl: 1.122,0.553,0.938
Epoch 43/50, Batch 873/2188 (39.9%) - Loss: 92.530, box,cls,dfl: 1.256,0.626,1.009
Epoch 43/50, Batch 1091/2188 (49.9%) - Loss: 79.828, box,cls,dfl: 1.067,0.529,0.899
Epoch 43/50, Batch 1309/2188 (59.8%) - Loss: 81.358, box,cls,dfl: 1.069,0.533,0.941
Epoch 43/50, Batch 1527/2188 (69.8%) - Loss: 85.701, box,cls,dfl: 1.108,0.616,0.954
Epoch 43/50, Batch 1745/2188 (79.8%) - Loss: 86.318, box,cls,dfl: 1.167,0.578,0.952
Epoch 43/50, Batch 1963/2188 (89.7%) - Loss: 83.406, box,cls,dfl: 1.098,0.581,0.928
Epoch 43/50, Batch 2181/2188 (99.7%) - Loss: 89.016, box,cls,dfl: 1.189,0.597,0.996
[*] Validation input tensor shape: torch.Size([32, 3, 384, 672])
                 Class     Images  Instances      Box(P          R      mAP50  mAP50-95)
                   all      10000     185578      0.646      0.546      0.571      0.332

           Epoch         GPU_mem        box_loss        cls_loss        dfl_loss       Instances            Size
Epoch 44/50, Batch 1/2188 (0.0%) - Loss: 86.832, box,cls,dfl: 1.197,0.559,0.957
Epoch 44/50, Batch 219/2188 (10.0%) - Loss: 83.764, box,cls,dfl: 1.112,0.552,0.953
Epoch 44/50, Batch 437/2188 (20.0%) - Loss: 96.055, box,cls,dfl: 1.388,0.640,0.974
Epoch 44/50, Batch 655/2188 (29.9%) - Loss: 82.584, box,cls,dfl: 1.107,0.546,0.928
Epoch 44/50, Batch 873/2188 (39.9%) - Loss: 93.687, box,cls,dfl: 1.235,0.648,1.045
Epoch 44/50, Batch 1091/2188 (49.9%) - Loss: 79.743, box,cls,dfl: 1.057,0.531,0.904
Epoch 44/50, Batch 1309/2188 (59.8%) - Loss: 82.059, box,cls,dfl: 1.072,0.551,0.942
Epoch 44/50, Batch 1527/2188 (69.8%) - Loss: 82.113, box,cls,dfl: 1.122,0.548,0.896
Epoch 44/50, Batch 1745/2188 (79.8%) - Loss: 85.926, box,cls,dfl: 1.185,0.545,0.956
Epoch 44/50, Batch 1963/2188 (89.7%) - Loss: 83.146, box,cls,dfl: 1.113,0.585,0.900
Epoch 44/50, Batch 2181/2188 (99.7%) - Loss: 87.339, box,cls,dfl: 1.178,0.593,0.959
[*] Validation input tensor shape: torch.Size([32, 3, 384, 672])
                 Class     Images  Instances      Box(P          R      mAP50  mAP50-95)
                   all      10000     185578      0.661      0.535      0.571      0.331

           Epoch         GPU_mem        box_loss        cls_loss        dfl_loss       Instances            Size
Epoch 45/50, Batch 1/2188 (0.0%) - Loss: 87.437, box,cls,dfl: 1.174,0.555,1.004
Epoch 45/50, Batch 219/2188 (10.0%) - Loss: 84.988, box,cls,dfl: 1.140,0.567,0.949
Epoch 45/50, Batch 437/2188 (20.0%) - Loss: 97.577, box,cls,dfl: 1.410,0.644,0.995
Epoch 45/50, Batch 655/2188 (29.9%) - Loss: 85.535, box,cls,dfl: 1.143,0.575,0.955
Epoch 45/50, Batch 873/2188 (39.9%) - Loss: 91.921, box,cls,dfl: 1.225,0.633,1.015
Epoch 45/50, Batch 1091/2188 (49.9%) - Loss: 81.065, box,cls,dfl: 1.092,0.532,0.909
Epoch 45/50, Batch 1309/2188 (59.8%) - Loss: 77.965, box,cls,dfl: 1.032,0.481,0.924
Epoch 45/50, Batch 1527/2188 (69.8%) - Loss: 86.049, box,cls,dfl: 1.170,0.567,0.952
Epoch 45/50, Batch 1745/2188 (79.8%) - Loss: 82.827, box,cls,dfl: 1.107,0.535,0.947
Epoch 45/50, Batch 1963/2188 (89.7%) - Loss: 81.336, box,cls,dfl: 1.096,0.529,0.917
Epoch 45/50, Batch 2181/2188 (99.7%) - Loss: 84.045, box,cls,dfl: 1.112,0.544,0.971
[*] Validation input tensor shape: torch.Size([32, 3, 384, 672])
                 Class     Images  Instances      Box(P          R      mAP50  mAP50-95)
                   all      10000     185578       0.66      0.534      0.571      0.331

           Epoch         GPU_mem        box_loss        cls_loss        dfl_loss       Instances            Size
Epoch 46/50, Batch 1/2188 (0.0%) - Loss: 82.960, box,cls,dfl: 1.093,0.540,0.960
Epoch 46/50, Batch 219/2188 (10.0%) - Loss: 87.839, box,cls,dfl: 1.201,0.583,0.961
Epoch 46/50, Batch 437/2188 (20.0%) - Loss: 93.752, box,cls,dfl: 1.346,0.614,0.970
Epoch 46/50, Batch 655/2188 (29.9%) - Loss: 83.427, box,cls,dfl: 1.142,0.547,0.918
Epoch 46/50, Batch 873/2188 (39.9%) - Loss: 91.289, box,cls,dfl: 1.211,0.630,1.011
Epoch 46/50, Batch 1091/2188 (49.9%) - Loss: 82.474, box,cls,dfl: 1.132,0.529,0.916
Epoch 46/50, Batch 1309/2188 (59.8%) - Loss: 80.487, box,cls,dfl: 1.051,0.525,0.940
Epoch 46/50, Batch 1527/2188 (69.8%) - Loss: 86.888, box,cls,dfl: 1.180,0.575,0.960
Epoch 46/50, Batch 1745/2188 (79.8%) - Loss: 82.456, box,cls,dfl: 1.107,0.513,0.956
Epoch 46/50, Batch 1963/2188 (89.7%) - Loss: 83.260, box,cls,dfl: 1.114,0.563,0.925
Epoch 46/50, Batch 2181/2188 (99.7%) - Loss: 89.596, box,cls,dfl: 1.199,0.599,1.002
[*] Validation input tensor shape: torch.Size([32, 3, 384, 672])
                 Class     Images  Instances      Box(P          R      mAP50  mAP50-95)
                   all      10000     185578      0.655      0.521      0.569      0.329

           Epoch         GPU_mem        box_loss        cls_loss        dfl_loss       Instances            Size
Epoch 47/50, Batch 1/2188 (0.0%) - Loss: 84.965, box,cls,dfl: 1.139,0.562,0.954
Epoch 47/50, Batch 219/2188 (10.0%) - Loss: 89.351, box,cls,dfl: 1.196,0.601,0.995
Epoch 47/50, Batch 437/2188 (20.0%) - Loss: 95.407, box,cls,dfl: 1.367,0.644,0.970
Epoch 47/50, Batch 655/2188 (29.9%) - Loss: 80.069, box,cls,dfl: 1.082,0.512,0.908
Epoch 47/50, Batch 873/2188 (39.9%) - Loss: 91.321, box,cls,dfl: 1.229,0.647,0.977
Epoch 47/50, Batch 1091/2188 (49.9%) - Loss: 81.435, box,cls,dfl: 1.107,0.510,0.928
Epoch 47/50, Batch 1309/2188 (59.8%) - Loss: 81.535, box,cls,dfl: 1.076,0.522,0.950
Epoch 47/50, Batch 1527/2188 (69.8%) - Loss: 84.456, box,cls,dfl: 1.133,0.565,0.941
Epoch 47/50, Batch 1745/2188 (79.8%) - Loss: 85.071, box,cls,dfl: 1.150,0.564,0.945
Epoch 47/50, Batch 1963/2188 (89.7%) - Loss: 78.808, box,cls,dfl: 1.047,0.513,0.903
Epoch 47/50, Batch 2181/2188 (99.7%) - Loss: 91.527, box,cls,dfl: 1.230,0.584,1.046
[*] Validation input tensor shape: torch.Size([32, 3, 384, 672])
                 Class     Images  Instances      Box(P          R      mAP50  mAP50-95)
                   all      10000     185578      0.631      0.536      0.568      0.329

           Epoch         GPU_mem        box_loss        cls_loss        dfl_loss       Instances            Size
Epoch 48/50, Batch 1/2188 (0.0%) - Loss: 82.541, box,cls,dfl: 1.091,0.552,0.937
Epoch 48/50, Batch 219/2188 (10.0%) - Loss: 87.221, box,cls,dfl: 1.172,0.583,0.971
Epoch 48/50, Batch 437/2188 (20.0%) - Loss: 92.339, box,cls,dfl: 1.320,0.602,0.963
Epoch 48/50, Batch 655/2188 (29.9%) - Loss: 81.405, box,cls,dfl: 1.096,0.527,0.921
Epoch 48/50, Batch 873/2188 (39.9%) - Loss: 91.441, box,cls,dfl: 1.235,0.641,0.981
Epoch 48/50, Batch 1091/2188 (49.9%) - Loss: 82.183, box,cls,dfl: 1.116,0.526,0.926
Epoch 48/50, Batch 1309/2188 (59.8%) - Loss: 81.397, box,cls,dfl: 1.088,0.543,0.913
Epoch 48/50, Batch 1527/2188 (69.8%) - Loss: 85.907, box,cls,dfl: 1.151,0.573,0.960
Epoch 48/50, Batch 1745/2188 (79.8%) - Loss: 84.197, box,cls,dfl: 1.139,0.546,0.947
Epoch 48/50, Batch 1963/2188 (89.7%) - Loss: 84.165, box,cls,dfl: 1.117,0.567,0.947
Epoch 48/50, Batch 2181/2188 (99.7%) - Loss: 93.416, box,cls,dfl: 1.276,0.578,1.066
[*] Validation input tensor shape: torch.Size([32, 3, 384, 672])
                 Class     Images  Instances      Box(P          R      mAP50  mAP50-95)
                   all      10000     185578      0.624      0.538      0.568      0.329

           Epoch         GPU_mem        box_loss        cls_loss        dfl_loss       Instances            Size
Epoch 49/50, Batch 1/2188 (0.0%) - Loss: 85.372, box,cls,dfl: 1.133,0.561,0.974
Epoch 49/50, Batch 219/2188 (10.0%) - Loss: 84.375, box,cls,dfl: 1.127,0.554,0.956
Epoch 49/50, Batch 437/2188 (20.0%) - Loss: 92.252, box,cls,dfl: 1.321,0.607,0.954
Epoch 49/50, Batch 655/2188 (29.9%) - Loss: 80.195, box,cls,dfl: 1.103,0.496,0.907
Epoch 49/50, Batch 873/2188 (39.9%) - Loss: 92.973, box,cls,dfl: 1.257,0.638,1.011
Epoch 49/50, Batch 1091/2188 (49.9%) - Loss: 78.127, box,cls,dfl: 1.053,0.483,0.905
Epoch 49/50, Batch 1309/2188 (59.8%) - Loss: 79.272, box,cls,dfl: 1.054,0.504,0.919
Epoch 49/50, Batch 1527/2188 (69.8%) - Loss: 86.606, box,cls,dfl: 1.200,0.550,0.956
Epoch 49/50, Batch 1745/2188 (79.8%) - Loss: 79.038, box,cls,dfl: 1.076,0.505,0.889
Epoch 49/50, Batch 1963/2188 (89.7%) - Loss: 82.429, box,cls,dfl: 1.107,0.553,0.916
Epoch 49/50, Batch 2181/2188 (99.7%) - Loss: 87.808, box,cls,dfl: 1.187,0.537,1.020
[*] Validation input tensor shape: torch.Size([32, 3, 384, 672])
                 Class     Images  Instances      Box(P          R      mAP50  mAP50-95)
                   all      10000     185578      0.634      0.534      0.568      0.329

           Epoch         GPU_mem        box_loss        cls_loss        dfl_loss       Instances            Size
Epoch 50/50, Batch 1/2188 (0.0%) - Loss: 86.810, box,cls,dfl: 1.158,0.543,1.011
Epoch 50/50, Batch 219/2188 (10.0%) - Loss: 82.845, box,cls,dfl: 1.113,0.538,0.938
Epoch 50/50, Batch 437/2188 (20.0%) - Loss: 97.116, box,cls,dfl: 1.398,0.629,1.008
Epoch 50/50, Batch 655/2188 (29.9%) - Loss: 79.229, box,cls,dfl: 1.060,0.520,0.895
Epoch 50/50, Batch 873/2188 (39.9%) - Loss: 90.159, box,cls,dfl: 1.206,0.632,0.979
Epoch 50/50, Batch 1091/2188 (49.9%) - Loss: 79.858, box,cls,dfl: 1.079,0.507,0.910
Epoch 50/50, Batch 1309/2188 (59.8%) - Loss: 78.589, box,cls,dfl: 1.042,0.489,0.925
Epoch 50/50, Batch 1527/2188 (69.8%) - Loss: 83.643, box,cls,dfl: 1.138,0.572,0.904
Epoch 50/50, Batch 1745/2188 (79.8%) - Loss: 83.821, box,cls,dfl: 1.128,0.537,0.955
Epoch 50/50, Batch 1963/2188 (89.7%) - Loss: 82.070, box,cls,dfl: 1.102,0.556,0.907
Epoch 50/50, Batch 2181/2188 (99.7%) - Loss: 90.217, box,cls,dfl: 1.208,0.587,1.025
[*] Validation input tensor shape: torch.Size([32, 3, 384, 672])
                 Class     Images  Instances      Box(P          R      mAP50  mAP50-95)
                   all      10000     185578      0.632      0.533      0.568      0.328

50 epochs completed in 4.028 hours.
Optimizer stripped from runs/bdd100k/detect/baseline-yolov12l/train/weights/last.pt, 53.7MB
Optimizer stripped from runs/bdd100k/detect/baseline-yolov12l/train/weights/best.pt, 53.7MB

Validating runs/bdd100k/detect/baseline-yolov12l/train/weights/best.pt...
Ultralytics 8.3.63 🚀 Python-3.11.13 torch-2.2.2+cu121 CUDA:0 (NVIDIA RTX 6000 Ada Generation, 48509MiB)
                                                       CUDA:1 (NVIDIA RTX 6000 Ada Generation, 48509MiB)
YOLOv12l summary (fused): 674 layers, 26,401,262 parameters, 0 gradients, 82.1 GFLOPs

[*] FLOPs calculated at resolution: 384x672
| module                 | #parameters or shape   | #flops   |
|:-----------------------|:-----------------------|:---------|
| base_model.model.model | 26.401M                | 25.861G  |
| 0.conv                 | 1.792K                 | 0.111G   |
| 0.conv.weight          | (64, 3, 3, 3)          |          |
| 0.conv.bias            | (64,)                  |          |
| 1.conv                 | 36.992K                | 0.595G   |
| 1.conv.weight          | (128, 32, 3, 3)        |          |
| 1.conv.bias            | (128,)                 |          |
| 2                      | 0.173M                 | 2.775G   |
| 2.cv1.conv             | 16.512K                | 0.264G   |
| 2.cv1.conv.weight      | (128, 128, 1, 1)       |          |
| 2.cv1.conv.bias        | (128,)                 |          |
| 2.cv2.conv             | 65.792K                | 1.057G   |
| 2.cv2.conv.weight      | (256, 256, 1, 1)       |          |
| 2.cv2.conv.bias        | (256,)                 |          |
| 2.m                    | 90.624K                | 1.453G   |
| 2.m.0                  | 45.312K                | 0.727G   |
| 2.m.1                  | 45.312K                | 0.727G   |
| 3.conv                 | 0.148M                 | 0.595G   |
| 3.conv.weight          | (256, 64, 3, 3)        |          |
| 3.conv.bias            | (256,)                 |          |
| 4                      | 0.69M                  | 2.775G   |
| 4.cv1.conv             | 65.792K                | 0.264G   |
| 4.cv1.conv.weight      | (256, 256, 1, 1)       |          |
| 4.cv1.conv.bias        | (256,)                 |          |
| 4.cv2.conv             | 0.263M                 | 1.057G   |
| 4.cv2.conv.weight      | (512, 512, 1, 1)       |          |
| 4.cv2.conv.bias        | (512,)                 |          |
| 4.m                    | 0.361M                 | 1.453G   |
| 4.m.0                  | 0.181M                 | 0.727G   |
| 4.m.1                  | 0.181M                 | 0.727G   |
| 5.conv                 | 2.36M                  | 2.378G   |
| 5.conv.weight          | (512, 512, 3, 3)       |          |
| 5.conv.bias            | (512,)                 |          |
| 6                      | 4.524M                 | 4.544G   |
| 6.gamma                | (512,)                 |          |
| 6.cv1.conv             | 0.131M                 | 0.132G   |
| 6.cv1.conv.weight      | (256, 512, 1, 1)       |          |
| 6.cv1.conv.bias        | (256,)                 |          |
| 6.cv2.conv             | 0.656M                 | 0.661G   |
| 6.cv2.conv.weight      | (512, 1280, 1, 1)      |          |
| 6.cv2.conv.bias        | (512,)                 |          |
| 6.m                    | 3.737M                 | 3.751G   |
| 6.m.0                  | 0.934M                 | 0.938G   |
| 6.m.1                  | 0.934M                 | 0.938G   |
| 6.m.2                  | 0.934M                 | 0.938G   |
| 6.m.3                  | 0.934M                 | 0.938G   |
| 7.conv                 | 2.36M                  | 0.595G   |
| 7.conv.weight          | (512, 512, 3, 3)       |          |
| 7.conv.bias            | (512,)                 |          |
| 8                      | 4.524M                 | 1.136G   |
| 8.gamma                | (512,)                 |          |
| 8.cv1.conv             | 0.131M                 | 33.03M   |
| 8.cv1.conv.weight      | (256, 512, 1, 1)       |          |
| 8.cv1.conv.bias        | (256,)                 |          |
| 8.cv2.conv             | 0.656M                 | 0.165G   |
| 8.cv2.conv.weight      | (512, 1280, 1, 1)      |          |
| 8.cv2.conv.bias        | (512,)                 |          |
| 8.m                    | 3.737M                 | 0.938G   |
| 8.m.0                  | 0.934M                 | 0.234G   |
| 8.m.1                  | 0.934M                 | 0.234G   |
| 8.m.2                  | 0.934M                 | 0.234G   |
| 8.m.3                  | 0.934M                 | 0.234G   |
| 11                     | 2.1M                   | 2.114G   |
| 11.cv1.conv            | 0.262M                 | 0.264G   |
| 11.cv1.conv.weight     | (256, 1024, 1, 1)      |          |
| 11.cv1.conv.bias       | (256,)                 |          |
| 11.cv2.conv            | 0.394M                 | 0.396G   |
| 11.cv2.conv.weight     | (512, 768, 1, 1)       |          |
| 11.cv2.conv.bias       | (512,)                 |          |
| 11.m                   | 1.444M                 | 1.453G   |
| 11.m.0                 | 0.722M                 | 0.727G   |
| 11.m.1                 | 0.722M                 | 0.727G   |
| 14                     | 0.591M                 | 2.378G   |
| 14.cv1.conv            | 0.131M                 | 0.528G   |
| 14.cv1.conv.weight     | (128, 1024, 1, 1)      |          |
| 14.cv1.conv.bias       | (128,)                 |          |
| 14.cv2.conv            | 98.56K                 | 0.396G   |
| 14.cv2.conv.weight     | (256, 384, 1, 1)       |          |
| 14.cv2.conv.bias       | (256,)                 |          |
| 14.m                   | 0.361M                 | 1.453G   |
| 14.m.0                 | 0.181M                 | 0.727G   |
| 14.m.1                 | 0.181M                 | 0.727G   |
| 15.conv                | 0.59M                  | 0.595G   |
| 15.conv.weight         | (256, 256, 3, 3)       |          |
| 15.conv.bias           | (256,)                 |          |
| 17                     | 2.034M                 | 2.048G   |
| 17.cv1.conv            | 0.197M                 | 0.198G   |
| 17.cv1.conv.weight     | (256, 768, 1, 1)       |          |
| 17.cv1.conv.bias       | (256,)                 |          |
| 17.cv2.conv            | 0.394M                 | 0.396G   |
| 17.cv2.conv.weight     | (512, 768, 1, 1)       |          |
| 17.cv2.conv.bias       | (512,)                 |          |
| 17.m                   | 1.444M                 | 1.453G   |
| 17.m.0                 | 0.722M                 | 0.727G   |
| 17.m.1                 | 0.722M                 | 0.727G   |
| 18.conv                | 2.36M                  | 0.595G   |
| 18.conv.weight         | (512, 512, 3, 3)       |          |
| 18.conv.bias           | (512,)                 |          |
| 20                     | 2.493M                 | 0.628G   |
| 20.cv1.conv            | 0.525M                 | 0.132G   |
| 20.cv1.conv.weight     | (512, 1024, 1, 1)      |          |
| 20.cv1.conv.bias       | (512,)                 |          |
| 20.cv2.conv            | 0.525M                 | 0.132G   |
| 20.cv2.conv.weight     | (512, 1024, 1, 1)      |          |
| 20.cv2.conv.bias       | (512,)                 |          |
| 20.m                   | 1.444M                 | 0.363G   |
| 20.m.0                 | 0.722M                 | 0.182G   |
| 20.m.1                 | 0.722M                 | 0.182G   |
| 21                     | 1.415M                 | 2G       |
| 21.cv2                 | 0.861M                 | 1.183G   |
| 21.cv2.0               | 0.189M                 | 0.76G    |
| 21.cv2.1               | 0.336M                 | 0.339G   |
| 21.cv2.2               | 0.336M                 | 84.64M   |
| 21.cv3                 | 0.554M                 | 0.817G   |
| 21.cv3.0               | 0.139M                 | 0.557G   |
| 21.cv3.1               | 0.207M                 | 0.208G   |
| 21.cv3.2               | 0.207M                 | 51.932M  |
| 21.dfl.conv            | 16                     | 0.339M   |
| 21.dfl.conv.weight     | (1, 16, 1, 1)          |          |
| 9                      |                        | 0.516M   |
| 12                     |                        | 2.064M   |
  MACs  : 25.86 GMACs
  FLOPs : 51.72 GFLOPs
[*] Validation input tensor shape: torch.Size([32, 3, 384, 672])
                 Class     Images  Instances      Box(P          R      mAP50  mAP50-95)
                   all      10000     185578      0.679      0.529      0.571      0.332
                person       3220      13265      0.745      0.596      0.668       0.35
                 rider        515        649      0.703      0.459      0.504      0.263
                   car       9879     102540      0.819      0.735      0.806      0.511
                   bus       1242       1597      0.709      0.584      0.657      0.509
                 truck       2689       4247      0.649      0.634      0.666      0.493
                  bike        578       1007      0.631        0.5       0.52      0.269
                 motor        334        452      0.675      0.482      0.504      0.255
         traffic light       5653      26891      0.745      0.544      0.629      0.251
          traffic sign       8221      34915       0.74      0.623      0.694      0.377
                 train         14         15      0.376      0.133     0.0653     0.0422
Speed: 0.0ms preprocess, 1.3ms inference, 0.0ms loss, 0.3ms postprocess per image
Results saved to [1mruns/bdd100k/detect/baseline-yolov12l/train[0m
