=== [1/2] Train: feat=both, prev_p in {0.0, 1.0}, seeds 0-4 ===
  training prev_p=0.0 seed=0 -> method02_advantage_regress_tinyConv/outputs/bdd100k/policy_both_prevpp00_s0.pt
ep   0 | train total 0.6683 acc -0.0000 flops 0.6437 p_super 0.006 || val p_super 0.001 acc -0.0000 corr 0.079  *best*
ep   1 | train total 0.6665 acc -0.0000 flops 0.6415 p_super 0.000 || val p_super 0.006 acc -0.0001 corr 0.077
ep   2 | train total 0.6665 acc -0.0000 flops 0.6415 p_super 0.000 || val p_super 0.015 acc 0.0001 corr 0.076
ep   3 | train total 0.6665 acc -0.0000 flops 0.6415 p_super 0.000 || val p_super 0.024 acc 0.0000 corr 0.076
ep   4 | train total 0.6665 acc -0.0000 flops 0.6415 p_super 0.000 || val p_super 0.028 acc -0.0004 corr 0.077
ep   5 | train total 0.6665 acc -0.0000 flops 0.6415 p_super 0.000 || val p_super 0.028 acc -0.0003 corr 0.085  *best*
ep   6 | train total 0.6665 acc -0.0000 flops 0.6415 p_super 0.000 || val p_super 0.028 acc -0.0002 corr 0.092  *best*
ep   7 | train total 0.6665 acc -0.0000 flops 0.6415 p_super 0.000 || val p_super 0.027 acc 0.0001 corr 0.043
ep   8 | train total 0.6665 acc 0.0000 flops 0.6415 p_super 0.000 || val p_super 0.026 acc -0.0002 corr 0.000
ep   9 | train total 0.6665 acc 0.0000 flops 0.6415 p_super 0.000 || val p_super 0.026 acc 0.0000 corr 0.000
ep  10 | train total 0.6665 acc 0.0000 flops 0.6415 p_super 0.000 || val p_super 0.026 acc 0.0001 corr 0.000
ep  11 | train total 0.6665 acc 0.0000 flops 0.6415 p_super 0.000 || val p_super 0.026 acc -0.0003 corr 0.000
ep  12 | train total 0.6665 acc 0.0000 flops 0.6415 p_super 0.000 || val p_super 0.025 acc -0.0001 corr 0.000
ep  13 | train total 0.6665 acc -0.0000 flops 0.6415 p_super 0.000 || val p_super 0.024 acc 0.0004 corr 0.000
ep  14 | train total 0.6665 acc 0.0000 flops 0.6415 p_super 0.000 || val p_super 0.024 acc -0.0002 corr 0.000
ep  15 | train total 0.6665 acc 0.0000 flops 0.6415 p_super 0.000 || val p_super 0.024 acc -0.0002 corr 0.000
ep  16 | train total 0.6665 acc -0.0000 flops 0.6415 p_super 0.000 || val p_super 0.024 acc -0.0000 corr 0.000
ep  17 | train total 0.6665 acc -0.0000 flops 0.6415 p_super 0.000 || val p_super 0.023 acc -0.0001 corr 0.000
ep  18 | train total 0.6665 acc 0.0000 flops 0.6415 p_super 0.000 || val p_super 0.023 acc -0.0002 corr -0.000
ep  19 | train total 0.6665 acc 0.0000 flops 0.6415 p_super 0.000 || val p_super 0.023 acc 0.0001 corr -0.000
ep  20 | train total 0.6665 acc -0.0000 flops 0.6415 p_super 0.000 || val p_super 0.022 acc 0.0001 corr 0.000
ep  21 | train total 0.6665 acc -0.0000 flops 0.6415 p_super 0.000 || val p_super 0.022 acc 0.0001 corr 0.000
ep  22 | train total 0.6665 acc 0.0000 flops 0.6415 p_super 0.000 || val p_super 0.022 acc 0.0004 corr 0.000
ep  23 | train total 0.6665 acc -0.0000 flops 0.6415 p_super 0.000 || val p_super 0.021 acc -0.0003 corr 0.000
ep  24 | train total 0.6665 acc 0.0000 flops 0.6415 p_super 0.000 || val p_super 0.021 acc -0.0002 corr 0.000
ep  25 | train total 0.6665 acc -0.0000 flops 0.6415 p_super 0.000 || val p_super 0.020 acc 0.0001 corr 0.000
ep  26 | train total 0.6665 acc -0.0000 flops 0.6415 p_super 0.000 || val p_super 0.020 acc 0.0002 corr 0.000
ep  27 | train total 0.6665 acc -0.0000 flops 0.6415 p_super 0.000 || val p_super 0.020 acc 0.0003 corr 0.000
ep  28 | train total 0.6665 acc -0.0000 flops 0.6415 p_super 0.000 || val p_super 0.019 acc 0.0002 corr 0.000
ep  29 | train total 0.6665 acc 0.0000 flops 0.6415 p_super 0.000 || val p_super 0.019 acc 0.0001 corr 0.000
ep  30 | train total 0.6665 acc 0.0000 flops 0.6415 p_super 0.000 || val p_super 0.019 acc -0.0002 corr 0.000
ep  31 | train total 0.6665 acc 0.0000 flops 0.6415 p_super 0.000 || val p_super 0.019 acc 0.0002 corr 0.000
ep  32 | train total 0.6665 acc -0.0000 flops 0.6415 p_super 0.000 || val p_super 0.019 acc 0.0000 corr 0.000
ep  33 | train total 0.6665 acc 0.0000 flops 0.6415 p_super 0.000 || val p_super 0.019 acc 0.0002 corr 0.000
ep  34 | train total 0.6665 acc 0.0000 flops 0.6415 p_super 0.000 || val p_super 0.019 acc 0.0001 corr -0.000
ep  35 | train total 0.6665 acc 0.0000 flops 0.6415 p_super 0.000 || val p_super 0.019 acc 0.0003 corr 0.000
ep  36 | train total 0.6665 acc 0.0000 flops 0.6415 p_super 0.000 || val p_super 0.019 acc -0.0001 corr -0.000
ep  37 | train total 0.6665 acc -0.0000 flops 0.6415 p_super 0.000 || val p_super 0.019 acc -0.0004 corr 0.000
ep  38 | train total 0.6665 acc 0.0000 flops 0.6415 p_super 0.000 || val p_super 0.019 acc -0.0001 corr 0.000
ep  39 | train total 0.6665 acc -0.0000 flops 0.6415 p_super 0.000 || val p_super 0.019 acc -0.0002 corr 0.000
ep  40 | train total 0.6665 acc -0.0000 flops 0.6415 p_super 0.000 || val p_super 0.019 acc -0.0000 corr 0.000
ep  41 | train total 0.6665 acc 0.0000 flops 0.6415 p_super 0.000 || val p_super 0.019 acc 0.0000 corr 0.000
ep  42 | train total 0.6665 acc -0.0000 flops 0.6415 p_super 0.000 || val p_super 0.019 acc 0.0002 corr 0.000
ep  43 | train total 0.6665 acc 0.0000 flops 0.6415 p_super 0.000 || val p_super 0.019 acc 0.0002 corr 0.000
ep  44 | train total 0.6665 acc 0.0000 flops 0.6415 p_super 0.000 || val p_super 0.019 acc 0.0002 corr 0.000
ep  45 | train total 0.6665 acc 0.0000 flops 0.6415 p_super 0.000 || val p_super 0.018 acc -0.0002 corr -0.000
ep  46 | train total 0.6665 acc 0.0000 flops 0.6415 p_super 0.000 || val p_super 0.019 acc -0.0002 corr 0.000
ep  47 | train total 0.6665 acc 0.0000 flops 0.6415 p_super 0.000 || val p_super 0.019 acc -0.0004 corr 0.000
ep  48 | train total 0.6665 acc 0.0000 flops 0.6415 p_super 0.000 || val p_super 0.019 acc -0.0001 corr -0.000
ep  49 | train total 0.6665 acc -0.0000 flops 0.6415 p_super 0.000 || val p_super 0.019 acc -0.0002 corr 0.000
ep  50 | train total 0.6665 acc -0.0000 flops 0.6415 p_super 0.000 || val p_super 0.019 acc -0.0001 corr 0.000
ep  51 | train total 0.6665 acc 0.0000 flops 0.6415 p_super 0.000 || val p_super 0.019 acc 0.0001 corr -0.000
ep  52 | train total 0.6665 acc 0.0000 flops 0.6415 p_super 0.000 || val p_super 0.019 acc -0.0002 corr 0.000
ep  53 | train total 0.6665 acc 0.0000 flops 0.6415 p_super 0.000 || val p_super 0.019 acc 0.0001 corr 0.000
ep  54 | train total 0.6665 acc 0.0000 flops 0.6415 p_super 0.000 || val p_super 0.019 acc 0.0001 corr 0.000
ep  55 | train total 0.6665 acc -0.0000 flops 0.6415 p_super 0.000 || val p_super 0.019 acc 0.0001 corr 0.000
ep  56 | train total 0.6665 acc 0.0000 flops 0.6415 p_super 0.000 || val p_super 0.019 acc -0.0000 corr 0.000
ep  57 | train total 0.6665 acc -0.0000 flops 0.6415 p_super 0.000 || val p_super 0.019 acc 0.0001 corr 0.000
ep  58 | train total 0.6665 acc 0.0000 flops 0.6415 p_super 0.000 || val p_super 0.019 acc 0.0002 corr 0.000
ep  59 | train total 0.6665 acc 0.0000 flops 0.6415 p_super 0.000 || val p_super 0.019 acc 0.0000 corr 0.000
ep  60 | train total 0.6665 acc 0.0000 flops 0.6415 p_super 0.000 || val p_super 0.019 acc -0.0002 corr 0.000
ep  61 | train total 0.6665 acc -0.0000 flops 0.6415 p_super 0.000 || val p_super 0.019 acc 0.0000 corr 0.000
ep  62 | train total 0.6665 acc -0.0000 flops 0.6415 p_super 0.000 || val p_super 0.019 acc -0.0001 corr 0.000
ep  63 | train total 0.6665 acc -0.0000 flops 0.6415 p_super 0.000 || val p_super 0.019 acc 0.0003 corr 0.000
ep  64 | train total 0.6665 acc -0.0000 flops 0.6415 p_super 0.000 || val p_super 0.019 acc 0.0000 corr 0.000
ep  65 | train total 0.6665 acc -0.0000 flops 0.6415 p_super 0.000 || val p_super 0.019 acc -0.0001 corr 0.000
ep  66 | train total 0.6665 acc -0.0000 flops 0.6415 p_super 0.000 || val p_super 0.019 acc 0.0003 corr 0.000
ep  67 | train total 0.6665 acc 0.0000 flops 0.6415 p_super 0.000 || val p_super 0.019 acc -0.0001 corr 0.000
ep  68 | train total 0.6665 acc -0.0000 flops 0.6415 p_super 0.000 || val p_super 0.019 acc -0.0001 corr 0.000
ep  69 | train total 0.6665 acc 0.0000 flops 0.6415 p_super 0.000 || val p_super 0.019 acc 0.0001 corr 0.000
ep  70 | train total 0.6665 acc -0.0000 flops 0.6415 p_super 0.000 || val p_super 0.019 acc -0.0002 corr 0.000
ep  71 | train total 0.6665 acc 0.0000 flops 0.6415 p_super 0.000 || val p_super 0.019 acc 0.0001 corr 0.000
ep  72 | train total 0.6665 acc 0.0000 flops 0.6415 p_super 0.000 || val p_super 0.019 acc 0.0001 corr -0.000
ep  73 | train total 0.6665 acc 0.0000 flops 0.6415 p_super 0.000 || val p_super 0.019 acc 0.0000 corr 0.000
ep  74 | train total 0.6665 acc -0.0000 flops 0.6415 p_super 0.000 || val p_super 0.019 acc -0.0001 corr 0.000
ep  75 | train total 0.6665 acc -0.0000 flops 0.6415 p_super 0.000 || val p_super 0.020 acc -0.0001 corr 0.000
ep  76 | train total 0.6665 acc 0.0000 flops 0.6415 p_super 0.000 || val p_super 0.019 acc 0.0001 corr -0.000
ep  77 | train total 0.6665 acc -0.0000 flops 0.6415 p_super 0.000 || val p_super 0.019 acc 0.0001 corr 0.000
ep  78 | train total 0.6665 acc -0.0000 flops 0.6415 p_super 0.000 || val p_super 0.020 acc -0.0003 corr 0.000
ep  79 | train total 0.6665 acc 0.0000 flops 0.6415 p_super 0.000 || val p_super 0.019 acc 0.0002 corr 0.000
ep  80 | train total 0.6665 acc -0.0000 flops 0.6415 p_super 0.000 || val p_super 0.020 acc -0.0001 corr 0.000
ep  81 | train total 0.6665 acc -0.0000 flops 0.6415 p_super 0.000 || val p_super 0.020 acc -0.0002 corr 0.000
ep  82 | train total 0.6665 acc 0.0000 flops 0.6415 p_super 0.000 || val p_super 0.020 acc 0.0000 corr 0.000
ep  83 | train total 0.6665 acc -0.0000 flops 0.6415 p_super 0.000 || val p_super 0.020 acc 0.0002 corr 0.000
ep  84 | train total 0.6665 acc -0.0000 flops 0.6415 p_super 0.000 || val p_super 0.020 acc -0.0002 corr 0.000
ep  85 | train total 0.6665 acc 0.0000 flops 0.6415 p_super 0.000 || val p_super 0.019 acc 0.0000 corr 0.000
ep  86 | train total 0.6665 acc 0.0000 flops 0.6415 p_super 0.000 || val p_super 0.020 acc 0.0001 corr 0.000
ep  87 | train total 0.6665 acc 0.0000 flops 0.6415 p_super 0.000 || val p_super 0.020 acc 0.0001 corr 0.000
ep  88 | train total 0.6665 acc -0.0000 flops 0.6415 p_super 0.000 || val p_super 0.020 acc -0.0003 corr 0.000
ep  89 | train total 0.6665 acc -0.0000 flops 0.6415 p_super 0.000 || val p_super 0.020 acc 0.0000 corr 0.000
ep  90 | train total 0.6665 acc 0.0000 flops 0.6415 p_super 0.000 || val p_super 0.019 acc 0.0004 corr 0.000
ep  91 | train total 0.6665 acc 0.0000 flops 0.6415 p_super 0.000 || val p_super 0.020 acc -0.0001 corr 0.000
ep  92 | train total 0.6665 acc -0.0000 flops 0.6415 p_super 0.000 || val p_super 0.020 acc 0.0001 corr 0.000
ep  93 | train total 0.6665 acc -0.0000 flops 0.6415 p_super 0.000 || val p_super 0.020 acc 0.0003 corr 0.000
ep  94 | train total 0.6665 acc 0.0000 flops 0.6415 p_super 0.000 || val p_super 0.020 acc -0.0000 corr 0.000
ep  95 | train total 0.6665 acc -0.0000 flops 0.6415 p_super 0.000 || val p_super 0.019 acc 0.0001 corr 0.000
ep  96 | train total 0.6665 acc 0.0000 flops 0.6415 p_super 0.000 || val p_super 0.020 acc -0.0002 corr 0.000
ep  97 | train total 0.6665 acc 0.0000 flops 0.6415 p_super 0.000 || val p_super 0.020 acc -0.0001 corr 0.000
ep  98 | train total 0.6665 acc 0.0000 flops 0.6415 p_super 0.000 || val p_super 0.020 acc -0.0000 corr 0.000
ep  99 | train total 0.6665 acc 0.0000 flops 0.6415 p_super 0.000 || val p_super 0.020 acc -0.0000 corr 0.000
ep 100 | train total 0.6665 acc -0.0000 flops 0.6415 p_super 0.000 || val p_super 0.020 acc 0.0000 corr 0.000
ep 101 | train total 0.6665 acc 0.0000 flops 0.6415 p_super 0.000 || val p_super 0.019 acc 0.0001 corr 0.000
ep 102 | train total 0.6665 acc -0.0000 flops 0.6415 p_super 0.000 || val p_super 0.020 acc -0.0000 corr 0.000
ep 103 | train total 0.6665 acc -0.0000 flops 0.6415 p_super 0.000 || val p_super 0.020 acc -0.0001 corr 0.000
ep 104 | train total 0.6665 acc -0.0000 flops 0.6415 p_super 0.000 || val p_super 0.020 acc 0.0001 corr 0.000
ep 105 | train total 0.6665 acc -0.0000 flops 0.6415 p_super 0.000 || val p_super 0.020 acc -0.0002 corr 0.000
ep 106 | train total 0.6665 acc 0.0000 flops 0.6415 p_super 0.000 || val p_super 0.020 acc 0.0000 corr 0.000
ep 107 | train total 0.6665 acc -0.0000 flops 0.6415 p_super 0.000 || val p_super 0.020 acc -0.0001 corr 0.000
ep 108 | train total 0.6665 acc 0.0000 flops 0.6415 p_super 0.000 || val p_super 0.020 acc -0.0002 corr 0.000
ep 109 | train total 0.6665 acc -0.0000 flops 0.6415 p_super 0.000 || val p_super 0.020 acc -0.0002 corr 0.000
ep 110 | train total 0.6665 acc 0.0000 flops 0.6415 p_super 0.000 || val p_super 0.020 acc 0.0002 corr 0.000
ep 111 | train total 0.6665 acc 0.0000 flops 0.6415 p_super 0.000 || val p_super 0.020 acc -0.0002 corr 0.000
ep 112 | train total 0.6665 acc -0.0000 flops 0.6415 p_super 0.000 || val p_super 0.020 acc -0.0001 corr -0.000
ep 113 | train total 0.6665 acc 0.0000 flops 0.6415 p_super 0.000 || val p_super 0.020 acc -0.0001 corr 0.000
ep 114 | train total 0.6665 acc -0.0000 flops 0.6415 p_super 0.000 || val p_super 0.020 acc -0.0003 corr 0.000
ep 115 | train total 0.6665 acc -0.0000 flops 0.6415 p_super 0.000 || val p_super 0.020 acc -0.0001 corr 0.000
ep 116 | train total 0.6665 acc 0.0000 flops 0.6415 p_super 0.000 || val p_super 0.020 acc 0.0003 corr 0.000
ep 117 | train total 0.6665 acc 0.0000 flops 0.6415 p_super 0.000 || val p_super 0.020 acc 0.0002 corr 0.000
ep 118 | train total 0.6665 acc 0.0000 flops 0.6415 p_super 0.000 || val p_super 0.020 acc 0.0001 corr 0.000
ep 119 | train total 0.6665 acc 0.0000 flops 0.6415 p_super 0.000 || val p_super 0.020 acc 0.0002 corr 0.000
ep 120 | train total 0.6665 acc 0.0000 flops 0.6415 p_super 0.000 || val p_super 0.020 acc 0.0000 corr 0.000
ep 121 | train total 0.6665 acc -0.0000 flops 0.6415 p_super 0.000 || val p_super 0.020 acc 0.0002 corr 0.000
ep 122 | train total 0.6665 acc 0.0000 flops 0.6415 p_super 0.000 || val p_super 0.020 acc -0.0003 corr 0.000
ep 123 | train total 0.6665 acc 0.0000 flops 0.6415 p_super 0.000 || val p_super 0.020 acc 0.0000 corr 0.000
ep 124 | train total 0.6665 acc 0.0000 flops 0.6415 p_super 0.000 || val p_super 0.021 acc 0.0000 corr 0.000
ep 125 | train total 0.6665 acc 0.0000 flops 0.6415 p_super 0.000 || val p_super 0.020 acc 0.0005 corr 0.000
ep 126 | train total 0.6665 acc 0.0000 flops 0.6415 p_super 0.000 || val p_super 0.020 acc 0.0002 corr 0.000
ep 127 | train total 0.6665 acc -0.0000 flops 0.6415 p_super 0.000 || val p_super 0.021 acc -0.0000 corr 0.000
ep 128 | train total 0.6665 acc -0.0000 flops 0.6415 p_super 0.000 || val p_super 0.021 acc -0.0004 corr 0.000
ep 129 | train total 0.6665 acc 0.0000 flops 0.6415 p_super 0.000 || val p_super 0.020 acc -0.0000 corr -0.000
ep 130 | train total 0.6665 acc 0.0000 flops 0.6415 p_super 0.000 || val p_super 0.021 acc 0.0001 corr 0.000
ep 131 | train total 0.6665 acc -0.0000 flops 0.6415 p_super 0.000 || val p_super 0.020 acc 0.0002 corr 0.000
ep 132 | train total 0.6665 acc -0.0000 flops 0.6415 p_super 0.000 || val p_super 0.021 acc 0.0003 corr 0.000
ep 133 | train total 0.6665 acc -0.0000 flops 0.6415 p_super 0.000 || val p_super 0.020 acc 0.0001 corr 0.000
ep 134 | train total 0.6665 acc -0.0000 flops 0.6415 p_super 0.000 || val p_super 0.021 acc -0.0001 corr 0.000
ep 135 | train total 0.6665 acc 0.0000 flops 0.6415 p_super 0.000 || val p_super 0.020 acc -0.0000 corr -0.000
ep 136 | train total 0.6665 acc -0.0000 flops 0.6415 p_super 0.000 || val p_super 0.021 acc 0.0001 corr 0.000
ep 137 | train total 0.6665 acc 0.0000 flops 0.6415 p_super 0.000 || val p_super 0.021 acc 0.0001 corr 0.000
ep 138 | train total 0.6665 acc 0.0000 flops 0.6415 p_super 0.000 || val p_super 0.021 acc -0.0004 corr -0.000
ep 139 | train total 0.6665 acc -0.0000 flops 0.6415 p_super 0.000 || val p_super 0.021 acc -0.0001 corr 0.000
ep 140 | train total 0.6665 acc 0.0000 flops 0.6415 p_super 0.000 || val p_super 0.020 acc -0.0002 corr 0.000
ep 141 | train total 0.6665 acc -0.0000 flops 0.6415 p_super 0.000 || val p_super 0.021 acc -0.0000 corr 0.000
ep 142 | train total 0.6665 acc -0.0000 flops 0.6415 p_super 0.000 || val p_super 0.021 acc 0.0004 corr -0.000
ep 143 | train total 0.6665 acc -0.0000 flops 0.6415 p_super 0.000 || val p_super 0.021 acc -0.0003 corr 0.000
ep 144 | train total 0.6665 acc -0.0000 flops 0.6415 p_super 0.000 || val p_super 0.021 acc -0.0003 corr 0.000
ep 145 | train total 0.6665 acc 0.0000 flops 0.6415 p_super 0.000 || val p_super 0.021 acc 0.0000 corr 0.000
ep 146 | train total 0.6665 acc -0.0000 flops 0.6415 p_super 0.000 || val p_super 0.020 acc 0.0002 corr 0.000
ep 147 | train total 0.6665 acc -0.0000 flops 0.6415 p_super 0.000 || val p_super 0.021 acc 0.0002 corr 0.000
ep 148 | train total 0.6665 acc 0.0000 flops 0.6415 p_super 0.000 || val p_super 0.021 acc -0.0000 corr 0.000
ep 149 | train total 0.6665 acc 0.0000 flops 0.6415 p_super 0.000 || val p_super 0.021 acc 0.0000 corr 0.000
[*] best val_corr=0.09248 @ epoch 6 (of 150)
[*] saved policy (val-best) -> method02_advantage_regress_tinyConv/outputs/bdd100k/policy_both_prevpp00_s0.pt
  training prev_p=0.0 seed=1 -> method02_advantage_regress_tinyConv/outputs/bdd100k/policy_both_prevpp00_s1.pt
ep   0 | train total 0.6683 acc -0.0000 flops 0.6437 p_super 0.006 || val p_super 0.000 acc -0.0000 corr 0.064  *best*
ep   1 | train total 0.6665 acc -0.0000 flops 0.6415 p_super 0.000 || val p_super 0.001 acc -0.0001 corr 0.080  *best*
ep   2 | train total 0.6658 acc -0.0018 flops 0.6430 p_super 0.004 || val p_super 0.003 acc -0.0019 corr 0.078
ep   3 | train total 0.6558 acc -0.0190 flops 0.6529 p_super 0.032 || val p_super 0.023 acc -0.0184 corr 0.126  *best*
ep   4 | train total 0.6533 acc -0.0260 flops 0.6589 p_super 0.049 || val p_super 0.041 acc -0.0247 corr 0.132  *best*
ep   5 | train total 0.6495 acc -0.0309 flops 0.6603 p_super 0.053 || val p_super 0.066 acc -0.0295 corr 0.123
ep   6 | train total 0.6505 acc -0.0281 flops 0.6579 p_super 0.046 || val p_super 0.035 acc -0.0203 corr 0.134  *best*
ep   7 | train total 0.6478 acc -0.0346 flops 0.6630 p_super 0.060 || val p_super 0.033 acc -0.0200 corr 0.136  *best*
ep   8 | train total 0.6469 acc -0.0345 flops 0.6618 p_super 0.057 || val p_super 0.044 acc -0.0225 corr 0.131
ep   9 | train total 0.6474 acc -0.0334 flops 0.6608 p_super 0.054 || val p_super 0.030 acc -0.0197 corr 0.146  *best*
ep  10 | train total 0.6456 acc -0.0378 flops 0.6644 p_super 0.064 || val p_super 0.036 acc -0.0242 corr 0.145
ep  11 | train total 0.6459 acc -0.0364 flops 0.6629 p_super 0.060 || val p_super 0.055 acc -0.0271 corr 0.140
ep  12 | train total 0.6468 acc -0.0342 flops 0.6613 p_super 0.055 || val p_super 0.031 acc -0.0197 corr 0.142
ep  13 | train total 0.6453 acc -0.0363 flops 0.6620 p_super 0.057 || val p_super 0.049 acc -0.0280 corr 0.139
ep  14 | train total 0.6448 acc -0.0372 flops 0.6626 p_super 0.059 || val p_super 0.041 acc -0.0272 corr 0.152  *best*
ep  15 | train total 0.6438 acc -0.0391 flops 0.6637 p_super 0.062 || val p_super 0.027 acc -0.0181 corr 0.137
ep  16 | train total 0.6440 acc -0.0390 flops 0.6639 p_super 0.063 || val p_super 0.040 acc -0.0243 corr 0.141
ep  17 | train total 0.6444 acc -0.0382 flops 0.6633 p_super 0.061 || val p_super 0.051 acc -0.0270 corr 0.139
ep  18 | train total 0.6442 acc -0.0384 flops 0.6633 p_super 0.061 || val p_super 0.027 acc -0.0182 corr 0.144
ep  19 | train total 0.6432 acc -0.0393 flops 0.6631 p_super 0.060 || val p_super 0.040 acc -0.0215 corr 0.131
ep  20 | train total 0.6426 acc -0.0407 flops 0.6642 p_super 0.064 || val p_super 0.026 acc -0.0174 corr 0.134
ep  21 | train total 0.6426 acc -0.0400 flops 0.6634 p_super 0.061 || val p_super 0.049 acc -0.0271 corr 0.141
ep  22 | train total 0.6438 acc -0.0389 flops 0.6634 p_super 0.061 || val p_super 0.071 acc -0.0289 corr 0.132
ep  23 | train total 0.6428 acc -0.0413 flops 0.6652 p_super 0.066 || val p_super 0.054 acc -0.0263 corr 0.136
ep  24 | train total 0.6426 acc -0.0403 flops 0.6637 p_super 0.062 || val p_super 0.050 acc -0.0261 corr 0.143
ep  25 | train total 0.6418 acc -0.0427 flops 0.6658 p_super 0.068 || val p_super 0.043 acc -0.0262 corr 0.142
ep  26 | train total 0.6419 acc -0.0419 flops 0.6650 p_super 0.066 || val p_super 0.037 acc -0.0222 corr 0.141
ep  27 | train total 0.6412 acc -0.0425 flops 0.6647 p_super 0.065 || val p_super 0.031 acc -0.0181 corr 0.134
ep  28 | train total 0.6417 acc -0.0420 flops 0.6647 p_super 0.065 || val p_super 0.031 acc -0.0206 corr 0.136
ep  29 | train total 0.6423 acc -0.0414 flops 0.6648 p_super 0.065 || val p_super 0.045 acc -0.0240 corr 0.134
ep  30 | train total 0.6423 acc -0.0403 flops 0.6632 p_super 0.061 || val p_super 0.047 acc -0.0270 corr 0.141
ep  31 | train total 0.6409 acc -0.0430 flops 0.6650 p_super 0.066 || val p_super 0.040 acc -0.0203 corr 0.137
ep  32 | train total 0.6409 acc -0.0426 flops 0.6646 p_super 0.064 || val p_super 0.047 acc -0.0246 corr 0.140
ep  33 | train total 0.6414 acc -0.0422 flops 0.6647 p_super 0.065 || val p_super 0.044 acc -0.0195 corr 0.134
ep  34 | train total 0.6405 acc -0.0433 flops 0.6648 p_super 0.065 || val p_super 0.043 acc -0.0212 corr 0.128
ep  35 | train total 0.6403 acc -0.0438 flops 0.6654 p_super 0.067 || val p_super 0.043 acc -0.0265 corr 0.142
ep  36 | train total 0.6415 acc -0.0417 flops 0.6641 p_super 0.063 || val p_super 0.034 acc -0.0179 corr 0.129
ep  37 | train total 0.6405 acc -0.0428 flops 0.6642 p_super 0.064 || val p_super 0.047 acc -0.0251 corr 0.142
ep  38 | train total 0.6403 acc -0.0436 flops 0.6651 p_super 0.066 || val p_super 0.044 acc -0.0268 corr 0.147
ep  39 | train total 0.6413 acc -0.0430 flops 0.6655 p_super 0.067 || val p_super 0.044 acc -0.0237 corr 0.137
ep  40 | train total 0.6405 acc -0.0440 flops 0.6657 p_super 0.068 || val p_super 0.042 acc -0.0222 corr 0.138
ep  41 | train total 0.6406 acc -0.0434 flops 0.6652 p_super 0.066 || val p_super 0.036 acc -0.0204 corr 0.129
ep  42 | train total 0.6394 acc -0.0445 flops 0.6650 p_super 0.066 || val p_super 0.046 acc -0.0240 corr 0.144
ep  43 | train total 0.6403 acc -0.0447 flops 0.6665 p_super 0.070 || val p_super 0.065 acc -0.0272 corr 0.144
ep  44 | train total 0.6405 acc -0.0441 flops 0.6660 p_super 0.068 || val p_super 0.048 acc -0.0263 corr 0.140
ep  45 | train total 0.6402 acc -0.0444 flops 0.6659 p_super 0.068 || val p_super 0.029 acc -0.0177 corr 0.129
ep  46 | train total 0.6398 acc -0.0443 flops 0.6653 p_super 0.067 || val p_super 0.038 acc -0.0195 corr 0.131
ep  47 | train total 0.6394 acc -0.0449 flops 0.6656 p_super 0.067 || val p_super 0.042 acc -0.0220 corr 0.130
ep  48 | train total 0.6391 acc -0.0453 flops 0.6656 p_super 0.067 || val p_super 0.052 acc -0.0246 corr 0.134
ep  49 | train total 0.6386 acc -0.0457 flops 0.6656 p_super 0.067 || val p_super 0.044 acc -0.0218 corr 0.140
ep  50 | train total 0.6385 acc -0.0453 flops 0.6649 p_super 0.066 || val p_super 0.035 acc -0.0210 corr 0.139
ep  51 | train total 0.6395 acc -0.0440 flops 0.6646 p_super 0.065 || val p_super 0.049 acc -0.0241 corr 0.135
ep  52 | train total 0.6396 acc -0.0449 flops 0.6658 p_super 0.068 || val p_super 0.041 acc -0.0219 corr 0.135
ep  53 | train total 0.6391 acc -0.0460 flops 0.6666 p_super 0.070 || val p_super 0.039 acc -0.0210 corr 0.128
ep  54 | train total 0.6394 acc -0.0447 flops 0.6653 p_super 0.066 || val p_super 0.039 acc -0.0201 corr 0.131
ep  55 | train total 0.6383 acc -0.0465 flops 0.6663 p_super 0.069 || val p_super 0.044 acc -0.0229 corr 0.132
ep  56 | train total 0.6384 acc -0.0462 flops 0.6659 p_super 0.068 || val p_super 0.053 acc -0.0280 corr 0.136
ep  57 | train total 0.6394 acc -0.0452 flops 0.6659 p_super 0.068 || val p_super 0.054 acc -0.0227 corr 0.131
ep  58 | train total 0.6384 acc -0.0468 flops 0.6667 p_super 0.070 || val p_super 0.053 acc -0.0263 corr 0.137
ep  59 | train total 0.6387 acc -0.0464 flops 0.6667 p_super 0.070 || val p_super 0.035 acc -0.0221 corr 0.138
ep  60 | train total 0.6388 acc -0.0463 flops 0.6666 p_super 0.070 || val p_super 0.052 acc -0.0249 corr 0.137
ep  61 | train total 0.6374 acc -0.0470 flops 0.6657 p_super 0.068 || val p_super 0.040 acc -0.0222 corr 0.132
ep  62 | train total 0.6390 acc -0.0460 flops 0.6664 p_super 0.070 || val p_super 0.057 acc -0.0269 corr 0.136
ep  63 | train total 0.6392 acc -0.0447 flops 0.6650 p_super 0.066 || val p_super 0.041 acc -0.0245 corr 0.130
ep  64 | train total 0.6380 acc -0.0470 flops 0.6664 p_super 0.070 || val p_super 0.050 acc -0.0242 corr 0.134
ep  65 | train total 0.6378 acc -0.0470 flops 0.6663 p_super 0.069 || val p_super 0.060 acc -0.0273 corr 0.132
ep  66 | train total 0.6381 acc -0.0469 flops 0.6665 p_super 0.070 || val p_super 0.057 acc -0.0236 corr 0.133
ep  67 | train total 0.6387 acc -0.0463 flops 0.6664 p_super 0.070 || val p_super 0.048 acc -0.0234 corr 0.134
ep  68 | train total 0.6387 acc -0.0461 flops 0.6661 p_super 0.069 || val p_super 0.049 acc -0.0265 corr 0.137
ep  69 | train total 0.6375 acc -0.0468 flops 0.6655 p_super 0.067 || val p_super 0.051 acc -0.0253 corr 0.133
ep  70 | train total 0.6373 acc -0.0472 flops 0.6658 p_super 0.068 || val p_super 0.044 acc -0.0226 corr 0.126
ep  71 | train total 0.6382 acc -0.0463 flops 0.6658 p_super 0.068 || val p_super 0.036 acc -0.0211 corr 0.135
ep  72 | train total 0.6382 acc -0.0470 flops 0.6667 p_super 0.070 || val p_super 0.043 acc -0.0245 corr 0.135
ep  73 | train total 0.6384 acc -0.0463 flops 0.6662 p_super 0.069 || val p_super 0.053 acc -0.0259 corr 0.134
ep  74 | train total 0.6385 acc -0.0469 flops 0.6669 p_super 0.071 || val p_super 0.058 acc -0.0272 corr 0.134
ep  75 | train total 0.6369 acc -0.0482 flops 0.6667 p_super 0.070 || val p_super 0.045 acc -0.0237 corr 0.131
ep  76 | train total 0.6370 acc -0.0479 flops 0.6664 p_super 0.070 || val p_super 0.050 acc -0.0255 corr 0.131
ep  77 | train total 0.6368 acc -0.0486 flops 0.6669 p_super 0.071 || val p_super 0.050 acc -0.0255 corr 0.133
ep  78 | train total 0.6370 acc -0.0487 flops 0.6673 p_super 0.072 || val p_super 0.052 acc -0.0245 corr 0.134
ep  79 | train total 0.6376 acc -0.0475 flops 0.6666 p_super 0.070 || val p_super 0.035 acc -0.0176 corr 0.129
ep  80 | train total 0.6376 acc -0.0468 flops 0.6658 p_super 0.068 || val p_super 0.037 acc -0.0216 corr 0.132
ep  81 | train total 0.6373 acc -0.0471 flops 0.6657 p_super 0.068 || val p_super 0.055 acc -0.0246 corr 0.129
ep  82 | train total 0.6372 acc -0.0483 flops 0.6671 p_super 0.072 || val p_super 0.038 acc -0.0187 corr 0.132
ep  83 | train total 0.6366 acc -0.0478 flops 0.6657 p_super 0.068 || val p_super 0.050 acc -0.0253 corr 0.137
ep  84 | train total 0.6366 acc -0.0489 flops 0.6671 p_super 0.071 || val p_super 0.065 acc -0.0257 corr 0.138
ep  85 | train total 0.6358 acc -0.0501 flops 0.6676 p_super 0.073 || val p_super 0.044 acc -0.0222 corr 0.132
ep  86 | train total 0.6354 acc -0.0497 flops 0.6666 p_super 0.070 || val p_super 0.047 acc -0.0225 corr 0.130
ep  87 | train total 0.6353 acc -0.0499 flops 0.6667 p_super 0.070 || val p_super 0.046 acc -0.0235 corr 0.131
ep  88 | train total 0.6372 acc -0.0479 flops 0.6666 p_super 0.070 || val p_super 0.043 acc -0.0209 corr 0.130
ep  89 | train total 0.6365 acc -0.0486 flops 0.6666 p_super 0.070 || val p_super 0.056 acc -0.0235 corr 0.128
ep  90 | train total 0.6366 acc -0.0493 flops 0.6677 p_super 0.073 || val p_super 0.045 acc -0.0235 corr 0.130
ep  91 | train total 0.6356 acc -0.0499 flops 0.6672 p_super 0.072 || val p_super 0.056 acc -0.0235 corr 0.141
ep  92 | train total 0.6353 acc -0.0506 flops 0.6676 p_super 0.073 || val p_super 0.052 acc -0.0240 corr 0.133
ep  93 | train total 0.6364 acc -0.0484 flops 0.6662 p_super 0.069 || val p_super 0.044 acc -0.0189 corr 0.130
ep  94 | train total 0.6352 acc -0.0501 flops 0.6669 p_super 0.071 || val p_super 0.050 acc -0.0272 corr 0.133
ep  95 | train total 0.6374 acc -0.0479 flops 0.6669 p_super 0.071 || val p_super 0.049 acc -0.0243 corr 0.138
ep  96 | train total 0.6353 acc -0.0499 flops 0.6667 p_super 0.070 || val p_super 0.047 acc -0.0227 corr 0.130
ep  97 | train total 0.6364 acc -0.0488 flops 0.6668 p_super 0.071 || val p_super 0.050 acc -0.0248 corr 0.135
ep  98 | train total 0.6356 acc -0.0495 flops 0.6667 p_super 0.070 || val p_super 0.049 acc -0.0261 corr 0.131
ep  99 | train total 0.6362 acc -0.0494 flops 0.6673 p_super 0.072 || val p_super 0.047 acc -0.0255 corr 0.136
ep 100 | train total 0.6361 acc -0.0500 flops 0.6679 p_super 0.074 || val p_super 0.047 acc -0.0224 corr 0.132
ep 101 | train total 0.6382 acc -0.0458 flops 0.6652 p_super 0.066 || val p_super 0.043 acc -0.0262 corr 0.137
ep 102 | train total 0.6378 acc -0.0469 flops 0.6661 p_super 0.069 || val p_super 0.043 acc -0.0229 corr 0.133
ep 103 | train total 0.6364 acc -0.0487 flops 0.6666 p_super 0.070 || val p_super 0.043 acc -0.0223 corr 0.137
ep 104 | train total 0.6360 acc -0.0492 flops 0.6667 p_super 0.070 || val p_super 0.050 acc -0.0245 corr 0.137
ep 105 | train total 0.6350 acc -0.0504 flops 0.6670 p_super 0.071 || val p_super 0.052 acc -0.0256 corr 0.136
ep 106 | train total 0.6364 acc -0.0492 flops 0.6673 p_super 0.072 || val p_super 0.046 acc -0.0264 corr 0.136
ep 107 | train total 0.6356 acc -0.0494 flops 0.6665 p_super 0.070 || val p_super 0.039 acc -0.0198 corr 0.128
ep 108 | train total 0.6371 acc -0.0478 flops 0.6663 p_super 0.069 || val p_super 0.045 acc -0.0233 corr 0.128
ep 109 | train total 0.6359 acc -0.0492 flops 0.6666 p_super 0.070 || val p_super 0.036 acc -0.0198 corr 0.126
ep 110 | train total 0.6348 acc -0.0500 flops 0.6663 p_super 0.069 || val p_super 0.057 acc -0.0249 corr 0.136
ep 111 | train total 0.6365 acc -0.0486 flops 0.6666 p_super 0.070 || val p_super 0.059 acc -0.0260 corr 0.131
ep 112 | train total 0.6363 acc -0.0489 flops 0.6668 p_super 0.071 || val p_super 0.055 acc -0.0247 corr 0.136
ep 113 | train total 0.6359 acc -0.0499 flops 0.6674 p_super 0.072 || val p_super 0.043 acc -0.0213 corr 0.126
ep 114 | train total 0.6347 acc -0.0502 flops 0.6663 p_super 0.069 || val p_super 0.048 acc -0.0232 corr 0.134
ep 115 | train total 0.6355 acc -0.0498 flops 0.6669 p_super 0.071 || val p_super 0.048 acc -0.0209 corr 0.130
ep 116 | train total 0.6353 acc -0.0504 flops 0.6673 p_super 0.072 || val p_super 0.041 acc -0.0222 corr 0.125
ep 117 | train total 0.6365 acc -0.0490 flops 0.6671 p_super 0.071 || val p_super 0.047 acc -0.0257 corr 0.134
ep 118 | train total 0.6363 acc -0.0491 flops 0.6670 p_super 0.071 || val p_super 0.066 acc -0.0270 corr 0.134
ep 119 | train total 0.6351 acc -0.0506 flops 0.6674 p_super 0.072 || val p_super 0.048 acc -0.0238 corr 0.129
ep 120 | train total 0.6349 acc -0.0506 flops 0.6672 p_super 0.072 || val p_super 0.048 acc -0.0248 corr 0.133
ep 121 | train total 0.6340 acc -0.0515 flops 0.6671 p_super 0.072 || val p_super 0.041 acc -0.0210 corr 0.126
ep 122 | train total 0.6337 acc -0.0522 flops 0.6676 p_super 0.073 || val p_super 0.048 acc -0.0198 corr 0.126
ep 123 | train total 0.6343 acc -0.0516 flops 0.6676 p_super 0.073 || val p_super 0.040 acc -0.0223 corr 0.128
ep 124 | train total 0.6352 acc -0.0498 flops 0.6665 p_super 0.070 || val p_super 0.055 acc -0.0257 corr 0.136
ep 125 | train total 0.6341 acc -0.0516 flops 0.6674 p_super 0.072 || val p_super 0.056 acc -0.0228 corr 0.129
ep 126 | train total 0.6347 acc -0.0503 flops 0.6665 p_super 0.070 || val p_super 0.053 acc -0.0261 corr 0.140
ep 127 | train total 0.6343 acc -0.0514 flops 0.6674 p_super 0.072 || val p_super 0.065 acc -0.0288 corr 0.135
ep 128 | train total 0.6343 acc -0.0514 flops 0.6674 p_super 0.072 || val p_super 0.047 acc -0.0249 corr 0.133
ep 129 | train total 0.6342 acc -0.0519 flops 0.6679 p_super 0.074 || val p_super 0.045 acc -0.0229 corr 0.138
ep 130 | train total 0.6342 acc -0.0519 flops 0.6679 p_super 0.074 || val p_super 0.053 acc -0.0255 corr 0.130
ep 131 | train total 0.6360 acc -0.0495 flops 0.6671 p_super 0.071 || val p_super 0.052 acc -0.0258 corr 0.133
ep 132 | train total 0.6343 acc -0.0511 flops 0.6670 p_super 0.071 || val p_super 0.052 acc -0.0255 corr 0.133
ep 133 | train total 0.6346 acc -0.0512 flops 0.6676 p_super 0.073 || val p_super 0.045 acc -0.0230 corr 0.130
ep 134 | train total 0.6344 acc -0.0517 flops 0.6679 p_super 0.074 || val p_super 0.052 acc -0.0253 corr 0.135
ep 135 | train total 0.6341 acc -0.0518 flops 0.6677 p_super 0.073 || val p_super 0.053 acc -0.0233 corr 0.136
ep 136 | train total 0.6337 acc -0.0519 flops 0.6672 p_super 0.072 || val p_super 0.061 acc -0.0262 corr 0.136
ep 137 | train total 0.6339 acc -0.0518 flops 0.6674 p_super 0.073 || val p_super 0.048 acc -0.0241 corr 0.131
ep 138 | train total 0.6344 acc -0.0521 flops 0.6684 p_super 0.075 || val p_super 0.042 acc -0.0206 corr 0.127
ep 139 | train total 0.6344 acc -0.0515 flops 0.6676 p_super 0.073 || val p_super 0.045 acc -0.0219 corr 0.133
ep 140 | train total 0.6339 acc -0.0518 flops 0.6673 p_super 0.072 || val p_super 0.048 acc -0.0247 corr 0.135
ep 141 | train total 0.6345 acc -0.0512 flops 0.6674 p_super 0.072 || val p_super 0.054 acc -0.0268 corr 0.137
ep 142 | train total 0.6339 acc -0.0521 flops 0.6679 p_super 0.074 || val p_super 0.043 acc -0.0198 corr 0.131
ep 143 | train total 0.6341 acc -0.0519 flops 0.6677 p_super 0.073 || val p_super 0.057 acc -0.0268 corr 0.135
ep 144 | train total 0.6336 acc -0.0522 flops 0.6675 p_super 0.073 || val p_super 0.046 acc -0.0259 corr 0.137
ep 145 | train total 0.6341 acc -0.0516 flops 0.6674 p_super 0.072 || val p_super 0.054 acc -0.0265 corr 0.133
ep 146 | train total 0.6336 acc -0.0524 flops 0.6678 p_super 0.074 || val p_super 0.054 acc -0.0272 corr 0.140
ep 147 | train total 0.6339 acc -0.0518 flops 0.6674 p_super 0.072 || val p_super 0.043 acc -0.0183 corr 0.126
ep 148 | train total 0.6352 acc -0.0501 flops 0.6669 p_super 0.071 || val p_super 0.046 acc -0.0228 corr 0.123
ep 149 | train total 0.6335 acc -0.0525 flops 0.6679 p_super 0.074 || val p_super 0.057 acc -0.0281 corr 0.132
[*] best val_corr=0.15153 @ epoch 14 (of 150)
[*] saved policy (val-best) -> method02_advantage_regress_tinyConv/outputs/bdd100k/policy_both_prevpp00_s1.pt
  training prev_p=0.0 seed=2 -> method02_advantage_regress_tinyConv/outputs/bdd100k/policy_both_prevpp00_s2.pt
ep   0 | train total 0.6683 acc -0.0000 flops 0.6438 p_super 0.006 || val p_super 0.000 acc -0.0000 corr 0.055  *best*
ep   1 | train total 0.6665 acc -0.0000 flops 0.6415 p_super 0.000 || val p_super 0.001 acc -0.0000 corr 0.048
ep   2 | train total 0.6665 acc -0.0000 flops 0.6415 p_super 0.000 || val p_super 0.003 acc -0.0000 corr 0.038
ep   3 | train total 0.6665 acc -0.0000 flops 0.6415 p_super 0.000 || val p_super 0.005 acc 0.0001 corr 0.025
ep   4 | train total 0.6665 acc -0.0000 flops 0.6415 p_super 0.000 || val p_super 0.004 acc 0.0000 corr 0.020
ep   5 | train total 0.6665 acc -0.0000 flops 0.6415 p_super 0.000 || val p_super 0.004 acc 0.0000 corr 0.028
ep   6 | train total 0.6665 acc -0.0000 flops 0.6415 p_super 0.000 || val p_super 0.004 acc -0.0000 corr 0.006
ep   7 | train total 0.6665 acc -0.0000 flops 0.6415 p_super 0.000 || val p_super 0.003 acc -0.0000 corr 0.000
ep   8 | train total 0.6665 acc -0.0000 flops 0.6415 p_super 0.000 || val p_super 0.003 acc -0.0000 corr 0.000
ep   9 | train total 0.6665 acc 0.0000 flops 0.6415 p_super 0.000 || val p_super 0.003 acc -0.0000 corr 0.000
ep  10 | train total 0.6665 acc 0.0000 flops 0.6415 p_super 0.000 || val p_super 0.003 acc 0.0000 corr 0.000
ep  11 | train total 0.6665 acc -0.0000 flops 0.6415 p_super 0.000 || val p_super 0.003 acc -0.0000 corr 0.000
ep  12 | train total 0.6665 acc -0.0000 flops 0.6415 p_super 0.000 || val p_super 0.003 acc -0.0000 corr 0.000
ep  13 | train total 0.6665 acc 0.0000 flops 0.6415 p_super 0.000 || val p_super 0.003 acc -0.0000 corr 0.000
ep  14 | train total 0.6665 acc 0.0000 flops 0.6415 p_super 0.000 || val p_super 0.003 acc -0.0000 corr 0.000
ep  15 | train total 0.6665 acc 0.0000 flops 0.6415 p_super 0.000 || val p_super 0.003 acc -0.0000 corr 0.000
ep  16 | train total 0.6665 acc 0.0000 flops 0.6415 p_super 0.000 || val p_super 0.003 acc 0.0000 corr 0.000
ep  17 | train total 0.6665 acc -0.0000 flops 0.6415 p_super 0.000 || val p_super 0.003 acc -0.0000 corr 0.000
ep  18 | train total 0.6665 acc 0.0000 flops 0.6415 p_super 0.000 || val p_super 0.003 acc 0.0000 corr 0.000
ep  19 | train total 0.6665 acc -0.0000 flops 0.6415 p_super 0.000 || val p_super 0.003 acc 0.0000 corr 0.000
ep  20 | train total 0.6665 acc 0.0000 flops 0.6415 p_super 0.000 || val p_super 0.003 acc -0.0000 corr 0.000
ep  21 | train total 0.6665 acc 0.0000 flops 0.6415 p_super 0.000 || val p_super 0.003 acc -0.0000 corr 0.000
ep  22 | train total 0.6665 acc -0.0000 flops 0.6415 p_super 0.000 || val p_super 0.003 acc 0.0000 corr 0.000
ep  23 | train total 0.6665 acc -0.0000 flops 0.6415 p_super 0.000 || val p_super 0.003 acc -0.0001 corr 0.000
ep  24 | train total 0.6665 acc 0.0000 flops 0.6415 p_super 0.000 || val p_super 0.003 acc -0.0000 corr 0.000
ep  25 | train total 0.6665 acc -0.0000 flops 0.6415 p_super 0.000 || val p_super 0.003 acc -0.0000 corr 0.000
ep  26 | train total 0.6665 acc -0.0000 flops 0.6415 p_super 0.000 || val p_super 0.003 acc 0.0000 corr -0.000
ep  27 | train total 0.6665 acc -0.0000 flops 0.6415 p_super 0.000 || val p_super 0.003 acc 0.0000 corr 0.000
ep  28 | train total 0.6665 acc 0.0000 flops 0.6415 p_super 0.000 || val p_super 0.003 acc 0.0000 corr 0.000
ep  29 | train total 0.6665 acc 0.0000 flops 0.6415 p_super 0.000 || val p_super 0.003 acc -0.0000 corr 0.000
ep  30 | train total 0.6665 acc 0.0000 flops 0.6415 p_super 0.000 || val p_super 0.003 acc -0.0000 corr 0.000
ep  31 | train total 0.6665 acc -0.0000 flops 0.6415 p_super 0.000 || val p_super 0.003 acc 0.0000 corr 0.000
ep  32 | train total 0.6665 acc -0.0000 flops 0.6415 p_super 0.000 || val p_super 0.003 acc -0.0000 corr 0.000
ep  33 | train total 0.6665 acc 0.0000 flops 0.6415 p_super 0.000 || val p_super 0.003 acc 0.0000 corr -0.000
ep  34 | train total 0.6665 acc -0.0000 flops 0.6415 p_super 0.000 || val p_super 0.003 acc -0.0000 corr 0.000
ep  35 | train total 0.6665 acc 0.0000 flops 0.6415 p_super 0.000 || val p_super 0.003 acc 0.0000 corr 0.000
ep  36 | train total 0.6665 acc -0.0000 flops 0.6415 p_super 0.000 || val p_super 0.003 acc 0.0000 corr 0.000
ep  37 | train total 0.6665 acc -0.0000 flops 0.6415 p_super 0.000 || val p_super 0.003 acc -0.0000 corr 0.000
ep  38 | train total 0.6665 acc -0.0000 flops 0.6415 p_super 0.000 || val p_super 0.003 acc -0.0000 corr 0.000
ep  39 | train total 0.6665 acc 0.0000 flops 0.6415 p_super 0.000 || val p_super 0.003 acc 0.0000 corr 0.000
ep  40 | train total 0.6665 acc 0.0000 flops 0.6415 p_super 0.000 || val p_super 0.003 acc -0.0000 corr -0.000
ep  41 | train total 0.6665 acc -0.0000 flops 0.6415 p_super 0.000 || val p_super 0.003 acc -0.0000 corr 0.000
ep  42 | train total 0.6665 acc -0.0000 flops 0.6415 p_super 0.000 || val p_super 0.003 acc 0.0000 corr 0.000
ep  43 | train total 0.6665 acc 0.0000 flops 0.6415 p_super 0.000 || val p_super 0.003 acc 0.0000 corr 0.000
ep  44 | train total 0.6665 acc 0.0000 flops 0.6415 p_super 0.000 || val p_super 0.003 acc -0.0000 corr 0.000
ep  45 | train total 0.6665 acc -0.0000 flops 0.6415 p_super 0.000 || val p_super 0.003 acc -0.0000 corr 0.000
ep  46 | train total 0.6665 acc -0.0000 flops 0.6415 p_super 0.000 || val p_super 0.003 acc 0.0000 corr 0.000
ep  47 | train total 0.6665 acc -0.0000 flops 0.6415 p_super 0.000 || val p_super 0.003 acc 0.0000 corr 0.000
ep  48 | train total 0.6665 acc 0.0000 flops 0.6415 p_super 0.000 || val p_super 0.003 acc 0.0000 corr 0.000
ep  49 | train total 0.6665 acc -0.0000 flops 0.6415 p_super 0.000 || val p_super 0.003 acc -0.0000 corr 0.000
ep  50 | train total 0.6665 acc 0.0000 flops 0.6415 p_super 0.000 || val p_super 0.003 acc 0.0000 corr 0.000
ep  51 | train total 0.6665 acc 0.0000 flops 0.6415 p_super 0.000 || val p_super 0.003 acc 0.0000 corr 0.000
ep  52 | train total 0.6665 acc -0.0000 flops 0.6415 p_super 0.000 || val p_super 0.003 acc 0.0000 corr 0.000
ep  53 | train total 0.6665 acc 0.0000 flops 0.6415 p_super 0.000 || val p_super 0.003 acc 0.0000 corr 0.000
ep  54 | train total 0.6665 acc 0.0000 flops 0.6415 p_super 0.000 || val p_super 0.003 acc -0.0000 corr 0.000
ep  55 | train total 0.6665 acc 0.0000 flops 0.6415 p_super 0.000 || val p_super 0.003 acc 0.0000 corr 0.000
ep  56 | train total 0.6665 acc -0.0000 flops 0.6415 p_super 0.000 || val p_super 0.003 acc -0.0000 corr 0.000
ep  57 | train total 0.6665 acc -0.0000 flops 0.6415 p_super 0.000 || val p_super 0.003 acc -0.0000 corr -0.000
ep  58 | train total 0.6665 acc 0.0000 flops 0.6415 p_super 0.000 || val p_super 0.003 acc 0.0000 corr 0.000
ep  59 | train total 0.6665 acc 0.0000 flops 0.6415 p_super 0.000 || val p_super 0.003 acc -0.0000 corr 0.000
ep  60 | train total 0.6665 acc 0.0000 flops 0.6415 p_super 0.000 || val p_super 0.003 acc -0.0000 corr 0.000
ep  61 | train total 0.6665 acc -0.0000 flops 0.6415 p_super 0.000 || val p_super 0.003 acc 0.0000 corr 0.000
ep  62 | train total 0.6665 acc -0.0000 flops 0.6415 p_super 0.000 || val p_super 0.003 acc 0.0000 corr 0.000
ep  63 | train total 0.6665 acc 0.0000 flops 0.6415 p_super 0.000 || val p_super 0.003 acc -0.0000 corr 0.000
ep  64 | train total 0.6665 acc -0.0000 flops 0.6415 p_super 0.000 || val p_super 0.003 acc -0.0000 corr 0.000
ep  65 | train total 0.6665 acc 0.0000 flops 0.6415 p_super 0.000 || val p_super 0.003 acc 0.0000 corr 0.000
ep  66 | train total 0.6665 acc -0.0000 flops 0.6415 p_super 0.000 || val p_super 0.003 acc 0.0000 corr 0.000
ep  67 | train total 0.6665 acc 0.0000 flops 0.6415 p_super 0.000 || val p_super 0.003 acc -0.0000 corr 0.000
ep  68 | train total 0.6665 acc -0.0000 flops 0.6415 p_super 0.000 || val p_super 0.003 acc -0.0000 corr 0.000
ep  69 | train total 0.6665 acc -0.0000 flops 0.6415 p_super 0.000 || val p_super 0.003 acc 0.0000 corr 0.000
ep  70 | train total 0.6665 acc 0.0000 flops 0.6415 p_super 0.000 || val p_super 0.003 acc 0.0000 corr -0.000
ep  71 | train total 0.6665 acc 0.0000 flops 0.6415 p_super 0.000 || val p_super 0.003 acc -0.0000 corr 0.000
ep  72 | train total 0.6665 acc 0.0000 flops 0.6415 p_super 0.000 || val p_super 0.003 acc -0.0000 corr 0.000
ep  73 | train total 0.6665 acc 0.0000 flops 0.6415 p_super 0.000 || val p_super 0.003 acc -0.0000 corr 0.000
ep  74 | train total 0.6665 acc 0.0000 flops 0.6415 p_super 0.000 || val p_super 0.003 acc -0.0000 corr 0.000
ep  75 | train total 0.6665 acc -0.0000 flops 0.6415 p_super 0.000 || val p_super 0.003 acc -0.0000 corr 0.000
ep  76 | train total 0.6665 acc -0.0000 flops 0.6415 p_super 0.000 || val p_super 0.003 acc 0.0000 corr -0.000
ep  77 | train total 0.6665 acc -0.0000 flops 0.6415 p_super 0.000 || val p_super 0.003 acc 0.0000 corr 0.000
ep  78 | train total 0.6665 acc -0.0000 flops 0.6415 p_super 0.000 || val p_super 0.003 acc -0.0000 corr 0.000
ep  79 | train total 0.6665 acc 0.0000 flops 0.6415 p_super 0.000 || val p_super 0.003 acc 0.0000 corr 0.000
ep  80 | train total 0.6665 acc 0.0000 flops 0.6415 p_super 0.000 || val p_super 0.003 acc 0.0000 corr 0.000
ep  81 | train total 0.6665 acc -0.0000 flops 0.6415 p_super 0.000 || val p_super 0.003 acc 0.0000 corr -0.000
ep  82 | train total 0.6665 acc 0.0000 flops 0.6415 p_super 0.000 || val p_super 0.003 acc -0.0000 corr 0.000
ep  83 | train total 0.6665 acc -0.0000 flops 0.6415 p_super 0.000 || val p_super 0.003 acc -0.0000 corr 0.000
ep  84 | train total 0.6665 acc -0.0000 flops 0.6415 p_super 0.000 || val p_super 0.003 acc 0.0000 corr -0.000
ep  85 | train total 0.6665 acc -0.0000 flops 0.6415 p_super 0.000 || val p_super 0.003 acc -0.0000 corr 0.000
ep  86 | train total 0.6665 acc -0.0000 flops 0.6415 p_super 0.000 || val p_super 0.003 acc -0.0000 corr 0.000
ep  87 | train total 0.6665 acc -0.0000 flops 0.6415 p_super 0.000 || val p_super 0.003 acc 0.0000 corr 0.000
ep  88 | train total 0.6665 acc -0.0000 flops 0.6415 p_super 0.000 || val p_super 0.003 acc 0.0000 corr 0.000
ep  89 | train total 0.6665 acc -0.0000 flops 0.6415 p_super 0.000 || val p_super 0.003 acc -0.0000 corr -0.000
ep  90 | train total 0.6665 acc -0.0000 flops 0.6415 p_super 0.000 || val p_super 0.003 acc -0.0000 corr 0.000
ep  91 | train total 0.6665 acc -0.0000 flops 0.6415 p_super 0.000 || val p_super 0.003 acc 0.0000 corr 0.000
ep  92 | train total 0.6665 acc 0.0000 flops 0.6415 p_super 0.000 || val p_super 0.003 acc 0.0000 corr 0.000
ep  93 | train total 0.6665 acc 0.0000 flops 0.6415 p_super 0.000 || val p_super 0.003 acc 0.0000 corr 0.000
ep  94 | train total 0.6665 acc -0.0000 flops 0.6415 p_super 0.000 || val p_super 0.003 acc 0.0000 corr 0.000
ep  95 | train total 0.6665 acc -0.0000 flops 0.6415 p_super 0.000 || val p_super 0.003 acc -0.0000 corr 0.000
ep  96 | train total 0.6665 acc 0.0000 flops 0.6415 p_super 0.000 || val p_super 0.003 acc 0.0000 corr -0.000
ep  97 | train total 0.6665 acc -0.0000 flops 0.6415 p_super 0.000 || val p_super 0.003 acc 0.0000 corr 0.000
ep  98 | train total 0.6665 acc -0.0000 flops 0.6415 p_super 0.000 || val p_super 0.003 acc 0.0000 corr 0.000
ep  99 | train total 0.6665 acc 0.0000 flops 0.6415 p_super 0.000 || val p_super 0.003 acc -0.0000 corr 0.000
ep 100 | train total 0.6665 acc 0.0000 flops 0.6415 p_super 0.000 || val p_super 0.003 acc -0.0000 corr 0.000
ep 101 | train total 0.6665 acc -0.0000 flops 0.6415 p_super 0.000 || val p_super 0.003 acc -0.0000 corr 0.000
ep 102 | train total 0.6665 acc -0.0000 flops 0.6415 p_super 0.000 || val p_super 0.003 acc -0.0000 corr 0.000
ep 103 | train total 0.6665 acc 0.0000 flops 0.6415 p_super 0.000 || val p_super 0.003 acc 0.0000 corr 0.000
ep 104 | train total 0.6665 acc -0.0000 flops 0.6415 p_super 0.000 || val p_super 0.003 acc 0.0000 corr 0.000
ep 105 | train total 0.6665 acc -0.0000 flops 0.6415 p_super 0.000 || val p_super 0.003 acc -0.0000 corr -0.000
ep 106 | train total 0.6665 acc 0.0000 flops 0.6415 p_super 0.000 || val p_super 0.003 acc -0.0000 corr 0.000
ep 107 | train total 0.6665 acc 0.0000 flops 0.6415 p_super 0.000 || val p_super 0.003 acc -0.0000 corr -0.000
ep 108 | train total 0.6665 acc 0.0000 flops 0.6415 p_super 0.000 || val p_super 0.003 acc 0.0000 corr 0.000
ep 109 | train total 0.6665 acc -0.0000 flops 0.6415 p_super 0.000 || val p_super 0.003 acc -0.0000 corr 0.000
ep 110 | train total 0.6665 acc -0.0000 flops 0.6415 p_super 0.000 || val p_super 0.003 acc 0.0000 corr 0.000
ep 111 | train total 0.6665 acc -0.0000 flops 0.6415 p_super 0.000 || val p_super 0.003 acc 0.0000 corr -0.000
ep 112 | train total 0.6665 acc 0.0000 flops 0.6415 p_super 0.000 || val p_super 0.003 acc 0.0000 corr 0.000
ep 113 | train total 0.6665 acc -0.0000 flops 0.6415 p_super 0.000 || val p_super 0.003 acc 0.0001 corr 0.000
ep 114 | train total 0.6665 acc -0.0000 flops 0.6415 p_super 0.000 || val p_super 0.003 acc 0.0000 corr 0.000
ep 115 | train total 0.6665 acc 0.0000 flops 0.6415 p_super 0.000 || val p_super 0.003 acc 0.0000 corr 0.000
ep 116 | train total 0.6665 acc 0.0000 flops 0.6415 p_super 0.000 || val p_super 0.003 acc 0.0000 corr 0.000
ep 117 | train total 0.6665 acc -0.0000 flops 0.6415 p_super 0.000 || val p_super 0.003 acc -0.0000 corr 0.000
ep 118 | train total 0.6665 acc 0.0000 flops 0.6415 p_super 0.000 || val p_super 0.003 acc 0.0000 corr 0.000
ep 119 | train total 0.6665 acc 0.0000 flops 0.6415 p_super 0.000 || val p_super 0.003 acc -0.0000 corr 0.000
ep 120 | train total 0.6665 acc 0.0000 flops 0.6415 p_super 0.000 || val p_super 0.003 acc -0.0000 corr 0.000
ep 121 | train total 0.6665 acc 0.0000 flops 0.6415 p_super 0.000 || val p_super 0.003 acc 0.0000 corr 0.000
ep 122 | train total 0.6665 acc -0.0000 flops 0.6415 p_super 0.000 || val p_super 0.003 acc -0.0001 corr 0.000
ep 123 | train total 0.6665 acc 0.0000 flops 0.6415 p_super 0.000 || val p_super 0.003 acc -0.0000 corr 0.000
ep 124 | train total 0.6665 acc 0.0000 flops 0.6415 p_super 0.000 || val p_super 0.003 acc -0.0000 corr 0.000
ep 125 | train total 0.6665 acc 0.0000 flops 0.6415 p_super 0.000 || val p_super 0.003 acc -0.0000 corr 0.000
ep 126 | train total 0.6665 acc -0.0000 flops 0.6415 p_super 0.000 || val p_super 0.003 acc 0.0000 corr 0.000
ep 127 | train total 0.6665 acc -0.0000 flops 0.6415 p_super 0.000 || val p_super 0.003 acc 0.0000 corr -0.000
ep 128 | train total 0.6665 acc -0.0000 flops 0.6415 p_super 0.000 || val p_super 0.003 acc 0.0000 corr -0.000
ep 129 | train total 0.6665 acc 0.0000 flops 0.6415 p_super 0.000 || val p_super 0.003 acc 0.0000 corr 0.000
ep 130 | train total 0.6665 acc 0.0000 flops 0.6415 p_super 0.000 || val p_super 0.003 acc -0.0000 corr 0.000
ep 131 | train total 0.6665 acc 0.0000 flops 0.6415 p_super 0.000 || val p_super 0.003 acc 0.0000 corr 0.000
ep 132 | train total 0.6665 acc -0.0000 flops 0.6415 p_super 0.000 || val p_super 0.003 acc -0.0000 corr 0.000
ep 133 | train total 0.6665 acc 0.0000 flops 0.6415 p_super 0.000 || val p_super 0.003 acc 0.0000 corr 0.000
ep 134 | train total 0.6665 acc 0.0000 flops 0.6415 p_super 0.000 || val p_super 0.003 acc 0.0000 corr 0.000
ep 135 | train total 0.6665 acc 0.0000 flops 0.6415 p_super 0.000 || val p_super 0.003 acc -0.0000 corr 0.000
ep 136 | train total 0.6665 acc 0.0000 flops 0.6415 p_super 0.000 || val p_super 0.003 acc -0.0000 corr 0.000
ep 137 | train total 0.6665 acc 0.0000 flops 0.6415 p_super 0.000 || val p_super 0.003 acc -0.0000 corr 0.000
ep 138 | train total 0.6665 acc 0.0000 flops 0.6415 p_super 0.000 || val p_super 0.003 acc -0.0000 corr -0.000
ep 139 | train total 0.6665 acc -0.0000 flops 0.6415 p_super 0.000 || val p_super 0.003 acc 0.0000 corr 0.000
ep 140 | train total 0.6665 acc 0.0000 flops 0.6415 p_super 0.000 || val p_super 0.003 acc 0.0000 corr 0.000
ep 141 | train total 0.6665 acc 0.0000 flops 0.6415 p_super 0.000 || val p_super 0.003 acc 0.0000 corr 0.000
ep 142 | train total 0.6665 acc 0.0000 flops 0.6415 p_super 0.000 || val p_super 0.003 acc -0.0000 corr 0.000
ep 143 | train total 0.6665 acc 0.0000 flops 0.6415 p_super 0.000 || val p_super 0.003 acc 0.0001 corr 0.000
ep 144 | train total 0.6665 acc 0.0000 flops 0.6415 p_super 0.000 || val p_super 0.003 acc -0.0000 corr 0.000
ep 145 | train total 0.6665 acc -0.0000 flops 0.6415 p_super 0.000 || val p_super 0.003 acc -0.0000 corr 0.000
ep 146 | train total 0.6665 acc 0.0000 flops 0.6415 p_super 0.000 || val p_super 0.003 acc 0.0000 corr 0.000
ep 147 | train total 0.6665 acc -0.0000 flops 0.6415 p_super 0.000 || val p_super 0.003 acc 0.0000 corr 0.000
ep 148 | train total 0.6665 acc -0.0000 flops 0.6415 p_super 0.000 || val p_super 0.003 acc 0.0000 corr 0.000
ep 149 | train total 0.6665 acc 0.0000 flops 0.6415 p_super 0.000 || val p_super 0.003 acc -0.0000 corr 0.000
[*] best val_corr=0.05478 @ epoch 0 (of 150)
[*] saved policy (val-best) -> method02_advantage_regress_tinyConv/outputs/bdd100k/policy_both_prevpp00_s2.pt
  training prev_p=0.0 seed=3 -> method02_advantage_regress_tinyConv/outputs/bdd100k/policy_both_prevpp00_s3.pt
ep   0 | train total 0.6684 acc -0.0000 flops 0.6438 p_super 0.007 || val p_super 0.000 acc -0.0000 corr 0.054  *best*
ep   1 | train total 0.6665 acc -0.0000 flops 0.6415 p_super 0.000 || val p_super 0.000 acc -0.0000 corr 0.072  *best*
ep   2 | train total 0.6664 acc -0.0004 flops 0.6420 p_super 0.001 || val p_super 0.000 acc -0.0001 corr 0.091  *best*
ep   3 | train total 0.6600 acc -0.0133 flops 0.6508 p_super 0.026 || val p_super 0.012 acc -0.0108 corr 0.118  *best*
ep   4 | train total 0.6527 acc -0.0256 flops 0.6574 p_super 0.045 || val p_super 0.020 acc -0.0151 corr 0.128  *best*
ep   5 | train total 0.6505 acc -0.0292 flops 0.6594 p_super 0.050 || val p_super 0.026 acc -0.0197 corr 0.132  *best*
ep   6 | train total 0.6487 acc -0.0309 flops 0.6593 p_super 0.050 || val p_super 0.039 acc -0.0239 corr 0.128
ep   7 | train total 0.6499 acc -0.0299 flops 0.6595 p_super 0.050 || val p_super 0.046 acc -0.0237 corr 0.126
ep   8 | train total 0.6477 acc -0.0326 flops 0.6602 p_super 0.052 || val p_super 0.032 acc -0.0193 corr 0.126
ep   9 | train total 0.6474 acc -0.0325 flops 0.6598 p_super 0.051 || val p_super 0.026 acc -0.0175 corr 0.123
ep  10 | train total 0.6468 acc -0.0329 flops 0.6595 p_super 0.050 || val p_super 0.044 acc -0.0254 corr 0.143  *best*
ep  11 | train total 0.6469 acc -0.0316 flops 0.6579 p_super 0.046 || val p_super 0.032 acc -0.0206 corr 0.146  *best*
ep  12 | train total 0.6445 acc -0.0373 flops 0.6623 p_super 0.058 || val p_super 0.029 acc -0.0204 corr 0.134
ep  13 | train total 0.6466 acc -0.0351 flops 0.6620 p_super 0.057 || val p_super 0.050 acc -0.0286 corr 0.151  *best*
ep  14 | train total 0.6447 acc -0.0369 flops 0.6619 p_super 0.057 || val p_super 0.039 acc -0.0240 corr 0.146
ep  15 | train total 0.6455 acc -0.0367 flops 0.6627 p_super 0.059 || val p_super 0.032 acc -0.0174 corr 0.144
ep  16 | train total 0.6445 acc -0.0368 flops 0.6616 p_super 0.056 || val p_super 0.041 acc -0.0258 corr 0.154  *best*
ep  17 | train total 0.6442 acc -0.0372 flops 0.6617 p_super 0.056 || val p_super 0.027 acc -0.0209 corr 0.145
ep  18 | train total 0.6439 acc -0.0372 flops 0.6613 p_super 0.055 || val p_super 0.039 acc -0.0216 corr 0.139
ep  19 | train total 0.6428 acc -0.0410 flops 0.6649 p_super 0.065 || val p_super 0.026 acc -0.0175 corr 0.150
ep  20 | train total 0.6434 acc -0.0384 flops 0.6622 p_super 0.058 || val p_super 0.029 acc -0.0193 corr 0.144
ep  21 | train total 0.6421 acc -0.0410 flops 0.6639 p_super 0.063 || val p_super 0.047 acc -0.0250 corr 0.142
ep  22 | train total 0.6428 acc -0.0405 flops 0.6642 p_super 0.064 || val p_super 0.060 acc -0.0270 corr 0.145
ep  23 | train total 0.6419 acc -0.0412 flops 0.6641 p_super 0.063 || val p_super 0.041 acc -0.0258 corr 0.151
ep  24 | train total 0.6433 acc -0.0392 flops 0.6633 p_super 0.061 || val p_super 0.046 acc -0.0238 corr 0.150
ep  25 | train total 0.6419 acc -0.0416 flops 0.6645 p_super 0.064 || val p_super 0.045 acc -0.0264 corr 0.149
ep  26 | train total 0.6425 acc -0.0397 flops 0.6628 p_super 0.059 || val p_super 0.034 acc -0.0199 corr 0.139
ep  27 | train total 0.6422 acc -0.0413 flops 0.6645 p_super 0.064 || val p_super 0.045 acc -0.0257 corr 0.139
ep  28 | train total 0.6423 acc -0.0407 flops 0.6638 p_super 0.062 || val p_super 0.053 acc -0.0260 corr 0.142
ep  29 | train total 0.6423 acc -0.0404 flops 0.6635 p_super 0.062 || val p_super 0.046 acc -0.0231 corr 0.143
ep  30 | train total 0.6431 acc -0.0395 flops 0.6632 p_super 0.061 || val p_super 0.034 acc -0.0220 corr 0.147
ep  31 | train total 0.6418 acc -0.0411 flops 0.6636 p_super 0.062 || val p_super 0.043 acc -0.0231 corr 0.143
ep  32 | train total 0.6427 acc -0.0410 flops 0.6648 p_super 0.065 || val p_super 0.038 acc -0.0201 corr 0.139
ep  33 | train total 0.6414 acc -0.0418 flops 0.6642 p_super 0.063 || val p_super 0.032 acc -0.0235 corr 0.140
ep  34 | train total 0.6409 acc -0.0424 flops 0.6643 p_super 0.064 || val p_super 0.050 acc -0.0262 corr 0.139
ep  35 | train total 0.6406 acc -0.0428 flops 0.6644 p_super 0.064 || val p_super 0.040 acc -0.0244 corr 0.140
ep  36 | train total 0.6408 acc -0.0426 flops 0.6644 p_super 0.064 || val p_super 0.046 acc -0.0257 corr 0.146
ep  37 | train total 0.6416 acc -0.0405 flops 0.6626 p_super 0.059 || val p_super 0.064 acc -0.0296 corr 0.149
ep  38 | train total 0.6418 acc -0.0418 flops 0.6646 p_super 0.065 || val p_super 0.039 acc -0.0240 corr 0.142
ep  39 | train total 0.6410 acc -0.0426 flops 0.6645 p_super 0.064 || val p_super 0.042 acc -0.0239 corr 0.145
ep  40 | train total 0.6402 acc -0.0437 flops 0.6651 p_super 0.066 || val p_super 0.053 acc -0.0285 corr 0.139
ep  41 | train total 0.6396 acc -0.0445 flops 0.6654 p_super 0.067 || val p_super 0.039 acc -0.0229 corr 0.146
ep  42 | train total 0.6385 acc -0.0457 flops 0.6654 p_super 0.067 || val p_super 0.046 acc -0.0255 corr 0.142
ep  43 | train total 0.6393 acc -0.0451 flops 0.6657 p_super 0.068 || val p_super 0.037 acc -0.0221 corr 0.139
ep  44 | train total 0.6402 acc -0.0438 flops 0.6652 p_super 0.066 || val p_super 0.037 acc -0.0212 corr 0.142
ep  45 | train total 0.6401 acc -0.0437 flops 0.6648 p_super 0.065 || val p_super 0.049 acc -0.0259 corr 0.144
ep  46 | train total 0.6401 acc -0.0452 flops 0.6668 p_super 0.071 || val p_super 0.045 acc -0.0227 corr 0.142
ep  47 | train total 0.6385 acc -0.0462 flops 0.6660 p_super 0.069 || val p_super 0.044 acc -0.0250 corr 0.141
ep  48 | train total 0.6391 acc -0.0458 flops 0.6663 p_super 0.069 || val p_super 0.044 acc -0.0254 corr 0.137
ep  49 | train total 0.6387 acc -0.0460 flops 0.6660 p_super 0.068 || val p_super 0.036 acc -0.0216 corr 0.135
ep  50 | train total 0.6389 acc -0.0454 flops 0.6656 p_super 0.067 || val p_super 0.049 acc -0.0268 corr 0.141
ep  51 | train total 0.6382 acc -0.0461 flops 0.6655 p_super 0.067 || val p_super 0.044 acc -0.0256 corr 0.138
ep  52 | train total 0.6408 acc -0.0434 flops 0.6653 p_super 0.067 || val p_super 0.043 acc -0.0253 corr 0.130
ep  53 | train total 0.6378 acc -0.0470 flops 0.6662 p_super 0.069 || val p_super 0.047 acc -0.0269 corr 0.144
ep  54 | train total 0.6391 acc -0.0452 flops 0.6656 p_super 0.067 || val p_super 0.052 acc -0.0263 corr 0.140
ep  55 | train total 0.6390 acc -0.0469 flops 0.6676 p_super 0.073 || val p_super 0.034 acc -0.0204 corr 0.134
ep  56 | train total 0.6387 acc -0.0458 flops 0.6658 p_super 0.068 || val p_super 0.045 acc -0.0243 corr 0.139
ep  57 | train total 0.6385 acc -0.0462 flops 0.6661 p_super 0.069 || val p_super 0.043 acc -0.0260 corr 0.140
ep  58 | train total 0.6394 acc -0.0449 flops 0.6654 p_super 0.067 || val p_super 0.049 acc -0.0271 corr 0.140
ep  59 | train total 0.6374 acc -0.0477 flops 0.6666 p_super 0.070 || val p_super 0.042 acc -0.0241 corr 0.143
ep  60 | train total 0.6370 acc -0.0472 flops 0.6654 p_super 0.067 || val p_super 0.041 acc -0.0244 corr 0.139
ep  61 | train total 0.6374 acc -0.0471 flops 0.6659 p_super 0.068 || val p_super 0.049 acc -0.0264 corr 0.142
ep  62 | train total 0.6373 acc -0.0475 flops 0.6662 p_super 0.069 || val p_super 0.041 acc -0.0266 corr 0.138
ep  63 | train total 0.6370 acc -0.0480 flops 0.6664 p_super 0.070 || val p_super 0.032 acc -0.0215 corr 0.137
ep  64 | train total 0.6369 acc -0.0483 flops 0.6668 p_super 0.071 || val p_super 0.043 acc -0.0246 corr 0.136
ep  65 | train total 0.6375 acc -0.0472 flops 0.6660 p_super 0.069 || val p_super 0.043 acc -0.0236 corr 0.137
ep  66 | train total 0.6365 acc -0.0491 flops 0.6672 p_super 0.072 || val p_super 0.041 acc -0.0224 corr 0.135
ep  67 | train total 0.6386 acc -0.0458 flops 0.6657 p_super 0.068 || val p_super 0.040 acc -0.0209 corr 0.132
ep  68 | train total 0.6374 acc -0.0473 flops 0.6661 p_super 0.069 || val p_super 0.046 acc -0.0264 corr 0.140
ep  69 | train total 0.6377 acc -0.0473 flops 0.6665 p_super 0.070 || val p_super 0.040 acc -0.0245 corr 0.142
ep  70 | train total 0.6365 acc -0.0484 flops 0.6663 p_super 0.069 || val p_super 0.053 acc -0.0281 corr 0.140
ep  71 | train total 0.6366 acc -0.0490 flops 0.6672 p_super 0.072 || val p_super 0.050 acc -0.0280 corr 0.139
ep  72 | train total 0.6362 acc -0.0492 flops 0.6671 p_super 0.072 || val p_super 0.050 acc -0.0279 corr 0.146
ep  73 | train total 0.6371 acc -0.0484 flops 0.6671 p_super 0.071 || val p_super 0.048 acc -0.0297 corr 0.146
ep  74 | train total 0.6384 acc -0.0453 flops 0.6648 p_super 0.065 || val p_super 0.046 acc -0.0260 corr 0.143
ep  75 | train total 0.6363 acc -0.0494 flops 0.6674 p_super 0.072 || val p_super 0.051 acc -0.0270 corr 0.142
ep  76 | train total 0.6372 acc -0.0478 flops 0.6665 p_super 0.070 || val p_super 0.045 acc -0.0282 corr 0.137
ep  77 | train total 0.6370 acc -0.0483 flops 0.6669 p_super 0.071 || val p_super 0.039 acc -0.0239 corr 0.137
ep  78 | train total 0.6367 acc -0.0489 flops 0.6673 p_super 0.072 || val p_super 0.047 acc -0.0250 corr 0.141
ep  79 | train total 0.6362 acc -0.0497 flops 0.6677 p_super 0.073 || val p_super 0.038 acc -0.0241 corr 0.138
ep  80 | train total 0.6353 acc -0.0497 flops 0.6664 p_super 0.070 || val p_super 0.044 acc -0.0248 corr 0.139
ep  81 | train total 0.6352 acc -0.0500 flops 0.6669 p_super 0.071 || val p_super 0.045 acc -0.0258 corr 0.138
ep  82 | train total 0.6356 acc -0.0499 flops 0.6671 p_super 0.071 || val p_super 0.038 acc -0.0244 corr 0.138
ep  83 | train total 0.6363 acc -0.0487 flops 0.6664 p_super 0.070 || val p_super 0.048 acc -0.0274 corr 0.135
ep  84 | train total 0.6366 acc -0.0487 flops 0.6668 p_super 0.071 || val p_super 0.063 acc -0.0298 corr 0.141
ep  85 | train total 0.6366 acc -0.0490 flops 0.6672 p_super 0.072 || val p_super 0.044 acc -0.0248 corr 0.138
ep  86 | train total 0.6360 acc -0.0496 flops 0.6673 p_super 0.072 || val p_super 0.040 acc -0.0254 corr 0.136
ep  87 | train total 0.6356 acc -0.0504 flops 0.6679 p_super 0.074 || val p_super 0.040 acc -0.0218 corr 0.136
ep  88 | train total 0.6364 acc -0.0494 flops 0.6675 p_super 0.073 || val p_super 0.049 acc -0.0254 corr 0.139
ep  89 | train total 0.6360 acc -0.0490 flops 0.6665 p_super 0.070 || val p_super 0.043 acc -0.0241 corr 0.136
ep  90 | train total 0.6362 acc -0.0497 flops 0.6677 p_super 0.073 || val p_super 0.050 acc -0.0274 corr 0.139
ep  91 | train total 0.6365 acc -0.0488 flops 0.6668 p_super 0.071 || val p_super 0.042 acc -0.0224 corr 0.138
ep  92 | train total 0.6353 acc -0.0504 flops 0.6673 p_super 0.072 || val p_super 0.038 acc -0.0240 corr 0.136
ep  93 | train total 0.6357 acc -0.0510 flops 0.6687 p_super 0.076 || val p_super 0.045 acc -0.0249 corr 0.140
ep  94 | train total 0.6355 acc -0.0501 flops 0.6673 p_super 0.072 || val p_super 0.044 acc -0.0255 corr 0.137
ep  95 | train total 0.6348 acc -0.0506 flops 0.6670 p_super 0.071 || val p_super 0.047 acc -0.0247 corr 0.139
ep  96 | train total 0.6346 acc -0.0508 flops 0.6670 p_super 0.071 || val p_super 0.049 acc -0.0240 corr 0.144
ep  97 | train total 0.6350 acc -0.0511 flops 0.6679 p_super 0.074 || val p_super 0.054 acc -0.0302 corr 0.144
ep  98 | train total 0.6354 acc -0.0509 flops 0.6682 p_super 0.075 || val p_super 0.052 acc -0.0288 corr 0.140
ep  99 | train total 0.6353 acc -0.0512 flops 0.6684 p_super 0.075 || val p_super 0.039 acc -0.0249 corr 0.139
ep 100 | train total 0.6353 acc -0.0506 flops 0.6677 p_super 0.073 || val p_super 0.045 acc -0.0216 corr 0.135
ep 101 | train total 0.6360 acc -0.0498 flops 0.6675 p_super 0.073 || val p_super 0.045 acc -0.0273 corr 0.145
ep 102 | train total 0.6351 acc -0.0506 flops 0.6674 p_super 0.072 || val p_super 0.056 acc -0.0287 corr 0.145
ep 103 | train total 0.6367 acc -0.0491 flops 0.6675 p_super 0.073 || val p_super 0.046 acc -0.0248 corr 0.137
ep 104 | train total 0.6355 acc -0.0505 flops 0.6678 p_super 0.073 || val p_super 0.052 acc -0.0280 corr 0.141
ep 105 | train total 0.6347 acc -0.0508 flops 0.6671 p_super 0.072 || val p_super 0.050 acc -0.0276 corr 0.142
ep 106 | train total 0.6344 acc -0.0515 flops 0.6677 p_super 0.073 || val p_super 0.045 acc -0.0248 corr 0.139
ep 107 | train total 0.6344 acc -0.0516 flops 0.6678 p_super 0.073 || val p_super 0.044 acc -0.0261 corr 0.139
ep 108 | train total 0.6333 acc -0.0522 flops 0.6671 p_super 0.072 || val p_super 0.048 acc -0.0257 corr 0.138
ep 109 | train total 0.6349 acc -0.0512 flops 0.6679 p_super 0.074 || val p_super 0.043 acc -0.0258 corr 0.138
ep 110 | train total 0.6344 acc -0.0517 flops 0.6680 p_super 0.074 || val p_super 0.047 acc -0.0256 corr 0.140
ep 111 | train total 0.6345 acc -0.0516 flops 0.6678 p_super 0.073 || val p_super 0.043 acc -0.0253 corr 0.144
ep 112 | train total 0.6358 acc -0.0502 flops 0.6678 p_super 0.074 || val p_super 0.046 acc -0.0263 corr 0.141
ep 113 | train total 0.6347 acc -0.0514 flops 0.6679 p_super 0.074 || val p_super 0.050 acc -0.0273 corr 0.137
ep 114 | train total 0.6354 acc -0.0506 flops 0.6677 p_super 0.073 || val p_super 0.050 acc -0.0264 corr 0.137
ep 115 | train total 0.6339 acc -0.0525 flops 0.6683 p_super 0.075 || val p_super 0.051 acc -0.0261 corr 0.140
ep 116 | train total 0.6348 acc -0.0516 flops 0.6682 p_super 0.075 || val p_super 0.054 acc -0.0261 corr 0.144
ep 117 | train total 0.6339 acc -0.0522 flops 0.6680 p_super 0.074 || val p_super 0.054 acc -0.0278 corr 0.141
ep 118 | train total 0.6348 acc -0.0515 flops 0.6681 p_super 0.074 || val p_super 0.045 acc -0.0259 corr 0.134
ep 119 | train total 0.6341 acc -0.0520 flops 0.6679 p_super 0.074 || val p_super 0.041 acc -0.0221 corr 0.137
ep 120 | train total 0.6335 acc -0.0526 flops 0.6680 p_super 0.074 || val p_super 0.039 acc -0.0228 corr 0.134
ep 121 | train total 0.6333 acc -0.0532 flops 0.6685 p_super 0.075 || val p_super 0.054 acc -0.0295 corr 0.137
ep 122 | train total 0.6336 acc -0.0526 flops 0.6680 p_super 0.074 || val p_super 0.045 acc -0.0258 corr 0.138
ep 123 | train total 0.6342 acc -0.0524 flops 0.6685 p_super 0.075 || val p_super 0.052 acc -0.0258 corr 0.135
ep 124 | train total 0.6339 acc -0.0528 flops 0.6687 p_super 0.076 || val p_super 0.056 acc -0.0277 corr 0.143
ep 125 | train total 0.6336 acc -0.0528 flops 0.6683 p_super 0.075 || val p_super 0.053 acc -0.0279 corr 0.140
ep 126 | train total 0.6334 acc -0.0533 flops 0.6687 p_super 0.076 || val p_super 0.046 acc -0.0300 corr 0.143
ep 127 | train total 0.6337 acc -0.0518 flops 0.6671 p_super 0.072 || val p_super 0.057 acc -0.0275 corr 0.146
ep 128 | train total 0.6337 acc -0.0528 flops 0.6684 p_super 0.075 || val p_super 0.050 acc -0.0268 corr 0.142
ep 129 | train total 0.6327 acc -0.0537 flops 0.6683 p_super 0.075 || val p_super 0.048 acc -0.0268 corr 0.141
ep 130 | train total 0.6333 acc -0.0529 flops 0.6680 p_super 0.074 || val p_super 0.054 acc -0.0259 corr 0.139
ep 131 | train total 0.6340 acc -0.0528 flops 0.6689 p_super 0.077 || val p_super 0.053 acc -0.0256 corr 0.139
ep 132 | train total 0.6336 acc -0.0529 flops 0.6684 p_super 0.075 || val p_super 0.037 acc -0.0207 corr 0.138
ep 133 | train total 0.6341 acc -0.0525 flops 0.6685 p_super 0.075 || val p_super 0.046 acc -0.0237 corr 0.142
ep 134 | train total 0.6334 acc -0.0528 flops 0.6681 p_super 0.074 || val p_super 0.048 acc -0.0210 corr 0.134
ep 135 | train total 0.6334 acc -0.0531 flops 0.6684 p_super 0.075 || val p_super 0.039 acc -0.0223 corr 0.140
ep 136 | train total 0.6339 acc -0.0520 flops 0.6676 p_super 0.073 || val p_super 0.048 acc -0.0264 corr 0.143
ep 137 | train total 0.6338 acc -0.0522 flops 0.6678 p_super 0.073 || val p_super 0.048 acc -0.0258 corr 0.143
ep 138 | train total 0.6342 acc -0.0524 flops 0.6686 p_super 0.076 || val p_super 0.053 acc -0.0257 corr 0.139
ep 139 | train total 0.6333 acc -0.0534 flops 0.6688 p_super 0.076 || val p_super 0.054 acc -0.0289 corr 0.147
ep 140 | train total 0.6334 acc -0.0530 flops 0.6683 p_super 0.075 || val p_super 0.044 acc -0.0235 corr 0.136
ep 141 | train total 0.6329 acc -0.0540 flops 0.6690 p_super 0.077 || val p_super 0.050 acc -0.0270 corr 0.143
ep 142 | train total 0.6334 acc -0.0530 flops 0.6683 p_super 0.075 || val p_super 0.047 acc -0.0246 corr 0.140
ep 143 | train total 0.6327 acc -0.0539 flops 0.6686 p_super 0.076 || val p_super 0.044 acc -0.0248 corr 0.141
ep 144 | train total 0.6331 acc -0.0532 flops 0.6682 p_super 0.075 || val p_super 0.054 acc -0.0294 corr 0.147
ep 145 | train total 0.6329 acc -0.0538 flops 0.6686 p_super 0.076 || val p_super 0.050 acc -0.0246 corr 0.144
ep 146 | train total 0.6324 acc -0.0542 flops 0.6686 p_super 0.076 || val p_super 0.040 acc -0.0228 corr 0.140
ep 147 | train total 0.6328 acc -0.0541 flops 0.6691 p_super 0.077 || val p_super 0.052 acc -0.0291 corr 0.145
ep 148 | train total 0.6338 acc -0.0526 flops 0.6683 p_super 0.075 || val p_super 0.050 acc -0.0270 corr 0.138
ep 149 | train total 0.6334 acc -0.0530 flops 0.6683 p_super 0.075 || val p_super 0.036 acc -0.0197 corr 0.139
[*] best val_corr=0.15352 @ epoch 16 (of 150)
[*] saved policy (val-best) -> method02_advantage_regress_tinyConv/outputs/bdd100k/policy_both_prevpp00_s3.pt
  training prev_p=0.0 seed=4 -> method02_advantage_regress_tinyConv/outputs/bdd100k/policy_both_prevpp00_s4.pt
ep   0 | train total 0.6683 acc 0.0000 flops 0.6437 p_super 0.006 || val p_super 0.000 acc -0.0000 corr 0.070  *best*
ep   1 | train total 0.6665 acc -0.0000 flops 0.6415 p_super 0.000 || val p_super 0.002 acc -0.0000 corr 0.069
ep   2 | train total 0.6665 acc -0.0000 flops 0.6415 p_super 0.000 || val p_super 0.007 acc -0.0001 corr 0.074  *best*
ep   3 | train total 0.6665 acc -0.0000 flops 0.6415 p_super 0.000 || val p_super 0.012 acc 0.0000 corr 0.075  *best*
ep   4 | train total 0.6665 acc -0.0000 flops 0.6415 p_super 0.000 || val p_super 0.015 acc -0.0002 corr 0.080  *best*
ep   5 | train total 0.6665 acc -0.0000 flops 0.6415 p_super 0.000 || val p_super 0.016 acc 0.0002 corr 0.083  *best*
ep   6 | train total 0.6665 acc -0.0000 flops 0.6415 p_super 0.000 || val p_super 0.017 acc -0.0000 corr 0.089  *best*
ep   7 | train total 0.6665 acc -0.0000 flops 0.6415 p_super 0.000 || val p_super 0.016 acc -0.0000 corr 0.061
ep   8 | train total 0.6665 acc -0.0000 flops 0.6415 p_super 0.000 || val p_super 0.016 acc 0.0001 corr 0.000
ep   9 | train total 0.6665 acc -0.0000 flops 0.6415 p_super 0.000 || val p_super 0.016 acc 0.0000 corr 0.000
ep  10 | train total 0.6665 acc -0.0000 flops 0.6415 p_super 0.000 || val p_super 0.016 acc -0.0001 corr -0.000
ep  11 | train total 0.6665 acc 0.0000 flops 0.6415 p_super 0.000 || val p_super 0.016 acc -0.0001 corr 0.000
ep  12 | train total 0.6665 acc 0.0000 flops 0.6415 p_super 0.000 || val p_super 0.016 acc 0.0001 corr 0.000
ep  13 | train total 0.6665 acc 0.0000 flops 0.6415 p_super 0.000 || val p_super 0.015 acc 0.0000 corr 0.000
ep  14 | train total 0.6665 acc 0.0000 flops 0.6415 p_super 0.000 || val p_super 0.015 acc 0.0003 corr 0.000
ep  15 | train total 0.6665 acc 0.0000 flops 0.6415 p_super 0.000 || val p_super 0.015 acc 0.0003 corr 0.000
ep  16 | train total 0.6665 acc 0.0000 flops 0.6415 p_super 0.000 || val p_super 0.015 acc 0.0000 corr 0.000
ep  17 | train total 0.6665 acc 0.0000 flops 0.6415 p_super 0.000 || val p_super 0.015 acc 0.0000 corr 0.000
ep  18 | train total 0.6665 acc -0.0000 flops 0.6415 p_super 0.000 || val p_super 0.014 acc 0.0002 corr 0.000
ep  19 | train total 0.6665 acc -0.0000 flops 0.6415 p_super 0.000 || val p_super 0.014 acc 0.0003 corr 0.000
ep  20 | train total 0.6665 acc 0.0000 flops 0.6415 p_super 0.000 || val p_super 0.014 acc 0.0001 corr 0.000
ep  21 | train total 0.6665 acc -0.0000 flops 0.6415 p_super 0.000 || val p_super 0.014 acc 0.0003 corr -0.000
ep  22 | train total 0.6665 acc 0.0000 flops 0.6415 p_super 0.000 || val p_super 0.014 acc 0.0001 corr 0.000
ep  23 | train total 0.6665 acc -0.0000 flops 0.6415 p_super 0.000 || val p_super 0.013 acc 0.0000 corr -0.000
ep  24 | train total 0.6665 acc -0.0000 flops 0.6415 p_super 0.000 || val p_super 0.013 acc -0.0000 corr 0.000
ep  25 | train total 0.6665 acc -0.0000 flops 0.6415 p_super 0.000 || val p_super 0.013 acc -0.0001 corr 0.000
ep  26 | train total 0.6665 acc 0.0000 flops 0.6415 p_super 0.000 || val p_super 0.013 acc -0.0001 corr 0.000
ep  27 | train total 0.6665 acc -0.0000 flops 0.6415 p_super 0.000 || val p_super 0.012 acc 0.0000 corr 0.000
ep  28 | train total 0.6665 acc 0.0000 flops 0.6415 p_super 0.000 || val p_super 0.012 acc 0.0001 corr 0.000
ep  29 | train total 0.6665 acc 0.0000 flops 0.6415 p_super 0.000 || val p_super 0.012 acc 0.0000 corr 0.000
ep  30 | train total 0.6665 acc -0.0000 flops 0.6415 p_super 0.000 || val p_super 0.012 acc 0.0000 corr 0.000
ep  31 | train total 0.6665 acc -0.0000 flops 0.6415 p_super 0.000 || val p_super 0.012 acc 0.0001 corr 0.000
ep  32 | train total 0.6665 acc 0.0000 flops 0.6415 p_super 0.000 || val p_super 0.012 acc -0.0000 corr 0.000
ep  33 | train total 0.6665 acc -0.0000 flops 0.6415 p_super 0.000 || val p_super 0.012 acc 0.0001 corr 0.000
ep  34 | train total 0.6665 acc -0.0000 flops 0.6415 p_super 0.000 || val p_super 0.012 acc -0.0001 corr 0.000
ep  35 | train total 0.6665 acc -0.0000 flops 0.6415 p_super 0.000 || val p_super 0.012 acc 0.0002 corr 0.000
ep  36 | train total 0.6665 acc 0.0000 flops 0.6415 p_super 0.000 || val p_super 0.012 acc -0.0001 corr 0.000
ep  37 | train total 0.6665 acc 0.0000 flops 0.6415 p_super 0.000 || val p_super 0.012 acc 0.0001 corr 0.000
ep  38 | train total 0.6665 acc 0.0000 flops 0.6415 p_super 0.000 || val p_super 0.012 acc 0.0003 corr 0.000
ep  39 | train total 0.6665 acc 0.0000 flops 0.6415 p_super 0.000 || val p_super 0.012 acc 0.0001 corr -0.000
ep  40 | train total 0.6665 acc 0.0000 flops 0.6415 p_super 0.000 || val p_super 0.012 acc 0.0000 corr 0.000
ep  41 | train total 0.6665 acc 0.0000 flops 0.6415 p_super 0.000 || val p_super 0.012 acc 0.0000 corr 0.000
ep  42 | train total 0.6665 acc 0.0000 flops 0.6415 p_super 0.000 || val p_super 0.012 acc -0.0001 corr 0.000
ep  43 | train total 0.6665 acc 0.0000 flops 0.6415 p_super 0.000 || val p_super 0.012 acc -0.0002 corr 0.000
ep  44 | train total 0.6665 acc -0.0000 flops 0.6415 p_super 0.000 || val p_super 0.012 acc -0.0001 corr 0.000
ep  45 | train total 0.6665 acc 0.0000 flops 0.6415 p_super 0.000 || val p_super 0.012 acc 0.0001 corr 0.000
ep  46 | train total 0.6665 acc -0.0000 flops 0.6415 p_super 0.000 || val p_super 0.012 acc 0.0001 corr 0.000
ep  47 | train total 0.6665 acc -0.0000 flops 0.6415 p_super 0.000 || val p_super 0.012 acc 0.0001 corr 0.000
ep  48 | train total 0.6665 acc 0.0000 flops 0.6415 p_super 0.000 || val p_super 0.012 acc 0.0001 corr -0.000
ep  49 | train total 0.6665 acc 0.0000 flops 0.6415 p_super 0.000 || val p_super 0.012 acc 0.0000 corr 0.000
ep  50 | train total 0.6665 acc 0.0000 flops 0.6415 p_super 0.000 || val p_super 0.012 acc -0.0000 corr 0.000
ep  51 | train total 0.6665 acc -0.0000 flops 0.6415 p_super 0.000 || val p_super 0.012 acc 0.0001 corr 0.000
ep  52 | train total 0.6665 acc -0.0000 flops 0.6415 p_super 0.000 || val p_super 0.012 acc 0.0001 corr 0.000
ep  53 | train total 0.6665 acc -0.0000 flops 0.6415 p_super 0.000 || val p_super 0.012 acc 0.0001 corr 0.000
ep  54 | train total 0.6665 acc -0.0000 flops 0.6415 p_super 0.000 || val p_super 0.012 acc -0.0000 corr -0.000
ep  55 | train total 0.6665 acc -0.0000 flops 0.6415 p_super 0.000 || val p_super 0.012 acc -0.0000 corr 0.000
ep  56 | train total 0.6665 acc 0.0000 flops 0.6415 p_super 0.000 || val p_super 0.012 acc 0.0002 corr 0.000
ep  57 | train total 0.6665 acc -0.0000 flops 0.6415 p_super 0.000 || val p_super 0.012 acc -0.0000 corr 0.000
ep  58 | train total 0.6665 acc 0.0000 flops 0.6415 p_super 0.000 || val p_super 0.012 acc -0.0000 corr 0.000
ep  59 | train total 0.6665 acc -0.0000 flops 0.6415 p_super 0.000 || val p_super 0.012 acc 0.0002 corr 0.000
ep  60 | train total 0.6665 acc 0.0000 flops 0.6415 p_super 0.000 || val p_super 0.012 acc -0.0003 corr 0.000
ep  61 | train total 0.6665 acc -0.0000 flops 0.6415 p_super 0.000 || val p_super 0.012 acc -0.0001 corr 0.000
ep  62 | train total 0.6665 acc 0.0000 flops 0.6415 p_super 0.000 || val p_super 0.012 acc -0.0000 corr 0.000
ep  63 | train total 0.6665 acc -0.0000 flops 0.6415 p_super 0.000 || val p_super 0.012 acc -0.0001 corr 0.000
ep  64 | train total 0.6665 acc -0.0000 flops 0.6415 p_super 0.000 || val p_super 0.012 acc 0.0000 corr 0.000
ep  65 | train total 0.6665 acc 0.0000 flops 0.6415 p_super 0.000 || val p_super 0.012 acc 0.0000 corr 0.000
ep  66 | train total 0.6665 acc 0.0000 flops 0.6415 p_super 0.000 || val p_super 0.012 acc -0.0001 corr 0.000
ep  67 | train total 0.6665 acc -0.0000 flops 0.6415 p_super 0.000 || val p_super 0.012 acc -0.0000 corr 0.000
ep  68 | train total 0.6665 acc -0.0000 flops 0.6415 p_super 0.000 || val p_super 0.012 acc -0.0001 corr 0.000
ep  69 | train total 0.6665 acc 0.0000 flops 0.6415 p_super 0.000 || val p_super 0.012 acc 0.0000 corr 0.000
ep  70 | train total 0.6665 acc 0.0000 flops 0.6415 p_super 0.000 || val p_super 0.012 acc 0.0001 corr 0.000
ep  71 | train total 0.6665 acc 0.0000 flops 0.6415 p_super 0.000 || val p_super 0.012 acc -0.0002 corr 0.000
ep  72 | train total 0.6665 acc -0.0000 flops 0.6415 p_super 0.000 || val p_super 0.012 acc 0.0000 corr 0.000
ep  73 | train total 0.6665 acc 0.0000 flops 0.6415 p_super 0.000 || val p_super 0.012 acc -0.0001 corr 0.000
ep  74 | train total 0.6665 acc -0.0000 flops 0.6415 p_super 0.000 || val p_super 0.012 acc 0.0001 corr 0.000
ep  75 | train total 0.6665 acc 0.0000 flops 0.6415 p_super 0.000 || val p_super 0.013 acc -0.0001 corr 0.000
ep  76 | train total 0.6665 acc 0.0000 flops 0.6415 p_super 0.000 || val p_super 0.012 acc -0.0000 corr 0.000
ep  77 | train total 0.6665 acc -0.0000 flops 0.6415 p_super 0.000 || val p_super 0.013 acc -0.0001 corr -0.000
ep  78 | train total 0.6665 acc -0.0000 flops 0.6415 p_super 0.000 || val p_super 0.013 acc 0.0000 corr 0.000
ep  79 | train total 0.6665 acc 0.0000 flops 0.6415 p_super 0.000 || val p_super 0.013 acc 0.0000 corr -0.000
ep  80 | train total 0.6665 acc -0.0000 flops 0.6415 p_super 0.000 || val p_super 0.013 acc 0.0000 corr 0.000
ep  81 | train total 0.6665 acc 0.0000 flops 0.6415 p_super 0.000 || val p_super 0.013 acc 0.0000 corr 0.000
ep  82 | train total 0.6665 acc 0.0000 flops 0.6415 p_super 0.000 || val p_super 0.013 acc -0.0001 corr 0.000
ep  83 | train total 0.6665 acc 0.0000 flops 0.6415 p_super 0.000 || val p_super 0.013 acc 0.0002 corr 0.000
ep  84 | train total 0.6665 acc -0.0000 flops 0.6415 p_super 0.000 || val p_super 0.013 acc -0.0001 corr 0.000
ep  85 | train total 0.6665 acc 0.0000 flops 0.6415 p_super 0.000 || val p_super 0.012 acc -0.0000 corr 0.000
ep  86 | train total 0.6665 acc -0.0000 flops 0.6415 p_super 0.000 || val p_super 0.013 acc 0.0000 corr 0.000
ep  87 | train total 0.6665 acc 0.0000 flops 0.6415 p_super 0.000 || val p_super 0.013 acc 0.0000 corr 0.000
ep  88 | train total 0.6665 acc 0.0000 flops 0.6415 p_super 0.000 || val p_super 0.013 acc 0.0001 corr 0.000
ep  89 | train total 0.6665 acc -0.0000 flops 0.6415 p_super 0.000 || val p_super 0.013 acc -0.0001 corr 0.000
ep  90 | train total 0.6665 acc 0.0000 flops 0.6415 p_super 0.000 || val p_super 0.013 acc -0.0001 corr 0.000
ep  91 | train total 0.6665 acc -0.0000 flops 0.6415 p_super 0.000 || val p_super 0.013 acc -0.0000 corr 0.000
ep  92 | train total 0.6665 acc 0.0000 flops 0.6415 p_super 0.000 || val p_super 0.013 acc 0.0001 corr 0.000
ep  93 | train total 0.6665 acc -0.0000 flops 0.6415 p_super 0.000 || val p_super 0.013 acc 0.0000 corr 0.000
ep  94 | train total 0.6665 acc -0.0000 flops 0.6415 p_super 0.000 || val p_super 0.013 acc -0.0002 corr 0.000
ep  95 | train total 0.6665 acc -0.0000 flops 0.6415 p_super 0.000 || val p_super 0.013 acc 0.0003 corr 0.000
ep  96 | train total 0.6665 acc 0.0000 flops 0.6415 p_super 0.000 || val p_super 0.013 acc 0.0001 corr 0.000
ep  97 | train total 0.6665 acc 0.0000 flops 0.6415 p_super 0.000 || val p_super 0.013 acc -0.0001 corr 0.000
ep  98 | train total 0.6665 acc -0.0000 flops 0.6415 p_super 0.000 || val p_super 0.013 acc 0.0000 corr 0.000
ep  99 | train total 0.6665 acc 0.0000 flops 0.6415 p_super 0.000 || val p_super 0.013 acc -0.0002 corr 0.000
ep 100 | train total 0.6665 acc -0.0000 flops 0.6415 p_super 0.000 || val p_super 0.013 acc -0.0004 corr 0.000
ep 101 | train total 0.6665 acc -0.0000 flops 0.6415 p_super 0.000 || val p_super 0.013 acc 0.0001 corr 0.000
ep 102 | train total 0.6665 acc 0.0000 flops 0.6415 p_super 0.000 || val p_super 0.013 acc -0.0002 corr 0.000
ep 103 | train total 0.6665 acc 0.0000 flops 0.6415 p_super 0.000 || val p_super 0.013 acc -0.0001 corr 0.000
ep 104 | train total 0.6665 acc 0.0000 flops 0.6415 p_super 0.000 || val p_super 0.013 acc -0.0001 corr 0.000
ep 105 | train total 0.6665 acc 0.0000 flops 0.6415 p_super 0.000 || val p_super 0.013 acc 0.0000 corr 0.000
ep 106 | train total 0.6665 acc 0.0000 flops 0.6415 p_super 0.000 || val p_super 0.013 acc -0.0002 corr 0.000
ep 107 | train total 0.6665 acc -0.0000 flops 0.6415 p_super 0.000 || val p_super 0.013 acc -0.0000 corr 0.000
ep 108 | train total 0.6665 acc -0.0000 flops 0.6415 p_super 0.000 || val p_super 0.013 acc 0.0001 corr 0.000
ep 109 | train total 0.6665 acc -0.0000 flops 0.6415 p_super 0.000 || val p_super 0.013 acc -0.0002 corr 0.000
ep 110 | train total 0.6665 acc -0.0000 flops 0.6415 p_super 0.000 || val p_super 0.013 acc -0.0002 corr 0.000
ep 111 | train total 0.6665 acc 0.0000 flops 0.6415 p_super 0.000 || val p_super 0.013 acc -0.0001 corr 0.000
ep 112 | train total 0.6665 acc -0.0000 flops 0.6415 p_super 0.000 || val p_super 0.013 acc -0.0001 corr 0.000
ep 113 | train total 0.6665 acc 0.0000 flops 0.6415 p_super 0.000 || val p_super 0.013 acc 0.0001 corr 0.000
ep 114 | train total 0.6665 acc -0.0000 flops 0.6415 p_super 0.000 || val p_super 0.013 acc -0.0002 corr 0.000
ep 115 | train total 0.6665 acc -0.0000 flops 0.6415 p_super 0.000 || val p_super 0.013 acc -0.0002 corr 0.000
ep 116 | train total 0.6665 acc 0.0000 flops 0.6415 p_super 0.000 || val p_super 0.013 acc 0.0000 corr 0.000
ep 117 | train total 0.6665 acc -0.0000 flops 0.6415 p_super 0.000 || val p_super 0.013 acc 0.0001 corr 0.000
ep 118 | train total 0.6665 acc 0.0000 flops 0.6415 p_super 0.000 || val p_super 0.013 acc 0.0000 corr 0.000
ep 119 | train total 0.6665 acc 0.0000 flops 0.6415 p_super 0.000 || val p_super 0.013 acc 0.0001 corr 0.000
ep 120 | train total 0.6665 acc 0.0000 flops 0.6415 p_super 0.000 || val p_super 0.013 acc -0.0001 corr 0.000
ep 121 | train total 0.6665 acc 0.0000 flops 0.6415 p_super 0.000 || val p_super 0.014 acc -0.0001 corr 0.000
ep 122 | train total 0.6665 acc 0.0000 flops 0.6415 p_super 0.000 || val p_super 0.013 acc 0.0001 corr 0.000
ep 123 | train total 0.6665 acc -0.0000 flops 0.6415 p_super 0.000 || val p_super 0.013 acc -0.0001 corr 0.000
ep 124 | train total 0.6665 acc 0.0000 flops 0.6415 p_super 0.000 || val p_super 0.014 acc -0.0000 corr 0.000
ep 125 | train total 0.6665 acc -0.0000 flops 0.6415 p_super 0.000 || val p_super 0.014 acc 0.0000 corr 0.000
ep 126 | train total 0.6665 acc -0.0000 flops 0.6415 p_super 0.000 || val p_super 0.014 acc 0.0001 corr -0.000
ep 127 | train total 0.6665 acc -0.0000 flops 0.6415 p_super 0.000 || val p_super 0.014 acc 0.0001 corr 0.000
ep 128 | train total 0.6665 acc -0.0000 flops 0.6415 p_super 0.000 || val p_super 0.014 acc -0.0000 corr 0.000
ep 129 | train total 0.6665 acc -0.0000 flops 0.6415 p_super 0.000 || val p_super 0.013 acc 0.0001 corr 0.000
ep 130 | train total 0.6665 acc 0.0000 flops 0.6415 p_super 0.000 || val p_super 0.014 acc -0.0001 corr 0.000
ep 131 | train total 0.6665 acc -0.0000 flops 0.6415 p_super 0.000 || val p_super 0.013 acc -0.0000 corr 0.000
ep 132 | train total 0.6665 acc -0.0000 flops 0.6415 p_super 0.000 || val p_super 0.014 acc 0.0002 corr 0.000
ep 133 | train total 0.6665 acc 0.0000 flops 0.6415 p_super 0.000 || val p_super 0.014 acc -0.0001 corr 0.000
ep 134 | train total 0.6665 acc -0.0000 flops 0.6415 p_super 0.000 || val p_super 0.014 acc -0.0000 corr -0.000
ep 135 | train total 0.6665 acc -0.0000 flops 0.6415 p_super 0.000 || val p_super 0.014 acc 0.0002 corr 0.000
ep 136 | train total 0.6665 acc 0.0000 flops 0.6415 p_super 0.000 || val p_super 0.014 acc 0.0002 corr -0.000
ep 137 | train total 0.6665 acc -0.0000 flops 0.6415 p_super 0.000 || val p_super 0.014 acc 0.0003 corr 0.000
ep 138 | train total 0.6665 acc -0.0000 flops 0.6415 p_super 0.000 || val p_super 0.014 acc 0.0001 corr 0.000
ep 139 | train total 0.6665 acc -0.0000 flops 0.6415 p_super 0.000 || val p_super 0.014 acc -0.0001 corr 0.000
ep 140 | train total 0.6665 acc -0.0000 flops 0.6415 p_super 0.000 || val p_super 0.014 acc -0.0001 corr 0.000
ep 141 | train total 0.6665 acc 0.0000 flops 0.6415 p_super 0.000 || val p_super 0.014 acc 0.0001 corr 0.000
ep 142 | train total 0.6665 acc -0.0000 flops 0.6415 p_super 0.000 || val p_super 0.014 acc 0.0002 corr 0.000
ep 143 | train total 0.6665 acc 0.0000 flops 0.6415 p_super 0.000 || val p_super 0.014 acc -0.0001 corr 0.000
ep 144 | train total 0.6665 acc -0.0000 flops 0.6415 p_super 0.000 || val p_super 0.014 acc -0.0001 corr 0.000
ep 145 | train total 0.6665 acc 0.0000 flops 0.6415 p_super 0.000 || val p_super 0.014 acc -0.0001 corr 0.000
ep 146 | train total 0.6665 acc 0.0000 flops 0.6415 p_super 0.000 || val p_super 0.014 acc 0.0000 corr 0.000
ep 147 | train total 0.6665 acc 0.0000 flops 0.6415 p_super 0.000 || val p_super 0.014 acc -0.0000 corr 0.000
ep 148 | train total 0.6665 acc 0.0000 flops 0.6415 p_super 0.000 || val p_super 0.014 acc 0.0001 corr 0.000
ep 149 | train total 0.6665 acc -0.0000 flops 0.6415 p_super 0.000 || val p_super 0.014 acc -0.0001 corr 0.000
[*] best val_corr=0.08861 @ epoch 6 (of 150)
[*] saved policy (val-best) -> method02_advantage_regress_tinyConv/outputs/bdd100k/policy_both_prevpp00_s4.pt
  training prev_p=1.0 seed=0 -> method02_advantage_regress_tinyConv/outputs/bdd100k/policy_both_prevpp10_s0.pt
ep   0 | train total 0.6683 acc -0.0000 flops 0.6438 p_super 0.006 || val p_super 0.001 acc -0.0001 corr 0.086  *best*
ep   1 | train total 0.6665 acc -0.0000 flops 0.6415 p_super 0.000 || val p_super 0.001 acc -0.0001 corr 0.087  *best*
ep   2 | train total 0.6646 acc -0.0039 flops 0.6443 p_super 0.008 || val p_super 0.022 acc -0.0111 corr 0.073
ep   3 | train total 0.6529 acc -0.0265 flops 0.6590 p_super 0.049 || val p_super 0.093 acc -0.0312 corr 0.104  *best*
ep   4 | train total 0.6501 acc -0.0317 flops 0.6622 p_super 0.058 || val p_super 0.051 acc -0.0291 corr 0.129  *best*
ep   5 | train total 0.6503 acc -0.0295 flops 0.6596 p_super 0.051 || val p_super 0.037 acc -0.0237 corr 0.113
ep   6 | train total 0.6485 acc -0.0323 flops 0.6609 p_super 0.054 || val p_super 0.065 acc -0.0322 corr 0.132  *best*
ep   7 | train total 0.6485 acc -0.0342 flops 0.6633 p_super 0.061 || val p_super 0.084 acc -0.0376 corr 0.127
ep   8 | train total 0.6465 acc -0.0342 flops 0.6608 p_super 0.054 || val p_super 0.044 acc -0.0231 corr 0.118
ep   9 | train total 0.6467 acc -0.0371 flops 0.6649 p_super 0.065 || val p_super 0.044 acc -0.0256 corr 0.124
ep  10 | train total 0.6472 acc -0.0331 flops 0.6602 p_super 0.052 || val p_super 0.078 acc -0.0353 corr 0.140  *best*
ep  11 | train total 0.6442 acc -0.0395 flops 0.6648 p_super 0.065 || val p_super 0.095 acc -0.0363 corr 0.123
ep  12 | train total 0.6448 acc -0.0383 flops 0.6639 p_super 0.063 || val p_super 0.097 acc -0.0352 corr 0.127
ep  13 | train total 0.6457 acc -0.0370 flops 0.6635 p_super 0.061 || val p_super 0.097 acc -0.0375 corr 0.124
ep  14 | train total 0.6452 acc -0.0374 flops 0.6634 p_super 0.061 || val p_super 0.077 acc -0.0339 corr 0.137
ep  15 | train total 0.6447 acc -0.0377 flops 0.6631 p_super 0.060 || val p_super 0.053 acc -0.0301 corr 0.133
ep  16 | train total 0.6432 acc -0.0396 flops 0.6635 p_super 0.062 || val p_super 0.078 acc -0.0339 corr 0.136
ep  17 | train total 0.6438 acc -0.0389 flops 0.6634 p_super 0.061 || val p_super 0.096 acc -0.0360 corr 0.126
ep  18 | train total 0.6442 acc -0.0390 flops 0.6642 p_super 0.063 || val p_super 0.084 acc -0.0317 corr 0.137
ep  19 | train total 0.6433 acc -0.0410 flops 0.6655 p_super 0.067 || val p_super 0.082 acc -0.0318 corr 0.136
ep  20 | train total 0.6434 acc -0.0411 flops 0.6658 p_super 0.068 || val p_super 0.060 acc -0.0308 corr 0.136
ep  21 | train total 0.6430 acc -0.0408 flops 0.6649 p_super 0.065 || val p_super 0.076 acc -0.0335 corr 0.138
ep  22 | train total 0.6433 acc -0.0400 flops 0.6642 p_super 0.063 || val p_super 0.076 acc -0.0337 corr 0.139
ep  23 | train total 0.6429 acc -0.0400 flops 0.6637 p_super 0.062 || val p_super 0.077 acc -0.0320 corr 0.137
ep  24 | train total 0.6428 acc -0.0405 flops 0.6642 p_super 0.063 || val p_super 0.050 acc -0.0293 corr 0.141  *best*
ep  25 | train total 0.6444 acc -0.0398 flops 0.6654 p_super 0.067 || val p_super 0.083 acc -0.0371 corr 0.145  *best*
ep  26 | train total 0.6432 acc -0.0399 flops 0.6640 p_super 0.063 || val p_super 0.100 acc -0.0361 corr 0.138
ep  27 | train total 0.6424 acc -0.0417 flops 0.6653 p_super 0.066 || val p_super 0.075 acc -0.0340 corr 0.142
ep  28 | train total 0.6421 acc -0.0408 flops 0.6637 p_super 0.062 || val p_super 0.100 acc -0.0364 corr 0.145
ep  29 | train total 0.6427 acc -0.0408 flops 0.6645 p_super 0.064 || val p_super 0.112 acc -0.0365 corr 0.136
ep  30 | train total 0.6425 acc -0.0417 flops 0.6655 p_super 0.067 || val p_super 0.064 acc -0.0305 corr 0.145  *best*
ep  31 | train total 0.6424 acc -0.0398 flops 0.6628 p_super 0.059 || val p_super 0.062 acc -0.0310 corr 0.138
ep  32 | train total 0.6422 acc -0.0419 flops 0.6653 p_super 0.066 || val p_super 0.081 acc -0.0345 corr 0.145
ep  33 | train total 0.6412 acc -0.0426 flops 0.6649 p_super 0.065 || val p_super 0.088 acc -0.0338 corr 0.135
ep  34 | train total 0.6420 acc -0.0420 flops 0.6652 p_super 0.066 || val p_super 0.092 acc -0.0348 corr 0.147  *best*
ep  35 | train total 0.6420 acc -0.0421 flops 0.6653 p_super 0.067 || val p_super 0.061 acc -0.0328 corr 0.143
ep  36 | train total 0.6407 acc -0.0426 flops 0.6642 p_super 0.063 || val p_super 0.100 acc -0.0383 corr 0.145
ep  37 | train total 0.6397 acc -0.0446 flops 0.6656 p_super 0.067 || val p_super 0.093 acc -0.0361 corr 0.143
ep  38 | train total 0.6415 acc -0.0424 flops 0.6649 p_super 0.065 || val p_super 0.092 acc -0.0358 corr 0.147
ep  39 | train total 0.6407 acc -0.0430 flops 0.6647 p_super 0.065 || val p_super 0.070 acc -0.0331 corr 0.145
ep  40 | train total 0.6420 acc -0.0425 flops 0.6658 p_super 0.068 || val p_super 0.084 acc -0.0361 corr 0.148  *best*
ep  41 | train total 0.6408 acc -0.0441 flops 0.6663 p_super 0.069 || val p_super 0.100 acc -0.0360 corr 0.140
ep  42 | train total 0.6415 acc -0.0434 flops 0.6663 p_super 0.069 || val p_super 0.089 acc -0.0344 corr 0.142
ep  43 | train total 0.6421 acc -0.0413 flops 0.6643 p_super 0.064 || val p_super 0.070 acc -0.0327 corr 0.145
ep  44 | train total 0.6408 acc -0.0436 flops 0.6657 p_super 0.068 || val p_super 0.073 acc -0.0346 corr 0.154  *best*
ep  45 | train total 0.6408 acc -0.0430 flops 0.6648 p_super 0.065 || val p_super 0.078 acc -0.0323 corr 0.148
ep  46 | train total 0.6392 acc -0.0453 flops 0.6657 p_super 0.068 || val p_super 0.091 acc -0.0344 corr 0.147
ep  47 | train total 0.6393 acc -0.0441 flops 0.6643 p_super 0.064 || val p_super 0.077 acc -0.0337 corr 0.149
ep  48 | train total 0.6400 acc -0.0436 flops 0.6647 p_super 0.065 || val p_super 0.086 acc -0.0339 corr 0.149
ep  49 | train total 0.6398 acc -0.0441 flops 0.6651 p_super 0.066 || val p_super 0.070 acc -0.0297 corr 0.143
ep  50 | train total 0.6405 acc -0.0440 flops 0.6659 p_super 0.068 || val p_super 0.093 acc -0.0346 corr 0.153
ep  51 | train total 0.6398 acc -0.0446 flops 0.6656 p_super 0.067 || val p_super 0.106 acc -0.0341 corr 0.141
ep  52 | train total 0.6377 acc -0.0471 flops 0.6662 p_super 0.069 || val p_super 0.117 acc -0.0384 corr 0.150
ep  53 | train total 0.6396 acc -0.0446 flops 0.6655 p_super 0.067 || val p_super 0.070 acc -0.0321 corr 0.149
ep  54 | train total 0.6383 acc -0.0465 flops 0.6662 p_super 0.069 || val p_super 0.070 acc -0.0334 corr 0.148
ep  55 | train total 0.6385 acc -0.0462 flops 0.6661 p_super 0.069 || val p_super 0.077 acc -0.0338 corr 0.148
ep  56 | train total 0.6369 acc -0.0487 flops 0.6672 p_super 0.072 || val p_super 0.105 acc -0.0369 corr 0.149
ep  57 | train total 0.6386 acc -0.0456 flops 0.6655 p_super 0.067 || val p_super 0.081 acc -0.0332 corr 0.149
ep  58 | train total 0.6381 acc -0.0466 flops 0.6661 p_super 0.069 || val p_super 0.093 acc -0.0339 corr 0.150
ep  59 | train total 0.6386 acc -0.0464 flops 0.6664 p_super 0.070 || val p_super 0.115 acc -0.0394 corr 0.149
ep  60 | train total 0.6381 acc -0.0468 flops 0.6663 p_super 0.069 || val p_super 0.100 acc -0.0364 corr 0.149
ep  61 | train total 0.6392 acc -0.0439 flops 0.6640 p_super 0.063 || val p_super 0.068 acc -0.0316 corr 0.146
ep  62 | train total 0.6369 acc -0.0481 flops 0.6666 p_super 0.070 || val p_super 0.090 acc -0.0357 corr 0.151
ep  63 | train total 0.6379 acc -0.0471 flops 0.6665 p_super 0.070 || val p_super 0.047 acc -0.0253 corr 0.141
ep  64 | train total 0.6384 acc -0.0459 flops 0.6656 p_super 0.067 || val p_super 0.071 acc -0.0319 corr 0.146
ep  65 | train total 0.6372 acc -0.0472 flops 0.6656 p_super 0.067 || val p_super 0.103 acc -0.0393 corr 0.153
ep  66 | train total 0.6382 acc -0.0464 flops 0.6659 p_super 0.068 || val p_super 0.063 acc -0.0315 corr 0.151
ep  67 | train total 0.6375 acc -0.0479 flops 0.6671 p_super 0.071 || val p_super 0.081 acc -0.0351 corr 0.152
ep  68 | train total 0.6371 acc -0.0474 flops 0.6658 p_super 0.068 || val p_super 0.085 acc -0.0334 corr 0.147
ep  69 | train total 0.6377 acc -0.0467 flops 0.6657 p_super 0.068 || val p_super 0.090 acc -0.0354 corr 0.153
ep  70 | train total 0.6361 acc -0.0488 flops 0.6663 p_super 0.069 || val p_super 0.076 acc -0.0335 corr 0.150
ep  71 | train total 0.6374 acc -0.0470 flops 0.6656 p_super 0.067 || val p_super 0.091 acc -0.0371 corr 0.151
ep  72 | train total 0.6367 acc -0.0487 flops 0.6669 p_super 0.071 || val p_super 0.100 acc -0.0358 corr 0.145
ep  73 | train total 0.6365 acc -0.0489 flops 0.6670 p_super 0.071 || val p_super 0.085 acc -0.0357 corr 0.146
ep  74 | train total 0.6364 acc -0.0475 flops 0.6650 p_super 0.066 || val p_super 0.052 acc -0.0274 corr 0.144
ep  75 | train total 0.6376 acc -0.0473 flops 0.6663 p_super 0.069 || val p_super 0.086 acc -0.0348 corr 0.148
ep  76 | train total 0.6355 acc -0.0485 flops 0.6651 p_super 0.066 || val p_super 0.092 acc -0.0372 corr 0.154
ep  77 | train total 0.6356 acc -0.0487 flops 0.6655 p_super 0.067 || val p_super 0.079 acc -0.0367 corr 0.145
ep  78 | train total 0.6358 acc -0.0488 flops 0.6660 p_super 0.068 || val p_super 0.057 acc -0.0301 corr 0.140
ep  79 | train total 0.6367 acc -0.0482 flops 0.6664 p_super 0.070 || val p_super 0.095 acc -0.0364 corr 0.148
ep  80 | train total 0.6363 acc -0.0484 flops 0.6661 p_super 0.069 || val p_super 0.057 acc -0.0273 corr 0.142
ep  81 | train total 0.6367 acc -0.0476 flops 0.6655 p_super 0.067 || val p_super 0.081 acc -0.0345 corr 0.148
ep  82 | train total 0.6366 acc -0.0483 flops 0.6663 p_super 0.069 || val p_super 0.071 acc -0.0344 corr 0.141
ep  83 | train total 0.6358 acc -0.0484 flops 0.6655 p_super 0.067 || val p_super 0.082 acc -0.0373 corr 0.152
ep  84 | train total 0.6363 acc -0.0477 flops 0.6651 p_super 0.066 || val p_super 0.067 acc -0.0326 corr 0.151
ep  85 | train total 0.6350 acc -0.0497 flops 0.6661 p_super 0.069 || val p_super 0.090 acc -0.0337 corr 0.150
ep  86 | train total 0.6350 acc -0.0497 flops 0.6661 p_super 0.069 || val p_super 0.078 acc -0.0376 corr 0.151
ep  87 | train total 0.6346 acc -0.0502 flops 0.6663 p_super 0.069 || val p_super 0.090 acc -0.0376 corr 0.148
ep  88 | train total 0.6357 acc -0.0493 flops 0.6666 p_super 0.070 || val p_super 0.085 acc -0.0353 corr 0.151
ep  89 | train total 0.6355 acc -0.0494 flops 0.6664 p_super 0.069 || val p_super 0.065 acc -0.0302 corr 0.149
ep  90 | train total 0.6353 acc -0.0496 flops 0.6663 p_super 0.069 || val p_super 0.051 acc -0.0260 corr 0.139
ep  91 | train total 0.6351 acc -0.0491 flops 0.6655 p_super 0.067 || val p_super 0.075 acc -0.0323 corr 0.144
ep  92 | train total 0.6349 acc -0.0498 flops 0.6660 p_super 0.068 || val p_super 0.094 acc -0.0379 corr 0.146
ep  93 | train total 0.6336 acc -0.0516 flops 0.6667 p_super 0.070 || val p_super 0.061 acc -0.0330 corr 0.146
ep  94 | train total 0.6335 acc -0.0514 flops 0.6663 p_super 0.069 || val p_super 0.069 acc -0.0339 corr 0.144
ep  95 | train total 0.6349 acc -0.0494 flops 0.6656 p_super 0.067 || val p_super 0.076 acc -0.0333 corr 0.142
ep  96 | train total 0.6352 acc -0.0502 flops 0.6670 p_super 0.071 || val p_super 0.093 acc -0.0363 corr 0.145
ep  97 | train total 0.6342 acc -0.0508 flops 0.6666 p_super 0.070 || val p_super 0.069 acc -0.0324 corr 0.139
ep  98 | train total 0.6343 acc -0.0506 flops 0.6663 p_super 0.069 || val p_super 0.117 acc -0.0400 corr 0.147
ep  99 | train total 0.6342 acc -0.0511 flops 0.6669 p_super 0.071 || val p_super 0.080 acc -0.0355 corr 0.137
ep 100 | train total 0.6333 acc -0.0517 flops 0.6665 p_super 0.070 || val p_super 0.072 acc -0.0331 corr 0.145
ep 101 | train total 0.6347 acc -0.0505 flops 0.6667 p_super 0.071 || val p_super 0.087 acc -0.0349 corr 0.147
ep 102 | train total 0.6349 acc -0.0499 flops 0.6661 p_super 0.069 || val p_super 0.072 acc -0.0332 corr 0.145
ep 103 | train total 0.6339 acc -0.0505 flops 0.6656 p_super 0.067 || val p_super 0.074 acc -0.0350 corr 0.144
ep 104 | train total 0.6332 acc -0.0517 flops 0.6664 p_super 0.070 || val p_super 0.093 acc -0.0361 corr 0.146
ep 105 | train total 0.6351 acc -0.0494 flops 0.6659 p_super 0.068 || val p_super 0.070 acc -0.0320 corr 0.145
ep 106 | train total 0.6337 acc -0.0513 flops 0.6663 p_super 0.069 || val p_super 0.073 acc -0.0352 corr 0.142
ep 107 | train total 0.6340 acc -0.0509 flops 0.6665 p_super 0.070 || val p_super 0.070 acc -0.0346 corr 0.140
ep 108 | train total 0.6346 acc -0.0501 flops 0.6660 p_super 0.069 || val p_super 0.071 acc -0.0324 corr 0.141
ep 109 | train total 0.6340 acc -0.0516 flops 0.6672 p_super 0.072 || val p_super 0.069 acc -0.0318 corr 0.138
ep 110 | train total 0.6339 acc -0.0508 flops 0.6661 p_super 0.069 || val p_super 0.078 acc -0.0330 corr 0.136
ep 111 | train total 0.6336 acc -0.0520 flops 0.6673 p_super 0.072 || val p_super 0.087 acc -0.0381 corr 0.143
ep 112 | train total 0.6344 acc -0.0508 flops 0.6668 p_super 0.071 || val p_super 0.069 acc -0.0325 corr 0.138
ep 113 | train total 0.6326 acc -0.0524 flops 0.6665 p_super 0.070 || val p_super 0.086 acc -0.0344 corr 0.143
ep 114 | train total 0.6327 acc -0.0526 flops 0.6669 p_super 0.071 || val p_super 0.074 acc -0.0331 corr 0.142
ep 115 | train total 0.6321 acc -0.0531 flops 0.6668 p_super 0.071 || val p_super 0.080 acc -0.0355 corr 0.142
ep 116 | train total 0.6330 acc -0.0522 flops 0.6666 p_super 0.070 || val p_super 0.081 acc -0.0364 corr 0.140
ep 117 | train total 0.6345 acc -0.0506 flops 0.6665 p_super 0.070 || val p_super 0.090 acc -0.0371 corr 0.143
ep 118 | train total 0.6326 acc -0.0533 flops 0.6677 p_super 0.073 || val p_super 0.066 acc -0.0321 corr 0.140
ep 119 | train total 0.6327 acc -0.0524 flops 0.6666 p_super 0.070 || val p_super 0.085 acc -0.0363 corr 0.144
ep 120 | train total 0.6334 acc -0.0516 flops 0.6665 p_super 0.070 || val p_super 0.069 acc -0.0332 corr 0.140
ep 121 | train total 0.6334 acc -0.0514 flops 0.6663 p_super 0.069 || val p_super 0.078 acc -0.0349 corr 0.141
ep 122 | train total 0.6320 acc -0.0532 flops 0.6667 p_super 0.070 || val p_super 0.059 acc -0.0302 corr 0.142
ep 123 | train total 0.6326 acc -0.0526 flops 0.6667 p_super 0.070 || val p_super 0.066 acc -0.0321 corr 0.138
ep 124 | train total 0.6332 acc -0.0520 flops 0.6668 p_super 0.071 || val p_super 0.059 acc -0.0301 corr 0.139
ep 125 | train total 0.6327 acc -0.0529 flops 0.6673 p_super 0.072 || val p_super 0.070 acc -0.0348 corr 0.141
ep 126 | train total 0.6314 acc -0.0539 flops 0.6668 p_super 0.071 || val p_super 0.058 acc -0.0320 corr 0.145
ep 127 | train total 0.6339 acc -0.0516 flops 0.6671 p_super 0.072 || val p_super 0.082 acc -0.0347 corr 0.141
ep 128 | train total 0.6325 acc -0.0528 flops 0.6669 p_super 0.071 || val p_super 0.068 acc -0.0316 corr 0.141
ep 129 | train total 0.6326 acc -0.0526 flops 0.6668 p_super 0.071 || val p_super 0.081 acc -0.0347 corr 0.144
ep 130 | train total 0.6319 acc -0.0535 flops 0.6671 p_super 0.071 || val p_super 0.092 acc -0.0367 corr 0.136
ep 131 | train total 0.6315 acc -0.0538 flops 0.6669 p_super 0.071 || val p_super 0.059 acc -0.0321 corr 0.142
ep 132 | train total 0.6323 acc -0.0530 flops 0.6669 p_super 0.071 || val p_super 0.070 acc -0.0340 corr 0.138
ep 133 | train total 0.6319 acc -0.0530 flops 0.6663 p_super 0.069 || val p_super 0.096 acc -0.0378 corr 0.145
ep 134 | train total 0.6319 acc -0.0533 flops 0.6667 p_super 0.070 || val p_super 0.062 acc -0.0322 corr 0.136
ep 135 | train total 0.6311 acc -0.0540 flops 0.6666 p_super 0.070 || val p_super 0.079 acc -0.0361 corr 0.141
ep 136 | train total 0.6318 acc -0.0534 flops 0.6667 p_super 0.070 || val p_super 0.076 acc -0.0348 corr 0.139
ep 137 | train total 0.6316 acc -0.0537 flops 0.6668 p_super 0.071 || val p_super 0.061 acc -0.0328 corr 0.135
ep 138 | train total 0.6327 acc -0.0525 flops 0.6667 p_super 0.071 || val p_super 0.070 acc -0.0318 corr 0.131
ep 139 | train total 0.6314 acc -0.0543 flops 0.6674 p_super 0.072 || val p_super 0.068 acc -0.0316 corr 0.138
ep 140 | train total 0.6323 acc -0.0531 flops 0.6671 p_super 0.072 || val p_super 0.075 acc -0.0377 corr 0.142
ep 141 | train total 0.6307 acc -0.0544 flops 0.6667 p_super 0.070 || val p_super 0.079 acc -0.0334 corr 0.138
ep 142 | train total 0.6320 acc -0.0535 flops 0.6670 p_super 0.071 || val p_super 0.086 acc -0.0360 corr 0.144
ep 143 | train total 0.6313 acc -0.0538 flops 0.6666 p_super 0.070 || val p_super 0.078 acc -0.0392 corr 0.150
ep 144 | train total 0.6321 acc -0.0533 flops 0.6669 p_super 0.071 || val p_super 0.076 acc -0.0325 corr 0.139
ep 145 | train total 0.6307 acc -0.0549 flops 0.6672 p_super 0.072 || val p_super 0.064 acc -0.0330 corr 0.136
ep 146 | train total 0.6318 acc -0.0532 flops 0.6665 p_super 0.070 || val p_super 0.075 acc -0.0347 corr 0.136
ep 147 | train total 0.6311 acc -0.0539 flops 0.6664 p_super 0.070 || val p_super 0.068 acc -0.0342 corr 0.143
ep 148 | train total 0.6312 acc -0.0544 flops 0.6672 p_super 0.072 || val p_super 0.069 acc -0.0337 corr 0.133
ep 149 | train total 0.6303 acc -0.0553 flops 0.6673 p_super 0.072 || val p_super 0.071 acc -0.0337 corr 0.141
[*] best val_corr=0.15384 @ epoch 44 (of 150)
[*] saved policy (val-best) -> method02_advantage_regress_tinyConv/outputs/bdd100k/policy_both_prevpp10_s0.pt
  training prev_p=1.0 seed=1 -> method02_advantage_regress_tinyConv/outputs/bdd100k/policy_both_prevpp10_s1.pt
ep   0 | train total 0.6681 acc -0.0000 flops 0.6435 p_super 0.006 || val p_super 0.001 acc -0.0000 corr 0.053  *best*
ep   1 | train total 0.6665 acc -0.0000 flops 0.6415 p_super 0.000 || val p_super 0.018 acc -0.0001 corr 0.063  *best*
ep   2 | train total 0.6665 acc -0.0000 flops 0.6415 p_super 0.000 || val p_super 0.055 acc -0.0002 corr 0.066  *best*
ep   3 | train total 0.6665 acc -0.0000 flops 0.6415 p_super 0.000 || val p_super 0.078 acc -0.0010 corr 0.067  *best*
ep   4 | train total 0.6665 acc -0.0000 flops 0.6415 p_super 0.000 || val p_super 0.087 acc -0.0005 corr 0.076  *best*
ep   5 | train total 0.6665 acc -0.0000 flops 0.6415 p_super 0.000 || val p_super 0.080 acc -0.0011 corr 0.093  *best*
ep   6 | train total 0.6665 acc -0.0000 flops 0.6415 p_super 0.000 || val p_super 0.074 acc 0.0006 corr 0.092
ep   7 | train total 0.6665 acc -0.0000 flops 0.6415 p_super 0.000 || val p_super 0.067 acc -0.0001 corr 0.053
ep   8 | train total 0.6665 acc -0.0000 flops 0.6415 p_super 0.000 || val p_super 0.059 acc -0.0007 corr 0.000
ep   9 | train total 0.6665 acc 0.0000 flops 0.6415 p_super 0.000 || val p_super 0.055 acc 0.0004 corr 0.000
ep  10 | train total 0.6665 acc 0.0000 flops 0.6415 p_super 0.000 || val p_super 0.053 acc -0.0010 corr 0.000
ep  11 | train total 0.6665 acc -0.0000 flops 0.6415 p_super 0.000 || val p_super 0.050 acc -0.0004 corr 0.000
ep  12 | train total 0.6665 acc -0.0000 flops 0.6415 p_super 0.000 || val p_super 0.050 acc 0.0004 corr 0.000
ep  13 | train total 0.6665 acc 0.0000 flops 0.6415 p_super 0.000 || val p_super 0.049 acc 0.0007 corr 0.000
ep  14 | train total 0.6665 acc -0.0000 flops 0.6415 p_super 0.000 || val p_super 0.048 acc -0.0004 corr 0.000
ep  15 | train total 0.6665 acc 0.0000 flops 0.6415 p_super 0.000 || val p_super 0.047 acc -0.0000 corr 0.000
ep  16 | train total 0.6665 acc 0.0000 flops 0.6415 p_super 0.000 || val p_super 0.048 acc 0.0003 corr 0.000
ep  17 | train total 0.6665 acc -0.0000 flops 0.6415 p_super 0.000 || val p_super 0.047 acc -0.0008 corr 0.000
ep  18 | train total 0.6665 acc -0.0000 flops 0.6415 p_super 0.000 || val p_super 0.045 acc 0.0004 corr 0.000
ep  19 | train total 0.6665 acc -0.0000 flops 0.6415 p_super 0.000 || val p_super 0.044 acc -0.0000 corr 0.000
ep  20 | train total 0.6665 acc -0.0000 flops 0.6415 p_super 0.000 || val p_super 0.043 acc -0.0006 corr 0.000
ep  21 | train total 0.6665 acc 0.0000 flops 0.6415 p_super 0.000 || val p_super 0.044 acc -0.0002 corr 0.000
ep  22 | train total 0.6665 acc 0.0000 flops 0.6415 p_super 0.000 || val p_super 0.042 acc -0.0000 corr 0.000
ep  23 | train total 0.6665 acc -0.0000 flops 0.6415 p_super 0.000 || val p_super 0.041 acc 0.0010 corr 0.000
ep  24 | train total 0.6665 acc -0.0000 flops 0.6415 p_super 0.000 || val p_super 0.039 acc -0.0003 corr 0.000
ep  25 | train total 0.6665 acc -0.0000 flops 0.6415 p_super 0.000 || val p_super 0.040 acc 0.0007 corr 0.000
ep  26 | train total 0.6665 acc -0.0000 flops 0.6415 p_super 0.000 || val p_super 0.039 acc -0.0001 corr 0.000
ep  27 | train total 0.6665 acc -0.0000 flops 0.6415 p_super 0.000 || val p_super 0.038 acc 0.0002 corr 0.000
ep  28 | train total 0.6665 acc -0.0000 flops 0.6415 p_super 0.000 || val p_super 0.037 acc 0.0000 corr -0.000
ep  29 | train total 0.6665 acc -0.0000 flops 0.6415 p_super 0.000 || val p_super 0.037 acc 0.0003 corr 0.000
ep  30 | train total 0.6665 acc -0.0000 flops 0.6415 p_super 0.000 || val p_super 0.037 acc 0.0002 corr 0.000
ep  31 | train total 0.6665 acc 0.0000 flops 0.6415 p_super 0.000 || val p_super 0.037 acc 0.0002 corr 0.000
ep  32 | train total 0.6665 acc 0.0000 flops 0.6415 p_super 0.000 || val p_super 0.036 acc -0.0001 corr 0.000
ep  33 | train total 0.6665 acc 0.0000 flops 0.6415 p_super 0.000 || val p_super 0.036 acc -0.0002 corr 0.000
ep  34 | train total 0.6665 acc 0.0000 flops 0.6415 p_super 0.000 || val p_super 0.036 acc 0.0004 corr 0.000
ep  35 | train total 0.6665 acc -0.0000 flops 0.6415 p_super 0.000 || val p_super 0.036 acc -0.0000 corr 0.000
ep  36 | train total 0.6665 acc -0.0000 flops 0.6415 p_super 0.000 || val p_super 0.036 acc -0.0001 corr -0.000
ep  37 | train total 0.6665 acc 0.0000 flops 0.6415 p_super 0.000 || val p_super 0.036 acc 0.0001 corr 0.000
ep  38 | train total 0.6665 acc 0.0000 flops 0.6415 p_super 0.000 || val p_super 0.036 acc 0.0002 corr 0.000
ep  39 | train total 0.6665 acc -0.0000 flops 0.6415 p_super 0.000 || val p_super 0.036 acc -0.0007 corr 0.000
ep  40 | train total 0.6665 acc 0.0000 flops 0.6415 p_super 0.000 || val p_super 0.036 acc 0.0007 corr 0.000
ep  41 | train total 0.6665 acc -0.0000 flops 0.6415 p_super 0.000 || val p_super 0.036 acc 0.0002 corr 0.000
ep  42 | train total 0.6665 acc -0.0000 flops 0.6415 p_super 0.000 || val p_super 0.036 acc 0.0001 corr 0.000
ep  43 | train total 0.6665 acc -0.0000 flops 0.6415 p_super 0.000 || val p_super 0.036 acc 0.0003 corr 0.000
ep  44 | train total 0.6665 acc -0.0000 flops 0.6415 p_super 0.000 || val p_super 0.036 acc -0.0006 corr 0.000
ep  45 | train total 0.6665 acc -0.0000 flops 0.6415 p_super 0.000 || val p_super 0.036 acc -0.0002 corr -0.000
ep  46 | train total 0.6665 acc -0.0000 flops 0.6415 p_super 0.000 || val p_super 0.036 acc -0.0001 corr 0.000
ep  47 | train total 0.6665 acc 0.0000 flops 0.6415 p_super 0.000 || val p_super 0.036 acc 0.0002 corr 0.000
ep  48 | train total 0.6665 acc 0.0000 flops 0.6415 p_super 0.000 || val p_super 0.036 acc 0.0001 corr 0.000
ep  49 | train total 0.6665 acc -0.0000 flops 0.6415 p_super 0.000 || val p_super 0.035 acc 0.0007 corr 0.000
ep  50 | train total 0.6665 acc 0.0000 flops 0.6415 p_super 0.000 || val p_super 0.036 acc -0.0002 corr 0.000
ep  51 | train total 0.6665 acc 0.0000 flops 0.6415 p_super 0.000 || val p_super 0.036 acc -0.0002 corr 0.000
ep  52 | train total 0.6665 acc -0.0000 flops 0.6415 p_super 0.000 || val p_super 0.036 acc -0.0003 corr 0.000
ep  53 | train total 0.6665 acc 0.0000 flops 0.6415 p_super 0.000 || val p_super 0.035 acc 0.0002 corr 0.000
ep  54 | train total 0.6665 acc -0.0000 flops 0.6415 p_super 0.000 || val p_super 0.036 acc -0.0001 corr 0.000
ep  55 | train total 0.6665 acc -0.0000 flops 0.6415 p_super 0.000 || val p_super 0.036 acc 0.0001 corr 0.000
ep  56 | train total 0.6665 acc 0.0000 flops 0.6415 p_super 0.000 || val p_super 0.036 acc -0.0005 corr 0.000
ep  57 | train total 0.6665 acc 0.0000 flops 0.6415 p_super 0.000 || val p_super 0.036 acc -0.0002 corr 0.000
ep  58 | train total 0.6665 acc -0.0000 flops 0.6415 p_super 0.000 || val p_super 0.036 acc 0.0000 corr 0.000
ep  59 | train total 0.6665 acc -0.0000 flops 0.6415 p_super 0.000 || val p_super 0.036 acc -0.0002 corr 0.000
ep  60 | train total 0.6665 acc -0.0000 flops 0.6415 p_super 0.000 || val p_super 0.036 acc 0.0005 corr 0.000
ep  61 | train total 0.6665 acc -0.0000 flops 0.6415 p_super 0.000 || val p_super 0.036 acc -0.0003 corr 0.000
ep  62 | train total 0.6665 acc -0.0000 flops 0.6415 p_super 0.000 || val p_super 0.036 acc -0.0000 corr 0.000
ep  63 | train total 0.6665 acc 0.0000 flops 0.6415 p_super 0.000 || val p_super 0.036 acc -0.0007 corr 0.000
ep  64 | train total 0.6665 acc 0.0000 flops 0.6415 p_super 0.000 || val p_super 0.036 acc 0.0002 corr 0.000
ep  65 | train total 0.6665 acc 0.0000 flops 0.6415 p_super 0.000 || val p_super 0.036 acc 0.0001 corr 0.000
ep  66 | train total 0.6665 acc 0.0000 flops 0.6415 p_super 0.000 || val p_super 0.035 acc -0.0004 corr 0.000
ep  67 | train total 0.6665 acc 0.0000 flops 0.6415 p_super 0.000 || val p_super 0.035 acc 0.0006 corr 0.000
ep  68 | train total 0.6665 acc 0.0000 flops 0.6415 p_super 0.000 || val p_super 0.036 acc 0.0001 corr 0.000
ep  69 | train total 0.6665 acc 0.0000 flops 0.6415 p_super 0.000 || val p_super 0.036 acc 0.0000 corr 0.000
ep  70 | train total 0.6665 acc -0.0000 flops 0.6415 p_super 0.000 || val p_super 0.036 acc -0.0006 corr 0.000
ep  71 | train total 0.6665 acc -0.0000 flops 0.6415 p_super 0.000 || val p_super 0.036 acc 0.0002 corr 0.000
ep  72 | train total 0.6665 acc -0.0000 flops 0.6415 p_super 0.000 || val p_super 0.036 acc -0.0002 corr 0.000
ep  73 | train total 0.6665 acc 0.0000 flops 0.6415 p_super 0.000 || val p_super 0.035 acc -0.0002 corr 0.000
ep  74 | train total 0.6665 acc -0.0000 flops 0.6415 p_super 0.000 || val p_super 0.036 acc -0.0010 corr 0.000
ep  75 | train total 0.6665 acc 0.0000 flops 0.6415 p_super 0.000 || val p_super 0.036 acc -0.0001 corr 0.000
ep  76 | train total 0.6665 acc 0.0000 flops 0.6415 p_super 0.000 || val p_super 0.036 acc 0.0003 corr 0.000
ep  77 | train total 0.6665 acc -0.0000 flops 0.6415 p_super 0.000 || val p_super 0.036 acc 0.0004 corr 0.000
ep  78 | train total 0.6665 acc -0.0000 flops 0.6415 p_super 0.000 || val p_super 0.036 acc -0.0000 corr 0.000
ep  79 | train total 0.6665 acc 0.0000 flops 0.6415 p_super 0.000 || val p_super 0.037 acc 0.0001 corr -0.000
ep  80 | train total 0.6665 acc -0.0000 flops 0.6415 p_super 0.000 || val p_super 0.036 acc -0.0001 corr 0.000
ep  81 | train total 0.6665 acc 0.0000 flops 0.6415 p_super 0.000 || val p_super 0.036 acc 0.0001 corr -0.000
ep  82 | train total 0.6665 acc -0.0000 flops 0.6415 p_super 0.000 || val p_super 0.036 acc 0.0004 corr 0.000
ep  83 | train total 0.6665 acc 0.0000 flops 0.6415 p_super 0.000 || val p_super 0.036 acc -0.0001 corr 0.000
ep  84 | train total 0.6665 acc 0.0000 flops 0.6415 p_super 0.000 || val p_super 0.036 acc -0.0002 corr 0.000
ep  85 | train total 0.6665 acc -0.0000 flops 0.6415 p_super 0.000 || val p_super 0.036 acc 0.0003 corr 0.000
ep  86 | train total 0.6665 acc -0.0000 flops 0.6415 p_super 0.000 || val p_super 0.037 acc 0.0000 corr 0.000
ep  87 | train total 0.6665 acc 0.0000 flops 0.6415 p_super 0.000 || val p_super 0.036 acc 0.0004 corr 0.000
ep  88 | train total 0.6665 acc -0.0000 flops 0.6415 p_super 0.000 || val p_super 0.036 acc -0.0001 corr 0.000
ep  89 | train total 0.6665 acc 0.0000 flops 0.6415 p_super 0.000 || val p_super 0.036 acc 0.0003 corr 0.000
ep  90 | train total 0.6665 acc 0.0000 flops 0.6415 p_super 0.000 || val p_super 0.036 acc 0.0003 corr 0.000
ep  91 | train total 0.6665 acc 0.0000 flops 0.6415 p_super 0.000 || val p_super 0.036 acc -0.0000 corr -0.000
ep  92 | train total 0.6665 acc 0.0000 flops 0.6415 p_super 0.000 || val p_super 0.036 acc 0.0002 corr 0.000
ep  93 | train total 0.6665 acc 0.0000 flops 0.6415 p_super 0.000 || val p_super 0.036 acc 0.0001 corr 0.000
ep  94 | train total 0.6665 acc -0.0000 flops 0.6415 p_super 0.000 || val p_super 0.036 acc 0.0003 corr 0.000
ep  95 | train total 0.6665 acc -0.0000 flops 0.6415 p_super 0.000 || val p_super 0.036 acc 0.0002 corr 0.000
ep  96 | train total 0.6665 acc -0.0000 flops 0.6415 p_super 0.000 || val p_super 0.036 acc 0.0004 corr 0.000
ep  97 | train total 0.6665 acc -0.0000 flops 0.6415 p_super 0.000 || val p_super 0.035 acc -0.0006 corr 0.000
ep  98 | train total 0.6665 acc -0.0000 flops 0.6415 p_super 0.000 || val p_super 0.036 acc -0.0004 corr 0.000
ep  99 | train total 0.6665 acc 0.0000 flops 0.6415 p_super 0.000 || val p_super 0.036 acc 0.0006 corr 0.000
ep 100 | train total 0.6665 acc -0.0000 flops 0.6415 p_super 0.000 || val p_super 0.036 acc -0.0001 corr 0.000
ep 101 | train total 0.6665 acc -0.0000 flops 0.6415 p_super 0.000 || val p_super 0.036 acc -0.0001 corr 0.000
ep 102 | train total 0.6665 acc 0.0000 flops 0.6415 p_super 0.000 || val p_super 0.036 acc 0.0003 corr 0.000
ep 103 | train total 0.6665 acc 0.0000 flops 0.6415 p_super 0.000 || val p_super 0.036 acc 0.0001 corr 0.000
ep 104 | train total 0.6665 acc 0.0000 flops 0.6415 p_super 0.000 || val p_super 0.037 acc 0.0000 corr 0.000
ep 105 | train total 0.6665 acc 0.0000 flops 0.6415 p_super 0.000 || val p_super 0.037 acc 0.0004 corr 0.000
ep 106 | train total 0.6665 acc -0.0000 flops 0.6415 p_super 0.000 || val p_super 0.036 acc -0.0002 corr -0.000
ep 107 | train total 0.6665 acc 0.0000 flops 0.6415 p_super 0.000 || val p_super 0.036 acc 0.0001 corr 0.000
ep 108 | train total 0.6665 acc -0.0000 flops 0.6415 p_super 0.000 || val p_super 0.036 acc 0.0002 corr 0.000
ep 109 | train total 0.6665 acc 0.0000 flops 0.6415 p_super 0.000 || val p_super 0.036 acc 0.0008 corr -0.000
ep 110 | train total 0.6665 acc 0.0000 flops 0.6415 p_super 0.000 || val p_super 0.037 acc 0.0001 corr 0.000
ep 111 | train total 0.6665 acc 0.0000 flops 0.6415 p_super 0.000 || val p_super 0.036 acc 0.0004 corr 0.000
ep 112 | train total 0.6665 acc 0.0000 flops 0.6415 p_super 0.000 || val p_super 0.035 acc 0.0002 corr 0.000
ep 113 | train total 0.6665 acc -0.0000 flops 0.6415 p_super 0.000 || val p_super 0.036 acc 0.0008 corr 0.000
ep 114 | train total 0.6665 acc -0.0000 flops 0.6415 p_super 0.000 || val p_super 0.036 acc -0.0002 corr 0.000
ep 115 | train total 0.6665 acc -0.0000 flops 0.6415 p_super 0.000 || val p_super 0.036 acc 0.0006 corr 0.000
ep 116 | train total 0.6665 acc -0.0000 flops 0.6415 p_super 0.000 || val p_super 0.037 acc -0.0002 corr -0.000
ep 117 | train total 0.6665 acc 0.0000 flops 0.6415 p_super 0.000 || val p_super 0.036 acc -0.0002 corr 0.000
ep 118 | train total 0.6665 acc 0.0000 flops 0.6415 p_super 0.000 || val p_super 0.035 acc 0.0002 corr 0.000
ep 119 | train total 0.6665 acc -0.0000 flops 0.6415 p_super 0.000 || val p_super 0.036 acc 0.0001 corr 0.000
ep 120 | train total 0.6665 acc 0.0000 flops 0.6415 p_super 0.000 || val p_super 0.036 acc 0.0002 corr 0.000
ep 121 | train total 0.6665 acc 0.0000 flops 0.6415 p_super 0.000 || val p_super 0.036 acc -0.0003 corr 0.000
ep 122 | train total 0.6665 acc -0.0000 flops 0.6415 p_super 0.000 || val p_super 0.036 acc -0.0003 corr 0.000
ep 123 | train total 0.6665 acc 0.0000 flops 0.6415 p_super 0.000 || val p_super 0.036 acc 0.0003 corr 0.000
ep 124 | train total 0.6665 acc -0.0000 flops 0.6415 p_super 0.000 || val p_super 0.037 acc 0.0003 corr 0.000
ep 125 | train total 0.6665 acc -0.0000 flops 0.6415 p_super 0.000 || val p_super 0.037 acc 0.0003 corr 0.000
ep 126 | train total 0.6665 acc -0.0000 flops 0.6415 p_super 0.000 || val p_super 0.036 acc -0.0002 corr 0.000
ep 127 | train total 0.6665 acc -0.0000 flops 0.6415 p_super 0.000 || val p_super 0.036 acc -0.0008 corr 0.000
ep 128 | train total 0.6665 acc -0.0000 flops 0.6415 p_super 0.000 || val p_super 0.036 acc -0.0005 corr 0.000
ep 129 | train total 0.6665 acc -0.0000 flops 0.6415 p_super 0.000 || val p_super 0.036 acc 0.0001 corr 0.000
ep 130 | train total 0.6665 acc -0.0000 flops 0.6415 p_super 0.000 || val p_super 0.037 acc 0.0006 corr 0.000
ep 131 | train total 0.6665 acc -0.0000 flops 0.6415 p_super 0.000 || val p_super 0.036 acc 0.0002 corr 0.000
ep 132 | train total 0.6665 acc 0.0000 flops 0.6415 p_super 0.000 || val p_super 0.036 acc -0.0003 corr 0.000
ep 133 | train total 0.6665 acc 0.0000 flops 0.6415 p_super 0.000 || val p_super 0.036 acc -0.0004 corr 0.000
ep 134 | train total 0.6665 acc 0.0000 flops 0.6415 p_super 0.000 || val p_super 0.036 acc -0.0006 corr 0.000
ep 135 | train total 0.6665 acc 0.0000 flops 0.6415 p_super 0.000 || val p_super 0.035 acc -0.0005 corr 0.000
ep 136 | train total 0.6665 acc -0.0000 flops 0.6415 p_super 0.000 || val p_super 0.036 acc -0.0002 corr 0.000
ep 137 | train total 0.6665 acc -0.0000 flops 0.6415 p_super 0.000 || val p_super 0.037 acc 0.0001 corr 0.000
ep 138 | train total 0.6665 acc 0.0000 flops 0.6415 p_super 0.000 || val p_super 0.036 acc 0.0003 corr 0.000
ep 139 | train total 0.6665 acc -0.0000 flops 0.6415 p_super 0.000 || val p_super 0.037 acc -0.0001 corr 0.000
ep 140 | train total 0.6665 acc -0.0000 flops 0.6415 p_super 0.000 || val p_super 0.036 acc -0.0004 corr 0.000
ep 141 | train total 0.6665 acc -0.0000 flops 0.6415 p_super 0.000 || val p_super 0.036 acc -0.0005 corr 0.000
ep 142 | train total 0.6665 acc -0.0000 flops 0.6415 p_super 0.000 || val p_super 0.036 acc 0.0003 corr 0.000
ep 143 | train total 0.6665 acc 0.0000 flops 0.6415 p_super 0.000 || val p_super 0.036 acc 0.0008 corr 0.000
ep 144 | train total 0.6665 acc -0.0000 flops 0.6415 p_super 0.000 || val p_super 0.036 acc -0.0002 corr 0.000
ep 145 | train total 0.6665 acc -0.0000 flops 0.6415 p_super 0.000 || val p_super 0.037 acc -0.0003 corr 0.000
ep 146 | train total 0.6665 acc 0.0000 flops 0.6415 p_super 0.000 || val p_super 0.036 acc 0.0002 corr 0.000
ep 147 | train total 0.6665 acc -0.0000 flops 0.6415 p_super 0.000 || val p_super 0.036 acc 0.0003 corr 0.000
ep 148 | train total 0.6665 acc -0.0000 flops 0.6415 p_super 0.000 || val p_super 0.036 acc -0.0002 corr 0.000
ep 149 | train total 0.6665 acc -0.0000 flops 0.6415 p_super 0.000 || val p_super 0.036 acc 0.0003 corr 0.000
[*] best val_corr=0.09252 @ epoch 5 (of 150)
[*] saved policy (val-best) -> method02_advantage_regress_tinyConv/outputs/bdd100k/policy_both_prevpp10_s1.pt
  training prev_p=1.0 seed=2 -> method02_advantage_regress_tinyConv/outputs/bdd100k/policy_both_prevpp10_s2.pt
ep   0 | train total 0.6683 acc -0.0000 flops 0.6437 p_super 0.006 || val p_super 0.001 acc -0.0000 corr 0.060  *best*
ep   1 | train total 0.6665 acc -0.0000 flops 0.6415 p_super 0.000 || val p_super 0.002 acc -0.0000 corr 0.062  *best*
ep   2 | train total 0.6665 acc -0.0000 flops 0.6415 p_super 0.000 || val p_super 0.005 acc -0.0000 corr 0.074  *best*
ep   3 | train total 0.6665 acc -0.0000 flops 0.6415 p_super 0.000 || val p_super 0.001 acc -0.0004 corr 0.078  *best*
ep   4 | train total 0.6607 acc -0.0110 flops 0.6486 p_super 0.020 || val p_super 0.026 acc -0.0174 corr 0.116  *best*
ep   5 | train total 0.6555 acc -0.0195 flops 0.6530 p_super 0.032 || val p_super 0.061 acc -0.0285 corr 0.116  *best*
ep   6 | train total 0.6520 acc -0.0270 flops 0.6585 p_super 0.047 || val p_super 0.041 acc -0.0264 corr 0.128  *best*
ep   7 | train total 0.6500 acc -0.0306 flops 0.6605 p_super 0.053 || val p_super 0.065 acc -0.0299 corr 0.122
ep   8 | train total 0.6499 acc -0.0279 flops 0.6569 p_super 0.043 || val p_super 0.031 acc -0.0225 corr 0.137  *best*
ep   9 | train total 0.6477 acc -0.0334 flops 0.6613 p_super 0.055 || val p_super 0.035 acc -0.0230 corr 0.132
ep  10 | train total 0.6462 acc -0.0355 flops 0.6620 p_super 0.057 || val p_super 0.038 acc -0.0242 corr 0.137
ep  11 | train total 0.6470 acc -0.0347 flops 0.6620 p_super 0.057 || val p_super 0.048 acc -0.0254 corr 0.128
ep  12 | train total 0.6460 acc -0.0358 flops 0.6621 p_super 0.058 || val p_super 0.084 acc -0.0360 corr 0.135
ep  13 | train total 0.6472 acc -0.0353 flops 0.6631 p_super 0.060 || val p_super 0.048 acc -0.0283 corr 0.131
ep  14 | train total 0.6449 acc -0.0373 flops 0.6627 p_super 0.059 || val p_super 0.071 acc -0.0312 corr 0.127
ep  15 | train total 0.6451 acc -0.0371 flops 0.6628 p_super 0.059 || val p_super 0.051 acc -0.0264 corr 0.133
ep  16 | train total 0.6453 acc -0.0372 flops 0.6632 p_super 0.061 || val p_super 0.072 acc -0.0310 corr 0.130
ep  17 | train total 0.6436 acc -0.0391 flops 0.6635 p_super 0.062 || val p_super 0.086 acc -0.0334 corr 0.127
ep  18 | train total 0.6443 acc -0.0391 flops 0.6643 p_super 0.064 || val p_super 0.055 acc -0.0291 corr 0.137
ep  19 | train total 0.6452 acc -0.0371 flops 0.6630 p_super 0.060 || val p_super 0.099 acc -0.0340 corr 0.126
ep  20 | train total 0.6447 acc -0.0377 flops 0.6630 p_super 0.060 || val p_super 0.082 acc -0.0339 corr 0.135
ep  21 | train total 0.6445 acc -0.0382 flops 0.6633 p_super 0.061 || val p_super 0.073 acc -0.0322 corr 0.133
ep  22 | train total 0.6450 acc -0.0388 flops 0.6649 p_super 0.065 || val p_super 0.059 acc -0.0318 corr 0.138  *best*
ep  23 | train total 0.6453 acc -0.0356 flops 0.6610 p_super 0.055 || val p_super 0.090 acc -0.0340 corr 0.139  *best*
ep  24 | train total 0.6443 acc -0.0383 flops 0.6633 p_super 0.061 || val p_super 0.077 acc -0.0338 corr 0.137
ep  25 | train total 0.6434 acc -0.0397 flops 0.6639 p_super 0.063 || val p_super 0.081 acc -0.0327 corr 0.132
ep  26 | train total 0.6439 acc -0.0389 flops 0.6635 p_super 0.062 || val p_super 0.059 acc -0.0306 corr 0.139
ep  27 | train total 0.6438 acc -0.0391 flops 0.6637 p_super 0.062 || val p_super 0.063 acc -0.0314 corr 0.137
ep  28 | train total 0.6426 acc -0.0402 flops 0.6635 p_super 0.062 || val p_super 0.048 acc -0.0280 corr 0.143  *best*
ep  29 | train total 0.6425 acc -0.0406 flops 0.6641 p_super 0.063 || val p_super 0.101 acc -0.0356 corr 0.140
ep  30 | train total 0.6426 acc -0.0396 flops 0.6628 p_super 0.059 || val p_super 0.072 acc -0.0321 corr 0.139
ep  31 | train total 0.6430 acc -0.0397 flops 0.6635 p_super 0.061 || val p_super 0.059 acc -0.0297 corr 0.144  *best*
ep  32 | train total 0.6427 acc -0.0402 flops 0.6638 p_super 0.062 || val p_super 0.060 acc -0.0313 corr 0.143
ep  33 | train total 0.6432 acc -0.0386 flops 0.6623 p_super 0.058 || val p_super 0.065 acc -0.0358 corr 0.150  *best*
ep  34 | train total 0.6447 acc -0.0385 flops 0.6641 p_super 0.063 || val p_super 0.068 acc -0.0350 corr 0.147
ep  35 | train total 0.6422 acc -0.0412 flops 0.6643 p_super 0.064 || val p_super 0.071 acc -0.0335 corr 0.146
ep  36 | train total 0.6421 acc -0.0403 flops 0.6630 p_super 0.060 || val p_super 0.067 acc -0.0325 corr 0.146
ep  37 | train total 0.6434 acc -0.0391 flops 0.6632 p_super 0.061 || val p_super 0.080 acc -0.0323 corr 0.140
ep  38 | train total 0.6420 acc -0.0405 flops 0.6631 p_super 0.060 || val p_super 0.085 acc -0.0324 corr 0.140
ep  39 | train total 0.6424 acc -0.0418 flops 0.6654 p_super 0.067 || val p_super 0.078 acc -0.0331 corr 0.147
ep  40 | train total 0.6413 acc -0.0425 flops 0.6649 p_super 0.065 || val p_super 0.077 acc -0.0340 corr 0.146
ep  41 | train total 0.6427 acc -0.0408 flops 0.6644 p_super 0.064 || val p_super 0.044 acc -0.0276 corr 0.141
ep  42 | train total 0.6422 acc -0.0399 flops 0.6626 p_super 0.059 || val p_super 0.059 acc -0.0314 corr 0.150  *best*
ep  43 | train total 0.6441 acc -0.0380 flops 0.6626 p_super 0.059 || val p_super 0.053 acc -0.0319 corr 0.155  *best*
ep  44 | train total 0.6418 acc -0.0408 flops 0.6633 p_super 0.061 || val p_super 0.066 acc -0.0328 corr 0.152
ep  45 | train total 0.6425 acc -0.0390 flops 0.6618 p_super 0.057 || val p_super 0.084 acc -0.0345 corr 0.146
ep  46 | train total 0.6425 acc -0.0399 flops 0.6630 p_super 0.060 || val p_super 0.077 acc -0.0343 corr 0.149
ep  47 | train total 0.6419 acc -0.0416 flops 0.6645 p_super 0.064 || val p_super 0.049 acc -0.0295 corr 0.147
ep  48 | train total 0.6429 acc -0.0396 flops 0.6631 p_super 0.060 || val p_super 0.070 acc -0.0341 corr 0.151
ep  49 | train total 0.6424 acc -0.0405 flops 0.6637 p_super 0.062 || val p_super 0.101 acc -0.0354 corr 0.143
ep  50 | train total 0.6415 acc -0.0416 flops 0.6641 p_super 0.063 || val p_super 0.054 acc -0.0303 corr 0.151
ep  51 | train total 0.6420 acc -0.0409 flops 0.6636 p_super 0.062 || val p_super 0.078 acc -0.0318 corr 0.148
ep  52 | train total 0.6422 acc -0.0414 flops 0.6647 p_super 0.065 || val p_super 0.068 acc -0.0329 corr 0.147
ep  53 | train total 0.6408 acc -0.0428 flops 0.6647 p_super 0.065 || val p_super 0.065 acc -0.0324 corr 0.147
ep  54 | train total 0.6416 acc -0.0408 flops 0.6630 p_super 0.060 || val p_super 0.096 acc -0.0373 corr 0.150
ep  55 | train total 0.6408 acc -0.0438 flops 0.6660 p_super 0.068 || val p_super 0.065 acc -0.0325 corr 0.151
ep  56 | train total 0.6399 acc -0.0434 flops 0.6643 p_super 0.064 || val p_super 0.081 acc -0.0359 corr 0.144
ep  57 | train total 0.6406 acc -0.0425 flops 0.6640 p_super 0.063 || val p_super 0.066 acc -0.0323 corr 0.147
ep  58 | train total 0.6421 acc -0.0411 flops 0.6640 p_super 0.063 || val p_super 0.089 acc -0.0359 corr 0.146
ep  59 | train total 0.6410 acc -0.0425 flops 0.6645 p_super 0.064 || val p_super 0.072 acc -0.0356 corr 0.151
ep  60 | train total 0.6397 acc -0.0434 flops 0.6639 p_super 0.063 || val p_super 0.072 acc -0.0351 corr 0.151
ep  61 | train total 0.6415 acc -0.0414 flops 0.6638 p_super 0.062 || val p_super 0.078 acc -0.0345 corr 0.148
ep  62 | train total 0.6407 acc -0.0423 flops 0.6639 p_super 0.063 || val p_super 0.077 acc -0.0346 corr 0.148
ep  63 | train total 0.6407 acc -0.0423 flops 0.6638 p_super 0.062 || val p_super 0.072 acc -0.0361 corr 0.153
ep  64 | train total 0.6418 acc -0.0417 flops 0.6646 p_super 0.064 || val p_super 0.089 acc -0.0376 corr 0.151
ep  65 | train total 0.6412 acc -0.0421 flops 0.6642 p_super 0.063 || val p_super 0.065 acc -0.0333 corr 0.147
ep  66 | train total 0.6402 acc -0.0434 flops 0.6646 p_super 0.065 || val p_super 0.063 acc -0.0318 corr 0.147
ep  67 | train total 0.6410 acc -0.0413 flops 0.6629 p_super 0.060 || val p_super 0.064 acc -0.0316 corr 0.150
ep  68 | train total 0.6394 acc -0.0451 flops 0.6658 p_super 0.068 || val p_super 0.076 acc -0.0346 corr 0.143
ep  69 | train total 0.6410 acc -0.0423 flops 0.6642 p_super 0.064 || val p_super 0.054 acc -0.0326 corr 0.154
ep  70 | train total 0.6408 acc -0.0422 flops 0.6638 p_super 0.062 || val p_super 0.088 acc -0.0380 corr 0.150
ep  71 | train total 0.6384 acc -0.0447 flops 0.6639 p_super 0.063 || val p_super 0.082 acc -0.0349 corr 0.148
ep  72 | train total 0.6400 acc -0.0432 flops 0.6640 p_super 0.063 || val p_super 0.068 acc -0.0344 corr 0.150
ep  73 | train total 0.6404 acc -0.0433 flops 0.6648 p_super 0.065 || val p_super 0.077 acc -0.0329 corr 0.146
ep  74 | train total 0.6395 acc -0.0451 flops 0.6659 p_super 0.068 || val p_super 0.065 acc -0.0309 corr 0.144
ep  75 | train total 0.6399 acc -0.0433 flops 0.6642 p_super 0.063 || val p_super 0.090 acc -0.0347 corr 0.146
ep  76 | train total 0.6400 acc -0.0437 flops 0.6648 p_super 0.065 || val p_super 0.066 acc -0.0331 corr 0.148
ep  77 | train total 0.6390 acc -0.0448 flops 0.6650 p_super 0.066 || val p_super 0.074 acc -0.0316 corr 0.147
ep  78 | train total 0.6405 acc -0.0431 flops 0.6647 p_super 0.065 || val p_super 0.080 acc -0.0333 corr 0.150
ep  79 | train total 0.6389 acc -0.0450 flops 0.6650 p_super 0.066 || val p_super 0.056 acc -0.0313 corr 0.155  *best*
ep  80 | train total 0.6398 acc -0.0441 flops 0.6650 p_super 0.066 || val p_super 0.066 acc -0.0331 corr 0.150
ep  81 | train total 0.6394 acc -0.0438 flops 0.6641 p_super 0.063 || val p_super 0.069 acc -0.0333 corr 0.148
ep  82 | train total 0.6397 acc -0.0442 flops 0.6651 p_super 0.066 || val p_super 0.067 acc -0.0324 corr 0.151
ep  83 | train total 0.6400 acc -0.0440 flops 0.6651 p_super 0.066 || val p_super 0.066 acc -0.0335 corr 0.150
ep  84 | train total 0.6386 acc -0.0450 flops 0.6645 p_super 0.064 || val p_super 0.077 acc -0.0350 corr 0.150
ep  85 | train total 0.6397 acc -0.0437 flops 0.6644 p_super 0.064 || val p_super 0.050 acc -0.0276 corr 0.145
ep  86 | train total 0.6394 acc -0.0439 flops 0.6642 p_super 0.063 || val p_super 0.052 acc -0.0297 corr 0.144
ep  87 | train total 0.6402 acc -0.0432 flops 0.6644 p_super 0.064 || val p_super 0.075 acc -0.0321 corr 0.144
ep  88 | train total 0.6398 acc -0.0439 flops 0.6648 p_super 0.065 || val p_super 0.091 acc -0.0357 corr 0.152
ep  89 | train total 0.6414 acc -0.0412 flops 0.6633 p_super 0.061 || val p_super 0.083 acc -0.0352 corr 0.151
ep  90 | train total 0.6390 acc -0.0452 flops 0.6654 p_super 0.067 || val p_super 0.074 acc -0.0331 corr 0.149
ep  91 | train total 0.6402 acc -0.0439 flops 0.6653 p_super 0.067 || val p_super 0.063 acc -0.0313 corr 0.147
ep  92 | train total 0.6391 acc -0.0446 flops 0.6648 p_super 0.065 || val p_super 0.068 acc -0.0314 corr 0.146
ep  93 | train total 0.6385 acc -0.0454 flops 0.6650 p_super 0.066 || val p_super 0.095 acc -0.0314 corr 0.144
ep  94 | train total 0.6395 acc -0.0445 flops 0.6652 p_super 0.066 || val p_super 0.070 acc -0.0302 corr 0.146
ep  95 | train total 0.6382 acc -0.0453 flops 0.6645 p_super 0.064 || val p_super 0.076 acc -0.0324 corr 0.145
ep  96 | train total 0.6386 acc -0.0451 flops 0.6648 p_super 0.065 || val p_super 0.080 acc -0.0354 corr 0.155
ep  97 | train total 0.6396 acc -0.0443 flops 0.6650 p_super 0.066 || val p_super 0.088 acc -0.0366 corr 0.146
ep  98 | train total 0.6382 acc -0.0456 flops 0.6650 p_super 0.066 || val p_super 0.078 acc -0.0351 corr 0.148
ep  99 | train total 0.6388 acc -0.0448 flops 0.6646 p_super 0.065 || val p_super 0.081 acc -0.0362 corr 0.152
ep 100 | train total 0.6388 acc -0.0447 flops 0.6645 p_super 0.064 || val p_super 0.074 acc -0.0304 corr 0.148
ep 101 | train total 0.6386 acc -0.0448 flops 0.6643 p_super 0.064 || val p_super 0.089 acc -0.0327 corr 0.149
ep 102 | train total 0.6386 acc -0.0452 flops 0.6648 p_super 0.065 || val p_super 0.069 acc -0.0318 corr 0.152
ep 103 | train total 0.6382 acc -0.0459 flops 0.6653 p_super 0.066 || val p_super 0.078 acc -0.0344 corr 0.148
ep 104 | train total 0.6369 acc -0.0476 flops 0.6659 p_super 0.068 || val p_super 0.075 acc -0.0328 corr 0.148
ep 105 | train total 0.6385 acc -0.0447 flops 0.6641 p_super 0.063 || val p_super 0.084 acc -0.0347 corr 0.149
ep 106 | train total 0.6378 acc -0.0460 flops 0.6649 p_super 0.065 || val p_super 0.087 acc -0.0344 corr 0.147
ep 107 | train total 0.6382 acc -0.0451 flops 0.6642 p_super 0.064 || val p_super 0.066 acc -0.0322 corr 0.149
ep 108 | train total 0.6384 acc -0.0457 flops 0.6652 p_super 0.066 || val p_super 0.077 acc -0.0320 corr 0.141
ep 109 | train total 0.6376 acc -0.0464 flops 0.6651 p_super 0.066 || val p_super 0.067 acc -0.0315 corr 0.152
ep 110 | train total 0.6386 acc -0.0444 flops 0.6638 p_super 0.062 || val p_super 0.069 acc -0.0325 corr 0.153
ep 111 | train total 0.6388 acc -0.0445 flops 0.6642 p_super 0.064 || val p_super 0.075 acc -0.0341 corr 0.149
ep 112 | train total 0.6379 acc -0.0463 flops 0.6654 p_super 0.067 || val p_super 0.074 acc -0.0320 corr 0.149
ep 113 | train total 0.6389 acc -0.0451 flops 0.6652 p_super 0.066 || val p_super 0.080 acc -0.0343 corr 0.149
ep 114 | train total 0.6363 acc -0.0474 flops 0.6647 p_super 0.065 || val p_super 0.079 acc -0.0353 corr 0.154
ep 115 | train total 0.6374 acc -0.0466 flops 0.6652 p_super 0.066 || val p_super 0.069 acc -0.0334 corr 0.154
ep 116 | train total 0.6386 acc -0.0450 flops 0.6646 p_super 0.064 || val p_super 0.066 acc -0.0317 corr 0.156  *best*
ep 117 | train total 0.6385 acc -0.0456 flops 0.6652 p_super 0.066 || val p_super 0.090 acc -0.0347 corr 0.152
ep 118 | train total 0.6379 acc -0.0462 flops 0.6652 p_super 0.066 || val p_super 0.073 acc -0.0335 corr 0.153
ep 119 | train total 0.6371 acc -0.0460 flops 0.6640 p_super 0.063 || val p_super 0.059 acc -0.0307 corr 0.154
ep 120 | train total 0.6382 acc -0.0456 flops 0.6649 p_super 0.065 || val p_super 0.053 acc -0.0293 corr 0.148
ep 121 | train total 0.6387 acc -0.0449 flops 0.6645 p_super 0.064 || val p_super 0.072 acc -0.0339 corr 0.150
ep 122 | train total 0.6375 acc -0.0464 flops 0.6650 p_super 0.066 || val p_super 0.062 acc -0.0308 corr 0.151
ep 123 | train total 0.6386 acc -0.0449 flops 0.6645 p_super 0.064 || val p_super 0.075 acc -0.0331 corr 0.152
ep 124 | train total 0.6389 acc -0.0450 flops 0.6649 p_super 0.066 || val p_super 0.091 acc -0.0348 corr 0.150
ep 125 | train total 0.6383 acc -0.0453 flops 0.6647 p_super 0.065 || val p_super 0.079 acc -0.0325 corr 0.152
ep 126 | train total 0.6369 acc -0.0472 flops 0.6653 p_super 0.067 || val p_super 0.062 acc -0.0312 corr 0.152
ep 127 | train total 0.6376 acc -0.0464 flops 0.6651 p_super 0.066 || val p_super 0.057 acc -0.0309 corr 0.147
ep 128 | train total 0.6389 acc -0.0446 flops 0.6646 p_super 0.065 || val p_super 0.068 acc -0.0331 corr 0.154
ep 129 | train total 0.6377 acc -0.0463 flops 0.6652 p_super 0.066 || val p_super 0.070 acc -0.0345 corr 0.152
ep 130 | train total 0.6390 acc -0.0441 flops 0.6640 p_super 0.063 || val p_super 0.087 acc -0.0327 corr 0.149
ep 131 | train total 0.6376 acc -0.0457 flops 0.6642 p_super 0.063 || val p_super 0.088 acc -0.0354 corr 0.150
ep 132 | train total 0.6380 acc -0.0455 flops 0.6645 p_super 0.064 || val p_super 0.086 acc -0.0340 corr 0.150
ep 133 | train total 0.6374 acc -0.0463 flops 0.6647 p_super 0.065 || val p_super 0.083 acc -0.0325 corr 0.153
ep 134 | train total 0.6377 acc -0.0463 flops 0.6652 p_super 0.066 || val p_super 0.099 acc -0.0356 corr 0.153
ep 135 | train total 0.6380 acc -0.0461 flops 0.6653 p_super 0.066 || val p_super 0.075 acc -0.0353 corr 0.152
ep 136 | train total 0.6365 acc -0.0480 flops 0.6658 p_super 0.068 || val p_super 0.057 acc -0.0317 corr 0.153
ep 137 | train total 0.6377 acc -0.0463 flops 0.6651 p_super 0.066 || val p_super 0.081 acc -0.0330 corr 0.154
ep 138 | train total 0.6370 acc -0.0466 flops 0.6647 p_super 0.065 || val p_super 0.074 acc -0.0332 corr 0.155
ep 139 | train total 0.6391 acc -0.0449 flops 0.6651 p_super 0.066 || val p_super 0.079 acc -0.0334 corr 0.156
ep 140 | train total 0.6383 acc -0.0453 flops 0.6647 p_super 0.065 || val p_super 0.069 acc -0.0312 corr 0.155
ep 141 | train total 0.6381 acc -0.0464 flops 0.6659 p_super 0.068 || val p_super 0.080 acc -0.0342 corr 0.150
ep 142 | train total 0.6378 acc -0.0458 flops 0.6647 p_super 0.065 || val p_super 0.063 acc -0.0320 corr 0.150
ep 143 | train total 0.6364 acc -0.0474 flops 0.6649 p_super 0.065 || val p_super 0.072 acc -0.0325 corr 0.151
ep 144 | train total 0.6374 acc -0.0463 flops 0.6647 p_super 0.065 || val p_super 0.068 acc -0.0321 corr 0.153
ep 145 | train total 0.6366 acc -0.0476 flops 0.6654 p_super 0.067 || val p_super 0.071 acc -0.0315 corr 0.152
ep 146 | train total 0.6357 acc -0.0484 flops 0.6652 p_super 0.066 || val p_super 0.069 acc -0.0340 corr 0.151
ep 147 | train total 0.6362 acc -0.0477 flops 0.6651 p_super 0.066 || val p_super 0.075 acc -0.0336 corr 0.152
ep 148 | train total 0.6371 acc -0.0468 flops 0.6650 p_super 0.066 || val p_super 0.078 acc -0.0327 corr 0.153
ep 149 | train total 0.6371 acc -0.0469 flops 0.6651 p_super 0.066 || val p_super 0.075 acc -0.0333 corr 0.148
[*] best val_corr=0.15572 @ epoch 116 (of 150)
[*] saved policy (val-best) -> method02_advantage_regress_tinyConv/outputs/bdd100k/policy_both_prevpp10_s2.pt
  training prev_p=1.0 seed=3 -> method02_advantage_regress_tinyConv/outputs/bdd100k/policy_both_prevpp10_s3.pt
ep   0 | train total 0.6683 acc -0.0000 flops 0.6438 p_super 0.007 || val p_super 0.001 acc -0.0000 corr 0.047  *best*
ep   1 | train total 0.6665 acc -0.0000 flops 0.6415 p_super 0.000 || val p_super 0.006 acc 0.0000 corr 0.049  *best*
ep   2 | train total 0.6665 acc -0.0000 flops 0.6415 p_super 0.000 || val p_super 0.017 acc -0.0002 corr 0.042
ep   3 | train total 0.6665 acc -0.0000 flops 0.6415 p_super 0.000 || val p_super 0.032 acc -0.0001 corr 0.026
ep   4 | train total 0.6665 acc -0.0000 flops 0.6415 p_super 0.000 || val p_super 0.044 acc 0.0003 corr 0.009
ep   5 | train total 0.6665 acc -0.0000 flops 0.6415 p_super 0.000 || val p_super 0.051 acc -0.0007 corr 0.019
ep   6 | train total 0.6665 acc -0.0000 flops 0.6415 p_super 0.000 || val p_super 0.052 acc -0.0005 corr 0.000
ep   7 | train total 0.6665 acc -0.0000 flops 0.6415 p_super 0.000 || val p_super 0.053 acc 0.0003 corr 0.000
ep   8 | train total 0.6665 acc -0.0000 flops 0.6415 p_super 0.000 || val p_super 0.051 acc 0.0005 corr 0.000
ep   9 | train total 0.6665 acc 0.0000 flops 0.6415 p_super 0.000 || val p_super 0.050 acc 0.0002 corr 0.000
ep  10 | train total 0.6665 acc 0.0000 flops 0.6415 p_super 0.000 || val p_super 0.048 acc 0.0002 corr 0.000
ep  11 | train total 0.6665 acc 0.0000 flops 0.6415 p_super 0.000 || val p_super 0.047 acc 0.0005 corr 0.000
ep  12 | train total 0.6665 acc -0.0000 flops 0.6415 p_super 0.000 || val p_super 0.047 acc -0.0011 corr 0.000
ep  13 | train total 0.6665 acc 0.0000 flops 0.6415 p_super 0.000 || val p_super 0.047 acc -0.0004 corr 0.000
ep  14 | train total 0.6665 acc -0.0000 flops 0.6415 p_super 0.000 || val p_super 0.045 acc -0.0006 corr 0.000
ep  15 | train total 0.6665 acc 0.0000 flops 0.6415 p_super 0.000 || val p_super 0.044 acc 0.0002 corr 0.000
ep  16 | train total 0.6665 acc 0.0000 flops 0.6415 p_super 0.000 || val p_super 0.044 acc 0.0003 corr 0.000
ep  17 | train total 0.6665 acc 0.0000 flops 0.6415 p_super 0.000 || val p_super 0.043 acc 0.0001 corr 0.000
ep  18 | train total 0.6665 acc 0.0000 flops 0.6415 p_super 0.000 || val p_super 0.042 acc -0.0005 corr 0.000
ep  19 | train total 0.6665 acc 0.0000 flops 0.6415 p_super 0.000 || val p_super 0.042 acc -0.0007 corr 0.000
ep  20 | train total 0.6665 acc -0.0000 flops 0.6415 p_super 0.000 || val p_super 0.041 acc -0.0002 corr 0.000
ep  21 | train total 0.6665 acc 0.0000 flops 0.6415 p_super 0.000 || val p_super 0.041 acc -0.0001 corr 0.000
ep  22 | train total 0.6665 acc -0.0000 flops 0.6415 p_super 0.000 || val p_super 0.039 acc -0.0007 corr 0.000
ep  23 | train total 0.6665 acc -0.0000 flops 0.6415 p_super 0.000 || val p_super 0.039 acc 0.0001 corr 0.000
ep  24 | train total 0.6665 acc 0.0000 flops 0.6415 p_super 0.000 || val p_super 0.038 acc 0.0003 corr 0.000
ep  25 | train total 0.6665 acc 0.0000 flops 0.6415 p_super 0.000 || val p_super 0.037 acc -0.0006 corr 0.000
ep  26 | train total 0.6665 acc 0.0000 flops 0.6415 p_super 0.000 || val p_super 0.037 acc -0.0005 corr 0.000
ep  27 | train total 0.6665 acc 0.0000 flops 0.6415 p_super 0.000 || val p_super 0.036 acc -0.0002 corr 0.000
ep  28 | train total 0.6665 acc 0.0000 flops 0.6415 p_super 0.000 || val p_super 0.035 acc -0.0002 corr 0.000
ep  29 | train total 0.6665 acc 0.0000 flops 0.6415 p_super 0.000 || val p_super 0.035 acc -0.0006 corr -0.000
ep  30 | train total 0.6665 acc -0.0000 flops 0.6415 p_super 0.000 || val p_super 0.034 acc -0.0002 corr -0.000
ep  31 | train total 0.6665 acc 0.0000 flops 0.6415 p_super 0.000 || val p_super 0.035 acc 0.0004 corr 0.000
ep  32 | train total 0.6665 acc -0.0000 flops 0.6415 p_super 0.000 || val p_super 0.034 acc 0.0000 corr 0.000
ep  33 | train total 0.6665 acc -0.0000 flops 0.6415 p_super 0.000 || val p_super 0.034 acc -0.0005 corr 0.000
ep  34 | train total 0.6665 acc 0.0000 flops 0.6415 p_super 0.000 || val p_super 0.034 acc -0.0002 corr 0.000
ep  35 | train total 0.6665 acc 0.0000 flops 0.6415 p_super 0.000 || val p_super 0.034 acc -0.0000 corr 0.000
ep  36 | train total 0.6665 acc -0.0000 flops 0.6415 p_super 0.000 || val p_super 0.034 acc 0.0000 corr 0.000
ep  37 | train total 0.6665 acc -0.0000 flops 0.6415 p_super 0.000 || val p_super 0.033 acc -0.0004 corr 0.000
ep  38 | train total 0.6665 acc -0.0000 flops 0.6415 p_super 0.000 || val p_super 0.034 acc -0.0001 corr -0.000
ep  39 | train total 0.6665 acc 0.0000 flops 0.6415 p_super 0.000 || val p_super 0.033 acc 0.0002 corr 0.000
ep  40 | train total 0.6665 acc 0.0000 flops 0.6415 p_super 0.000 || val p_super 0.033 acc -0.0006 corr 0.000
ep  41 | train total 0.6665 acc 0.0000 flops 0.6415 p_super 0.000 || val p_super 0.034 acc -0.0002 corr 0.000
ep  42 | train total 0.6665 acc -0.0000 flops 0.6415 p_super 0.000 || val p_super 0.034 acc -0.0002 corr 0.000
ep  43 | train total 0.6665 acc -0.0000 flops 0.6415 p_super 0.000 || val p_super 0.033 acc 0.0006 corr 0.000
ep  44 | train total 0.6665 acc -0.0000 flops 0.6415 p_super 0.000 || val p_super 0.034 acc 0.0006 corr 0.000
ep  45 | train total 0.6665 acc 0.0000 flops 0.6415 p_super 0.000 || val p_super 0.034 acc 0.0002 corr 0.000
ep  46 | train total 0.6665 acc 0.0000 flops 0.6415 p_super 0.000 || val p_super 0.034 acc 0.0002 corr 0.000
ep  47 | train total 0.6665 acc 0.0000 flops 0.6415 p_super 0.000 || val p_super 0.033 acc 0.0005 corr 0.000
ep  48 | train total 0.6665 acc -0.0000 flops 0.6415 p_super 0.000 || val p_super 0.034 acc 0.0001 corr 0.000
ep  49 | train total 0.6665 acc 0.0000 flops 0.6415 p_super 0.000 || val p_super 0.033 acc -0.0003 corr 0.000
ep  50 | train total 0.6665 acc -0.0000 flops 0.6415 p_super 0.000 || val p_super 0.034 acc -0.0001 corr 0.000
ep  51 | train total 0.6665 acc 0.0000 flops 0.6415 p_super 0.000 || val p_super 0.034 acc -0.0000 corr 0.000
ep  52 | train total 0.6665 acc 0.0000 flops 0.6415 p_super 0.000 || val p_super 0.034 acc -0.0005 corr 0.000
ep  53 | train total 0.6665 acc -0.0000 flops 0.6415 p_super 0.000 || val p_super 0.033 acc 0.0002 corr 0.000
ep  54 | train total 0.6665 acc 0.0000 flops 0.6415 p_super 0.000 || val p_super 0.033 acc 0.0001 corr 0.000
ep  55 | train total 0.6665 acc 0.0000 flops 0.6415 p_super 0.000 || val p_super 0.034 acc 0.0005 corr 0.000
ep  56 | train total 0.6665 acc 0.0000 flops 0.6415 p_super 0.000 || val p_super 0.034 acc 0.0002 corr 0.000
ep  57 | train total 0.6665 acc 0.0000 flops 0.6415 p_super 0.000 || val p_super 0.033 acc -0.0005 corr 0.000
ep  58 | train total 0.6665 acc 0.0000 flops 0.6415 p_super 0.000 || val p_super 0.034 acc 0.0002 corr 0.000
ep  59 | train total 0.6665 acc 0.0000 flops 0.6415 p_super 0.000 || val p_super 0.033 acc -0.0004 corr 0.000
ep  60 | train total 0.6665 acc -0.0000 flops 0.6415 p_super 0.000 || val p_super 0.034 acc 0.0003 corr 0.000
ep  61 | train total 0.6665 acc 0.0000 flops 0.6415 p_super 0.000 || val p_super 0.033 acc -0.0001 corr 0.000
ep  62 | train total 0.6665 acc 0.0000 flops 0.6415 p_super 0.000 || val p_super 0.034 acc 0.0007 corr 0.000
ep  63 | train total 0.6665 acc 0.0000 flops 0.6415 p_super 0.000 || val p_super 0.033 acc -0.0004 corr 0.000
ep  64 | train total 0.6665 acc -0.0000 flops 0.6415 p_super 0.000 || val p_super 0.033 acc -0.0000 corr -0.000
ep  65 | train total 0.6665 acc -0.0000 flops 0.6415 p_super 0.000 || val p_super 0.034 acc 0.0005 corr 0.000
ep  66 | train total 0.6665 acc -0.0000 flops 0.6415 p_super 0.000 || val p_super 0.034 acc 0.0006 corr 0.000
ep  67 | train total 0.6665 acc 0.0000 flops 0.6415 p_super 0.000 || val p_super 0.034 acc 0.0003 corr 0.000
ep  68 | train total 0.6665 acc 0.0000 flops 0.6415 p_super 0.000 || val p_super 0.034 acc -0.0002 corr 0.000
ep  69 | train total 0.6665 acc -0.0000 flops 0.6415 p_super 0.000 || val p_super 0.033 acc -0.0001 corr 0.000
ep  70 | train total 0.6665 acc 0.0000 flops 0.6415 p_super 0.000 || val p_super 0.034 acc -0.0002 corr 0.000
ep  71 | train total 0.6665 acc -0.0000 flops 0.6415 p_super 0.000 || val p_super 0.034 acc 0.0000 corr 0.000
ep  72 | train total 0.6665 acc -0.0000 flops 0.6415 p_super 0.000 || val p_super 0.034 acc 0.0005 corr 0.000
ep  73 | train total 0.6665 acc 0.0000 flops 0.6415 p_super 0.000 || val p_super 0.033 acc -0.0004 corr 0.000
ep  74 | train total 0.6665 acc 0.0000 flops 0.6415 p_super 0.000 || val p_super 0.034 acc -0.0000 corr 0.000
ep  75 | train total 0.6665 acc 0.0000 flops 0.6415 p_super 0.000 || val p_super 0.034 acc 0.0001 corr 0.000
ep  76 | train total 0.6665 acc 0.0000 flops 0.6415 p_super 0.000 || val p_super 0.033 acc -0.0007 corr 0.000
ep  77 | train total 0.6665 acc -0.0000 flops 0.6415 p_super 0.000 || val p_super 0.034 acc -0.0001 corr 0.000
ep  78 | train total 0.6665 acc -0.0000 flops 0.6415 p_super 0.000 || val p_super 0.034 acc -0.0006 corr 0.000
ep  79 | train total 0.6665 acc 0.0000 flops 0.6415 p_super 0.000 || val p_super 0.034 acc -0.0001 corr 0.000
ep  80 | train total 0.6665 acc -0.0000 flops 0.6415 p_super 0.000 || val p_super 0.034 acc 0.0002 corr 0.000
ep  81 | train total 0.6665 acc 0.0000 flops 0.6415 p_super 0.000 || val p_super 0.034 acc 0.0004 corr 0.000
ep  82 | train total 0.6665 acc 0.0000 flops 0.6415 p_super 0.000 || val p_super 0.033 acc -0.0002 corr 0.000
ep  83 | train total 0.6665 acc -0.0000 flops 0.6415 p_super 0.000 || val p_super 0.033 acc -0.0001 corr 0.000
ep  84 | train total 0.6665 acc 0.0000 flops 0.6415 p_super 0.000 || val p_super 0.034 acc -0.0003 corr 0.000
ep  85 | train total 0.6665 acc -0.0000 flops 0.6415 p_super 0.000 || val p_super 0.034 acc 0.0003 corr 0.000
ep  86 | train total 0.6665 acc 0.0000 flops 0.6415 p_super 0.000 || val p_super 0.033 acc -0.0007 corr 0.000
ep  87 | train total 0.6665 acc -0.0000 flops 0.6415 p_super 0.000 || val p_super 0.033 acc 0.0005 corr 0.000
ep  88 | train total 0.6665 acc -0.0000 flops 0.6415 p_super 0.000 || val p_super 0.034 acc 0.0005 corr 0.000
ep  89 | train total 0.6665 acc 0.0000 flops 0.6415 p_super 0.000 || val p_super 0.033 acc 0.0001 corr 0.000
ep  90 | train total 0.6665 acc 0.0000 flops 0.6415 p_super 0.000 || val p_super 0.034 acc 0.0003 corr -0.000
ep  91 | train total 0.6665 acc 0.0000 flops 0.6415 p_super 0.000 || val p_super 0.033 acc 0.0001 corr 0.000
ep  92 | train total 0.6665 acc 0.0000 flops 0.6415 p_super 0.000 || val p_super 0.034 acc 0.0003 corr 0.000
ep  93 | train total 0.6665 acc 0.0000 flops 0.6415 p_super 0.000 || val p_super 0.034 acc -0.0000 corr -0.000
ep  94 | train total 0.6665 acc 0.0000 flops 0.6415 p_super 0.000 || val p_super 0.034 acc 0.0005 corr 0.000
ep  95 | train total 0.6665 acc -0.0000 flops 0.6415 p_super 0.000 || val p_super 0.033 acc 0.0005 corr 0.000
ep  96 | train total 0.6665 acc 0.0000 flops 0.6415 p_super 0.000 || val p_super 0.034 acc -0.0000 corr 0.000
ep  97 | train total 0.6665 acc -0.0000 flops 0.6415 p_super 0.000 || val p_super 0.034 acc -0.0003 corr 0.000
ep  98 | train total 0.6665 acc 0.0000 flops 0.6415 p_super 0.000 || val p_super 0.034 acc 0.0003 corr 0.000
ep  99 | train total 0.6665 acc -0.0000 flops 0.6415 p_super 0.000 || val p_super 0.034 acc -0.0002 corr 0.000
ep 100 | train total 0.6665 acc -0.0000 flops 0.6415 p_super 0.000 || val p_super 0.034 acc 0.0003 corr 0.000
ep 101 | train total 0.6665 acc -0.0000 flops 0.6415 p_super 0.000 || val p_super 0.034 acc -0.0004 corr 0.000
ep 102 | train total 0.6665 acc -0.0000 flops 0.6415 p_super 0.000 || val p_super 0.034 acc -0.0003 corr 0.000
ep 103 | train total 0.6665 acc -0.0000 flops 0.6415 p_super 0.000 || val p_super 0.034 acc -0.0002 corr 0.000
ep 104 | train total 0.6665 acc -0.0000 flops 0.6415 p_super 0.000 || val p_super 0.034 acc -0.0002 corr -0.000
ep 105 | train total 0.6665 acc -0.0000 flops 0.6415 p_super 0.000 || val p_super 0.034 acc -0.0008 corr 0.000
ep 106 | train total 0.6665 acc -0.0000 flops 0.6415 p_super 0.000 || val p_super 0.034 acc 0.0003 corr 0.000
ep 107 | train total 0.6665 acc -0.0000 flops 0.6415 p_super 0.000 || val p_super 0.034 acc 0.0001 corr 0.000
ep 108 | train total 0.6665 acc -0.0000 flops 0.6415 p_super 0.000 || val p_super 0.034 acc 0.0002 corr 0.000
ep 109 | train total 0.6665 acc -0.0000 flops 0.6415 p_super 0.000 || val p_super 0.034 acc -0.0006 corr 0.000
ep 110 | train total 0.6665 acc -0.0000 flops 0.6415 p_super 0.000 || val p_super 0.034 acc 0.0003 corr 0.000
ep 111 | train total 0.6665 acc 0.0000 flops 0.6415 p_super 0.000 || val p_super 0.034 acc 0.0002 corr 0.000
ep 112 | train total 0.6665 acc 0.0000 flops 0.6415 p_super 0.000 || val p_super 0.033 acc -0.0001 corr -0.000
ep 113 | train total 0.6665 acc -0.0000 flops 0.6415 p_super 0.000 || val p_super 0.034 acc 0.0001 corr 0.000
ep 114 | train total 0.6665 acc 0.0000 flops 0.6415 p_super 0.000 || val p_super 0.034 acc 0.0001 corr 0.000
ep 115 | train total 0.6665 acc -0.0000 flops 0.6415 p_super 0.000 || val p_super 0.034 acc -0.0003 corr 0.000
ep 116 | train total 0.6665 acc 0.0000 flops 0.6415 p_super 0.000 || val p_super 0.034 acc -0.0003 corr 0.000
ep 117 | train total 0.6665 acc 0.0000 flops 0.6415 p_super 0.000 || val p_super 0.034 acc -0.0007 corr 0.000
ep 118 | train total 0.6665 acc -0.0000 flops 0.6415 p_super 0.000 || val p_super 0.034 acc -0.0001 corr 0.000
ep 119 | train total 0.6665 acc 0.0000 flops 0.6415 p_super 0.000 || val p_super 0.034 acc 0.0006 corr 0.000
ep 120 | train total 0.6665 acc -0.0000 flops 0.6415 p_super 0.000 || val p_super 0.034 acc -0.0000 corr 0.000
ep 121 | train total 0.6665 acc 0.0000 flops 0.6415 p_super 0.000 || val p_super 0.034 acc -0.0002 corr 0.000
ep 122 | train total 0.6665 acc 0.0000 flops 0.6415 p_super 0.000 || val p_super 0.034 acc -0.0004 corr 0.000
ep 123 | train total 0.6665 acc 0.0000 flops 0.6415 p_super 0.000 || val p_super 0.034 acc -0.0001 corr 0.000
ep 124 | train total 0.6665 acc -0.0000 flops 0.6415 p_super 0.000 || val p_super 0.034 acc 0.0006 corr 0.000
ep 125 | train total 0.6665 acc 0.0000 flops 0.6415 p_super 0.000 || val p_super 0.034 acc -0.0001 corr 0.000
ep 126 | train total 0.6665 acc 0.0000 flops 0.6415 p_super 0.000 || val p_super 0.034 acc -0.0003 corr 0.000
ep 127 | train total 0.6665 acc -0.0000 flops 0.6415 p_super 0.000 || val p_super 0.033 acc -0.0001 corr 0.000
ep 128 | train total 0.6665 acc 0.0000 flops 0.6415 p_super 0.000 || val p_super 0.034 acc 0.0001 corr 0.000
ep 129 | train total 0.6665 acc -0.0000 flops 0.6415 p_super 0.000 || val p_super 0.034 acc 0.0006 corr -0.000
ep 130 | train total 0.6665 acc 0.0000 flops 0.6415 p_super 0.000 || val p_super 0.034 acc -0.0001 corr 0.000
ep 131 | train total 0.6665 acc -0.0000 flops 0.6415 p_super 0.000 || val p_super 0.034 acc 0.0001 corr 0.000
ep 132 | train total 0.6665 acc -0.0000 flops 0.6415 p_super 0.000 || val p_super 0.034 acc -0.0005 corr 0.000
ep 133 | train total 0.6665 acc -0.0000 flops 0.6415 p_super 0.000 || val p_super 0.034 acc 0.0000 corr 0.000
ep 134 | train total 0.6665 acc -0.0000 flops 0.6415 p_super 0.000 || val p_super 0.035 acc 0.0006 corr 0.000
ep 135 | train total 0.6665 acc 0.0000 flops 0.6415 p_super 0.000 || val p_super 0.034 acc -0.0007 corr 0.000
ep 136 | train total 0.6665 acc -0.0000 flops 0.6415 p_super 0.000 || val p_super 0.034 acc -0.0001 corr 0.000
ep 137 | train total 0.6665 acc -0.0000 flops 0.6415 p_super 0.000 || val p_super 0.034 acc -0.0002 corr -0.000
ep 138 | train total 0.6665 acc 0.0000 flops 0.6415 p_super 0.000 || val p_super 0.034 acc 0.0007 corr 0.000
ep 139 | train total 0.6665 acc -0.0000 flops 0.6415 p_super 0.000 || val p_super 0.034 acc 0.0002 corr 0.000
ep 140 | train total 0.6665 acc -0.0000 flops 0.6415 p_super 0.000 || val p_super 0.034 acc 0.0008 corr 0.000
ep 141 | train total 0.6665 acc -0.0000 flops 0.6415 p_super 0.000 || val p_super 0.034 acc 0.0003 corr 0.000
ep 142 | train total 0.6665 acc -0.0000 flops 0.6415 p_super 0.000 || val p_super 0.034 acc 0.0001 corr 0.000
ep 143 | train total 0.6665 acc -0.0000 flops 0.6415 p_super 0.000 || val p_super 0.034 acc 0.0007 corr 0.000
ep 144 | train total 0.6665 acc -0.0000 flops 0.6415 p_super 0.000 || val p_super 0.034 acc -0.0000 corr 0.000
ep 145 | train total 0.6665 acc 0.0000 flops 0.6415 p_super 0.000 || val p_super 0.034 acc -0.0003 corr 0.000
ep 146 | train total 0.6665 acc -0.0000 flops 0.6415 p_super 0.000 || val p_super 0.035 acc 0.0001 corr 0.000
ep 147 | train total 0.6665 acc 0.0000 flops 0.6415 p_super 0.000 || val p_super 0.034 acc 0.0002 corr 0.000
ep 148 | train total 0.6665 acc -0.0000 flops 0.6415 p_super 0.000 || val p_super 0.034 acc -0.0002 corr 0.000
ep 149 | train total 0.6665 acc 0.0000 flops 0.6415 p_super 0.000 || val p_super 0.034 acc 0.0002 corr 0.000
[*] best val_corr=0.04939 @ epoch 1 (of 150)
[*] saved policy (val-best) -> method02_advantage_regress_tinyConv/outputs/bdd100k/policy_both_prevpp10_s3.pt
  training prev_p=1.0 seed=4 -> method02_advantage_regress_tinyConv/outputs/bdd100k/policy_both_prevpp10_s4.pt
ep   0 | train total 0.6682 acc 0.0000 flops 0.6436 p_super 0.006 || val p_super 0.000 acc -0.0000 corr 0.074  *best*
ep   1 | train total 0.6665 acc -0.0000 flops 0.6415 p_super 0.000 || val p_super 0.001 acc -0.0000 corr 0.075  *best*
ep   2 | train total 0.6665 acc -0.0000 flops 0.6415 p_super 0.000 || val p_super 0.002 acc -0.0000 corr 0.078  *best*
ep   3 | train total 0.6665 acc -0.0000 flops 0.6415 p_super 0.000 || val p_super 0.001 acc -0.0005 corr 0.092  *best*
ep   4 | train total 0.6600 acc -0.0124 flops 0.6495 p_super 0.023 || val p_super 0.045 acc -0.0217 corr 0.075
ep   5 | train total 0.6525 acc -0.0237 flops 0.6548 p_super 0.037 || val p_super 0.070 acc -0.0281 corr 0.087
ep   6 | train total 0.6512 acc -0.0270 flops 0.6574 p_super 0.045 || val p_super 0.045 acc -0.0261 corr 0.098  *best*
ep   7 | train total 0.6493 acc -0.0302 flops 0.6592 p_super 0.049 || val p_super 0.052 acc -0.0262 corr 0.105  *best*
ep   8 | train total 0.6490 acc -0.0335 flops 0.6631 p_super 0.060 || val p_super 0.020 acc -0.0170 corr 0.123  *best*
ep   9 | train total 0.6478 acc -0.0324 flops 0.6600 p_super 0.052 || val p_super 0.076 acc -0.0332 corr 0.116
ep  10 | train total 0.6488 acc -0.0334 flops 0.6628 p_super 0.059 || val p_super 0.097 acc -0.0353 corr 0.122
ep  11 | train total 0.6466 acc -0.0365 flops 0.6639 p_super 0.063 || val p_super 0.060 acc -0.0311 corr 0.119
ep  12 | train total 0.6468 acc -0.0368 flops 0.6646 p_super 0.065 || val p_super 0.061 acc -0.0291 corr 0.121
ep  13 | train total 0.6454 acc -0.0367 flops 0.6626 p_super 0.059 || val p_super 0.058 acc -0.0302 corr 0.116
ep  14 | train total 0.6468 acc -0.0339 flops 0.6609 p_super 0.054 || val p_super 0.119 acc -0.0340 corr 0.119
ep  15 | train total 0.6459 acc -0.0376 flops 0.6645 p_super 0.064 || val p_super 0.067 acc -0.0300 corr 0.116
ep  16 | train total 0.6455 acc -0.0387 flops 0.6654 p_super 0.067 || val p_super 0.056 acc -0.0276 corr 0.126  *best*
ep  17 | train total 0.6456 acc -0.0375 flops 0.6640 p_super 0.063 || val p_super 0.116 acc -0.0344 corr 0.127  *best*
ep  18 | train total 0.6443 acc -0.0411 flops 0.6670 p_super 0.071 || val p_super 0.062 acc -0.0286 corr 0.125
ep  19 | train total 0.6444 acc -0.0400 flops 0.6656 p_super 0.067 || val p_super 0.076 acc -0.0341 corr 0.131  *best*
ep  20 | train total 0.6458 acc -0.0373 flops 0.6641 p_super 0.063 || val p_super 0.087 acc -0.0349 corr 0.134  *best*
ep  21 | train total 0.6452 acc -0.0389 flops 0.6652 p_super 0.066 || val p_super 0.068 acc -0.0338 corr 0.135  *best*
ep  22 | train total 0.6441 acc -0.0392 flops 0.6642 p_super 0.063 || val p_super 0.076 acc -0.0333 corr 0.131
ep  23 | train total 0.6450 acc -0.0390 flops 0.6651 p_super 0.066 || val p_super 0.054 acc -0.0302 corr 0.132
ep  24 | train total 0.6440 acc -0.0392 flops 0.6641 p_super 0.063 || val p_super 0.097 acc -0.0342 corr 0.125
ep  25 | train total 0.6432 acc -0.0423 flops 0.6671 p_super 0.071 || val p_super 0.094 acc -0.0359 corr 0.136  *best*
ep  26 | train total 0.6435 acc -0.0398 flops 0.6643 p_super 0.064 || val p_super 0.089 acc -0.0324 corr 0.129
ep  27 | train total 0.6432 acc -0.0396 flops 0.6635 p_super 0.062 || val p_super 0.083 acc -0.0351 corr 0.143  *best*
ep  28 | train total 0.6429 acc -0.0407 flops 0.6646 p_super 0.064 || val p_super 0.087 acc -0.0346 corr 0.137
ep  29 | train total 0.6426 acc -0.0412 flops 0.6649 p_super 0.065 || val p_super 0.066 acc -0.0312 corr 0.143
ep  30 | train total 0.6440 acc -0.0402 flops 0.6653 p_super 0.067 || val p_super 0.056 acc -0.0300 corr 0.142
ep  31 | train total 0.6426 acc -0.0414 flops 0.6652 p_super 0.066 || val p_super 0.095 acc -0.0361 corr 0.136
ep  32 | train total 0.6424 acc -0.0409 flops 0.6643 p_super 0.064 || val p_super 0.079 acc -0.0347 corr 0.141
ep  33 | train total 0.6438 acc -0.0406 flops 0.6656 p_super 0.067 || val p_super 0.071 acc -0.0313 corr 0.134
ep  34 | train total 0.6417 acc -0.0421 flops 0.6649 p_super 0.065 || val p_super 0.081 acc -0.0342 corr 0.133
ep  35 | train total 0.6419 acc -0.0420 flops 0.6650 p_super 0.066 || val p_super 0.057 acc -0.0283 corr 0.140
ep  36 | train total 0.6430 acc -0.0407 flops 0.6647 p_super 0.065 || val p_super 0.079 acc -0.0323 corr 0.139
ep  37 | train total 0.6433 acc -0.0398 flops 0.6639 p_super 0.063 || val p_super 0.104 acc -0.0340 corr 0.132
ep  38 | train total 0.6434 acc -0.0405 flops 0.6650 p_super 0.066 || val p_super 0.093 acc -0.0366 corr 0.144  *best*
ep  39 | train total 0.6431 acc -0.0408 flops 0.6650 p_super 0.066 || val p_super 0.064 acc -0.0332 corr 0.147  *best*
ep  40 | train total 0.6428 acc -0.0412 flops 0.6651 p_super 0.066 || val p_super 0.080 acc -0.0343 corr 0.143
ep  41 | train total 0.6430 acc -0.0409 flops 0.6651 p_super 0.066 || val p_super 0.075 acc -0.0351 corr 0.145
ep  42 | train total 0.6428 acc -0.0409 flops 0.6648 p_super 0.065 || val p_super 0.052 acc -0.0299 corr 0.147
ep  43 | train total 0.6430 acc -0.0392 flops 0.6627 p_super 0.059 || val p_super 0.056 acc -0.0305 corr 0.140
ep  44 | train total 0.6426 acc -0.0403 flops 0.6637 p_super 0.062 || val p_super 0.081 acc -0.0352 corr 0.142
ep  45 | train total 0.6432 acc -0.0403 flops 0.6645 p_super 0.064 || val p_super 0.072 acc -0.0330 corr 0.142
ep  46 | train total 0.6418 acc -0.0416 flops 0.6644 p_super 0.064 || val p_super 0.077 acc -0.0346 corr 0.145
ep  47 | train total 0.6419 acc -0.0425 flops 0.6657 p_super 0.068 || val p_super 0.079 acc -0.0337 corr 0.150  *best*
ep  48 | train total 0.6421 acc -0.0414 flops 0.6644 p_super 0.064 || val p_super 0.080 acc -0.0368 corr 0.147
ep  49 | train total 0.6425 acc -0.0413 flops 0.6648 p_super 0.065 || val p_super 0.074 acc -0.0326 corr 0.144
ep  50 | train total 0.6412 acc -0.0428 flops 0.6651 p_super 0.066 || val p_super 0.074 acc -0.0352 corr 0.147
ep  51 | train total 0.6408 acc -0.0432 flops 0.6651 p_super 0.066 || val p_super 0.091 acc -0.0347 corr 0.142
ep  52 | train total 0.6412 acc -0.0429 flops 0.6653 p_super 0.067 || val p_super 0.079 acc -0.0365 corr 0.144
ep  53 | train total 0.6417 acc -0.0420 flops 0.6648 p_super 0.065 || val p_super 0.092 acc -0.0370 corr 0.147
ep  54 | train total 0.6418 acc -0.0418 flops 0.6647 p_super 0.065 || val p_super 0.059 acc -0.0344 corr 0.155  *best*
ep  55 | train total 0.6419 acc -0.0426 flops 0.6658 p_super 0.068 || val p_super 0.085 acc -0.0380 corr 0.149
ep  56 | train total 0.6415 acc -0.0424 flops 0.6650 p_super 0.066 || val p_super 0.068 acc -0.0339 corr 0.150
ep  57 | train total 0.6422 acc -0.0409 flops 0.6639 p_super 0.063 || val p_super 0.074 acc -0.0359 corr 0.151
ep  58 | train total 0.6423 acc -0.0422 flops 0.6657 p_super 0.068 || val p_super 0.066 acc -0.0329 corr 0.149
ep  59 | train total 0.6409 acc -0.0428 flops 0.6648 p_super 0.065 || val p_super 0.087 acc -0.0358 corr 0.145
ep  60 | train total 0.6404 acc -0.0432 flops 0.6646 p_super 0.065 || val p_super 0.087 acc -0.0349 corr 0.149
ep  61 | train total 0.6407 acc -0.0428 flops 0.6644 p_super 0.064 || val p_super 0.073 acc -0.0326 corr 0.146
ep  62 | train total 0.6411 acc -0.0425 flops 0.6646 p_super 0.065 || val p_super 0.082 acc -0.0339 corr 0.147
ep  63 | train total 0.6410 acc -0.0421 flops 0.6641 p_super 0.063 || val p_super 0.080 acc -0.0358 corr 0.149
ep  64 | train total 0.6407 acc -0.0426 flops 0.6643 p_super 0.064 || val p_super 0.056 acc -0.0298 corr 0.151
ep  65 | train total 0.6408 acc -0.0431 flops 0.6649 p_super 0.065 || val p_super 0.062 acc -0.0327 corr 0.154
ep  66 | train total 0.6413 acc -0.0419 flops 0.6641 p_super 0.063 || val p_super 0.082 acc -0.0361 corr 0.151
ep  67 | train total 0.6404 acc -0.0444 flops 0.6662 p_super 0.069 || val p_super 0.106 acc -0.0364 corr 0.144
ep  68 | train total 0.6396 acc -0.0446 flops 0.6655 p_super 0.067 || val p_super 0.069 acc -0.0339 corr 0.147
ep  69 | train total 0.6400 acc -0.0436 flops 0.6647 p_super 0.065 || val p_super 0.075 acc -0.0346 corr 0.148
ep  70 | train total 0.6406 acc -0.0429 flops 0.6645 p_super 0.064 || val p_super 0.077 acc -0.0365 corr 0.151
ep  71 | train total 0.6402 acc -0.0436 flops 0.6648 p_super 0.065 || val p_super 0.094 acc -0.0355 corr 0.140
ep  72 | train total 0.6397 acc -0.0441 flops 0.6648 p_super 0.065 || val p_super 0.074 acc -0.0348 corr 0.151
ep  73 | train total 0.6403 acc -0.0435 flops 0.6649 p_super 0.065 || val p_super 0.080 acc -0.0346 corr 0.146
ep  74 | train total 0.6390 acc -0.0448 flops 0.6649 p_super 0.065 || val p_super 0.077 acc -0.0345 corr 0.144
ep  75 | train total 0.6401 acc -0.0442 flops 0.6654 p_super 0.067 || val p_super 0.073 acc -0.0323 corr 0.149
ep  76 | train total 0.6404 acc -0.0439 flops 0.6655 p_super 0.067 || val p_super 0.087 acc -0.0355 corr 0.143
ep  77 | train total 0.6406 acc -0.0440 flops 0.6661 p_super 0.069 || val p_super 0.102 acc -0.0393 corr 0.148
ep  78 | train total 0.6390 acc -0.0459 flops 0.6663 p_super 0.069 || val p_super 0.084 acc -0.0381 corr 0.152
ep  79 | train total 0.6396 acc -0.0444 flops 0.6651 p_super 0.066 || val p_super 0.080 acc -0.0331 corr 0.148
ep  80 | train total 0.6391 acc -0.0453 flops 0.6656 p_super 0.067 || val p_super 0.075 acc -0.0329 corr 0.146
ep  81 | train total 0.6398 acc -0.0442 flops 0.6652 p_super 0.066 || val p_super 0.074 acc -0.0351 corr 0.146
ep  82 | train total 0.6403 acc -0.0437 flops 0.6652 p_super 0.066 || val p_super 0.083 acc -0.0353 corr 0.151
ep  83 | train total 0.6393 acc -0.0448 flops 0.6653 p_super 0.067 || val p_super 0.089 acc -0.0379 corr 0.153
ep  84 | train total 0.6391 acc -0.0455 flops 0.6659 p_super 0.068 || val p_super 0.073 acc -0.0329 corr 0.152
ep  85 | train total 0.6397 acc -0.0442 flops 0.6650 p_super 0.066 || val p_super 0.083 acc -0.0387 corr 0.159  *best*
ep  86 | train total 0.6397 acc -0.0448 flops 0.6658 p_super 0.068 || val p_super 0.087 acc -0.0353 corr 0.151
ep  87 | train total 0.6392 acc -0.0449 flops 0.6653 p_super 0.067 || val p_super 0.089 acc -0.0366 corr 0.150
ep  88 | train total 0.6393 acc -0.0454 flops 0.6661 p_super 0.069 || val p_super 0.071 acc -0.0349 corr 0.155
ep  89 | train total 0.6396 acc -0.0448 flops 0.6656 p_super 0.067 || val p_super 0.084 acc -0.0359 corr 0.151
ep  90 | train total 0.6393 acc -0.0454 flops 0.6661 p_super 0.069 || val p_super 0.104 acc -0.0391 corr 0.151
ep  91 | train total 0.6392 acc -0.0452 flops 0.6656 p_super 0.067 || val p_super 0.083 acc -0.0362 corr 0.154
ep  92 | train total 0.6395 acc -0.0455 flops 0.6664 p_super 0.070 || val p_super 0.083 acc -0.0346 corr 0.154
ep  93 | train total 0.6389 acc -0.0456 flops 0.6658 p_super 0.068 || val p_super 0.086 acc -0.0372 corr 0.152
ep  94 | train total 0.6397 acc -0.0447 flops 0.6657 p_super 0.068 || val p_super 0.094 acc -0.0375 corr 0.154
ep  95 | train total 0.6402 acc -0.0434 flops 0.6646 p_super 0.065 || val p_super 0.064 acc -0.0333 corr 0.152
ep  96 | train total 0.6396 acc -0.0445 flops 0.6653 p_super 0.066 || val p_super 0.063 acc -0.0321 corr 0.154
ep  97 | train total 0.6385 acc -0.0463 flops 0.6662 p_super 0.069 || val p_super 0.082 acc -0.0333 corr 0.153
ep  98 | train total 0.6392 acc -0.0451 flops 0.6655 p_super 0.067 || val p_super 0.086 acc -0.0353 corr 0.154
ep  99 | train total 0.6389 acc -0.0461 flops 0.6665 p_super 0.070 || val p_super 0.071 acc -0.0302 corr 0.154
ep 100 | train total 0.6371 acc -0.0476 flops 0.6661 p_super 0.069 || val p_super 0.091 acc -0.0380 corr 0.153
ep 101 | train total 0.6384 acc -0.0464 flops 0.6662 p_super 0.069 || val p_super 0.089 acc -0.0355 corr 0.153
ep 102 | train total 0.6375 acc -0.0472 flops 0.6661 p_super 0.069 || val p_super 0.089 acc -0.0353 corr 0.155
ep 103 | train total 0.6384 acc -0.0468 flops 0.6667 p_super 0.070 || val p_super 0.078 acc -0.0360 corr 0.158
ep 104 | train total 0.6392 acc -0.0452 flops 0.6656 p_super 0.067 || val p_super 0.075 acc -0.0353 corr 0.155
ep 105 | train total 0.6377 acc -0.0471 flops 0.6661 p_super 0.069 || val p_super 0.096 acc -0.0368 corr 0.157
ep 106 | train total 0.6379 acc -0.0472 flops 0.6666 p_super 0.070 || val p_super 0.070 acc -0.0332 corr 0.154
ep 107 | train total 0.6401 acc -0.0425 flops 0.6633 p_super 0.061 || val p_super 0.078 acc -0.0352 corr 0.157
ep 108 | train total 0.6380 acc -0.0471 flops 0.6666 p_super 0.070 || val p_super 0.077 acc -0.0335 corr 0.153
ep 109 | train total 0.6381 acc -0.0461 flops 0.6655 p_super 0.067 || val p_super 0.074 acc -0.0336 corr 0.153
ep 110 | train total 0.6383 acc -0.0462 flops 0.6658 p_super 0.068 || val p_super 0.072 acc -0.0342 corr 0.156
ep 111 | train total 0.6377 acc -0.0469 flops 0.6660 p_super 0.068 || val p_super 0.078 acc -0.0338 corr 0.155
ep 112 | train total 0.6374 acc -0.0474 flops 0.6662 p_super 0.069 || val p_super 0.061 acc -0.0323 corr 0.156
ep 113 | train total 0.6390 acc -0.0457 flops 0.6660 p_super 0.069 || val p_super 0.096 acc -0.0374 corr 0.152
ep 114 | train total 0.6369 acc -0.0488 flops 0.6674 p_super 0.072 || val p_super 0.083 acc -0.0334 corr 0.154
ep 115 | train total 0.6390 acc -0.0456 flops 0.6660 p_super 0.068 || val p_super 0.069 acc -0.0333 corr 0.153
ep 116 | train total 0.6381 acc -0.0468 flops 0.6664 p_super 0.069 || val p_super 0.094 acc -0.0364 corr 0.152
ep 117 | train total 0.6377 acc -0.0466 flops 0.6657 p_super 0.067 || val p_super 0.072 acc -0.0355 corr 0.153
ep 118 | train total 0.6378 acc -0.0473 flops 0.6666 p_super 0.070 || val p_super 0.098 acc -0.0386 corr 0.155
ep 119 | train total 0.6387 acc -0.0458 flops 0.6658 p_super 0.068 || val p_super 0.089 acc -0.0361 corr 0.157
ep 120 | train total 0.6383 acc -0.0467 flops 0.6664 p_super 0.070 || val p_super 0.074 acc -0.0349 corr 0.156
ep 121 | train total 0.6377 acc -0.0470 flops 0.6662 p_super 0.069 || val p_super 0.093 acc -0.0379 corr 0.155
ep 122 | train total 0.6373 acc -0.0479 flops 0.6668 p_super 0.071 || val p_super 0.063 acc -0.0329 corr 0.156
ep 123 | train total 0.6370 acc -0.0480 flops 0.6665 p_super 0.070 || val p_super 0.069 acc -0.0337 corr 0.155
ep 124 | train total 0.6382 acc -0.0471 flops 0.6668 p_super 0.071 || val p_super 0.074 acc -0.0382 corr 0.162  *best*
ep 125 | train total 0.6385 acc -0.0467 flops 0.6667 p_super 0.071 || val p_super 0.080 acc -0.0329 corr 0.155
ep 126 | train total 0.6374 acc -0.0474 flops 0.6662 p_super 0.069 || val p_super 0.080 acc -0.0364 corr 0.159
ep 127 | train total 0.6369 acc -0.0483 flops 0.6668 p_super 0.071 || val p_super 0.089 acc -0.0345 corr 0.157
ep 128 | train total 0.6374 acc -0.0477 flops 0.6666 p_super 0.070 || val p_super 0.093 acc -0.0387 corr 0.157
ep 129 | train total 0.6379 acc -0.0469 flops 0.6663 p_super 0.069 || val p_super 0.103 acc -0.0401 corr 0.155
ep 130 | train total 0.6377 acc -0.0472 flops 0.6663 p_super 0.069 || val p_super 0.070 acc -0.0326 corr 0.160
ep 131 | train total 0.6378 acc -0.0470 flops 0.6663 p_super 0.069 || val p_super 0.066 acc -0.0333 corr 0.158
ep 132 | train total 0.6383 acc -0.0467 flops 0.6665 p_super 0.070 || val p_super 0.070 acc -0.0343 corr 0.158
ep 133 | train total 0.6373 acc -0.0475 flops 0.6662 p_super 0.069 || val p_super 0.094 acc -0.0385 corr 0.158
ep 134 | train total 0.6388 acc -0.0452 flops 0.6652 p_super 0.066 || val p_super 0.080 acc -0.0352 corr 0.156
ep 135 | train total 0.6370 acc -0.0481 flops 0.6667 p_super 0.070 || val p_super 0.075 acc -0.0356 corr 0.158
ep 136 | train total 0.6372 acc -0.0480 flops 0.6667 p_super 0.071 || val p_super 0.067 acc -0.0320 corr 0.158
ep 137 | train total 0.6376 acc -0.0471 flops 0.6661 p_super 0.069 || val p_super 0.085 acc -0.0384 corr 0.160
ep 138 | train total 0.6369 acc -0.0481 flops 0.6665 p_super 0.070 || val p_super 0.084 acc -0.0375 corr 0.160
ep 139 | train total 0.6375 acc -0.0471 flops 0.6660 p_super 0.068 || val p_super 0.081 acc -0.0357 corr 0.159
ep 140 | train total 0.6379 acc -0.0469 flops 0.6663 p_super 0.069 || val p_super 0.085 acc -0.0362 corr 0.158
ep 141 | train total 0.6369 acc -0.0479 flops 0.6662 p_super 0.069 || val p_super 0.083 acc -0.0345 corr 0.162  *best*
ep 142 | train total 0.6376 acc -0.0475 flops 0.6667 p_super 0.070 || val p_super 0.077 acc -0.0349 corr 0.158
ep 143 | train total 0.6373 acc -0.0478 flops 0.6666 p_super 0.070 || val p_super 0.077 acc -0.0339 corr 0.158
ep 144 | train total 0.6369 acc -0.0481 flops 0.6664 p_super 0.070 || val p_super 0.088 acc -0.0353 corr 0.159
ep 145 | train total 0.6372 acc -0.0481 flops 0.6668 p_super 0.071 || val p_super 0.090 acc -0.0373 corr 0.155
ep 146 | train total 0.6372 acc -0.0485 flops 0.6673 p_super 0.072 || val p_super 0.095 acc -0.0374 corr 0.158
ep 147 | train total 0.6376 acc -0.0478 flops 0.6670 p_super 0.071 || val p_super 0.088 acc -0.0383 corr 0.160
ep 148 | train total 0.6375 acc -0.0480 flops 0.6671 p_super 0.072 || val p_super 0.090 acc -0.0361 corr 0.155
ep 149 | train total 0.6368 acc -0.0486 flops 0.6671 p_super 0.072 || val p_super 0.078 acc -0.0348 corr 0.159
[*] best val_corr=0.16201 @ epoch 141 (of 150)
[*] saved policy (val-best) -> method02_advantage_regress_tinyConv/outputs/bdd100k/policy_both_prevpp10_s4.pt

=== [2/2] Video eval: all three p values ===
  out: method02_advantage_regress_tinyConv/outputs/bdd100k/eval/video_curve_prevp_both_bdd.json
FlashAttention is not available on this device. Using scaled_dot_product_attention instead.
Traceback (most recent call last):
  File "<frozen runpy>", line 198, in _run_module_as_main
  File "<frozen runpy>", line 88, in _run_code
  File "/home/hslee/Desktop/Embedded_AI/context-anydepth-det/anydepth-yolov12/method02_advantage_regress_tinyConv/eval_video_bdd.py", line 507, in <module>
    main()
  File "/home/hslee/Desktop/Embedded_AI/context-anydepth-det/anydepth-yolov12/method02_advantage_regress_tinyConv/eval_video_bdd.py", line 426, in main
    av[tag] = {"super": float(n.logit(xs_i, ps_i, one)),
                              ^^^^^^^^^^^^^^^^^^^^^^^^
  File "/home/hslee/Desktop/Embedded_AI/context-anydepth-det/anydepth-yolov12/method02_advantage_regress_tinyConv/policy_net.py", line 86, in logit
    parts.append(self.input_proj(_as_tensor(input_vec)))   # [B, d]
                 ^^^^^^^^^^^^^^^^^^^^^^^^^^^^^^^^^^^^^^
  File "/home/hslee/anaconda3/lib/python3.11/site-packages/torch/nn/modules/module.py", line 1775, in _wrapped_call_impl
    return self._call_impl(*args, **kwargs)
           ^^^^^^^^^^^^^^^^^^^^^^^^^^^^^^^^
  File "/home/hslee/anaconda3/lib/python3.11/site-packages/torch/nn/modules/module.py", line 1786, in _call_impl
    return forward_call(*args, **kwargs)
           ^^^^^^^^^^^^^^^^^^^^^^^^^^^^^
  File "/home/hslee/Desktop/Embedded_AI/context-anydepth-det/anydepth-yolov12/method02_advantage_regress_tinyConv/policy_net.py", line 57, in forward
    x = self.act(self.point(self.norm(x)))
                            ^^^^^^^^^^^^
  File "/home/hslee/anaconda3/lib/python3.11/site-packages/torch/nn/modules/module.py", line 1775, in _wrapped_call_impl
    return self._call_impl(*args, **kwargs)
           ^^^^^^^^^^^^^^^^^^^^^^^^^^^^^^^^
  File "/home/hslee/anaconda3/lib/python3.11/site-packages/torch/nn/modules/module.py", line 1786, in _call_impl
    return forward_call(*args, **kwargs)
           ^^^^^^^^^^^^^^^^^^^^^^^^^^^^^
  File "/home/hslee/anaconda3/lib/python3.11/site-packages/torch/nn/modules/batchnorm.py", line 193, in forward
    return F.batch_norm(
           ^^^^^^^^^^^^^
  File "/home/hslee/anaconda3/lib/python3.11/site-packages/torch/nn/functional.py", line 2813, in batch_norm
    return torch.batch_norm(
           ^^^^^^^^^^^^^^^^^
RuntimeError: running_mean should contain 1536 elements not 768
task: detect
Detected YOLOv12AnyDepth model from weights, switching to AnyDepth task_map
[*] GFLOPs super=190.84 base=136.45  EVAL_CLS=[0, 1, 2, 3, 4, 5, 6, 9]
[*] policies: ['both_p05_s0', 'both_p05_s1', 'both_p05_s2', 'both_p05_s3', 'both_p05_s4', 'both_p00_s0', 'both_p00_s1', 'both_p00_s2', 'both_p00_s3', 'both_p00_s4', 'both_p10_s0', 'both_p10_s1', 'both_p10_s2', 'both_p10_s3', 'both_p10_s4'] (need_pred=True)
[*] val thresholds (budgets=[10, 20, 30, 40, 50, 60, 70, 80, 90])
[*] shard 0/1: 200 of 200 videos, 137 strategies
