WARNING:__main__:
*****************************************
Setting OMP_NUM_THREADS environment variable for each process to be 1 in default, to avoid your system being overloaded, please further tune the variable for optimal performance in your application as needed. 
*****************************************
Loading YOLOv12 Any-Depth model from ultralytics/cfg/models/v12/yolo-ad-v12l.yaml
[*] Image size: 640
[*] Starting new training using weight: ./pretrained/yolo-ad-exp8_105_epoch539_0.539_0.520.pt
task: detect
Loading YOLOv12 Any-Depth model from ultralytics/cfg/models/v12/yolo-ad-v12l.yaml
Found YOLOv12 Any-Depth model scale: l
Found YOLOv12 Any-Depth model scale: l
Transferred 1943/1943 items from pretrained weights
Ultralytics 8.3.63 🚀 Python-3.11.13 torch-2.2.2+cu121 CUDA:0 (NVIDIA RTX 6000 Ada Generation, 48509MiB)
                                                       CUDA:1 (NVIDIA RTX 6000 Ada Generation, 48509MiB)
Overriding model.yaml nc=80 with nc=10
Transferred 1937/1943 items from pretrained weights
Not transferred items (6):
  - [Shape Mismatch] model.21.cv3.0.2.bias: model [10] != pretrained [80]
  - [Shape Mismatch] model.21.cv3.0.2.weight: model [10, 256, 1, 1] != pretrained [80, 256, 1, 1]
  - [Shape Mismatch] model.21.cv3.1.2.bias: model [10] != pretrained [80]
  - [Shape Mismatch] model.21.cv3.1.2.weight: model [10, 256, 1, 1] != pretrained [80, 256, 1, 1]
  - [Shape Mismatch] model.21.cv3.2.2.bias: model [10] != pretrained [80]
  - [Shape Mismatch] model.21.cv3.2.2.weight: model [10, 256, 1, 1] != pretrained [80, 256, 1, 1]
Freezing layer 'model.21.dfl.conv.weight'
[34m[1mAMP: [0mrunning Automatic Mixed Precision (AMP) checks...
task: None
[34m[1mAMP: [0mchecks passed ✅
[34m[1mtrain: [0mScanning /media/data/bdd100k_yolo/train/labels.cache... 70000 images, 0 backgrounds, 0 corrupt: 100%|██████████| 70000/70000 [00:00<?, ?it/s][34m[1mtrain: [0mScanning /media/data/bdd100k_yolo/train/labels.cache... 70000 images, 0 backgrounds, 0 corrupt: 100%|██████████| 70000/70000 [00:00<?, ?it/s]
[34m[1mtrain: [0mWARNING ⚠️ /media/data/bdd100k_yolo/train/images/75055858-7d04a650.jpg: 1 duplicate labels removed
/home/hslee/anaconda3/envs/yolov12/lib/python3.11/site-packages/albumentations/__init__.py:28: UserWarning: A new version of Albumentations is available: '2.0.8' (you have '2.0.4'). Upgrade using: pip install -U albumentations. To disable automatic update checks, set the environment variable NO_ALBUMENTATIONS_UPDATE to 1.
  check_for_updates()
[34m[1malbumentations: [0mBlur(p=0.01, blur_limit=(3, 7)), MedianBlur(p=0.01, blur_limit=(3, 7)), ToGray(p=0.01, num_output_channels=3, method='weighted_average'), CLAHE(p=0.01, clip_limit=(1.0, 4.0), tile_grid_size=(8, 8))
WARNING ⚠️ 'rect=True' is incompatible with DataLoader shuffle, setting shuffle=False
[34m[1mval: [0mScanning /media/data/bdd100k_yolo/val/labels.cache... 10000 images, 0 backgrounds, 0 corrupt: 100%|██████████| 10000/10000 [00:00<?, ?it/s][34m[1mval: [0mScanning /media/data/bdd100k_yolo/val/labels.cache... 10000 images, 0 backgrounds, 0 corrupt: 100%|██████████| 10000/10000 [00:00<?, ?it/s]
/home/hslee/anaconda3/envs/yolov12/lib/python3.11/site-packages/albumentations/__init__.py:28: UserWarning: A new version of Albumentations is available: '2.0.8' (you have '2.0.4'). Upgrade using: pip install -U albumentations. To disable automatic update checks, set the environment variable NO_ALBUMENTATIONS_UPDATE to 1.
  check_for_updates()
Plotting labels to runs/bdd100k/detect/anydepth-yolov12l/train/labels.jpg... 
[34m[1moptimizer:[0m SGD(lr=0.001, momentum=0.937) with parameter groups 341 weight(decay=0.0), 232 weight(decay=0.0005), 347 bias(decay=0.0)
DistributedDataParallel(
  (module): DetectionModelAnyDepth(
    (model): Sequential(
      (0): Conv(
        (conv): Conv2d(3, 64, kernel_size=(3, 3), stride=(2, 2), padding=(1, 1), bias=False)
        (bn): BatchNorm2d(64, eps=0.001, momentum=0.03, affine=True, track_running_stats=True)
        (act): SiLU(inplace=True)
      )
      (1): Conv(
        (conv): Conv2d(64, 128, kernel_size=(3, 3), stride=(2, 2), padding=(1, 1), groups=2, bias=False)
        (bn): BatchNorm2d(128, eps=0.001, momentum=0.03, affine=True, track_running_stats=True)
        (act): SiLU(inplace=True)
      )
      (2): SwitchableC3k2(
        (cv1): SwitchableConv(
          (conv): Conv2d(128, 128, kernel_size=(1, 1), stride=(1, 1), bias=False)
          (bn): BatchNorm2d(128, eps=0.001, momentum=0.03, affine=True, track_running_stats=True)
          (bn_skip): BatchNorm2d(128, eps=0.001, momentum=0.03, affine=True, track_running_stats=True)
          (act): SiLU(inplace=True)
        )
        (cv2): SwitchableConv(
          (conv): Conv2d(256, 256, kernel_size=(1, 1), stride=(1, 1), bias=False)
          (bn): BatchNorm2d(256, eps=0.001, momentum=0.03, affine=True, track_running_stats=True)
          (bn_skip): BatchNorm2d(256, eps=0.001, momentum=0.03, affine=True, track_running_stats=True)
          (act): SiLU(inplace=True)
        )
        (m): ModuleList(
          (0-1): 2 x SkippableC3k(
            (cv1): SwitchableConv(
              (conv): Conv2d(64, 32, kernel_size=(1, 1), stride=(1, 1), bias=False)
              (bn): BatchNorm2d(32, eps=0.001, momentum=0.03, affine=True, track_running_stats=True)
              (bn_skip): BatchNorm2d(32, eps=0.001, momentum=0.03, affine=True, track_running_stats=True)
              (act): SiLU(inplace=True)
            )
            (cv2): SwitchableConv(
              (conv): Conv2d(64, 32, kernel_size=(1, 1), stride=(1, 1), bias=False)
              (bn): BatchNorm2d(32, eps=0.001, momentum=0.03, affine=True, track_running_stats=True)
              (bn_skip): BatchNorm2d(32, eps=0.001, momentum=0.03, affine=True, track_running_stats=True)
              (act): SiLU(inplace=True)
            )
            (cv3): SwitchableConv(
              (conv): Conv2d(64, 64, kernel_size=(1, 1), stride=(1, 1), bias=False)
              (bn): BatchNorm2d(64, eps=0.001, momentum=0.03, affine=True, track_running_stats=True)
              (bn_skip): BatchNorm2d(64, eps=0.001, momentum=0.03, affine=True, track_running_stats=True)
              (act): SiLU(inplace=True)
            )
            (m): SkippableSequential(
              (0): Bottleneck(
                (cv1): SwitchableConv(
                  (conv): Conv2d(32, 32, kernel_size=(3, 3), stride=(1, 1), padding=(1, 1), bias=False)
                  (bn): BatchNorm2d(32, eps=0.001, momentum=0.03, affine=True, track_running_stats=True)
                  (bn_skip): BatchNorm2d(32, eps=0.001, momentum=0.03, affine=True, track_running_stats=True)
                  (act): SiLU(inplace=True)
                )
                (cv2): SwitchableConv(
                  (conv): Conv2d(32, 32, kernel_size=(3, 3), stride=(1, 1), padding=(1, 1), bias=False)
                  (bn): BatchNorm2d(32, eps=0.001, momentum=0.03, affine=True, track_running_stats=True)
                  (bn_skip): BatchNorm2d(32, eps=0.001, momentum=0.03, affine=True, track_running_stats=True)
                  (act): SiLU(inplace=True)
                )
              )
              (1): Bottleneck(
                (cv1): Conv(
                  (conv): Conv2d(32, 32, kernel_size=(3, 3), stride=(1, 1), padding=(1, 1), bias=False)
                  (bn): BatchNorm2d(32, eps=0.001, momentum=0.03, affine=True, track_running_stats=True)
                  (act): SiLU(inplace=True)
                )
                (cv2): Conv(
                  (conv): Conv2d(32, 32, kernel_size=(3, 3), stride=(1, 1), padding=(1, 1), bias=False)
                  (bn): BatchNorm2d(32, eps=0.001, momentum=0.03, affine=True, track_running_stats=True)
                  (act): SiLU(inplace=True)
                )
              )
            )
          )
        )
      )
      (3): SwitchableConv(
        (conv): Conv2d(256, 256, kernel_size=(3, 3), stride=(2, 2), padding=(1, 1), groups=4, bias=False)
        (bn): BatchNorm2d(256, eps=0.001, momentum=0.03, affine=True, track_running_stats=True)
        (bn_skip): BatchNorm2d(256, eps=0.001, momentum=0.03, affine=True, track_running_stats=True)
        (act): SiLU(inplace=True)
      )
      (4): SwitchableC3k2(
        (cv1): SwitchableConv(
          (conv): Conv2d(256, 256, kernel_size=(1, 1), stride=(1, 1), bias=False)
          (bn): BatchNorm2d(256, eps=0.001, momentum=0.03, affine=True, track_running_stats=True)
          (bn_skip): BatchNorm2d(256, eps=0.001, momentum=0.03, affine=True, track_running_stats=True)
          (act): SiLU(inplace=True)
        )
        (cv2): SwitchableConv(
          (conv): Conv2d(512, 512, kernel_size=(1, 1), stride=(1, 1), bias=False)
          (bn): BatchNorm2d(512, eps=0.001, momentum=0.03, affine=True, track_running_stats=True)
          (bn_skip): BatchNorm2d(512, eps=0.001, momentum=0.03, affine=True, track_running_stats=True)
          (act): SiLU(inplace=True)
        )
        (m): ModuleList(
          (0-1): 2 x SkippableC3k(
            (cv1): SwitchableConv(
              (conv): Conv2d(128, 64, kernel_size=(1, 1), stride=(1, 1), bias=False)
              (bn): BatchNorm2d(64, eps=0.001, momentum=0.03, affine=True, track_running_stats=True)
              (bn_skip): BatchNorm2d(64, eps=0.001, momentum=0.03, affine=True, track_running_stats=True)
              (act): SiLU(inplace=True)
            )
            (cv2): SwitchableConv(
              (conv): Conv2d(128, 64, kernel_size=(1, 1), stride=(1, 1), bias=False)
              (bn): BatchNorm2d(64, eps=0.001, momentum=0.03, affine=True, track_running_stats=True)
              (bn_skip): BatchNorm2d(64, eps=0.001, momentum=0.03, affine=True, track_running_stats=True)
              (act): SiLU(inplace=True)
            )
            (cv3): SwitchableConv(
              (conv): Conv2d(128, 128, kernel_size=(1, 1), stride=(1, 1), bias=False)
              (bn): BatchNorm2d(128, eps=0.001, momentum=0.03, affine=True, track_running_stats=True)
              (bn_skip): BatchNorm2d(128, eps=0.001, momentum=0.03, affine=True, track_running_stats=True)
              (act): SiLU(inplace=True)
            )
            (m): SkippableSequential(
              (0): Bottleneck(
                (cv1): SwitchableConv(
                  (conv): Conv2d(64, 64, kernel_size=(3, 3), stride=(1, 1), padding=(1, 1), bias=False)
                  (bn): BatchNorm2d(64, eps=0.001, momentum=0.03, affine=True, track_running_stats=True)
                  (bn_skip): BatchNorm2d(64, eps=0.001, momentum=0.03, affine=True, track_running_stats=True)
                  (act): SiLU(inplace=True)
                )
                (cv2): SwitchableConv(
                  (conv): Conv2d(64, 64, kernel_size=(3, 3), stride=(1, 1), padding=(1, 1), bias=False)
                  (bn): BatchNorm2d(64, eps=0.001, momentum=0.03, affine=True, track_running_stats=True)
                  (bn_skip): BatchNorm2d(64, eps=0.001, momentum=0.03, affine=True, track_running_stats=True)
                  (act): SiLU(inplace=True)
                )
              )
              (1): Bottleneck(
                (cv1): Conv(
                  (conv): Conv2d(64, 64, kernel_size=(3, 3), stride=(1, 1), padding=(1, 1), bias=False)
                  (bn): BatchNorm2d(64, eps=0.001, momentum=0.03, affine=True, track_running_stats=True)
                  (act): SiLU(inplace=True)
                )
                (cv2): Conv(
                  (conv): Conv2d(64, 64, kernel_size=(3, 3), stride=(1, 1), padding=(1, 1), bias=False)
                  (bn): BatchNorm2d(64, eps=0.001, momentum=0.03, affine=True, track_running_stats=True)
                  (act): SiLU(inplace=True)
                )
              )
            )
          )
        )
      )
      (5): SwitchableConv(
        (conv): Conv2d(512, 512, kernel_size=(3, 3), stride=(2, 2), padding=(1, 1), bias=False)
        (bn): BatchNorm2d(512, eps=0.001, momentum=0.03, affine=True, track_running_stats=True)
        (bn_skip): BatchNorm2d(512, eps=0.001, momentum=0.03, affine=True, track_running_stats=True)
        (act): SiLU(inplace=True)
      )
      (6): SkippableA2C2f(
        (cv1): SwitchableConv(
          (conv): Conv2d(512, 256, kernel_size=(1, 1), stride=(1, 1), bias=False)
          (bn): BatchNorm2d(256, eps=0.001, momentum=0.03, affine=True, track_running_stats=True)
          (bn_skip): BatchNorm2d(256, eps=0.001, momentum=0.03, affine=True, track_running_stats=True)
          (act): SiLU(inplace=True)
        )
        (cv2): SwitchableConv(
          (conv): Conv2d(1280, 512, kernel_size=(1, 1), stride=(1, 1), bias=False)
          (bn): BatchNorm2d(512, eps=0.001, momentum=0.03, affine=True, track_running_stats=True)
          (bn_skip): BatchNorm2d(512, eps=0.001, momentum=0.03, affine=True, track_running_stats=True)
          (conv_skip): Conv2d(768, 512, kernel_size=(1, 1), stride=(1, 1), bias=False)
          (act): SiLU(inplace=True)
        )
        (m): ModuleList(
          (0-1): 2 x SwitchableSequential(
            (0): ABlock(
              (attn): SwitchableAAttn(
                (qk): SwitchableConv(
                  (conv): Conv2d(256, 512, kernel_size=(1, 1), stride=(1, 1), bias=False)
                  (bn): BatchNorm2d(512, eps=0.001, momentum=0.03, affine=True, track_running_stats=True)
                  (bn_skip): BatchNorm2d(512, eps=0.001, momentum=0.03, affine=True, track_running_stats=True)
                  (act): Identity()
                )
                (v): SwitchableConv(
                  (conv): Conv2d(256, 256, kernel_size=(1, 1), stride=(1, 1), bias=False)
                  (bn): BatchNorm2d(256, eps=0.001, momentum=0.03, affine=True, track_running_stats=True)
                  (bn_skip): BatchNorm2d(256, eps=0.001, momentum=0.03, affine=True, track_running_stats=True)
                  (act): Identity()
                )
                (proj): SwitchableConv(
                  (conv): Conv2d(256, 256, kernel_size=(1, 1), stride=(1, 1), bias=False)
                  (bn): BatchNorm2d(256, eps=0.001, momentum=0.03, affine=True, track_running_stats=True)
                  (bn_skip): BatchNorm2d(256, eps=0.001, momentum=0.03, affine=True, track_running_stats=True)
                  (act): Identity()
                )
                (pe): SwitchableConv(
                  (conv): Conv2d(256, 256, kernel_size=(5, 5), stride=(1, 1), padding=(2, 2), groups=256, bias=False)
                  (bn): BatchNorm2d(256, eps=0.001, momentum=0.03, affine=True, track_running_stats=True)
                  (bn_skip): BatchNorm2d(256, eps=0.001, momentum=0.03, affine=True, track_running_stats=True)
                  (act): Identity()
                )
              )
              (mlp): SwitchableSequential(
                (0): SwitchableConv(
                  (conv): Conv2d(256, 384, kernel_size=(1, 1), stride=(1, 1), bias=False)
                  (bn): BatchNorm2d(384, eps=0.001, momentum=0.03, affine=True, track_running_stats=True)
                  (bn_skip): BatchNorm2d(384, eps=0.001, momentum=0.03, affine=True, track_running_stats=True)
                  (act): SiLU(inplace=True)
                )
                (1): SwitchableConv(
                  (conv): Conv2d(384, 256, kernel_size=(1, 1), stride=(1, 1), bias=False)
                  (bn): BatchNorm2d(256, eps=0.001, momentum=0.03, affine=True, track_running_stats=True)
                  (bn_skip): BatchNorm2d(256, eps=0.001, momentum=0.03, affine=True, track_running_stats=True)
                  (act): Identity()
                )
              )
            )
            (1): ABlock(
              (attn): SwitchableAAttn(
                (qk): SwitchableConv(
                  (conv): Conv2d(256, 512, kernel_size=(1, 1), stride=(1, 1), bias=False)
                  (bn): BatchNorm2d(512, eps=0.001, momentum=0.03, affine=True, track_running_stats=True)
                  (bn_skip): BatchNorm2d(512, eps=0.001, momentum=0.03, affine=True, track_running_stats=True)
                  (act): Identity()
                )
                (v): SwitchableConv(
                  (conv): Conv2d(256, 256, kernel_size=(1, 1), stride=(1, 1), bias=False)
                  (bn): BatchNorm2d(256, eps=0.001, momentum=0.03, affine=True, track_running_stats=True)
                  (bn_skip): BatchNorm2d(256, eps=0.001, momentum=0.03, affine=True, track_running_stats=True)
                  (act): Identity()
                )
                (proj): SwitchableConv(
                  (conv): Conv2d(256, 256, kernel_size=(1, 1), stride=(1, 1), bias=False)
                  (bn): BatchNorm2d(256, eps=0.001, momentum=0.03, affine=True, track_running_stats=True)
                  (bn_skip): BatchNorm2d(256, eps=0.001, momentum=0.03, affine=True, track_running_stats=True)
                  (act): Identity()
                )
                (pe): SwitchableConv(
                  (conv): Conv2d(256, 256, kernel_size=(5, 5), stride=(1, 1), padding=(2, 2), groups=256, bias=False)
                  (bn): BatchNorm2d(256, eps=0.001, momentum=0.03, affine=True, track_running_stats=True)
                  (bn_skip): BatchNorm2d(256, eps=0.001, momentum=0.03, affine=True, track_running_stats=True)
                  (act): Identity()
                )
              )
              (mlp): SwitchableSequential(
                (0): SwitchableConv(
                  (conv): Conv2d(256, 384, kernel_size=(1, 1), stride=(1, 1), bias=False)
                  (bn): BatchNorm2d(384, eps=0.001, momentum=0.03, affine=True, track_running_stats=True)
                  (bn_skip): BatchNorm2d(384, eps=0.001, momentum=0.03, affine=True, track_running_stats=True)
                  (act): SiLU(inplace=True)
                )
                (1): SwitchableConv(
                  (conv): Conv2d(384, 256, kernel_size=(1, 1), stride=(1, 1), bias=False)
                  (bn): BatchNorm2d(256, eps=0.001, momentum=0.03, affine=True, track_running_stats=True)
                  (bn_skip): BatchNorm2d(256, eps=0.001, momentum=0.03, affine=True, track_running_stats=True)
                  (act): Identity()
                )
              )
            )
          )
          (2-3): 2 x Sequential(
            (0): ABlock(
              (attn): AAttn(
                (qk): Conv(
                  (conv): Conv2d(256, 512, kernel_size=(1, 1), stride=(1, 1), bias=False)
                  (bn): BatchNorm2d(512, eps=0.001, momentum=0.03, affine=True, track_running_stats=True)
                  (act): Identity()
                )
                (v): Conv(
                  (conv): Conv2d(256, 256, kernel_size=(1, 1), stride=(1, 1), bias=False)
                  (bn): BatchNorm2d(256, eps=0.001, momentum=0.03, affine=True, track_running_stats=True)
                  (act): Identity()
                )
                (proj): Conv(
                  (conv): Conv2d(256, 256, kernel_size=(1, 1), stride=(1, 1), bias=False)
                  (bn): BatchNorm2d(256, eps=0.001, momentum=0.03, affine=True, track_running_stats=True)
                  (act): Identity()
                )
                (pe): Conv(
                  (conv): Conv2d(256, 256, kernel_size=(5, 5), stride=(1, 1), padding=(2, 2), groups=256, bias=False)
                  (bn): BatchNorm2d(256, eps=0.001, momentum=0.03, affine=True, track_running_stats=True)
                  (act): Identity()
                )
              )
              (mlp): Sequential(
                (0): Conv(
                  (conv): Conv2d(256, 384, kernel_size=(1, 1), stride=(1, 1), bias=False)
                  (bn): BatchNorm2d(384, eps=0.001, momentum=0.03, affine=True, track_running_stats=True)
                  (act): SiLU(inplace=True)
                )
                (1): Conv(
                  (conv): Conv2d(384, 256, kernel_size=(1, 1), stride=(1, 1), bias=False)
                  (bn): BatchNorm2d(256, eps=0.001, momentum=0.03, affine=True, track_running_stats=True)
                  (act): Identity()
                )
              )
            )
            (1): ABlock(
              (attn): AAttn(
                (qk): Conv(
                  (conv): Conv2d(256, 512, kernel_size=(1, 1), stride=(1, 1), bias=False)
                  (bn): BatchNorm2d(512, eps=0.001, momentum=0.03, affine=True, track_running_stats=True)
                  (act): Identity()
                )
                (v): Conv(
                  (conv): Conv2d(256, 256, kernel_size=(1, 1), stride=(1, 1), bias=False)
                  (bn): BatchNorm2d(256, eps=0.001, momentum=0.03, affine=True, track_running_stats=True)
                  (act): Identity()
                )
                (proj): Conv(
                  (conv): Conv2d(256, 256, kernel_size=(1, 1), stride=(1, 1), bias=False)
                  (bn): BatchNorm2d(256, eps=0.001, momentum=0.03, affine=True, track_running_stats=True)
                  (act): Identity()
                )
                (pe): Conv(
                  (conv): Conv2d(256, 256, kernel_size=(5, 5), stride=(1, 1), padding=(2, 2), groups=256, bias=False)
                  (bn): BatchNorm2d(256, eps=0.001, momentum=0.03, affine=True, track_running_stats=True)
                  (act): Identity()
                )
              )
              (mlp): Sequential(
                (0): Conv(
                  (conv): Conv2d(256, 384, kernel_size=(1, 1), stride=(1, 1), bias=False)
                  (bn): BatchNorm2d(384, eps=0.001, momentum=0.03, affine=True, track_running_stats=True)
                  (act): SiLU(inplace=True)
                )
                (1): Conv(
                  (conv): Conv2d(384, 256, kernel_size=(1, 1), stride=(1, 1), bias=False)
                  (bn): BatchNorm2d(256, eps=0.001, momentum=0.03, affine=True, track_running_stats=True)
                  (act): Identity()
                )
              )
            )
          )
        )
      )
      (7): SwitchableConv(
        (conv): Conv2d(512, 512, kernel_size=(3, 3), stride=(2, 2), padding=(1, 1), bias=False)
        (bn): BatchNorm2d(512, eps=0.001, momentum=0.03, affine=True, track_running_stats=True)
        (bn_skip): BatchNorm2d(512, eps=0.001, momentum=0.03, affine=True, track_running_stats=True)
        (act): SiLU(inplace=True)
      )
      (8): SkippableA2C2f(
        (cv1): SwitchableConv(
          (conv): Conv2d(512, 256, kernel_size=(1, 1), stride=(1, 1), bias=False)
          (bn): BatchNorm2d(256, eps=0.001, momentum=0.03, affine=True, track_running_stats=True)
          (bn_skip): BatchNorm2d(256, eps=0.001, momentum=0.03, affine=True, track_running_stats=True)
          (act): SiLU(inplace=True)
        )
        (cv2): SwitchableConv(
          (conv): Conv2d(1280, 512, kernel_size=(1, 1), stride=(1, 1), bias=False)
          (bn): BatchNorm2d(512, eps=0.001, momentum=0.03, affine=True, track_running_stats=True)
          (bn_skip): BatchNorm2d(512, eps=0.001, momentum=0.03, affine=True, track_running_stats=True)
          (conv_skip): Conv2d(768, 512, kernel_size=(1, 1), stride=(1, 1), bias=False)
          (act): SiLU(inplace=True)
        )
        (m): ModuleList(
          (0-1): 2 x SwitchableSequential(
            (0): ABlock(
              (attn): SwitchableAAttn(
                (qk): SwitchableConv(
                  (conv): Conv2d(256, 512, kernel_size=(1, 1), stride=(1, 1), bias=False)
                  (bn): BatchNorm2d(512, eps=0.001, momentum=0.03, affine=True, track_running_stats=True)
                  (bn_skip): BatchNorm2d(512, eps=0.001, momentum=0.03, affine=True, track_running_stats=True)
                  (act): Identity()
                )
                (v): SwitchableConv(
                  (conv): Conv2d(256, 256, kernel_size=(1, 1), stride=(1, 1), bias=False)
                  (bn): BatchNorm2d(256, eps=0.001, momentum=0.03, affine=True, track_running_stats=True)
                  (bn_skip): BatchNorm2d(256, eps=0.001, momentum=0.03, affine=True, track_running_stats=True)
                  (act): Identity()
                )
                (proj): SwitchableConv(
                  (conv): Conv2d(256, 256, kernel_size=(1, 1), stride=(1, 1), bias=False)
                  (bn): BatchNorm2d(256, eps=0.001, momentum=0.03, affine=True, track_running_stats=True)
                  (bn_skip): BatchNorm2d(256, eps=0.001, momentum=0.03, affine=True, track_running_stats=True)
                  (act): Identity()
                )
                (pe): SwitchableConv(
                  (conv): Conv2d(256, 256, kernel_size=(5, 5), stride=(1, 1), padding=(2, 2), groups=256, bias=False)
                  (bn): BatchNorm2d(256, eps=0.001, momentum=0.03, affine=True, track_running_stats=True)
                  (bn_skip): BatchNorm2d(256, eps=0.001, momentum=0.03, affine=True, track_running_stats=True)
                  (act): Identity()
                )
              )
              (mlp): SwitchableSequential(
                (0): SwitchableConv(
                  (conv): Conv2d(256, 384, kernel_size=(1, 1), stride=(1, 1), bias=False)
                  (bn): BatchNorm2d(384, eps=0.001, momentum=0.03, affine=True, track_running_stats=True)
                  (bn_skip): BatchNorm2d(384, eps=0.001, momentum=0.03, affine=True, track_running_stats=True)
                  (act): SiLU(inplace=True)
                )
                (1): SwitchableConv(
                  (conv): Conv2d(384, 256, kernel_size=(1, 1), stride=(1, 1), bias=False)
                  (bn): BatchNorm2d(256, eps=0.001, momentum=0.03, affine=True, track_running_stats=True)
                  (bn_skip): BatchNorm2d(256, eps=0.001, momentum=0.03, affine=True, track_running_stats=True)
                  (act): Identity()
                )
              )
            )
            (1): ABlock(
              (attn): SwitchableAAttn(
                (qk): SwitchableConv(
                  (conv): Conv2d(256, 512, kernel_size=(1, 1), stride=(1, 1), bias=False)
                  (bn): BatchNorm2d(512, eps=0.001, momentum=0.03, affine=True, track_running_stats=True)
                  (bn_skip): BatchNorm2d(512, eps=0.001, momentum=0.03, affine=True, track_running_stats=True)
                  (act): Identity()
                )
                (v): SwitchableConv(
                  (conv): Conv2d(256, 256, kernel_size=(1, 1), stride=(1, 1), bias=False)
                  (bn): BatchNorm2d(256, eps=0.001, momentum=0.03, affine=True, track_running_stats=True)
                  (bn_skip): BatchNorm2d(256, eps=0.001, momentum=0.03, affine=True, track_running_stats=True)
                  (act): Identity()
                )
                (proj): SwitchableConv(
                  (conv): Conv2d(256, 256, kernel_size=(1, 1), stride=(1, 1), bias=False)
                  (bn): BatchNorm2d(256, eps=0.001, momentum=0.03, affine=True, track_running_stats=True)
                  (bn_skip): BatchNorm2d(256, eps=0.001, momentum=0.03, affine=True, track_running_stats=True)
                  (act): Identity()
                )
                (pe): SwitchableConv(
                  (conv): Conv2d(256, 256, kernel_size=(5, 5), stride=(1, 1), padding=(2, 2), groups=256, bias=False)
                  (bn): BatchNorm2d(256, eps=0.001, momentum=0.03, affine=True, track_running_stats=True)
                  (bn_skip): BatchNorm2d(256, eps=0.001, momentum=0.03, affine=True, track_running_stats=True)
                  (act): Identity()
                )
              )
              (mlp): SwitchableSequential(
                (0): SwitchableConv(
                  (conv): Conv2d(256, 384, kernel_size=(1, 1), stride=(1, 1), bias=False)
                  (bn): BatchNorm2d(384, eps=0.001, momentum=0.03, affine=True, track_running_stats=True)
                  (bn_skip): BatchNorm2d(384, eps=0.001, momentum=0.03, affine=True, track_running_stats=True)
                  (act): SiLU(inplace=True)
                )
                (1): SwitchableConv(
                  (conv): Conv2d(384, 256, kernel_size=(1, 1), stride=(1, 1), bias=False)
                  (bn): BatchNorm2d(256, eps=0.001, momentum=0.03, affine=True, track_running_stats=True)
                  (bn_skip): BatchNorm2d(256, eps=0.001, momentum=0.03, affine=True, track_running_stats=True)
                  (act): Identity()
                )
              )
            )
          )
          (2-3): 2 x Sequential(
            (0): ABlock(
              (attn): AAttn(
                (qk): Conv(
                  (conv): Conv2d(256, 512, kernel_size=(1, 1), stride=(1, 1), bias=False)
                  (bn): BatchNorm2d(512, eps=0.001, momentum=0.03, affine=True, track_running_stats=True)
                  (act): Identity()
                )
                (v): Conv(
                  (conv): Conv2d(256, 256, kernel_size=(1, 1), stride=(1, 1), bias=False)
                  (bn): BatchNorm2d(256, eps=0.001, momentum=0.03, affine=True, track_running_stats=True)
                  (act): Identity()
                )
                (proj): Conv(
                  (conv): Conv2d(256, 256, kernel_size=(1, 1), stride=(1, 1), bias=False)
                  (bn): BatchNorm2d(256, eps=0.001, momentum=0.03, affine=True, track_running_stats=True)
                  (act): Identity()
                )
                (pe): Conv(
                  (conv): Conv2d(256, 256, kernel_size=(5, 5), stride=(1, 1), padding=(2, 2), groups=256, bias=False)
                  (bn): BatchNorm2d(256, eps=0.001, momentum=0.03, affine=True, track_running_stats=True)
                  (act): Identity()
                )
              )
              (mlp): Sequential(
                (0): Conv(
                  (conv): Conv2d(256, 384, kernel_size=(1, 1), stride=(1, 1), bias=False)
                  (bn): BatchNorm2d(384, eps=0.001, momentum=0.03, affine=True, track_running_stats=True)
                  (act): SiLU(inplace=True)
                )
                (1): Conv(
                  (conv): Conv2d(384, 256, kernel_size=(1, 1), stride=(1, 1), bias=False)
                  (bn): BatchNorm2d(256, eps=0.001, momentum=0.03, affine=True, track_running_stats=True)
                  (act): Identity()
                )
              )
            )
            (1): ABlock(
              (attn): AAttn(
                (qk): Conv(
                  (conv): Conv2d(256, 512, kernel_size=(1, 1), stride=(1, 1), bias=False)
                  (bn): BatchNorm2d(512, eps=0.001, momentum=0.03, affine=True, track_running_stats=True)
                  (act): Identity()
                )
                (v): Conv(
                  (conv): Conv2d(256, 256, kernel_size=(1, 1), stride=(1, 1), bias=False)
                  (bn): BatchNorm2d(256, eps=0.001, momentum=0.03, affine=True, track_running_stats=True)
                  (act): Identity()
                )
                (proj): Conv(
                  (conv): Conv2d(256, 256, kernel_size=(1, 1), stride=(1, 1), bias=False)
                  (bn): BatchNorm2d(256, eps=0.001, momentum=0.03, affine=True, track_running_stats=True)
                  (act): Identity()
                )
                (pe): Conv(
                  (conv): Conv2d(256, 256, kernel_size=(5, 5), stride=(1, 1), padding=(2, 2), groups=256, bias=False)
                  (bn): BatchNorm2d(256, eps=0.001, momentum=0.03, affine=True, track_running_stats=True)
                  (act): Identity()
                )
              )
              (mlp): Sequential(
                (0): Conv(
                  (conv): Conv2d(256, 384, kernel_size=(1, 1), stride=(1, 1), bias=False)
                  (bn): BatchNorm2d(384, eps=0.001, momentum=0.03, affine=True, track_running_stats=True)
                  (act): SiLU(inplace=True)
                )
                (1): Conv(
                  (conv): Conv2d(384, 256, kernel_size=(1, 1), stride=(1, 1), bias=False)
                  (bn): BatchNorm2d(256, eps=0.001, momentum=0.03, affine=True, track_running_stats=True)
                  (act): Identity()
                )
              )
            )
          )
        )
      )
      (9): Upsample(scale_factor=2.0, mode='nearest')
      (10): Concat()
      (11): SkippableA2C2f(
        (cv1): SwitchableConv(
          (conv): Conv2d(1024, 256, kernel_size=(1, 1), stride=(1, 1), bias=False)
          (bn): BatchNorm2d(256, eps=0.001, momentum=0.03, affine=True, track_running_stats=True)
          (bn_skip): BatchNorm2d(256, eps=0.001, momentum=0.03, affine=True, track_running_stats=True)
          (act): SiLU(inplace=True)
        )
        (cv2): SwitchableConv(
          (conv): Conv2d(768, 512, kernel_size=(1, 1), stride=(1, 1), bias=False)
          (bn): BatchNorm2d(512, eps=0.001, momentum=0.03, affine=True, track_running_stats=True)
          (bn_skip): BatchNorm2d(512, eps=0.001, momentum=0.03, affine=True, track_running_stats=True)
          (act): SiLU(inplace=True)
        )
        (m): ModuleList(
          (0): C3k(
            (cv1): SwitchableConv(
              (conv): Conv2d(256, 128, kernel_size=(1, 1), stride=(1, 1), bias=False)
              (bn): BatchNorm2d(128, eps=0.001, momentum=0.03, affine=True, track_running_stats=True)
              (bn_skip): BatchNorm2d(128, eps=0.001, momentum=0.03, affine=True, track_running_stats=True)
              (act): SiLU(inplace=True)
            )
            (cv2): SwitchableConv(
              (conv): Conv2d(256, 128, kernel_size=(1, 1), stride=(1, 1), bias=False)
              (bn): BatchNorm2d(128, eps=0.001, momentum=0.03, affine=True, track_running_stats=True)
              (bn_skip): BatchNorm2d(128, eps=0.001, momentum=0.03, affine=True, track_running_stats=True)
              (act): SiLU(inplace=True)
            )
            (cv3): SwitchableConv(
              (conv): Conv2d(256, 256, kernel_size=(1, 1), stride=(1, 1), bias=False)
              (bn): BatchNorm2d(256, eps=0.001, momentum=0.03, affine=True, track_running_stats=True)
              (bn_skip): BatchNorm2d(256, eps=0.001, momentum=0.03, affine=True, track_running_stats=True)
              (act): SiLU(inplace=True)
            )
            (m): SwitchableSequential(
              (0): Bottleneck(
                (cv1): SwitchableConv(
                  (conv): Conv2d(128, 128, kernel_size=(3, 3), stride=(1, 1), padding=(1, 1), bias=False)
                  (bn): BatchNorm2d(128, eps=0.001, momentum=0.03, affine=True, track_running_stats=True)
                  (bn_skip): BatchNorm2d(128, eps=0.001, momentum=0.03, affine=True, track_running_stats=True)
                  (act): SiLU(inplace=True)
                )
                (cv2): SwitchableConv(
                  (conv): Conv2d(128, 128, kernel_size=(3, 3), stride=(1, 1), padding=(1, 1), bias=False)
                  (bn): BatchNorm2d(128, eps=0.001, momentum=0.03, affine=True, track_running_stats=True)
                  (bn_skip): BatchNorm2d(128, eps=0.001, momentum=0.03, affine=True, track_running_stats=True)
                  (act): SiLU(inplace=True)
                )
              )
              (1): Bottleneck(
                (cv1): SwitchableConv(
                  (conv): Conv2d(128, 128, kernel_size=(3, 3), stride=(1, 1), padding=(1, 1), bias=False)
                  (bn): BatchNorm2d(128, eps=0.001, momentum=0.03, affine=True, track_running_stats=True)
                  (bn_skip): BatchNorm2d(128, eps=0.001, momentum=0.03, affine=True, track_running_stats=True)
                  (act): SiLU(inplace=True)
                )
                (cv2): SwitchableConv(
                  (conv): Conv2d(128, 128, kernel_size=(3, 3), stride=(1, 1), padding=(1, 1), bias=False)
                  (bn): BatchNorm2d(128, eps=0.001, momentum=0.03, affine=True, track_running_stats=True)
                  (bn_skip): BatchNorm2d(128, eps=0.001, momentum=0.03, affine=True, track_running_stats=True)
                  (act): SiLU(inplace=True)
                )
              )
            )
          )
          (1): C3k(
            (cv1): Conv(
              (conv): Conv2d(256, 128, kernel_size=(1, 1), stride=(1, 1), bias=False)
              (bn): BatchNorm2d(128, eps=0.001, momentum=0.03, affine=True, track_running_stats=True)
              (act): SiLU(inplace=True)
            )
            (cv2): Conv(
              (conv): Conv2d(256, 128, kernel_size=(1, 1), stride=(1, 1), bias=False)
              (bn): BatchNorm2d(128, eps=0.001, momentum=0.03, affine=True, track_running_stats=True)
              (act): SiLU(inplace=True)
            )
            (cv3): Conv(
              (conv): Conv2d(256, 256, kernel_size=(1, 1), stride=(1, 1), bias=False)
              (bn): BatchNorm2d(256, eps=0.001, momentum=0.03, affine=True, track_running_stats=True)
              (act): SiLU(inplace=True)
            )
            (m): Sequential(
              (0): Bottleneck(
                (cv1): Conv(
                  (conv): Conv2d(128, 128, kernel_size=(3, 3), stride=(1, 1), padding=(1, 1), bias=False)
                  (bn): BatchNorm2d(128, eps=0.001, momentum=0.03, affine=True, track_running_stats=True)
                  (act): SiLU(inplace=True)
                )
                (cv2): Conv(
                  (conv): Conv2d(128, 128, kernel_size=(3, 3), stride=(1, 1), padding=(1, 1), bias=False)
                  (bn): BatchNorm2d(128, eps=0.001, momentum=0.03, affine=True, track_running_stats=True)
                  (act): SiLU(inplace=True)
                )
              )
              (1): Bottleneck(
                (cv1): Conv(
                  (conv): Conv2d(128, 128, kernel_size=(3, 3), stride=(1, 1), padding=(1, 1), bias=False)
                  (bn): BatchNorm2d(128, eps=0.001, momentum=0.03, affine=True, track_running_stats=True)
                  (act): SiLU(inplace=True)
                )
                (cv2): Conv(
                  (conv): Conv2d(128, 128, kernel_size=(3, 3), stride=(1, 1), padding=(1, 1), bias=False)
                  (bn): BatchNorm2d(128, eps=0.001, momentum=0.03, affine=True, track_running_stats=True)
                  (act): SiLU(inplace=True)
                )
              )
            )
          )
        )
      )
      (12): Upsample(scale_factor=2.0, mode='nearest')
      (13): Concat()
      (14): SkippableA2C2f(
        (cv1): SwitchableConv(
          (conv): Conv2d(1024, 128, kernel_size=(1, 1), stride=(1, 1), bias=False)
          (bn): BatchNorm2d(128, eps=0.001, momentum=0.03, affine=True, track_running_stats=True)
          (bn_skip): BatchNorm2d(128, eps=0.001, momentum=0.03, affine=True, track_running_stats=True)
          (act): SiLU(inplace=True)
        )
        (cv2): SwitchableConv(
          (conv): Conv2d(384, 256, kernel_size=(1, 1), stride=(1, 1), bias=False)
          (bn): BatchNorm2d(256, eps=0.001, momentum=0.03, affine=True, track_running_stats=True)
          (bn_skip): BatchNorm2d(256, eps=0.001, momentum=0.03, affine=True, track_running_stats=True)
          (act): SiLU(inplace=True)
        )
        (m): ModuleList(
          (0): C3k(
            (cv1): SwitchableConv(
              (conv): Conv2d(128, 64, kernel_size=(1, 1), stride=(1, 1), bias=False)
              (bn): BatchNorm2d(64, eps=0.001, momentum=0.03, affine=True, track_running_stats=True)
              (bn_skip): BatchNorm2d(64, eps=0.001, momentum=0.03, affine=True, track_running_stats=True)
              (act): SiLU(inplace=True)
            )
            (cv2): SwitchableConv(
              (conv): Conv2d(128, 64, kernel_size=(1, 1), stride=(1, 1), bias=False)
              (bn): BatchNorm2d(64, eps=0.001, momentum=0.03, affine=True, track_running_stats=True)
              (bn_skip): BatchNorm2d(64, eps=0.001, momentum=0.03, affine=True, track_running_stats=True)
              (act): SiLU(inplace=True)
            )
            (cv3): SwitchableConv(
              (conv): Conv2d(128, 128, kernel_size=(1, 1), stride=(1, 1), bias=False)
              (bn): BatchNorm2d(128, eps=0.001, momentum=0.03, affine=True, track_running_stats=True)
              (bn_skip): BatchNorm2d(128, eps=0.001, momentum=0.03, affine=True, track_running_stats=True)
              (act): SiLU(inplace=True)
            )
            (m): SwitchableSequential(
              (0): Bottleneck(
                (cv1): SwitchableConv(
                  (conv): Conv2d(64, 64, kernel_size=(3, 3), stride=(1, 1), padding=(1, 1), bias=False)
                  (bn): BatchNorm2d(64, eps=0.001, momentum=0.03, affine=True, track_running_stats=True)
                  (bn_skip): BatchNorm2d(64, eps=0.001, momentum=0.03, affine=True, track_running_stats=True)
                  (act): SiLU(inplace=True)
                )
                (cv2): SwitchableConv(
                  (conv): Conv2d(64, 64, kernel_size=(3, 3), stride=(1, 1), padding=(1, 1), bias=False)
                  (bn): BatchNorm2d(64, eps=0.001, momentum=0.03, affine=True, track_running_stats=True)
                  (bn_skip): BatchNorm2d(64, eps=0.001, momentum=0.03, affine=True, track_running_stats=True)
                  (act): SiLU(inplace=True)
                )
              )
              (1): Bottleneck(
                (cv1): SwitchableConv(
                  (conv): Conv2d(64, 64, kernel_size=(3, 3), stride=(1, 1), padding=(1, 1), bias=False)
                  (bn): BatchNorm2d(64, eps=0.001, momentum=0.03, affine=True, track_running_stats=True)
                  (bn_skip): BatchNorm2d(64, eps=0.001, momentum=0.03, affine=True, track_running_stats=True)
                  (act): SiLU(inplace=True)
                )
                (cv2): SwitchableConv(
                  (conv): Conv2d(64, 64, kernel_size=(3, 3), stride=(1, 1), padding=(1, 1), bias=False)
                  (bn): BatchNorm2d(64, eps=0.001, momentum=0.03, affine=True, track_running_stats=True)
                  (bn_skip): BatchNorm2d(64, eps=0.001, momentum=0.03, affine=True, track_running_stats=True)
                  (act): SiLU(inplace=True)
                )
              )
            )
          )
          (1): C3k(
            (cv1): Conv(
              (conv): Conv2d(128, 64, kernel_size=(1, 1), stride=(1, 1), bias=False)
              (bn): BatchNorm2d(64, eps=0.001, momentum=0.03, affine=True, track_running_stats=True)
              (act): SiLU(inplace=True)
            )
            (cv2): Conv(
              (conv): Conv2d(128, 64, kernel_size=(1, 1), stride=(1, 1), bias=False)
              (bn): BatchNorm2d(64, eps=0.001, momentum=0.03, affine=True, track_running_stats=True)
              (act): SiLU(inplace=True)
            )
            (cv3): Conv(
              (conv): Conv2d(128, 128, kernel_size=(1, 1), stride=(1, 1), bias=False)
              (bn): BatchNorm2d(128, eps=0.001, momentum=0.03, affine=True, track_running_stats=True)
              (act): SiLU(inplace=True)
            )
            (m): Sequential(
              (0): Bottleneck(
                (cv1): Conv(
                  (conv): Conv2d(64, 64, kernel_size=(3, 3), stride=(1, 1), padding=(1, 1), bias=False)
                  (bn): BatchNorm2d(64, eps=0.001, momentum=0.03, affine=True, track_running_stats=True)
                  (act): SiLU(inplace=True)
                )
                (cv2): Conv(
                  (conv): Conv2d(64, 64, kernel_size=(3, 3), stride=(1, 1), padding=(1, 1), bias=False)
                  (bn): BatchNorm2d(64, eps=0.001, momentum=0.03, affine=True, track_running_stats=True)
                  (act): SiLU(inplace=True)
                )
              )
              (1): Bottleneck(
                (cv1): Conv(
                  (conv): Conv2d(64, 64, kernel_size=(3, 3), stride=(1, 1), padding=(1, 1), bias=False)
                  (bn): BatchNorm2d(64, eps=0.001, momentum=0.03, affine=True, track_running_stats=True)
                  (act): SiLU(inplace=True)
                )
                (cv2): Conv(
                  (conv): Conv2d(64, 64, kernel_size=(3, 3), stride=(1, 1), padding=(1, 1), bias=False)
                  (bn): BatchNorm2d(64, eps=0.001, momentum=0.03, affine=True, track_running_stats=True)
                  (act): SiLU(inplace=True)
                )
              )
            )
          )
        )
      )
      (15): SwitchableConv(
        (conv): Conv2d(256, 256, kernel_size=(3, 3), stride=(2, 2), padding=(1, 1), bias=False)
        (bn): BatchNorm2d(256, eps=0.001, momentum=0.03, affine=True, track_running_stats=True)
        (bn_skip): BatchNorm2d(256, eps=0.001, momentum=0.03, affine=True, track_running_stats=True)
        (act): SiLU(inplace=True)
      )
      (16): Concat()
      (17): SkippableA2C2f(
        (cv1): SwitchableConv(
          (conv): Conv2d(768, 256, kernel_size=(1, 1), stride=(1, 1), bias=False)
          (bn): BatchNorm2d(256, eps=0.001, momentum=0.03, affine=True, track_running_stats=True)
          (bn_skip): BatchNorm2d(256, eps=0.001, momentum=0.03, affine=True, track_running_stats=True)
          (act): SiLU(inplace=True)
        )
        (cv2): SwitchableConv(
          (conv): Conv2d(768, 512, kernel_size=(1, 1), stride=(1, 1), bias=False)
          (bn): BatchNorm2d(512, eps=0.001, momentum=0.03, affine=True, track_running_stats=True)
          (bn_skip): BatchNorm2d(512, eps=0.001, momentum=0.03, affine=True, track_running_stats=True)
          (act): SiLU(inplace=True)
        )
        (m): ModuleList(
          (0): C3k(
            (cv1): SwitchableConv(
              (conv): Conv2d(256, 128, kernel_size=(1, 1), stride=(1, 1), bias=False)
              (bn): BatchNorm2d(128, eps=0.001, momentum=0.03, affine=True, track_running_stats=True)
              (bn_skip): BatchNorm2d(128, eps=0.001, momentum=0.03, affine=True, track_running_stats=True)
              (act): SiLU(inplace=True)
            )
            (cv2): SwitchableConv(
              (conv): Conv2d(256, 128, kernel_size=(1, 1), stride=(1, 1), bias=False)
              (bn): BatchNorm2d(128, eps=0.001, momentum=0.03, affine=True, track_running_stats=True)
              (bn_skip): BatchNorm2d(128, eps=0.001, momentum=0.03, affine=True, track_running_stats=True)
              (act): SiLU(inplace=True)
            )
            (cv3): SwitchableConv(
              (conv): Conv2d(256, 256, kernel_size=(1, 1), stride=(1, 1), bias=False)
              (bn): BatchNorm2d(256, eps=0.001, momentum=0.03, affine=True, track_running_stats=True)
              (bn_skip): BatchNorm2d(256, eps=0.001, momentum=0.03, affine=True, track_running_stats=True)
              (act): SiLU(inplace=True)
            )
            (m): SwitchableSequential(
              (0): Bottleneck(
                (cv1): SwitchableConv(
                  (conv): Conv2d(128, 128, kernel_size=(3, 3), stride=(1, 1), padding=(1, 1), bias=False)
                  (bn): BatchNorm2d(128, eps=0.001, momentum=0.03, affine=True, track_running_stats=True)
                  (bn_skip): BatchNorm2d(128, eps=0.001, momentum=0.03, affine=True, track_running_stats=True)
                  (act): SiLU(inplace=True)
                )
                (cv2): SwitchableConv(
                  (conv): Conv2d(128, 128, kernel_size=(3, 3), stride=(1, 1), padding=(1, 1), bias=False)
                  (bn): BatchNorm2d(128, eps=0.001, momentum=0.03, affine=True, track_running_stats=True)
                  (bn_skip): BatchNorm2d(128, eps=0.001, momentum=0.03, affine=True, track_running_stats=True)
                  (act): SiLU(inplace=True)
                )
              )
              (1): Bottleneck(
                (cv1): SwitchableConv(
                  (conv): Conv2d(128, 128, kernel_size=(3, 3), stride=(1, 1), padding=(1, 1), bias=False)
                  (bn): BatchNorm2d(128, eps=0.001, momentum=0.03, affine=True, track_running_stats=True)
                  (bn_skip): BatchNorm2d(128, eps=0.001, momentum=0.03, affine=True, track_running_stats=True)
                  (act): SiLU(inplace=True)
                )
                (cv2): SwitchableConv(
                  (conv): Conv2d(128, 128, kernel_size=(3, 3), stride=(1, 1), padding=(1, 1), bias=False)
                  (bn): BatchNorm2d(128, eps=0.001, momentum=0.03, affine=True, track_running_stats=True)
                  (bn_skip): BatchNorm2d(128, eps=0.001, momentum=0.03, affine=True, track_running_stats=True)
                  (act): SiLU(inplace=True)
                )
              )
            )
          )
          (1): C3k(
            (cv1): Conv(
              (conv): Conv2d(256, 128, kernel_size=(1, 1), stride=(1, 1), bias=False)
              (bn): BatchNorm2d(128, eps=0.001, momentum=0.03, affine=True, track_running_stats=True)
              (act): SiLU(inplace=True)
            )
            (cv2): Conv(
              (conv): Conv2d(256, 128, kernel_size=(1, 1), stride=(1, 1), bias=False)
              (bn): BatchNorm2d(128, eps=0.001, momentum=0.03, affine=True, track_running_stats=True)
              (act): SiLU(inplace=True)
            )
            (cv3): Conv(
              (conv): Conv2d(256, 256, kernel_size=(1, 1), stride=(1, 1), bias=False)
              (bn): BatchNorm2d(256, eps=0.001, momentum=0.03, affine=True, track_running_stats=True)
              (act): SiLU(inplace=True)
            )
            (m): Sequential(
              (0): Bottleneck(
                (cv1): Conv(
                  (conv): Conv2d(128, 128, kernel_size=(3, 3), stride=(1, 1), padding=(1, 1), bias=False)
                  (bn): BatchNorm2d(128, eps=0.001, momentum=0.03, affine=True, track_running_stats=True)
                  (act): SiLU(inplace=True)
                )
                (cv2): Conv(
                  (conv): Conv2d(128, 128, kernel_size=(3, 3), stride=(1, 1), padding=(1, 1), bias=False)
                  (bn): BatchNorm2d(128, eps=0.001, momentum=0.03, affine=True, track_running_stats=True)
                  (act): SiLU(inplace=True)
                )
              )
              (1): Bottleneck(
                (cv1): Conv(
                  (conv): Conv2d(128, 128, kernel_size=(3, 3), stride=(1, 1), padding=(1, 1), bias=False)
                  (bn): BatchNorm2d(128, eps=0.001, momentum=0.03, affine=True, track_running_stats=True)
                  (act): SiLU(inplace=True)
                )
                (cv2): Conv(
                  (conv): Conv2d(128, 128, kernel_size=(3, 3), stride=(1, 1), padding=(1, 1), bias=False)
                  (bn): BatchNorm2d(128, eps=0.001, momentum=0.03, affine=True, track_running_stats=True)
                  (act): SiLU(inplace=True)
                )
              )
            )
          )
        )
      )
      (18): SwitchableConv(
        (conv): Conv2d(512, 512, kernel_size=(3, 3), stride=(2, 2), padding=(1, 1), bias=False)
        (bn): BatchNorm2d(512, eps=0.001, momentum=0.03, affine=True, track_running_stats=True)
        (bn_skip): BatchNorm2d(512, eps=0.001, momentum=0.03, affine=True, track_running_stats=True)
        (act): SiLU(inplace=True)
      )
      (19): Concat()
      (20): SwitchableC3k2(
        (cv1): SwitchableConv(
          (conv): Conv2d(1024, 512, kernel_size=(1, 1), stride=(1, 1), bias=False)
          (bn): BatchNorm2d(512, eps=0.001, momentum=0.03, affine=True, track_running_stats=True)
          (bn_skip): BatchNorm2d(512, eps=0.001, momentum=0.03, affine=True, track_running_stats=True)
          (act): SiLU(inplace=True)
        )
        (cv2): SwitchableConv(
          (conv): Conv2d(1024, 512, kernel_size=(1, 1), stride=(1, 1), bias=False)
          (bn): BatchNorm2d(512, eps=0.001, momentum=0.03, affine=True, track_running_stats=True)
          (bn_skip): BatchNorm2d(512, eps=0.001, momentum=0.03, affine=True, track_running_stats=True)
          (act): SiLU(inplace=True)
        )
        (m): ModuleList(
          (0-1): 2 x SkippableC3k(
            (cv1): SwitchableConv(
              (conv): Conv2d(256, 128, kernel_size=(1, 1), stride=(1, 1), bias=False)
              (bn): BatchNorm2d(128, eps=0.001, momentum=0.03, affine=True, track_running_stats=True)
              (bn_skip): BatchNorm2d(128, eps=0.001, momentum=0.03, affine=True, track_running_stats=True)
              (act): SiLU(inplace=True)
            )
            (cv2): SwitchableConv(
              (conv): Conv2d(256, 128, kernel_size=(1, 1), stride=(1, 1), bias=False)
              (bn): BatchNorm2d(128, eps=0.001, momentum=0.03, affine=True, track_running_stats=True)
              (bn_skip): BatchNorm2d(128, eps=0.001, momentum=0.03, affine=True, track_running_stats=True)
              (act): SiLU(inplace=True)
            )
            (cv3): SwitchableConv(
              (conv): Conv2d(256, 256, kernel_size=(1, 1), stride=(1, 1), bias=False)
              (bn): BatchNorm2d(256, eps=0.001, momentum=0.03, affine=True, track_running_stats=True)
              (bn_skip): BatchNorm2d(256, eps=0.001, momentum=0.03, affine=True, track_running_stats=True)
              (act): SiLU(inplace=True)
            )
            (m): SkippableSequential(
              (0): Bottleneck(
                (cv1): SwitchableConv(
                  (conv): Conv2d(128, 128, kernel_size=(3, 3), stride=(1, 1), padding=(1, 1), bias=False)
                  (bn): BatchNorm2d(128, eps=0.001, momentum=0.03, affine=True, track_running_stats=True)
                  (bn_skip): BatchNorm2d(128, eps=0.001, momentum=0.03, affine=True, track_running_stats=True)
                  (act): SiLU(inplace=True)
                )
                (cv2): SwitchableConv(
                  (conv): Conv2d(128, 128, kernel_size=(3, 3), stride=(1, 1), padding=(1, 1), bias=False)
                  (bn): BatchNorm2d(128, eps=0.001, momentum=0.03, affine=True, track_running_stats=True)
                  (bn_skip): BatchNorm2d(128, eps=0.001, momentum=0.03, affine=True, track_running_stats=True)
                  (act): SiLU(inplace=True)
                )
              )
              (1): Bottleneck(
                (cv1): Conv(
                  (conv): Conv2d(128, 128, kernel_size=(3, 3), stride=(1, 1), padding=(1, 1), bias=False)
                  (bn): BatchNorm2d(128, eps=0.001, momentum=0.03, affine=True, track_running_stats=True)
                  (act): SiLU(inplace=True)
                )
                (cv2): Conv(
                  (conv): Conv2d(128, 128, kernel_size=(3, 3), stride=(1, 1), padding=(1, 1), bias=False)
                  (bn): BatchNorm2d(128, eps=0.001, momentum=0.03, affine=True, track_running_stats=True)
                  (act): SiLU(inplace=True)
                )
              )
            )
          )
        )
      )
      (21): Detect(
        (cv2): ModuleList(
          (0): Sequential(
            (0): Conv(
              (conv): Conv2d(256, 64, kernel_size=(3, 3), stride=(1, 1), padding=(1, 1), bias=False)
              (bn): BatchNorm2d(64, eps=0.001, momentum=0.03, affine=True, track_running_stats=True)
              (act): SiLU(inplace=True)
            )
            (1): Conv(
              (conv): Conv2d(64, 64, kernel_size=(3, 3), stride=(1, 1), padding=(1, 1), bias=False)
              (bn): BatchNorm2d(64, eps=0.001, momentum=0.03, affine=True, track_running_stats=True)
              (act): SiLU(inplace=True)
            )
            (2): Conv2d(64, 64, kernel_size=(1, 1), stride=(1, 1))
          )
          (1-2): 2 x Sequential(
            (0): Conv(
              (conv): Conv2d(512, 64, kernel_size=(3, 3), stride=(1, 1), padding=(1, 1), bias=False)
              (bn): BatchNorm2d(64, eps=0.001, momentum=0.03, affine=True, track_running_stats=True)
              (act): SiLU(inplace=True)
            )
            (1): Conv(
              (conv): Conv2d(64, 64, kernel_size=(3, 3), stride=(1, 1), padding=(1, 1), bias=False)
              (bn): BatchNorm2d(64, eps=0.001, momentum=0.03, affine=True, track_running_stats=True)
              (act): SiLU(inplace=True)
            )
            (2): Conv2d(64, 64, kernel_size=(1, 1), stride=(1, 1))
          )
        )
        (cv3): ModuleList(
          (0): Sequential(
            (0): Sequential(
              (0): DWConv(
                (conv): Conv2d(256, 256, kernel_size=(3, 3), stride=(1, 1), padding=(1, 1), groups=256, bias=False)
                (bn): BatchNorm2d(256, eps=0.001, momentum=0.03, affine=True, track_running_stats=True)
                (act): SiLU(inplace=True)
              )
              (1): Conv(
                (conv): Conv2d(256, 256, kernel_size=(1, 1), stride=(1, 1), bias=False)
                (bn): BatchNorm2d(256, eps=0.001, momentum=0.03, affine=True, track_running_stats=True)
                (act): SiLU(inplace=True)
              )
            )
            (1): Sequential(
              (0): DWConv(
                (conv): Conv2d(256, 256, kernel_size=(3, 3), stride=(1, 1), padding=(1, 1), groups=256, bias=False)
                (bn): BatchNorm2d(256, eps=0.001, momentum=0.03, affine=True, track_running_stats=True)
                (act): SiLU(inplace=True)
              )
              (1): Conv(
                (conv): Conv2d(256, 256, kernel_size=(1, 1), stride=(1, 1), bias=False)
                (bn): BatchNorm2d(256, eps=0.001, momentum=0.03, affine=True, track_running_stats=True)
                (act): SiLU(inplace=True)
              )
            )
            (2): Conv2d(256, 10, kernel_size=(1, 1), stride=(1, 1))
          )
          (1-2): 2 x Sequential(
            (0): Sequential(
              (0): DWConv(
                (conv): Conv2d(512, 512, kernel_size=(3, 3), stride=(1, 1), padding=(1, 1), groups=512, bias=False)
                (bn): BatchNorm2d(512, eps=0.001, momentum=0.03, affine=True, track_running_stats=True)
                (act): SiLU(inplace=True)
              )
              (1): Conv(
                (conv): Conv2d(512, 256, kernel_size=(1, 1), stride=(1, 1), bias=False)
                (bn): BatchNorm2d(256, eps=0.001, momentum=0.03, affine=True, track_running_stats=True)
                (act): SiLU(inplace=True)
              )
            )
            (1): Sequential(
              (0): DWConv(
                (conv): Conv2d(256, 256, kernel_size=(3, 3), stride=(1, 1), padding=(1, 1), groups=256, bias=False)
                (bn): BatchNorm2d(256, eps=0.001, momentum=0.03, affine=True, track_running_stats=True)
                (act): SiLU(inplace=True)
              )
              (1): Conv(
                (conv): Conv2d(256, 256, kernel_size=(1, 1), stride=(1, 1), bias=False)
                (bn): BatchNorm2d(256, eps=0.001, momentum=0.03, affine=True, track_running_stats=True)
                (act): SiLU(inplace=True)
              )
            )
            (2): Conv2d(256, 10, kernel_size=(1, 1), stride=(1, 1))
          )
        )
        (dfl): DFL(
          (conv): Conv2d(16, 1, kernel_size=(1, 1), stride=(1, 1), bias=False)
        )
      )
    )
  )
)
Image sizes 640 train, 640 val
Using 16 dataloader workers
Logging results to [1mruns/bdd100k/detect/anydepth-yolov12l/train[0m
Starting training for 50 epochs...

[FLOPs] Super model (skip=False) @ 384x640:
| module             | #parameters or shape   | #flops   |
|:-------------------|:-----------------------|:---------|
| base_model.model   | 27.296M                | 24.761G  |
| 0                  | 1.856K                 | 0.114G   |
| 0.conv             | 1.728K                 | 0.106G   |
| 0.conv.weight      | (64, 3, 3, 3)          |          |
| 0.bn               | 0.128K                 | 7.864M   |
| 0.bn.weight        | (64,)                  |          |
| 0.bn.bias          | (64,)                  |          |
| 1                  | 37.12K                 | 0.57G    |
| 1.conv             | 36.864K                | 0.566G   |
| 1.conv.weight      | (128, 32, 3, 3)        |          |
| 1.bn               | 0.256K                 | 3.932M   |
| 1.bn.weight        | (128,)                 |          |
| 1.bn.bias          | (128,)                 |          |
| 2                  | 0.175M                 | 2.67G    |
| 2.cv1              | 16.896K                | 0.256G   |
| 2.cv1.conv         | 16.384K                | 0.252G   |
| 2.cv1.bn           | 0.256K                 | 3.932M   |
| 2.cv1.bn_skip      | 0.256K                 |          |
| 2.cv2              | 66.56K                 | 1.014G   |
| 2.cv2.conv         | 65.536K                | 1.007G   |
| 2.cv2.bn           | 0.512K                 | 7.864M   |
| 2.cv2.bn_skip      | 0.512K                 |          |
| 2.m                | 91.904K                | 1.4G     |
| 2.m.0              | 45.952K                | 0.7G     |
| 2.m.1              | 45.952K                | 0.7G     |
| 3                  | 0.148M                 | 0.568G   |
| 3.conv             | 0.147M                 | 0.566G   |
| 3.conv.weight      | (256, 64, 3, 3)        |          |
| 3.bn               | 0.512K                 | 1.966M   |
| 3.bn.weight        | (256,)                 |          |
| 3.bn.bias          | (256,)                 |          |
| 3.bn_skip          | 0.512K                 |          |
| 3.bn_skip.weight   | (256,)                 |          |
| 3.bn_skip.bias     | (256,)                 |          |
| 4                  | 0.695M                 | 2.656G   |
| 4.cv1              | 66.56K                 | 0.254G   |
| 4.cv1.conv         | 65.536K                | 0.252G   |
| 4.cv1.bn           | 0.512K                 | 1.966M   |
| 4.cv1.bn_skip      | 0.512K                 |          |
| 4.cv2              | 0.264M                 | 1.011G   |
| 4.cv2.conv         | 0.262M                 | 1.007G   |
| 4.cv2.bn           | 1.024K                 | 3.932M   |
| 4.cv2.bn_skip      | 1.024K                 |          |
| 4.m                | 0.364M                 | 1.392G   |
| 4.m.0              | 0.182M                 | 0.696G   |
| 4.m.1              | 0.182M                 | 0.696G   |
| 5                  | 2.361M                 | 2.266G   |
| 5.conv             | 2.359M                 | 2.265G   |
| 5.conv.weight      | (512, 512, 3, 3)       |          |
| 5.bn               | 1.024K                 | 0.983M   |
| 5.bn.weight        | (512,)                 |          |
| 5.bn.bias          | (512,)                 |          |
| 5.bn_skip          | 1.024K                 |          |
| 5.bn_skip.weight   | (512,)                 |          |
| 5.bn_skip.bias     | (512,)                 |          |
| 6                  | 4.951M                 | 4.358G   |
| 6.gamma            | (512,)                 |          |
| 6.cv1              | 0.132M                 | 0.126G   |
| 6.cv1.conv         | 0.131M                 | 0.126G   |
| 6.cv1.bn           | 0.512K                 | 0.492M   |
| 6.cv1.bn_skip      | 0.512K                 |          |
| 6.cv2              | 1.051M                 | 0.63G    |
| 6.cv2.conv         | 0.655M                 | 0.629G   |
| 6.cv2.bn           | 1.024K                 | 0.983M   |
| 6.cv2.bn_skip      | 1.024K                 |          |
| 6.cv2.conv_skip    | 0.393M                 |          |
| 6.m                | 3.767M                 | 3.602G   |
| 6.m.0              | 0.946M                 | 0.9G     |
| 6.m.1              | 0.946M                 | 0.9G     |
| 6.m.2              | 0.938M                 | 0.9G     |
| 6.m.3              | 0.938M                 | 0.9G     |
| 7                  | 2.361M                 | 0.566G   |
| 7.conv             | 2.359M                 | 0.566G   |
| 7.conv.weight      | (512, 512, 3, 3)       |          |
| 7.bn               | 1.024K                 | 0.246M   |
| 7.bn.weight        | (512,)                 |          |
| 7.bn.bias          | (512,)                 |          |
| 7.bn_skip          | 1.024K                 |          |
| 7.bn_skip.weight   | (512,)                 |          |
| 7.bn_skip.bias     | (512,)                 |          |
| 8                  | 4.951M                 | 1.09G    |
| 8.gamma            | (512,)                 |          |
| 8.cv1              | 0.132M                 | 31.58M   |
| 8.cv1.conv         | 0.131M                 | 31.457M  |
| 8.cv1.bn           | 0.512K                 | 0.123M   |
| 8.cv1.bn_skip      | 0.512K                 |          |
| 8.cv2              | 1.051M                 | 0.158G   |
| 8.cv2.conv         | 0.655M                 | 0.157G   |
| 8.cv2.bn           | 1.024K                 | 0.246M   |
| 8.cv2.bn_skip      | 1.024K                 |          |
| 8.cv2.conv_skip    | 0.393M                 |          |
| 8.m                | 3.767M                 | 0.9G     |
| 8.m.0              | 0.946M                 | 0.225G   |
| 8.m.1              | 0.946M                 | 0.225G   |
| 8.m.2              | 0.938M                 | 0.225G   |
| 8.m.3              | 0.938M                 | 0.225G   |
| 11                 | 2.106M                 | 2.019G   |
| 11.cv1             | 0.263M                 | 0.252G   |
| 11.cv1.conv        | 0.262M                 | 0.252G   |
| 11.cv1.bn          | 0.512K                 | 0.492M   |
| 11.cv1.bn_skip     | 0.512K                 |          |
| 11.cv2             | 0.395M                 | 0.378G   |
| 11.cv2.conv        | 0.393M                 | 0.377G   |
| 11.cv2.bn          | 1.024K                 | 0.983M   |
| 11.cv2.bn_skip     | 1.024K                 |          |
| 11.m               | 1.448M                 | 1.388G   |
| 11.m.0             | 0.725M                 | 0.694G   |
| 11.m.1             | 0.723M                 | 0.694G   |
| 14                 | 0.594M                 | 2.276G   |
| 14.cv1             | 0.132M                 | 0.504G   |
| 14.cv1.conv        | 0.131M                 | 0.503G   |
| 14.cv1.bn          | 0.256K                 | 0.983M   |
| 14.cv1.bn_skip     | 0.256K                 |          |
| 14.cv2             | 99.328K                | 0.379G   |
| 14.cv2.conv        | 98.304K                | 0.377G   |
| 14.cv2.bn          | 0.512K                 | 1.966M   |
| 14.cv2.bn_skip     | 0.512K                 |          |
| 14.m               | 0.364M                 | 1.392G   |
| 14.m.0             | 0.182M                 | 0.696G   |
| 14.m.1             | 0.181M                 | 0.696G   |
| 15                 | 0.591M                 | 0.567G   |
| 15.conv            | 0.59M                  | 0.566G   |
| 15.conv.weight     | (256, 256, 3, 3)       |          |
| 15.bn              | 0.512K                 | 0.492M   |
| 15.bn.weight       | (256,)                 |          |
| 15.bn.bias         | (256,)                 |          |
| 15.bn_skip         | 0.512K                 |          |
| 15.bn_skip.weight  | (256,)                 |          |
| 15.bn_skip.bias    | (256,)                 |          |
| 17                 | 2.041M                 | 1.956G   |
| 17.cv1             | 0.198M                 | 0.189G   |
| 17.cv1.conv        | 0.197M                 | 0.189G   |
| 17.cv1.bn          | 0.512K                 | 0.492M   |
| 17.cv1.bn_skip     | 0.512K                 |          |
| 17.cv2             | 0.395M                 | 0.378G   |
| 17.cv2.conv        | 0.393M                 | 0.377G   |
| 17.cv2.bn          | 1.024K                 | 0.983M   |
| 17.cv2.bn_skip     | 1.024K                 |          |
| 17.m               | 1.448M                 | 1.388G   |
| 17.m.0             | 0.725M                 | 0.694G   |
| 17.m.1             | 0.723M                 | 0.694G   |
| 18                 | 2.361M                 | 0.566G   |
| 18.conv            | 2.359M                 | 0.566G   |
| 18.conv.weight     | (512, 512, 3, 3)       |          |
| 18.bn              | 1.024K                 | 0.246M   |
| 18.bn.weight       | (512,)                 |          |
| 18.bn.bias         | (512,)                 |          |
| 18.bn_skip         | 1.024K                 |          |
| 18.bn_skip.weight  | (512,)                 |          |
| 18.bn_skip.bias    | (512,)                 |          |
| 20                 | 2.502M                 | 0.599G   |
| 20.cv1             | 0.526M                 | 0.126G   |
| 20.cv1.conv        | 0.524M                 | 0.126G   |
| 20.cv1.bn          | 1.024K                 | 0.246M   |
| 20.cv1.bn_skip     | 1.024K                 |          |
| 20.cv2             | 0.526M                 | 0.126G   |
| 20.cv2.conv        | 0.524M                 | 0.126G   |
| 20.cv2.bn          | 1.024K                 | 0.246M   |
| 20.cv2.bn_skip     | 1.024K                 |          |
| 20.m               | 1.449M                 | 0.347G   |
| 20.m.0             | 0.724M                 | 0.174G   |
| 20.m.1             | 0.724M                 | 0.174G   |
| 21                 | 1.419M                 | 1.917G   |
| 21.cv2             | 0.861M                 | 1.128G   |
| 21.cv2.0           | 0.189M                 | 0.725G   |
| 21.cv2.1           | 0.336M                 | 0.323G   |
| 21.cv2.2           | 0.336M                 | 80.671M  |
| 21.cv3             | 0.558M                 | 0.789G   |
| 21.cv3.0           | 0.14M                  | 0.539G   |
| 21.cv3.1           | 0.209M                 | 0.2G     |
| 21.cv3.2           | 0.209M                 | 50.074M  |
| 21.dfl.conv        | 16                     | 0.323M   |
| 21.dfl.conv.weight | (1, 16, 1, 1)          |          |
| 9                  |                        | 0.492M   |
| 12                 |                        | 1.966M   |
  MACs  (super): 24.76 GMACs
  FLOPs (super): 49.52 GFLOPs

[FLOPs] Base model (skip=True) @ 384x640:
| module             | #parameters or shape   | #flops   |
|:-------------------|:-----------------------|:---------|
| base_model.model   | 27.296M                | 18.454G  |
| 0                  | 1.856K                 | 0.114G   |
| 0.conv             | 1.728K                 | 0.106G   |
| 0.conv.weight      | (64, 3, 3, 3)          |          |
| 0.bn               | 0.128K                 | 7.864M   |
| 0.bn.weight        | (64,)                  |          |
| 0.bn.bias          | (64,)                  |          |
| 1                  | 37.12K                 | 0.57G    |
| 1.conv             | 36.864K                | 0.566G   |
| 1.conv.weight      | (128, 32, 3, 3)        |          |
| 1.bn               | 0.256K                 | 3.932M   |
| 1.bn.weight        | (128,)                 |          |
| 1.bn.bias          | (128,)                 |          |
| 2                  | 0.175M                 | 2.1G     |
| 2.cv1              | 16.896K                | 0.256G   |
| 2.cv1.conv         | 16.384K                | 0.252G   |
| 2.cv1.bn           | 0.256K                 |          |
| 2.cv1.bn_skip      | 0.256K                 | 3.932M   |
| 2.cv2              | 66.56K                 | 1.014G   |
| 2.cv2.conv         | 65.536K                | 1.007G   |
| 2.cv2.bn           | 0.512K                 |          |
| 2.cv2.bn_skip      | 0.512K                 | 7.864M   |
| 2.m                | 91.904K                | 0.83G    |
| 2.m.0              | 45.952K                | 0.415G   |
| 2.m.1              | 45.952K                | 0.415G   |
| 3                  | 0.148M                 | 0.568G   |
| 3.conv             | 0.147M                 | 0.566G   |
| 3.conv.weight      | (256, 64, 3, 3)        |          |
| 3.bn               | 0.512K                 |          |
| 3.bn.weight        | (256,)                 |          |
| 3.bn.bias          | (256,)                 |          |
| 3.bn_skip          | 0.512K                 | 1.966M   |
| 3.bn_skip.weight   | (256,)                 |          |
| 3.bn_skip.bias     | (256,)                 |          |
| 4                  | 0.695M                 | 2.088G   |
| 4.cv1              | 66.56K                 | 0.254G   |
| 4.cv1.conv         | 65.536K                | 0.252G   |
| 4.cv1.bn           | 0.512K                 |          |
| 4.cv1.bn_skip      | 0.512K                 | 1.966M   |
| 4.cv2              | 0.264M                 | 1.011G   |
| 4.cv2.conv         | 0.262M                 | 1.007G   |
| 4.cv2.bn           | 1.024K                 |          |
| 4.cv2.bn_skip      | 1.024K                 | 3.932M   |
| 4.m                | 0.364M                 | 0.824G   |
| 4.m.0              | 0.182M                 | 0.412G   |
| 4.m.1              | 0.182M                 | 0.412G   |
| 5                  | 2.361M                 | 2.266G   |
| 5.conv             | 2.359M                 | 2.265G   |
| 5.conv.weight      | (512, 512, 3, 3)       |          |
| 5.bn               | 1.024K                 |          |
| 5.bn.weight        | (512,)                 |          |
| 5.bn.bias          | (512,)                 |          |
| 5.bn_skip          | 1.024K                 | 0.983M   |
| 5.bn_skip.weight   | (512,)                 |          |
| 5.bn_skip.bias     | (512,)                 |          |
| 6                  | 4.951M                 | 2.306G   |
| 6.gamma            | (512,)                 |          |
| 6.cv1              | 0.132M                 | 0.126G   |
| 6.cv1.conv         | 0.131M                 | 0.126G   |
| 6.cv1.bn           | 0.512K                 |          |
| 6.cv1.bn_skip      | 0.512K                 | 0.492M   |
| 6.cv2              | 1.051M                 | 0.378G   |
| 6.cv2.conv         | 0.655M                 |          |
| 6.cv2.bn           | 1.024K                 |          |
| 6.cv2.bn_skip      | 1.024K                 | 0.983M   |
| 6.cv2.conv_skip    | 0.393M                 | 0.377G   |
| 6.m                | 3.767M                 | 1.801G   |
| 6.m.0              | 0.946M                 | 0.9G     |
| 6.m.1              | 0.946M                 | 0.9G     |
| 6.m.2              | 0.938M                 |          |
| 6.m.3              | 0.938M                 |          |
| 7                  | 2.361M                 | 0.566G   |
| 7.conv             | 2.359M                 | 0.566G   |
| 7.conv.weight      | (512, 512, 3, 3)       |          |
| 7.bn               | 1.024K                 |          |
| 7.bn.weight        | (512,)                 |          |
| 7.bn.bias          | (512,)                 |          |
| 7.bn_skip          | 1.024K                 | 0.246M   |
| 7.bn_skip.weight   | (512,)                 |          |
| 7.bn_skip.bias     | (512,)                 |          |
| 8                  | 4.951M                 | 0.576G   |
| 8.gamma            | (512,)                 |          |
| 8.cv1              | 0.132M                 | 31.58M   |
| 8.cv1.conv         | 0.131M                 | 31.457M  |
| 8.cv1.bn           | 0.512K                 |          |
| 8.cv1.bn_skip      | 0.512K                 | 0.123M   |
| 8.cv2              | 1.051M                 | 94.618M  |
| 8.cv2.conv         | 0.655M                 |          |
| 8.cv2.bn           | 1.024K                 |          |
| 8.cv2.bn_skip      | 1.024K                 | 0.246M   |
| 8.cv2.conv_skip    | 0.393M                 | 94.372M  |
| 8.m                | 3.767M                 | 0.45G    |
| 8.m.0              | 0.946M                 | 0.225G   |
| 8.m.1              | 0.946M                 | 0.225G   |
| 8.m.2              | 0.938M                 |          |
| 8.m.3              | 0.938M                 |          |
| 11                 | 2.106M                 | 1.199G   |
| 11.cv1             | 0.263M                 | 0.252G   |
| 11.cv1.conv        | 0.262M                 | 0.252G   |
| 11.cv1.bn          | 0.512K                 |          |
| 11.cv1.bn_skip     | 0.512K                 | 0.492M   |
| 11.cv2             | 0.395M                 | 0.253G   |
| 11.cv2.conv        | 0.393M                 |          |
| 11.cv2.bn          | 1.024K                 |          |
| 11.cv2.bn_skip     | 1.024K                 | 0.983M   |
| 11.m               | 1.448M                 | 0.694G   |
| 11.m.0             | 0.725M                 | 0.694G   |
| 11.m.1             | 0.723M                 |          |
| 14                 | 0.594M                 | 1.454G   |
| 14.cv1             | 0.132M                 | 0.504G   |
| 14.cv1.conv        | 0.131M                 | 0.503G   |
| 14.cv1.bn          | 0.256K                 |          |
| 14.cv1.bn_skip     | 0.256K                 | 0.983M   |
| 14.cv2             | 99.328K                | 0.254G   |
| 14.cv2.conv        | 98.304K                |          |
| 14.cv2.bn          | 0.512K                 |          |
| 14.cv2.bn_skip     | 0.512K                 | 1.966M   |
| 14.m               | 0.364M                 | 0.696G   |
| 14.m.0             | 0.182M                 | 0.696G   |
| 14.m.1             | 0.181M                 |          |
| 15                 | 0.591M                 | 0.567G   |
| 15.conv            | 0.59M                  | 0.566G   |
| 15.conv.weight     | (256, 256, 3, 3)       |          |
| 15.bn              | 0.512K                 |          |
| 15.bn.weight       | (256,)                 |          |
| 15.bn.bias         | (256,)                 |          |
| 15.bn_skip         | 0.512K                 | 0.492M   |
| 15.bn_skip.weight  | (256,)                 |          |
| 15.bn_skip.bias    | (256,)                 |          |
| 17                 | 2.041M                 | 1.136G   |
| 17.cv1             | 0.198M                 | 0.189G   |
| 17.cv1.conv        | 0.197M                 | 0.189G   |
| 17.cv1.bn          | 0.512K                 |          |
| 17.cv1.bn_skip     | 0.512K                 | 0.492M   |
| 17.cv2             | 0.395M                 | 0.253G   |
| 17.cv2.conv        | 0.393M                 |          |
| 17.cv2.bn          | 1.024K                 |          |
| 17.cv2.bn_skip     | 1.024K                 | 0.983M   |
| 17.m               | 1.448M                 | 0.694G   |
| 17.m.0             | 0.725M                 | 0.694G   |
| 17.m.1             | 0.723M                 |          |
| 18                 | 2.361M                 | 0.566G   |
| 18.conv            | 2.359M                 | 0.566G   |
| 18.conv.weight     | (512, 512, 3, 3)       |          |
| 18.bn              | 1.024K                 |          |
| 18.bn.weight       | (512,)                 |          |
| 18.bn.bias         | (512,)                 |          |
| 18.bn_skip         | 1.024K                 | 0.246M   |
| 18.bn_skip.weight  | (512,)                 |          |
| 18.bn_skip.bias    | (512,)                 |          |
| 20                 | 2.502M                 | 0.457G   |
| 20.cv1             | 0.526M                 | 0.126G   |
| 20.cv1.conv        | 0.524M                 | 0.126G   |
| 20.cv1.bn          | 1.024K                 |          |
| 20.cv1.bn_skip     | 1.024K                 | 0.246M   |
| 20.cv2             | 0.526M                 | 0.126G   |
| 20.cv2.conv        | 0.524M                 | 0.126G   |
| 20.cv2.bn          | 1.024K                 |          |
| 20.cv2.bn_skip     | 1.024K                 | 0.246M   |
| 20.m               | 1.449M                 | 0.205G   |
| 20.m.0             | 0.724M                 | 0.103G   |
| 20.m.1             | 0.724M                 | 0.103G   |
| 21                 | 1.419M                 | 1.917G   |
| 21.cv2             | 0.861M                 | 1.128G   |
| 21.cv2.0           | 0.189M                 | 0.725G   |
| 21.cv2.1           | 0.336M                 | 0.323G   |
| 21.cv2.2           | 0.336M                 | 80.671M  |
| 21.cv3             | 0.558M                 | 0.789G   |
| 21.cv3.0           | 0.14M                  | 0.539G   |
| 21.cv3.1           | 0.209M                 | 0.2G     |
| 21.cv3.2           | 0.209M                 | 50.074M  |
| 21.dfl.conv        | 16                     | 0.323M   |
| 21.dfl.conv.weight | (1, 16, 1, 1)          |          |
| 9                  |                        | 0.492M   |
| 12                 |                        | 1.966M   |
  MACs  (base): 18.45 GMACs
  FLOPs (base): 36.91 GFLOPs

           Epoch         GPU_mem          box_om          cls_om          dfl_om          box_oo          cls_oo          dfl_oo       Instances            Size
/home/hslee/anaconda3/envs/yolov12/lib/python3.11/site-packages/torch/autograd/__init__.py:266: UserWarning: Grad strides do not match bucket view strides. This may indicate grad was not created according to the gradient layout contract, or that the param's strides changed since DDP was constructed.  This is not an error, but may impair performance.
grad.sizes() = [256, 256, 1, 1], strides() = [256, 1, 256, 256]
bucket_view.sizes() = [256, 256, 1, 1], strides() = [256, 1, 1, 1] (Triggered internally at ../torch/csrc/distributed/c10d/reducer.cpp:322.)
  Variable._execution_engine.run_backward(  # Calls into the C++ engine to run the backward pass
/home/hslee/anaconda3/envs/yolov12/lib/python3.11/site-packages/torch/autograd/__init__.py:266: UserWarning: Grad strides do not match bucket view strides. This may indicate grad was not created according to the gradient layout contract, or that the param's strides changed since DDP was constructed.  This is not an error, but may impair performance.
grad.sizes() = [256, 256, 1, 1], strides() = [256, 1, 256, 256]
bucket_view.sizes() = [256, 256, 1, 1], strides() = [256, 1, 1, 1] (Triggered internally at ../torch/csrc/distributed/c10d/reducer.cpp:322.)
  Variable._execution_engine.run_backward(  # Calls into the C++ engine to run the backward pass
  Epoch 1/50  Batch 1/2188 (0.0%)  | Super 185.999 (box 1.3829  cls 3.3137  dfl 1.1159)  | Base 187.793 (box 1.3819  cls 3.3723  dfl 1.1144)  | KD 18.016 (box 0.51034  cls 0.04940  dfl 0.00114  feat 0.00212)
  Epoch 1/50  Batch 219/2188 (10.0%)  | Super 131.665 (box 1.4368  cls 1.5907  dfl 1.0871)  | Base 133.806 (box 1.4348  cls 1.6583  dfl 1.0883)  | KD 14.516 (box 0.42248  cls 0.02813  dfl 0.00094  feat 0.00209)
  Epoch 1/50  Batch 437/2188 (20.0%)  | Super 127.832 (box 1.6121  cls 1.2900  dfl 1.0927)  | Base 132.946 (box 1.6744  cls 1.3701  dfl 1.1100)  | KD 19.112 (box 0.56154  cls 0.03234  dfl 0.00125  feat 0.00214)
  Epoch 1/50  Batch 655/2188 (29.9%)  | Super 106.282 (box 1.3637  cls 0.9207  dfl 1.0370)  | Base 106.175 (box 1.3604  cls 0.9318  dfl 1.0258)  | KD 12.581 (box 0.36822  cls 0.02234  dfl 0.00076  feat 0.00183)
  Epoch 1/50  Batch 873/2188 (39.9%)  | Super 116.134 (box 1.4949  cls 1.0434  dfl 1.0909)  | Base 117.284 (box 1.4921  cls 1.0803  dfl 1.0927)  | KD 15.457 (box 0.46149  cls 0.01861  dfl 0.00094  feat 0.00198)
  Epoch 1/50  Batch 1091/2188 (49.9%)  | Super 103.017 (box 1.3310  cls 0.8691  dfl 1.0191)  | Base 104.590 (box 1.3387  cls 0.9199  dfl 1.0099)  | KD 11.885 (box 0.34907  cls 0.02002  dfl 0.00062  feat 0.00171)
  Epoch 1/50  Batch 1309/2188 (59.8%)  | Super 89.115 (box 1.0889  cls 0.7834  dfl 0.9125)  | Base 92.954 (box 1.1227  cls 0.8562  dfl 0.9260)  | KD 10.990 (box 0.32301  cls 0.01788  dfl 0.00088  feat 0.00165)
  Epoch 1/50  Batch 1527/2188 (69.8%)  | Super 100.647 (box 1.2793  cls 0.8707  dfl 0.9952)  | Base 105.905 (box 1.3344  cls 0.9611  dfl 1.0140)  | KD 10.794 (box 0.31193  cls 0.02280  dfl 0.00070  feat 0.00187)
  Epoch 1/50  Batch 1745/2188 (79.8%)  | Super 98.206 (box 1.2493  cls 0.8443  dfl 0.9754)  | Base 101.433 (box 1.2768  cls 0.8988  dfl 0.9942)  | KD 10.750 (box 0.31622  cls 0.01716  dfl 0.00071  feat 0.00185)
  Epoch 1/50  Batch 1963/2188 (89.7%)  | Super 98.418 (box 1.2542  cls 0.8238  dfl 0.9975)  | Base 99.875 (box 1.2586  cls 0.8724  dfl 0.9901)  | KD 10.920 (box 0.32141  cls 0.01723  dfl 0.00066  feat 0.00195)
  Epoch 1/50  Batch 2181/2188 (99.7%)  | Super 101.052 (box 1.3416  cls 0.7842  dfl 1.0321)  | Base 101.925 (box 1.3422  cls 0.8215  dfl 1.0215)  | KD 10.510 (box 0.31020  cls 0.01563  dfl 0.00074  feat 0.00186)

================================================================================
  [Validation] Super model (skip=False)  |  Epoch 1/50
================================================================================
[*] Validation input tensor shape: torch.Size([32, 3, 384, 672])
                 Class     Images  Instances      Box(P          R      mAP50  mAP50-95)
                   all      10000     185578      0.653      0.386      0.416      0.241

================================================================================
  [Validation] Base model  (skip=True)   |  Epoch 1/50
================================================================================
[*] Validation input tensor shape: torch.Size([32, 3, 384, 672])
                 Class     Images  Instances      Box(P          R      mAP50  mAP50-95)
                   all      10000     185578      0.631      0.379      0.402      0.231

           Epoch         GPU_mem          box_om          cls_om          dfl_om          box_oo          cls_oo          dfl_oo       Instances            Size
  Epoch 2/50  Batch 1/2188 (0.0%)  | Super 108.826 (box 1.3952  cls 0.9036  dfl 1.1020)  | Base 112.956 (box 1.4328  cls 0.9858  dfl 1.1113)  | KD 12.257 (box 0.34780  cls 0.03237  dfl 0.00080  feat 0.00207)
  Epoch 2/50  Batch 219/2188 (10.0%)  | Super 96.265 (box 1.2787  cls 0.7336  dfl 0.9959)  | Base 98.521 (box 1.3031  cls 0.7674  dfl 1.0083)  | KD 9.897 (box 0.29293  cls 0.01389  dfl 0.00068  feat 0.00180)
  Epoch 2/50  Batch 437/2188 (20.0%)  | Super 115.845 (box 1.5712  cls 0.9246  dfl 1.1243)  | Base 117.374 (box 1.5820  cls 0.9706  dfl 1.1153)  | KD 13.216 (box 0.39762  cls 0.01275  dfl 0.00074  feat 0.00190)
  Epoch 2/50  Batch 655/2188 (29.9%)  | Super 95.047 (box 1.2359  cls 0.7548  dfl 0.9795)  | Base 97.089 (box 1.2526  cls 0.7903  dfl 0.9911)  | KD 10.757 (box 0.31953  cls 0.01385  dfl 0.00076  feat 0.00202)
  Epoch 2/50  Batch 873/2188 (39.9%)  | Super 107.010 (box 1.3986  cls 0.8645  dfl 1.0810)  | Base 107.356 (box 1.3764  cls 0.9091  dfl 1.0693)  | KD 13.491 (box 0.40127  cls 0.01763  dfl 0.00092  feat 0.00178)
  Epoch 2/50  Batch 1091/2188 (49.9%)  | Super 92.296 (box 1.2444  cls 0.7051  dfl 0.9348)  | Base 93.797 (box 1.2599  cls 0.7343  dfl 0.9370)  | KD 10.027 (box 0.29905  cls 0.01208  dfl 0.00059  feat 0.00161)
  Epoch 2/50  Batch 1309/2188 (59.8%)  | Super 84.432 (box 1.0624  cls 0.6517  dfl 0.9244)  | Base 86.773 (box 1.0881  cls 0.6884  dfl 0.9352)  | KD 9.314 (box 0.28024  cls 0.00853  dfl 0.00070  feat 0.00159)
  Epoch 2/50  Batch 1527/2188 (69.8%)  | Super 100.245 (box 1.2922  cls 0.8209  dfl 1.0196)  | Base 102.192 (box 1.3056  cls 0.8857  dfl 1.0022)  | KD 10.726 (box 0.30440  cls 0.02871  dfl 0.00058  feat 0.00150)
  Epoch 2/50  Batch 1745/2188 (79.8%)  | Super 94.331 (box 1.2514  cls 0.7084  dfl 0.9881)  | Base 95.684 (box 1.2679  cls 0.7472  dfl 0.9750)  | KD 9.466 (box 0.28052  cls 0.01318  dfl 0.00055  feat 0.00157)
  Epoch 2/50  Batch 1963/2188 (89.7%)  | Super 95.046 (box 1.2265  cls 0.7877  dfl 0.9560)  | Base 97.664 (box 1.2538  cls 0.8346  dfl 0.9636)  | KD 10.165 (box 0.29989  cls 0.01528  dfl 0.00079  feat 0.00170)
  Epoch 2/50  Batch 2181/2188 (99.7%)  | Super 101.780 (box 1.3413  cls 0.7722  dfl 1.0671)  | Base 104.514 (box 1.3625  cls 0.8176  dfl 1.0859)  | KD 9.915 (box 0.29506  cls 0.01259  dfl 0.00060  feat 0.00158)

================================================================================
  [Validation] Super model (skip=False)  |  Epoch 2/50
================================================================================
[*] Validation input tensor shape: torch.Size([32, 3, 384, 672])
                 Class     Images  Instances      Box(P          R      mAP50  mAP50-95)
                   all      10000     185578       0.69      0.437      0.478      0.275

================================================================================
  [Validation] Base model  (skip=True)   |  Epoch 2/50
================================================================================
[*] Validation input tensor shape: torch.Size([32, 3, 384, 672])
                 Class     Images  Instances      Box(P          R      mAP50  mAP50-95)
                   all      10000     185578      0.679      0.425      0.465      0.266

           Epoch         GPU_mem          box_om          cls_om          dfl_om          box_oo          cls_oo          dfl_oo       Instances            Size
  Epoch 3/50  Batch 1/2188 (0.0%)  | Super 97.128 (box 1.2651  cls 0.7567  dfl 1.0135)  | Base 100.597 (box 1.3078  cls 0.8090  dfl 1.0269)  | KD 10.676 (box 0.31750  cls 0.01380  dfl 0.00065  feat 0.00169)
  Epoch 3/50  Batch 219/2188 (10.0%)  | Super 98.983 (box 1.3277  cls 0.7286  dfl 1.0369)  | Base 99.552 (box 1.3223  cls 0.7565  dfl 1.0322)  | KD 9.953 (box 0.29950  cls 0.00928  dfl 0.00065  feat 0.00160)
  Epoch 3/50  Batch 437/2188 (20.0%)  | Super 105.189 (box 1.4651  cls 0.8223  dfl 0.9998)  | Base 109.028 (box 1.5170  cls 0.8783  dfl 1.0118)  | KD 12.223 (box 0.36979  cls 0.00980  dfl 0.00082  feat 0.00156)
  Epoch 3/50  Batch 655/2188 (29.9%)  | Super 93.555 (box 1.2472  cls 0.7150  dfl 0.9614)  | Base 95.096 (box 1.2665  cls 0.7335  dfl 0.9717)  | KD 9.277 (box 0.27706  cls 0.01069  dfl 0.00061  feat 0.00155)
  Epoch 3/50  Batch 873/2188 (39.9%)  | Super 100.118 (box 1.2900  cls 0.8288  dfl 1.0099)  | Base 101.452 (box 1.2932  cls 0.8685  dfl 1.0087)  | KD 10.379 (box 0.31086  cls 0.01145  dfl 0.00060  feat 0.00141)
  Epoch 3/50  Batch 1091/2188 (49.9%)  | Super 90.651 (box 1.2097  cls 0.6607  dfl 0.9625)  | Base 91.344 (box 1.2168  cls 0.6794  dfl 0.9583)  | KD 8.429 (box 0.25394  cls 0.00760  dfl 0.00052  feat 0.00135)
  Epoch 3/50  Batch 1309/2188 (59.8%)  | Super 89.204 (box 1.1668  cls 0.6250  dfl 0.9958)  | Base 91.449 (box 1.1805  cls 0.6749  dfl 1.0024)  | KD 8.688 (box 0.25891  cls 0.01047  dfl 0.00066  feat 0.00147)
  Epoch 3/50  Batch 1527/2188 (69.8%)  | Super 97.639 (box 1.2828  cls 0.7743  dfl 0.9941)  | Base 98.316 (box 1.2873  cls 0.7955  dfl 0.9896)  | KD 9.769 (box 0.28263  cls 0.02036  dfl 0.00070  feat 0.00157)
  Epoch 3/50  Batch 1745/2188 (79.8%)  | Super 94.761 (box 1.2594  cls 0.6971  dfl 1.0048)  | Base 96.856 (box 1.2875  cls 0.7394  dfl 0.9999)  | KD 9.695 (box 0.28816  cls 0.01291  dfl 0.00059  feat 0.00132)
  Epoch 3/50  Batch 1963/2188 (89.7%)  | Super 95.808 (box 1.2620  cls 0.7576  dfl 0.9744)  | Base 99.071 (box 1.2926  cls 0.8080  dfl 0.9954)  | KD 9.296 (box 0.27814  cls 0.01020  dfl 0.00062  feat 0.00154)
  Epoch 3/50  Batch 2181/2188 (99.7%)  | Super 99.775 (box 1.3229  cls 0.6776  dfl 1.1175)  | Base 100.566 (box 1.3221  cls 0.7182  dfl 1.1024)  | KD 9.704 (box 0.29035  cls 0.01092  dfl 0.00068  feat 0.00131)

================================================================================
  [Validation] Super model (skip=False)  |  Epoch 3/50
================================================================================
[*] Validation input tensor shape: torch.Size([32, 3, 384, 672])
                 Class     Images  Instances      Box(P          R      mAP50  mAP50-95)
                   all      10000     185578      0.705      0.445      0.493      0.286

================================================================================
  [Validation] Base model  (skip=True)   |  Epoch 3/50
================================================================================
[*] Validation input tensor shape: torch.Size([32, 3, 384, 672])
                 Class     Images  Instances      Box(P          R      mAP50  mAP50-95)
                   all      10000     185578      0.599      0.434      0.483      0.277

           Epoch         GPU_mem          box_om          cls_om          dfl_om          box_oo          cls_oo          dfl_oo       Instances            Size
  Epoch 4/50  Batch 1/2188 (0.0%)  | Super 96.231 (box 1.2422  cls 0.7298  dfl 1.0352)  | Base 98.152 (box 1.2658  cls 0.7675  dfl 1.0339)  | KD 9.879 (box 0.29612  cls 0.01055  dfl 0.00070  feat 0.00134)
  Epoch 4/50  Batch 219/2188 (10.0%)  | Super 101.885 (box 1.3188  cls 0.7853  dfl 1.0799)  | Base 101.632 (box 1.3212  cls 0.7830  dfl 1.0718)  | KD 8.989 (box 0.27089  cls 0.00803  dfl 0.00056  feat 0.00143)
  Epoch 4/50  Batch 437/2188 (20.0%)  | Super 101.028 (box 1.4132  cls 0.7646  dfl 0.9793)  | Base 102.436 (box 1.4311  cls 0.7927  dfl 0.9773)  | KD 11.147 (box 0.33757  cls 0.00878  dfl 0.00061  feat 0.00137)
  Epoch 4/50  Batch 655/2188 (29.9%)  | Super 92.307 (box 1.2025  cls 0.7022  dfl 0.9799)  | Base 93.302 (box 1.2058  cls 0.7320  dfl 0.9779)  | KD 8.793 (box 0.26081  cls 0.01199  dfl 0.00059  feat 0.00138)
  Epoch 4/50  Batch 873/2188 (39.9%)  | Super 101.233 (box 1.3352  cls 0.7611  dfl 1.0672)  | Base 102.004 (box 1.3518  cls 0.7784  dfl 1.0574)  | KD 9.673 (box 0.28533  cls 0.01489  dfl 0.00063  feat 0.00142)
  Epoch 4/50  Batch 1091/2188 (49.9%)  | Super 88.919 (box 1.1986  cls 0.6260  dfl 0.9542)  | Base 90.590 (box 1.2171  cls 0.6573  dfl 0.9566)  | KD 8.153 (box 0.24740  cls 0.00566  dfl 0.00047  feat 0.00126)
  Epoch 4/50  Batch 1309/2188 (59.8%)  | Super 86.325 (box 1.1285  cls 0.5922  dfl 0.9769)  | Base 87.804 (box 1.1373  cls 0.6235  dfl 0.9830)  | KD 8.527 (box 0.25716  cls 0.00737  dfl 0.00062  feat 0.00133)
  Epoch 4/50  Batch 1527/2188 (69.8%)  | Super 95.298 (box 1.2610  cls 0.7212  dfl 0.9958)  | Base 97.426 (box 1.2695  cls 0.7742  dfl 1.0008)  | KD 9.262 (box 0.27040  cls 0.01705  dfl 0.00053  feat 0.00145)
  Epoch 4/50  Batch 1745/2188 (79.8%)  | Super 91.586 (box 1.2326  cls 0.6650  dfl 0.9644)  | Base 93.342 (box 1.2574  cls 0.6921  dfl 0.9675)  | KD 9.061 (box 0.27213  cls 0.00908  dfl 0.00054  feat 0.00140)
  Epoch 4/50  Batch 1963/2188 (89.7%)  | Super 90.786 (box 1.2248  cls 0.6668  dfl 0.9455)  | Base 92.498 (box 1.2357  cls 0.7113  dfl 0.9435)  | KD 9.154 (box 0.27508  cls 0.00885  dfl 0.00059  feat 0.00154)
  Epoch 4/50  Batch 2181/2188 (99.7%)  | Super 96.176 (box 1.2788  cls 0.6779  dfl 1.0488)  | Base 95.840 (box 1.2714  cls 0.6855  dfl 1.0382)  | KD 8.312 (box 0.25063  cls 0.00714  dfl 0.00051  feat 0.00146)

================================================================================
  [Validation] Super model (skip=False)  |  Epoch 4/50
================================================================================
[*] Validation input tensor shape: torch.Size([32, 3, 384, 672])
                 Class     Images  Instances      Box(P          R      mAP50  mAP50-95)
                   all      10000     185578      0.623      0.456      0.509      0.294

================================================================================
  [Validation] Base model  (skip=True)   |  Epoch 4/50
================================================================================
[*] Validation input tensor shape: torch.Size([32, 3, 384, 672])
                 Class     Images  Instances      Box(P          R      mAP50  mAP50-95)
                   all      10000     185578      0.618      0.447      0.499      0.287

           Epoch         GPU_mem          box_om          cls_om          dfl_om          box_oo          cls_oo          dfl_oo       Instances            Size
  Epoch 5/50  Batch 1/2188 (0.0%)  | Super 95.413 (box 1.2673  cls 0.7277  dfl 0.9866)  | Base 96.818 (box 1.2858  cls 0.7493  dfl 0.9905)  | KD 8.725 (box 0.26088  cls 0.00990  dfl 0.00048  feat 0.00139)
  Epoch 5/50  Batch 219/2188 (10.0%)  | Super 92.317 (box 1.2619  cls 0.6886  dfl 0.9344)  | Base 93.416 (box 1.2783  cls 0.7121  dfl 0.9288)  | KD 7.532 (box 0.22525  cls 0.00837  dfl 0.00042  feat 0.00134)
  Epoch 5/50  Batch 437/2188 (20.0%)  | Super 103.300 (box 1.4387  cls 0.7924  dfl 0.9971)  | Base 106.229 (box 1.4725  cls 0.8378  dfl 1.0093)  | KD 10.771 (box 0.32040  cls 0.01408  dfl 0.00060  feat 0.00151)
  Epoch 5/50  Batch 655/2188 (29.9%)  | Super 90.156 (box 1.2095  cls 0.6526  dfl 0.9553)  | Base 90.683 (box 1.2120  cls 0.6680  dfl 0.9539)  | KD 7.994 (box 0.23839  cls 0.00956  dfl 0.00050  feat 0.00136)
  Epoch 5/50  Batch 873/2188 (39.9%)  | Super 101.644 (box 1.3181  cls 0.7999  dfl 1.0583)  | Base 101.797 (box 1.3105  cls 0.8271  dfl 1.0435)  | KD 9.699 (box 0.29006  cls 0.01111  dfl 0.00054  feat 0.00138)
  Epoch 5/50  Batch 1091/2188 (49.9%)  | Super 91.332 (box 1.2262  cls 0.6423  dfl 0.9856)  | Base 92.977 (box 1.2487  cls 0.6673  dfl 0.9895)  | KD 7.760 (box 0.23130  cls 0.00949  dfl 0.00046  feat 0.00127)
  Epoch 5/50  Batch 1309/2188 (59.8%)  | Super 84.099 (box 1.0781  cls 0.6076  dfl 0.9424)  | Base 86.049 (box 1.1005  cls 0.6478  dfl 0.9408)  | KD 8.386 (box 0.25136  cls 0.00893  dfl 0.00053  feat 0.00124)
  Epoch 5/50  Batch 1527/2188 (69.8%)  | Super 98.090 (box 1.2938  cls 0.7691  dfl 1.0024)  | Base 100.239 (box 1.3197  cls 0.8027  dfl 1.0101)  | KD 8.919 (box 0.26381  cls 0.01300  dfl 0.00055  feat 0.00136)
  Epoch 5/50  Batch 1745/2188 (79.8%)  | Super 87.746 (box 1.1664  cls 0.6062  dfl 0.9695)  | Base 89.806 (box 1.1990  cls 0.6351  dfl 0.9723)  | KD 8.258 (box 0.24871  cls 0.00763  dfl 0.00047  feat 0.00124)
  Epoch 5/50  Batch 1963/2188 (89.7%)  | Super 90.981 (box 1.2008  cls 0.6679  dfl 0.9745)  | Base 93.449 (box 1.2283  cls 0.7122  dfl 0.9797)  | KD 7.780 (box 0.23335  cls 0.00800  dfl 0.00041  feat 0.00136)
  Epoch 5/50  Batch 2181/2188 (99.7%)  | Super 98.339 (box 1.3135  cls 0.6939  dfl 1.0656)  | Base 99.755 (box 1.3230  cls 0.7191  dfl 1.0752)  | KD 7.536 (box 0.22707  cls 0.00656  dfl 0.00046  feat 0.00140)

================================================================================
  [Validation] Super model (skip=False)  |  Epoch 5/50
================================================================================
[*] Validation input tensor shape: torch.Size([32, 3, 384, 672])
                 Class     Images  Instances      Box(P          R      mAP50  mAP50-95)
                   all      10000     185578      0.615      0.465      0.516      0.299

================================================================================
  [Validation] Base model  (skip=True)   |  Epoch 5/50
================================================================================
[*] Validation input tensor shape: torch.Size([32, 3, 384, 672])
                 Class     Images  Instances      Box(P          R      mAP50  mAP50-95)
                   all      10000     185578      0.611      0.455      0.505      0.291

           Epoch         GPU_mem          box_om          cls_om          dfl_om          box_oo          cls_oo          dfl_oo       Instances            Size
  Epoch 6/50  Batch 1/2188 (0.0%)  | Super 92.543 (box 1.2301  cls 0.6759  dfl 0.9859)  | Base 93.969 (box 1.2383  cls 0.7115  dfl 0.9867)  | KD 8.109 (box 0.24158  cls 0.01008  dfl 0.00049  feat 0.00126)
  Epoch 6/50  Batch 219/2188 (10.0%)  | Super 91.521 (box 1.2138  cls 0.6476  dfl 0.9987)  | Base 93.325 (box 1.2355  cls 0.6695  dfl 1.0114)  | KD 8.159 (box 0.24295  cls 0.01019  dfl 0.00055  feat 0.00128)
  Epoch 6/50  Batch 437/2188 (20.0%)  | Super 105.547 (box 1.5077  cls 0.7823  dfl 1.0083)  | Base 106.152 (box 1.5225  cls 0.7909  dfl 1.0039)  | KD 10.253 (box 0.31016  cls 0.00852  dfl 0.00051  feat 0.00123)
  Epoch 6/50  Batch 655/2188 (29.9%)  | Super 90.732 (box 1.2027  cls 0.6715  dfl 0.9611)  | Base 91.714 (box 1.2205  cls 0.6846  dfl 0.9609)  | KD 8.514 (box 0.25468  cls 0.00955  dfl 0.00052  feat 0.00131)
  Epoch 6/50  Batch 873/2188 (39.9%)  | Super 99.648 (box 1.2776  cls 0.7917  dfl 1.0446)  | Base 100.036 (box 1.2907  cls 0.7904  dfl 1.0450)  | KD 9.651 (box 0.29074  cls 0.00902  dfl 0.00061  feat 0.00124)
  Epoch 6/50  Batch 1091/2188 (49.9%)  | Super 84.792 (box 1.1406  cls 0.5901  dfl 0.9191)  | Base 86.022 (box 1.1545  cls 0.6108  dfl 0.9229)  | KD 7.328 (box 0.21928  cls 0.00818  dfl 0.00039  feat 0.00116)
  Epoch 6/50  Batch 1309/2188 (59.8%)  | Super 88.106 (box 1.1670  cls 0.6254  dfl 0.9609)  | Base 89.174 (box 1.1824  cls 0.6451  dfl 0.9592)  | KD 7.807 (box 0.23265  cls 0.00957  dfl 0.00047  feat 0.00129)
  Epoch 6/50  Batch 1527/2188 (69.8%)  | Super 93.960 (box 1.2448  cls 0.7231  dfl 0.9683)  | Base 95.133 (box 1.2454  cls 0.7637  dfl 0.9638)  | KD 7.699 (box 0.22984  cls 0.00898  dfl 0.00048  feat 0.00130)
  Epoch 6/50  Batch 1745/2188 (79.8%)  | Super 85.681 (box 1.1161  cls 0.6300  dfl 0.9314)  | Base 86.847 (box 1.1257  cls 0.6581  dfl 0.9301)  | KD 8.040 (box 0.24164  cls 0.00782  dfl 0.00057  feat 0.00122)
  Epoch 6/50  Batch 1963/2188 (89.7%)  | Super 91.660 (box 1.2086  cls 0.6804  dfl 0.9753)  | Base 92.866 (box 1.2200  cls 0.7086  dfl 0.9734)  | KD 8.468 (box 0.25350  cls 0.00916  dfl 0.00056  feat 0.00139)
  Epoch 6/50  Batch 2181/2188 (99.7%)  | Super 94.994 (box 1.2655  cls 0.6563  dfl 1.0467)  | Base 95.739 (box 1.2790  cls 0.6630  dfl 1.0499)  | KD 7.497 (box 0.22516  cls 0.00731  dfl 0.00049  feat 0.00132)

================================================================================
  [Validation] Super model (skip=False)  |  Epoch 6/50
================================================================================
[*] Validation input tensor shape: torch.Size([32, 3, 384, 672])
                 Class     Images  Instances      Box(P          R      mAP50  mAP50-95)
                   all      10000     185578      0.632      0.465      0.523      0.302

================================================================================
  [Validation] Base model  (skip=True)   |  Epoch 6/50
================================================================================
[*] Validation input tensor shape: torch.Size([32, 3, 384, 672])
                 Class     Images  Instances      Box(P          R      mAP50  mAP50-95)
                   all      10000     185578       0.62      0.462      0.514      0.295

           Epoch         GPU_mem          box_om          cls_om          dfl_om          box_oo          cls_oo          dfl_oo       Instances            Size
  Epoch 7/50  Batch 1/2188 (0.0%)  | Super 91.152 (box 1.2201  cls 0.6437  dfl 0.9847)  | Base 91.536 (box 1.2272  cls 0.6591  dfl 0.9742)  | KD 9.632 (box 0.28623  cls 0.01292  dfl 0.00066  feat 0.00118)
  Epoch 7/50  Batch 219/2188 (10.0%)  | Super 95.073 (box 1.3008  cls 0.6989  dfl 0.9714)  | Base 94.336 (box 1.2897  cls 0.7020  dfl 0.9563)  | KD 7.322 (box 0.21948  cls 0.00777  dfl 0.00038  feat 0.00119)
  Epoch 7/50  Batch 437/2188 (20.0%)  | Super 97.103 (box 1.3643  cls 0.7135  dfl 0.9567)  | Base 98.790 (box 1.3872  cls 0.7411  dfl 0.9589)  | KD 9.299 (box 0.28214  cls 0.00679  dfl 0.00047  feat 0.00117)
  Epoch 7/50  Batch 655/2188 (29.9%)  | Super 86.026 (box 1.1614  cls 0.5921  dfl 0.9348)  | Base 87.792 (box 1.1860  cls 0.6200  dfl 0.9375)  | KD 7.278 (box 0.21899  cls 0.00679  dfl 0.00044  feat 0.00122)
  Epoch 7/50  Batch 873/2188 (39.9%)  | Super 98.930 (box 1.3154  cls 0.7544  dfl 1.0217)  | Base 99.644 (box 1.3450  cls 0.7553  dfl 1.0136)  | KD 9.368 (box 0.28192  cls 0.00912  dfl 0.00053  feat 0.00119)
  Epoch 7/50  Batch 1091/2188 (49.9%)  | Super 85.393 (box 1.1585  cls 0.5934  dfl 0.9167)  | Base 87.035 (box 1.1737  cls 0.6280  dfl 0.9181)  | KD 7.941 (box 0.23664  cls 0.00986  dfl 0.00056  feat 0.00110)
  Epoch 7/50  Batch 1309/2188 (59.8%)  | Super 83.651 (box 1.0833  cls 0.5792  dfl 0.9516)  | Base 85.626 (box 1.1054  cls 0.6162  dfl 0.9541)  | KD 8.013 (box 0.23773  cls 0.01076  dfl 0.00055  feat 0.00136)
  Epoch 7/50  Batch 1527/2188 (69.8%)  | Super 94.320 (box 1.2629  cls 0.7004  dfl 0.9842)  | Base 94.852 (box 1.2634  cls 0.7188  dfl 0.9819)  | KD 8.652 (box 0.25502  cls 0.01366  dfl 0.00052  feat 0.00118)
  Epoch 7/50  Batch 1745/2188 (79.8%)  | Super 86.880 (box 1.1380  cls 0.6384  dfl 0.9385)  | Base 88.598 (box 1.1645  cls 0.6659  dfl 0.9383)  | KD 7.475 (box 0.22551  cls 0.00644  dfl 0.00042  feat 0.00121)
  Epoch 7/50  Batch 1963/2188 (89.7%)  | Super 91.610 (box 1.2425  cls 0.6771  dfl 0.9432)  | Base 92.644 (box 1.2588  cls 0.7024  dfl 0.9339)  | KD 9.723 (box 0.28937  cls 0.01254  dfl 0.00056  feat 0.00137)
  Epoch 7/50  Batch 2181/2188 (99.7%)  | Super 101.687 (box 1.3730  cls 0.7173  dfl 1.0874)  | Base 101.141 (box 1.3775  cls 0.7141  dfl 1.0691)  | KD 7.521 (box 0.22682  cls 0.00657  dfl 0.00045  feat 0.00118)

================================================================================
  [Validation] Super model (skip=False)  |  Epoch 7/50
================================================================================
[*] Validation input tensor shape: torch.Size([32, 3, 384, 672])
                 Class     Images  Instances      Box(P          R      mAP50  mAP50-95)
                   all      10000     185578      0.616      0.476      0.527      0.305

================================================================================
  [Validation] Base model  (skip=True)   |  Epoch 7/50
================================================================================
[*] Validation input tensor shape: torch.Size([32, 3, 384, 672])
                 Class     Images  Instances      Box(P          R      mAP50  mAP50-95)
                   all      10000     185578       0.62      0.463      0.517      0.298

           Epoch         GPU_mem          box_om          cls_om          dfl_om          box_oo          cls_oo          dfl_oo       Instances            Size
  Epoch 8/50  Batch 1/2188 (0.0%)  | Super 91.475 (box 1.2062  cls 0.6802  dfl 0.9723)  | Base 92.785 (box 1.2184  cls 0.7100  dfl 0.9711)  | KD 7.664 (box 0.22944  cls 0.00848  dfl 0.00044  feat 0.00114)
  Epoch 8/50  Batch 219/2188 (10.0%)  | Super 90.287 (box 1.2336  cls 0.6228  dfl 0.9650)  | Base 92.323 (box 1.2682  cls 0.6395  dfl 0.9774)  | KD 7.058 (box 0.21298  cls 0.00598  dfl 0.00042  feat 0.00118)
  Epoch 8/50  Batch 437/2188 (20.0%)  | Super 102.741 (box 1.4577  cls 0.7632  dfl 0.9898)  | Base 102.764 (box 1.4649  cls 0.7609  dfl 0.9856)  | KD 11.243 (box 0.34160  cls 0.00785  dfl 0.00070  feat 0.00120)
  Epoch 8/50  Batch 655/2188 (29.9%)  | Super 85.750 (box 1.1387  cls 0.6086  dfl 0.9324)  | Base 86.884 (box 1.1551  cls 0.6284  dfl 0.9315)  | KD 7.762 (box 0.22645  cls 0.01453  dfl 0.00040  feat 0.00120)
  Epoch 8/50  Batch 873/2188 (39.9%)  | Super 102.938 (box 1.3927  cls 0.7836  dfl 1.0405)  | Base 102.662 (box 1.3790  cls 0.7995  dfl 1.0297)  | KD 9.779 (box 0.29419  cls 0.00959  dfl 0.00046  feat 0.00137)
  Epoch 8/50  Batch 1091/2188 (49.9%)  | Super 84.507 (box 1.1225  cls 0.5755  dfl 0.9428)  | Base 85.923 (box 1.1406  cls 0.6025  dfl 0.9421)  | KD 6.912 (box 0.20623  cls 0.00824  dfl 0.00044  feat 0.00108)
  Epoch 8/50  Batch 1309/2188 (59.8%)  | Super 85.800 (box 1.1276  cls 0.5959  dfl 0.9578)  | Base 87.254 (box 1.1409  cls 0.6286  dfl 0.9572)  | KD 7.042 (box 0.21272  cls 0.00564  dfl 0.00044  feat 0.00125)
  Epoch 8/50  Batch 1527/2188 (69.8%)  | Super 94.195 (box 1.2459  cls 0.7199  dfl 0.9778)  | Base 95.442 (box 1.2584  cls 0.7522  dfl 0.9720)  | KD 8.521 (box 0.25356  cls 0.01092  dfl 0.00050  feat 0.00132)
  Epoch 8/50  Batch 1745/2188 (79.8%)  | Super 90.649 (box 1.2417  cls 0.6091  dfl 0.9820)  | Base 91.581 (box 1.2520  cls 0.6235  dfl 0.9863)  | KD 7.844 (box 0.23832  cls 0.00520  dfl 0.00047  feat 0.00113)
  Epoch 8/50  Batch 1963/2188 (89.7%)  | Super 89.034 (box 1.2063  cls 0.6289  dfl 0.9471)  | Base 91.227 (box 1.2269  cls 0.6681  dfl 0.9558)  | KD 7.772 (box 0.23463  cls 0.00653  dfl 0.00040  feat 0.00133)
  Epoch 8/50  Batch 2181/2188 (99.7%)  | Super 97.839 (box 1.3363  cls 0.6632  dfl 1.0580)  | Base 98.917 (box 1.3510  cls 0.6896  dfl 1.0506)  | KD 7.268 (box 0.22042  cls 0.00494  dfl 0.00045  feat 0.00132)

================================================================================
  [Validation] Super model (skip=False)  |  Epoch 8/50
================================================================================
[*] Validation input tensor shape: torch.Size([32, 3, 384, 672])
                 Class     Images  Instances      Box(P          R      mAP50  mAP50-95)
                   all      10000     185578      0.724      0.478      0.531      0.308

================================================================================
  [Validation] Base model  (skip=True)   |  Epoch 8/50
================================================================================
[*] Validation input tensor shape: torch.Size([32, 3, 384, 672])
                 Class     Images  Instances      Box(P          R      mAP50  mAP50-95)
                   all      10000     185578      0.719      0.472      0.523      0.301

           Epoch         GPU_mem          box_om          cls_om          dfl_om          box_oo          cls_oo          dfl_oo       Instances            Size
  Epoch 9/50  Batch 1/2188 (0.0%)  | Super 88.655 (box 1.1793  cls 0.6398  dfl 0.9514)  | Base 90.407 (box 1.1885  cls 0.6828  dfl 0.9539)  | KD 7.819 (box 0.23550  cls 0.00724  dfl 0.00047  feat 0.00113)
  Epoch 9/50  Batch 219/2188 (10.0%)  | Super 97.108 (box 1.3216  cls 0.6880  dfl 1.0251)  | Base 97.916 (box 1.3280  cls 0.7143  dfl 1.0176)  | KD 7.761 (box 0.23543  cls 0.00554  dfl 0.00047  feat 0.00109)
  Epoch 9/50  Batch 437/2188 (20.0%)  | Super 100.836 (box 1.4460  cls 0.7077  dfl 0.9974)  | Base 101.973 (box 1.4602  cls 0.7297  dfl 0.9968)  | KD 9.564 (box 0.29044  cls 0.00675  dfl 0.00042  feat 0.00125)
  Epoch 9/50  Batch 655/2188 (29.9%)  | Super 85.654 (box 1.1447  cls 0.6060  dfl 0.9260)  | Base 86.980 (box 1.1589  cls 0.6324  dfl 0.9268)  | KD 6.456 (box 0.19394  cls 0.00639  dfl 0.00038  feat 0.00106)
  Epoch 9/50  Batch 873/2188 (39.9%)  | Super 99.070 (box 1.3313  cls 0.7449  dfl 1.0197)  | Base 101.865 (box 1.3645  cls 0.7856  dfl 1.0332)  | KD 7.929 (box 0.23778  cls 0.00842  dfl 0.00045  feat 0.00113)
  Epoch 9/50  Batch 1091/2188 (49.9%)  | Super 89.872 (box 1.2347  cls 0.5979  dfl 0.9759)  | Base 90.881 (box 1.2443  cls 0.6261  dfl 0.9696)  | KD 7.314 (box 0.21862  cls 0.00842  dfl 0.00042  feat 0.00111)
  Epoch 9/50  Batch 1309/2188 (59.8%)  | Super 86.943 (box 1.1467  cls 0.6195  dfl 0.9508)  | Base 88.405 (box 1.1658  cls 0.6458  dfl 0.9510)  | KD 7.801 (box 0.23532  cls 0.00676  dfl 0.00055  feat 0.00114)
  Epoch 9/50  Batch 1527/2188 (69.8%)  | Super 92.342 (box 1.2339  cls 0.6990  dfl 0.9528)  | Base 92.588 (box 1.2388  cls 0.7100  dfl 0.9445)  | KD 7.555 (box 0.22414  cls 0.01024  dfl 0.00043  feat 0.00128)
  Epoch 9/50  Batch 1745/2188 (79.8%)  | Super 89.761 (box 1.1818  cls 0.6675  dfl 0.9558)  | Base 91.109 (box 1.1948  cls 0.6923  dfl 0.9601)  | KD 8.934 (box 0.26949  cls 0.00805  dfl 0.00051  feat 0.00114)
  Epoch 9/50  Batch 1963/2188 (89.7%)  | Super 82.554 (box 1.0808  cls 0.5692  dfl 0.9299)  | Base 84.456 (box 1.1133  cls 0.5968  dfl 0.9292)  | KD 7.536 (box 0.22748  cls 0.00632  dfl 0.00042  feat 0.00129)
  Epoch 9/50  Batch 2181/2188 (99.7%)  | Super 95.021 (box 1.2911  cls 0.6733  dfl 1.0050)  | Base 97.629 (box 1.3426  cls 0.6864  dfl 1.0219)  | KD 7.624 (box 0.22981  cls 0.00680  dfl 0.00041  feat 0.00125)

================================================================================
  [Validation] Super model (skip=False)  |  Epoch 9/50
================================================================================
[*] Validation input tensor shape: torch.Size([32, 3, 384, 672])
                 Class     Images  Instances      Box(P          R      mAP50  mAP50-95)
                   all      10000     185578      0.742      0.474      0.536       0.31

================================================================================
  [Validation] Base model  (skip=True)   |  Epoch 9/50
================================================================================
[*] Validation input tensor shape: torch.Size([32, 3, 384, 672])
                 Class     Images  Instances      Box(P          R      mAP50  mAP50-95)
                   all      10000     185578      0.718      0.477       0.53      0.308

           Epoch         GPU_mem          box_om          cls_om          dfl_om          box_oo          cls_oo          dfl_oo       Instances            Size
  Epoch 10/50  Batch 1/2188 (0.0%)  | Super 90.319 (box 1.1727  cls 0.6574  dfl 0.9924)  | Base 90.755 (box 1.1805  cls 0.6731  dfl 0.9825)  | KD 7.692 (box 0.22788  cls 0.01060  dfl 0.00051  feat 0.00140)
  Epoch 10/50  Batch 219/2188 (10.0%)  | Super 94.693 (box 1.2637  cls 0.6590  dfl 1.0365)  | Base 96.489 (box 1.2928  cls 0.6823  dfl 1.0402)  | KD 7.152 (box 0.21139  cls 0.01035  dfl 0.00044  feat 0.00130)
  Epoch 10/50  Batch 437/2188 (20.0%)  | Super 100.699 (box 1.4347  cls 0.7022  dfl 1.0099)  | Base 102.782 (box 1.4592  cls 0.7409  dfl 1.0119)  | KD 9.005 (box 0.27354  cls 0.00621  dfl 0.00049  feat 0.00116)
  Epoch 10/50  Batch 655/2188 (29.9%)  | Super 90.322 (box 1.2159  cls 0.6375  dfl 0.9692)  | Base 91.457 (box 1.2332  cls 0.6511  dfl 0.9738)  | KD 7.574 (box 0.22964  cls 0.00553  dfl 0.00044  feat 0.00108)
  Epoch 10/50  Batch 873/2188 (39.9%)  | Super 100.169 (box 1.3203  cls 0.7775  dfl 1.0325)  | Base 101.085 (box 1.3423  cls 0.7849  dfl 1.0317)  | KD 9.474 (box 0.28595  cls 0.00821  dfl 0.00057  feat 0.00134)
  Epoch 10/50  Batch 1091/2188 (49.9%)  | Super 86.764 (box 1.1500  cls 0.6043  dfl 0.9571)  | Base 88.036 (box 1.1659  cls 0.6300  dfl 0.9552)  | KD 7.562 (box 0.22741  cls 0.00740  dfl 0.00045  feat 0.00105)
  Epoch 10/50  Batch 1309/2188 (59.8%)  | Super 85.607 (box 1.1055  cls 0.5846  dfl 0.9852)  | Base 86.282 (box 1.1122  cls 0.6158  dfl 0.9683)  | KD 8.006 (box 0.23676  cls 0.01153  dfl 0.00057  feat 0.00133)
  Epoch 10/50  Batch 1527/2188 (69.8%)  | Super 92.989 (box 1.2172  cls 0.7077  dfl 0.9809)  | Base 93.569 (box 1.2302  cls 0.7285  dfl 0.9653)  | KD 8.164 (box 0.24318  cls 0.01005  dfl 0.00050  feat 0.00139)
  Epoch 10/50  Batch 1745/2188 (79.8%)  | Super 87.243 (box 1.1617  cls 0.5982  dfl 0.9664)  | Base 88.325 (box 1.1739  cls 0.6194  dfl 0.9669)  | KD 7.185 (box 0.21553  cls 0.00735  dfl 0.00045  feat 0.00119)
  Epoch 10/50  Batch 1963/2188 (89.7%)  | Super 88.134 (box 1.1691  cls 0.5914  dfl 0.9937)  | Base 89.889 (box 1.2061  cls 0.6113  dfl 0.9916)  | KD 6.856 (box 0.20658  cls 0.00577  dfl 0.00038  feat 0.00152)
  Epoch 10/50  Batch 2181/2188 (99.7%)  | Super 98.100 (box 1.3063  cls 0.6998  dfl 1.0595)  | Base 97.337 (box 1.2842  cls 0.7278  dfl 1.0298)  | KD 8.608 (box 0.25525  cls 0.01198  dfl 0.00052  feat 0.00123)

================================================================================
  [Validation] Super model (skip=False)  |  Epoch 10/50
================================================================================
[*] Validation input tensor shape: torch.Size([32, 3, 384, 672])
                 Class     Images  Instances      Box(P          R      mAP50  mAP50-95)
                   all      10000     185578      0.722      0.486      0.536       0.31

================================================================================
  [Validation] Base model  (skip=True)   |  Epoch 10/50
================================================================================
[*] Validation input tensor shape: torch.Size([32, 3, 384, 672])
                 Class     Images  Instances      Box(P          R      mAP50  mAP50-95)
                   all      10000     185578      0.719      0.476      0.528      0.305

           Epoch         GPU_mem          box_om          cls_om          dfl_om          box_oo          cls_oo          dfl_oo       Instances            Size
  Epoch 11/50  Batch 1/2188 (0.0%)  | Super 88.692 (box 1.1579  cls 0.6221  dfl 0.9916)  | Base 90.321 (box 1.1745  cls 0.6569  dfl 0.9911)  | KD 7.684 (box 0.23113  cls 0.00734  dfl 0.00048  feat 0.00119)
  Epoch 11/50  Batch 219/2188 (10.0%)  | Super 99.493 (box 1.3772  cls 0.7107  dfl 1.0213)  | Base 99.090 (box 1.3820  cls 0.7091  dfl 1.0054)  | KD 7.727 (box 0.23329  cls 0.00647  dfl 0.00047  feat 0.00122)
  Epoch 11/50  Batch 437/2188 (20.0%)  | Super 96.866 (box 1.3887  cls 0.6922  dfl 0.9462)  | Base 98.118 (box 1.4091  cls 0.7096  dfl 0.9475)  | KD 8.368 (box 0.25524  cls 0.00468  dfl 0.00038  feat 0.00120)
  Epoch 11/50  Batch 655/2188 (29.9%)  | Super 88.317 (box 1.1814  cls 0.6288  dfl 0.9497)  | Base 88.682 (box 1.1837  cls 0.6416  dfl 0.9461)  | KD 7.404 (box 0.22182  cls 0.00799  dfl 0.00046  feat 0.00111)
  Epoch 11/50  Batch 873/2188 (39.9%)  | Super 102.904 (box 1.3942  cls 0.7327  dfl 1.0888)  | Base 104.419 (box 1.4130  cls 0.7789  dfl 1.0712)  | KD 10.277 (box 0.31078  cls 0.00853  dfl 0.00059  feat 0.00127)
  Epoch 11/50  Batch 1091/2188 (49.9%)  | Super 87.199 (box 1.1827  cls 0.6167  dfl 0.9256)  | Base 88.193 (box 1.1979  cls 0.6303  dfl 0.9278)  | KD 7.297 (box 0.21731  cls 0.00914  dfl 0.00043  feat 0.00116)
  Epoch 11/50  Batch 1309/2188 (59.8%)  | Super 82.324 (box 1.0705  cls 0.5571  dfl 0.9450)  | Base 83.074 (box 1.0832  cls 0.5790  dfl 0.9338)  | KD 7.618 (box 0.22937  cls 0.00701  dfl 0.00050  feat 0.00117)
  Epoch 11/50  Batch 1527/2188 (69.8%)  | Super 95.996 (box 1.2716  cls 0.7444  dfl 0.9839)  | Base 96.574 (box 1.2724  cls 0.7754  dfl 0.9702)  | KD 8.358 (box 0.24701  cls 0.01228  dfl 0.00058  feat 0.00133)
  Epoch 11/50  Batch 1745/2188 (79.8%)  | Super 88.402 (box 1.1827  cls 0.5914  dfl 0.9885)  | Base 89.736 (box 1.1980  cls 0.6209  dfl 0.9853)  | KD 7.799 (box 0.23617  cls 0.00596  dfl 0.00051  feat 0.00108)
  Epoch 11/50  Batch 1963/2188 (89.7%)  | Super 86.680 (box 1.1365  cls 0.6030  dfl 0.9693)  | Base 87.317 (box 1.1420  cls 0.6201  dfl 0.9665)  | KD 7.034 (box 0.21008  cls 0.00798  dfl 0.00041  feat 0.00135)
  Epoch 11/50  Batch 2181/2188 (99.7%)  | Super 98.621 (box 1.3050  cls 0.6724  dfl 1.1045)  | Base 98.176 (box 1.3179  cls 0.6603  dfl 1.0897)  | KD 7.357 (box 0.22139  cls 0.00675  dfl 0.00044  feat 0.00133)

================================================================================
  [Validation] Super model (skip=False)  |  Epoch 11/50
================================================================================
[*] Validation input tensor shape: torch.Size([32, 3, 384, 672])
                 Class     Images  Instances      Box(P          R      mAP50  mAP50-95)
                   all      10000     185578      0.726      0.483       0.54      0.312

================================================================================
  [Validation] Base model  (skip=True)   |  Epoch 11/50
================================================================================
[*] Validation input tensor shape: torch.Size([32, 3, 384, 672])
                 Class     Images  Instances      Box(P          R      mAP50  mAP50-95)
                   all      10000     185578      0.721      0.479       0.53      0.306

           Epoch         GPU_mem          box_om          cls_om          dfl_om          box_oo          cls_oo          dfl_oo       Instances            Size
  Epoch 12/50  Batch 1/2188 (0.0%)  | Super 91.743 (box 1.2116  cls 0.6604  dfl 0.9950)  | Base 91.610 (box 1.1906  cls 0.6898  dfl 0.9824)  | KD 8.173 (box 0.24572  cls 0.00804  dfl 0.00048  feat 0.00117)
  Epoch 12/50  Batch 219/2188 (10.0%)  | Super 95.686 (box 1.2958  cls 0.6904  dfl 1.0040)  | Base 97.321 (box 1.3196  cls 0.7140  dfl 1.0077)  | KD 7.244 (box 0.21571  cls 0.00905  dfl 0.00042  feat 0.00121)
  Epoch 12/50  Batch 437/2188 (20.0%)  | Super 99.902 (box 1.4171  cls 0.6969  dfl 1.0079)  | Base 100.687 (box 1.4216  cls 0.7215  dfl 1.0033)  | KD 9.351 (box 0.28482  cls 0.00588  dfl 0.00042  feat 0.00111)
  Epoch 12/50  Batch 655/2188 (29.9%)  | Super 87.102 (box 1.1623  cls 0.6134  dfl 0.9463)  | Base 87.709 (box 1.1576  cls 0.6372  dfl 0.9460)  | KD 7.104 (box 0.21332  cls 0.00719  dfl 0.00039  feat 0.00110)
  Epoch 12/50  Batch 873/2188 (39.9%)  | Super 101.553 (box 1.3042  cls 0.7725  dfl 1.0969)  | Base 101.361 (box 1.2951  cls 0.7837  dfl 1.0888)  | KD 8.960 (box 0.26853  cls 0.00979  dfl 0.00052  feat 0.00115)
  Epoch 12/50  Batch 1091/2188 (49.9%)  | Super 86.175 (box 1.1795  cls 0.5689  dfl 0.9446)  | Base 87.129 (box 1.1882  cls 0.5906  dfl 0.9440)  | KD 7.788 (box 0.23725  cls 0.00459  dfl 0.00051  feat 0.00101)
  Epoch 12/50  Batch 1309/2188 (59.8%)  | Super 85.845 (box 1.0911  cls 0.6246  dfl 0.9670)  | Base 86.250 (box 1.1049  cls 0.6209  dfl 0.9695)  | KD 6.961 (box 0.20768  cls 0.00810  dfl 0.00044  feat 0.00130)
  Epoch 12/50  Batch 1527/2188 (69.8%)  | Super 93.882 (box 1.2441  cls 0.7159  dfl 0.9739)  | Base 94.777 (box 1.2654  cls 0.7261  dfl 0.9703)  | KD 7.957 (box 0.23559  cls 0.01139  dfl 0.00047  feat 0.00123)
  Epoch 12/50  Batch 1745/2188 (79.8%)  | Super 88.445 (box 1.2014  cls 0.5935  dfl 0.9690)  | Base 89.051 (box 1.2128  cls 0.6166  dfl 0.9534)  | KD 6.593 (box 0.19780  cls 0.00682  dfl 0.00036  feat 0.00104)
  Epoch 12/50  Batch 1963/2188 (89.7%)  | Super 90.106 (box 1.1798  cls 0.6867  dfl 0.9493)  | Base 91.202 (box 1.1928  cls 0.7020  dfl 0.9553)  | KD 8.564 (box 0.25866  cls 0.00734  dfl 0.00043  feat 0.00121)
  Epoch 12/50  Batch 2181/2188 (99.7%)  | Super 97.218 (box 1.3153  cls 0.6631  dfl 1.0596)  | Base 98.017 (box 1.3321  cls 0.6864  dfl 1.0445)  | KD 7.528 (box 0.22784  cls 0.00571  dfl 0.00043  feat 0.00126)

================================================================================
  [Validation] Super model (skip=False)  |  Epoch 12/50
================================================================================
[*] Validation input tensor shape: torch.Size([32, 3, 384, 672])
                 Class     Images  Instances      Box(P          R      mAP50  mAP50-95)
                   all      10000     185578      0.727      0.489      0.543      0.313

================================================================================
  [Validation] Base model  (skip=True)   |  Epoch 12/50
================================================================================
[*] Validation input tensor shape: torch.Size([32, 3, 384, 672])
                 Class     Images  Instances      Box(P          R      mAP50  mAP50-95)
                   all      10000     185578      0.726      0.479      0.537       0.31

           Epoch         GPU_mem          box_om          cls_om          dfl_om          box_oo          cls_oo          dfl_oo       Instances            Size
  Epoch 13/50  Batch 1/2188 (0.0%)  | Super 92.549 (box 1.1962  cls 0.7134  dfl 0.9826)  | Base 94.337 (box 1.2149  cls 0.7524  dfl 0.9808)  | KD 8.758 (box 0.26335  cls 0.00863  dfl 0.00051  feat 0.00120)
  Epoch 13/50  Batch 219/2188 (10.0%)  | Super 91.717 (box 1.2390  cls 0.6283  dfl 0.9989)  | Base 92.030 (box 1.2502  cls 0.6458  dfl 0.9800)  | KD 7.022 (box 0.21402  cls 0.00386  dfl 0.00038  feat 0.00120)
  Epoch 13/50  Batch 437/2188 (20.0%)  | Super 97.471 (box 1.3566  cls 0.6933  dfl 0.9960)  | Base 98.921 (box 1.3814  cls 0.7190  dfl 0.9908)  | KD 8.222 (box 0.24980  cls 0.00547  dfl 0.00040  feat 0.00128)
  Epoch 13/50  Batch 655/2188 (29.9%)  | Super 85.395 (box 1.1571  cls 0.5866  dfl 0.9249)  | Base 86.458 (box 1.1727  cls 0.5953  dfl 0.9338)  | KD 7.457 (box 0.22764  cls 0.00381  dfl 0.00049  feat 0.00110)
  Epoch 13/50  Batch 873/2188 (39.9%)  | Super 98.178 (box 1.3277  cls 0.7186  dfl 1.0218)  | Base 99.408 (box 1.3539  cls 0.7254  dfl 1.0272)  | KD 8.685 (box 0.26012  cls 0.00969  dfl 0.00043  feat 0.00117)
  Epoch 13/50  Batch 1091/2188 (49.9%)  | Super 87.380 (box 1.1784  cls 0.6086  dfl 0.9437)  | Base 88.954 (box 1.2068  cls 0.6263  dfl 0.9466)  | KD 7.513 (box 0.22537  cls 0.00788  dfl 0.00043  feat 0.00111)
  Epoch 13/50  Batch 1309/2188 (59.8%)  | Super 83.055 (box 1.0741  cls 0.5718  dfl 0.9496)  | Base 83.794 (box 1.0842  cls 0.5838  dfl 0.9506)  | KD 6.642 (box 0.20102  cls 0.00498  dfl 0.00038  feat 0.00117)
  Epoch 13/50  Batch 1527/2188 (69.8%)  | Super 92.618 (box 1.2487  cls 0.6701  dfl 0.9755)  | Base 92.988 (box 1.2445  cls 0.6892  dfl 0.9721)  | KD 7.164 (box 0.21510  cls 0.00713  dfl 0.00040  feat 0.00124)
  Epoch 13/50  Batch 1745/2188 (79.8%)  | Super 89.225 (box 1.2033  cls 0.6143  dfl 0.9707)  | Base 90.041 (box 1.2162  cls 0.6347  dfl 0.9629)  | KD 7.667 (box 0.23026  cls 0.00767  dfl 0.00043  feat 0.00123)
  Epoch 13/50  Batch 1963/2188 (89.7%)  | Super 86.550 (box 1.1366  cls 0.6258  dfl 0.9422)  | Base 87.241 (box 1.1466  cls 0.6401  dfl 0.9396)  | KD 7.350 (box 0.22335  cls 0.00462  dfl 0.00045  feat 0.00125)
  Epoch 13/50  Batch 2181/2188 (99.7%)  | Super 93.679 (box 1.2481  cls 0.6398  dfl 1.0395)  | Base 94.218 (box 1.2604  cls 0.6469  dfl 1.0370)  | KD 6.779 (box 0.20425  cls 0.00572  dfl 0.00042  feat 0.00147)

================================================================================
  [Validation] Super model (skip=False)  |  Epoch 13/50
================================================================================
[*] Validation input tensor shape: torch.Size([32, 3, 384, 672])
                 Class     Images  Instances      Box(P          R      mAP50  mAP50-95)
                   all      10000     185578      0.735      0.485      0.541      0.315

================================================================================
  [Validation] Base model  (skip=True)   |  Epoch 13/50
================================================================================
[*] Validation input tensor shape: torch.Size([32, 3, 384, 672])
                 Class     Images  Instances      Box(P          R      mAP50  mAP50-95)
                   all      10000     185578      0.731      0.479      0.535       0.31

           Epoch         GPU_mem          box_om          cls_om          dfl_om          box_oo          cls_oo          dfl_oo       Instances            Size
  Epoch 14/50  Batch 1/2188 (0.0%)  | Super 91.481 (box 1.2119  cls 0.6464  dfl 1.0005)  | Base 91.800 (box 1.2125  cls 0.6584  dfl 0.9979)  | KD 7.845 (box 0.23585  cls 0.00776  dfl 0.00043  feat 0.00111)
  Epoch 14/50  Batch 219/2188 (10.0%)  | Super 93.151 (box 1.2636  cls 0.6333  dfl 1.0141)  | Base 94.257 (box 1.2756  cls 0.6544  dfl 1.0155)  | KD 7.226 (box 0.21756  cls 0.00662  dfl 0.00039  feat 0.00123)
  Epoch 14/50  Batch 437/2188 (20.0%)  | Super 100.677 (box 1.4211  cls 0.7216  dfl 1.0034)  | Base 101.443 (box 1.4455  cls 0.7276  dfl 0.9971)  | KD 8.820 (box 0.26811  cls 0.00584  dfl 0.00047  feat 0.00120)
  Epoch 14/50  Batch 655/2188 (29.9%)  | Super 87.008 (box 1.1564  cls 0.6159  dfl 0.9467)  | Base 87.356 (box 1.1664  cls 0.6205  dfl 0.9430)  | KD 6.959 (box 0.20952  cls 0.00650  dfl 0.00039  feat 0.00105)
  Epoch 14/50  Batch 873/2188 (39.9%)  | Super 101.637 (box 1.3868  cls 0.7435  dfl 1.0459)  | Base 103.241 (box 1.4146  cls 0.7600  dfl 1.0517)  | KD 8.274 (box 0.25196  cls 0.00491  dfl 0.00042  feat 0.00127)
  Epoch 14/50  Batch 1091/2188 (49.9%)  | Super 85.100 (box 1.1475  cls 0.5659  dfl 0.9460)  | Base 86.522 (box 1.1703  cls 0.5838  dfl 0.9497)  | KD 6.625 (box 0.20110  cls 0.00448  dfl 0.00037  feat 0.00107)
  Epoch 14/50  Batch 1309/2188 (59.8%)  | Super 85.942 (box 1.1105  cls 0.6081  dfl 0.9671)  | Base 86.291 (box 1.1179  cls 0.6205  dfl 0.9582)  | KD 7.361 (box 0.22031  cls 0.00813  dfl 0.00044  feat 0.00116)
  Epoch 14/50  Batch 1527/2188 (69.8%)  | Super 90.856 (box 1.2207  cls 0.6648  dfl 0.9537)  | Base 90.683 (box 1.2196  cls 0.6658  dfl 0.9485)  | KD 7.201 (box 0.21532  cls 0.00808  dfl 0.00038  feat 0.00126)
  Epoch 14/50  Batch 1745/2188 (79.8%)  | Super 84.167 (box 1.1413  cls 0.5751  dfl 0.9138)  | Base 85.931 (box 1.1582  cls 0.6134  dfl 0.9138)  | KD 7.956 (box 0.23862  cls 0.00842  dfl 0.00048  feat 0.00111)
  Epoch 14/50  Batch 1963/2188 (89.7%)  | Super 92.567 (box 1.2358  cls 0.6668  dfl 0.9901)  | Base 92.643 (box 1.2362  cls 0.6794  dfl 0.9795)  | KD 7.340 (box 0.22078  cls 0.00691  dfl 0.00039  feat 0.00130)
  Epoch 14/50  Batch 2181/2188 (99.7%)  | Super 95.417 (box 1.2643  cls 0.6759  dfl 1.0416)  | Base 96.171 (box 1.2832  cls 0.6737  dfl 1.0485)  | KD 7.417 (box 0.21902  cls 0.01105  dfl 0.00044  feat 0.00127)

================================================================================
  [Validation] Super model (skip=False)  |  Epoch 14/50
================================================================================
[*] Validation input tensor shape: torch.Size([32, 3, 384, 672])
                 Class     Images  Instances      Box(P          R      mAP50  mAP50-95)
                   all      10000     185578      0.734      0.491      0.546      0.316

================================================================================
  [Validation] Base model  (skip=True)   |  Epoch 14/50
================================================================================
[*] Validation input tensor shape: torch.Size([32, 3, 384, 672])
                 Class     Images  Instances      Box(P          R      mAP50  mAP50-95)
                   all      10000     185578      0.729      0.483      0.537       0.31

           Epoch         GPU_mem          box_om          cls_om          dfl_om          box_oo          cls_oo          dfl_oo       Instances            Size
  Epoch 15/50  Batch 1/2188 (0.0%)  | Super 91.231 (box 1.1959  cls 0.6646  dfl 0.9904)  | Base 92.688 (box 1.2079  cls 0.6965  dfl 0.9920)  | KD 7.673 (box 0.22971  cls 0.00852  dfl 0.00046  feat 0.00110)
  Epoch 15/50  Batch 219/2188 (10.0%)  | Super 97.970 (box 1.3367  cls 0.6652  dfl 1.0597)  | Base 98.879 (box 1.3538  cls 0.6873  dfl 1.0489)  | KD 7.061 (box 0.21190  cls 0.00727  dfl 0.00040  feat 0.00110)
  Epoch 15/50  Batch 437/2188 (20.0%)  | Super 99.243 (box 1.4080  cls 0.7035  dfl 0.9898)  | Base 99.990 (box 1.4006  cls 0.7369  dfl 0.9872)  | KD 7.980 (box 0.24183  cls 0.00590  dfl 0.00042  feat 0.00122)
  Epoch 15/50  Batch 655/2188 (29.9%)  | Super 86.255 (box 1.1559  cls 0.6100  dfl 0.9296)  | Base 86.933 (box 1.1710  cls 0.6266  dfl 0.9191)  | KD 6.845 (box 0.20676  cls 0.00561  dfl 0.00040  feat 0.00115)
  Epoch 15/50  Batch 873/2188 (39.9%)  | Super 95.604 (box 1.2628  cls 0.7210  dfl 1.0038)  | Base 95.844 (box 1.2627  cls 0.7370  dfl 0.9954)  | KD 8.560 (box 0.25740  cls 0.00851  dfl 0.00051  feat 0.00107)
  Epoch 15/50  Batch 1091/2188 (49.9%)  | Super 88.011 (box 1.1625  cls 0.6345  dfl 0.9533)  | Base 88.136 (box 1.1667  cls 0.6381  dfl 0.9495)  | KD 7.141 (box 0.21614  cls 0.00548  dfl 0.00043  feat 0.00111)
  Epoch 15/50  Batch 1309/2188 (59.8%)  | Super 81.315 (box 1.0960  cls 0.5392  dfl 0.9059)  | Base 82.502 (box 1.1029  cls 0.5648  dfl 0.9105)  | KD 6.701 (box 0.19971  cls 0.00808  dfl 0.00044  feat 0.00119)
  Epoch 15/50  Batch 1527/2188 (69.8%)  | Super 86.994 (box 1.1885  cls 0.6157  dfl 0.9145)  | Base 88.703 (box 1.2148  cls 0.6285  dfl 0.9287)  | KD 7.403 (box 0.22270  cls 0.00703  dfl 0.00044  feat 0.00116)
  Epoch 15/50  Batch 1745/2188 (79.8%)  | Super 86.631 (box 1.1624  cls 0.6055  dfl 0.9393)  | Base 87.777 (box 1.1788  cls 0.6305  dfl 0.9337)  | KD 6.949 (box 0.20797  cls 0.00765  dfl 0.00038  feat 0.00115)
  Epoch 15/50  Batch 1963/2188 (89.7%)  | Super 87.812 (box 1.1409  cls 0.6350  dfl 0.9682)  | Base 89.389 (box 1.1659  cls 0.6517  dfl 0.9758)  | KD 7.872 (box 0.23260  cls 0.01163  dfl 0.00047  feat 0.00131)
  Epoch 15/50  Batch 2181/2188 (99.7%)  | Super 93.937 (box 1.2559  cls 0.6520  dfl 1.0276)  | Base 93.598 (box 1.2529  cls 0.6617  dfl 1.0103)  | KD 7.487 (box 0.22506  cls 0.00720  dfl 0.00043  feat 0.00126)

================================================================================
  [Validation] Super model (skip=False)  |  Epoch 15/50
================================================================================
[*] Validation input tensor shape: torch.Size([32, 3, 384, 672])
                 Class     Images  Instances      Box(P          R      mAP50  mAP50-95)
                   all      10000     185578      0.626       0.49      0.544      0.316

================================================================================
  [Validation] Base model  (skip=True)   |  Epoch 15/50
================================================================================
[*] Validation input tensor shape: torch.Size([32, 3, 384, 672])
                 Class     Images  Instances      Box(P          R      mAP50  mAP50-95)
                   all      10000     185578      0.636      0.477      0.535      0.311

           Epoch         GPU_mem          box_om          cls_om          dfl_om          box_oo          cls_oo          dfl_oo       Instances            Size
  Epoch 16/50  Batch 1/2188 (0.0%)  | Super 93.447 (box 1.2521  cls 0.6513  dfl 1.0168)  | Base 95.036 (box 1.2772  cls 0.6833  dfl 1.0093)  | KD 7.695 (box 0.22693  cls 0.01201  dfl 0.00041  feat 0.00110)
  Epoch 16/50  Batch 219/2188 (10.0%)  | Super 91.108 (box 1.2276  cls 0.6178  dfl 1.0018)  | Base 92.692 (box 1.2423  cls 0.6434  dfl 1.0109)  | KD 7.721 (box 0.23192  cls 0.00781  dfl 0.00046  feat 0.00110)
  Epoch 16/50  Batch 437/2188 (20.0%)  | Super 98.187 (box 1.3908  cls 0.6900  dfl 0.9876)  | Base 99.970 (box 1.4069  cls 0.7237  dfl 0.9935)  | KD 9.021 (box 0.27487  cls 0.00538  dfl 0.00051  feat 0.00115)
  Epoch 16/50  Batch 655/2188 (29.9%)  | Super 87.425 (box 1.1616  cls 0.6137  dfl 0.9568)  | Base 87.724 (box 1.1650  cls 0.6196  dfl 0.9568)  | KD 7.362 (box 0.21592  cls 0.01258  dfl 0.00041  feat 0.00114)
  Epoch 16/50  Batch 873/2188 (39.9%)  | Super 99.130 (box 1.2986  cls 0.7556  dfl 1.0435)  | Base 100.679 (box 1.3295  cls 0.7690  dfl 1.0477)  | KD 8.611 (box 0.26068  cls 0.00665  dfl 0.00057  feat 0.00117)
  Epoch 16/50  Batch 1091/2188 (49.9%)  | Super 82.898 (box 1.1043  cls 0.5552  dfl 0.9311)  | Base 83.443 (box 1.1010  cls 0.5736  dfl 0.9330)  | KD 6.419 (box 0.19330  cls 0.00588  dfl 0.00035  feat 0.00107)
  Epoch 16/50  Batch 1309/2188 (59.8%)  | Super 83.998 (box 1.1014  cls 0.5624  dfl 0.9611)  | Base 84.746 (box 1.1089  cls 0.5825  dfl 0.9568)  | KD 7.813 (box 0.23619  cls 0.00625  dfl 0.00053  feat 0.00118)
  Epoch 16/50  Batch 1527/2188 (69.8%)  | Super 90.468 (box 1.2190  cls 0.6171  dfl 0.9910)  | Base 91.321 (box 1.2232  cls 0.6548  dfl 0.9758)  | KD 7.331 (box 0.21524  cls 0.01224  dfl 0.00043  feat 0.00117)
  Epoch 16/50  Batch 1745/2188 (79.8%)  | Super 90.347 (box 1.2108  cls 0.6335  dfl 0.9790)  | Base 91.397 (box 1.2280  cls 0.6412  dfl 0.9869)  | KD 7.895 (box 0.23700  cls 0.00818  dfl 0.00044  feat 0.00109)
  Epoch 16/50  Batch 1963/2188 (89.7%)  | Super 82.304 (box 1.0934  cls 0.5322  dfl 0.9464)  | Base 82.756 (box 1.0985  cls 0.5484  dfl 0.9392)  | KD 7.012 (box 0.20518  cls 0.01226  dfl 0.00038  feat 0.00129)
  Epoch 16/50  Batch 2181/2188 (99.7%)  | Super 92.393 (box 1.2219  cls 0.6492  dfl 1.0161)  | Base 92.665 (box 1.2132  cls 0.6695  dfl 1.0131)  | KD 7.786 (box 0.23486  cls 0.00680  dfl 0.00052  feat 0.00115)

================================================================================
  [Validation] Super model (skip=False)  |  Epoch 16/50
================================================================================
[*] Validation input tensor shape: torch.Size([32, 3, 384, 672])
                 Class     Images  Instances      Box(P          R      mAP50  mAP50-95)
                   all      10000     185578      0.631      0.492      0.545      0.317

================================================================================
  [Validation] Base model  (skip=True)   |  Epoch 16/50
================================================================================
[*] Validation input tensor shape: torch.Size([32, 3, 384, 672])
                 Class     Images  Instances      Box(P          R      mAP50  mAP50-95)
                   all      10000     185578      0.628      0.486      0.537      0.312

           Epoch         GPU_mem          box_om          cls_om          dfl_om          box_oo          cls_oo          dfl_oo       Instances            Size
  Epoch 17/50  Batch 1/2188 (0.0%)  | Super 93.412 (box 1.2405  cls 0.6781  dfl 1.0005)  | Base 95.250 (box 1.2577  cls 0.7155  dfl 1.0034)  | KD 8.039 (box 0.23534  cls 0.01427  dfl 0.00047  feat 0.00114)
  Epoch 17/50  Batch 219/2188 (10.0%)  | Super 90.572 (box 1.2520  cls 0.6109  dfl 0.9674)  | Base 91.375 (box 1.2625  cls 0.6288  dfl 0.9642)  | KD 6.847 (box 0.20630  cls 0.00613  dfl 0.00040  feat 0.00114)
  Epoch 17/50  Batch 437/2188 (20.0%)  | Super 98.648 (box 1.4270  cls 0.6775  dfl 0.9783)  | Base 100.092 (box 1.4509  cls 0.6945  dfl 0.9825)  | KD 7.691 (box 0.23476  cls 0.00401  dfl 0.00035  feat 0.00121)
  Epoch 17/50  Batch 655/2188 (29.9%)  | Super 89.786 (box 1.2249  cls 0.6251  dfl 0.9558)  | Base 90.353 (box 1.2390  cls 0.6361  dfl 0.9484)  | KD 7.724 (box 0.22936  cls 0.01032  dfl 0.00042  feat 0.00128)
  Epoch 17/50  Batch 873/2188 (39.9%)  | Super 95.734 (box 1.2393  cls 0.7129  dfl 1.0395)  | Base 96.568 (box 1.2461  cls 0.7436  dfl 1.0280)  | KD 8.692 (box 0.26378  cls 0.00611  dfl 0.00048  feat 0.00125)
  Epoch 17/50  Batch 1091/2188 (49.9%)  | Super 85.637 (box 1.1495  cls 0.5961  dfl 0.9305)  | Base 85.935 (box 1.1412  cls 0.6120  dfl 0.9323)  | KD 6.264 (box 0.18863  cls 0.00573  dfl 0.00032  feat 0.00107)
  Epoch 17/50  Batch 1309/2188 (59.8%)  | Super 81.355 (box 1.0507  cls 0.5630  dfl 0.9286)  | Base 81.887 (box 1.0529  cls 0.5897  dfl 0.9164)  | KD 7.998 (box 0.24226  cls 0.00594  dfl 0.00050  feat 0.00124)
  Epoch 17/50  Batch 1527/2188 (69.8%)  | Super 91.726 (box 1.2219  cls 0.7004  dfl 0.9441)  | Base 92.578 (box 1.2458  cls 0.7030  dfl 0.9443)  | KD 8.656 (box 0.25426  cls 0.01427  dfl 0.00054  feat 0.00143)
  Epoch 17/50  Batch 1745/2188 (79.8%)  | Super 87.475 (box 1.2035  cls 0.5945  dfl 0.9357)  | Base 88.577 (box 1.2053  cls 0.6212  dfl 0.9415)  | KD 7.389 (box 0.21991  cls 0.00949  dfl 0.00042  feat 0.00108)
  Epoch 17/50  Batch 1963/2188 (89.7%)  | Super 93.249 (box 1.2576  cls 0.6753  dfl 0.9811)  | Base 95.689 (box 1.2836  cls 0.7198  dfl 0.9869)  | KD 9.516 (box 0.28188  cls 0.01364  dfl 0.00047  feat 0.00138)
  Epoch 17/50  Batch 2181/2188 (99.7%)  | Super 92.401 (box 1.2663  cls 0.6175  dfl 1.0037)  | Base 93.569 (box 1.2789  cls 0.6327  dfl 1.0125)  | KD 7.071 (box 0.21189  cls 0.00733  dfl 0.00043  feat 0.00130)

================================================================================
  [Validation] Super model (skip=False)  |  Epoch 17/50
================================================================================
[*] Validation input tensor shape: torch.Size([32, 3, 384, 672])
                 Class     Images  Instances      Box(P          R      mAP50  mAP50-95)
                   all      10000     185578      0.634      0.492      0.548      0.317

================================================================================
  [Validation] Base model  (skip=True)   |  Epoch 17/50
================================================================================
[*] Validation input tensor shape: torch.Size([32, 3, 384, 672])
                 Class     Images  Instances      Box(P          R      mAP50  mAP50-95)
                   all      10000     185578      0.635      0.484      0.541      0.314

           Epoch         GPU_mem          box_om          cls_om          dfl_om          box_oo          cls_oo          dfl_oo       Instances            Size
  Epoch 18/50  Batch 1/2188 (0.0%)  | Super 88.872 (box 1.1430  cls 0.6416  dfl 0.9927)  | Base 89.879 (box 1.1411  cls 0.6960  dfl 0.9716)  | KD 8.212 (box 0.24421  cls 0.01075  dfl 0.00054  feat 0.00112)
  Epoch 18/50  Batch 219/2188 (10.0%)  | Super 94.295 (box 1.2818  cls 0.6579  dfl 1.0071)  | Base 93.747 (box 1.2644  cls 0.6610  dfl 1.0042)  | KD 7.338 (box 0.22008  cls 0.00760  dfl 0.00042  feat 0.00122)
  Epoch 18/50  Batch 437/2188 (20.0%)  | Super 98.057 (box 1.3843  cls 0.6882  dfl 0.9917)  | Base 99.799 (box 1.4031  cls 0.7218  dfl 0.9938)  | KD 8.359 (box 0.25449  cls 0.00511  dfl 0.00040  feat 0.00124)
  Epoch 18/50  Batch 655/2188 (29.9%)  | Super 87.653 (box 1.1994  cls 0.5805  dfl 0.9592)  | Base 88.219 (box 1.2119  cls 0.5882  dfl 0.9567)  | KD 6.499 (box 0.19569  cls 0.00593  dfl 0.00034  feat 0.00113)
  Epoch 18/50  Batch 873/2188 (39.9%)  | Super 96.499 (box 1.2759  cls 0.7307  dfl 1.0090)  | Base 98.148 (box 1.3019  cls 0.7537  dfl 1.0115)  | KD 8.727 (box 0.26288  cls 0.00810  dfl 0.00050  feat 0.00125)
  Epoch 18/50  Batch 1091/2188 (49.9%)  | Super 82.440 (box 1.0969  cls 0.5734  dfl 0.9060)  | Base 83.443 (box 1.1070  cls 0.5920  dfl 0.9086)  | KD 6.852 (box 0.20412  cls 0.00867  dfl 0.00036  feat 0.00099)
  Epoch 18/50  Batch 1309/2188 (59.8%)  | Super 82.497 (box 1.0771  cls 0.5551  dfl 0.9458)  | Base 82.419 (box 1.0756  cls 0.5696  dfl 0.9304)  | KD 7.218 (box 0.21802  cls 0.00587  dfl 0.00040  feat 0.00128)
  Epoch 18/50  Batch 1527/2188 (69.8%)  | Super 92.492 (box 1.2506  cls 0.6744  dfl 0.9654)  | Base 93.544 (box 1.2554  cls 0.7037  dfl 0.9642)  | KD 8.468 (box 0.25164  cls 0.01118  dfl 0.00050  feat 0.00132)
  Epoch 18/50  Batch 1745/2188 (79.8%)  | Super 89.683 (box 1.2035  cls 0.6132  dfl 0.9859)  | Base 90.623 (box 1.2106  cls 0.6365  dfl 0.9849)  | KD 8.269 (box 0.25084  cls 0.00587  dfl 0.00045  feat 0.00125)
  Epoch 18/50  Batch 1963/2188 (89.7%)  | Super 85.555 (box 1.1117  cls 0.6162  dfl 0.9457)  | Base 86.905 (box 1.1101  cls 0.6583  dfl 0.9474)  | KD 7.786 (box 0.22255  cls 0.01903  dfl 0.00045  feat 0.00129)
  Epoch 18/50  Batch 2181/2188 (99.7%)  | Super 93.350 (box 1.2220  cls 0.6845  dfl 1.0107)  | Base 93.888 (box 1.2393  cls 0.6875  dfl 1.0072)  | KD 7.633 (box 0.23066  cls 0.00617  dfl 0.00047  feat 0.00122)

================================================================================
  [Validation] Super model (skip=False)  |  Epoch 18/50
================================================================================
[*] Validation input tensor shape: torch.Size([32, 3, 384, 672])
                 Class     Images  Instances      Box(P          R      mAP50  mAP50-95)
                   all      10000     185578      0.616      0.501      0.549      0.319

================================================================================
  [Validation] Base model  (skip=True)   |  Epoch 18/50
================================================================================
[*] Validation input tensor shape: torch.Size([32, 3, 384, 672])
                 Class     Images  Instances      Box(P          R      mAP50  mAP50-95)
                   all      10000     185578      0.595      0.512      0.544      0.316

           Epoch         GPU_mem          box_om          cls_om          dfl_om          box_oo          cls_oo          dfl_oo       Instances            Size
  Epoch 19/50  Batch 1/2188 (0.0%)  | Super 89.414 (box 1.1634  cls 0.6503  dfl 0.9805)  | Base 90.960 (box 1.1900  cls 0.6715  dfl 0.9809)  | KD 8.200 (box 0.24394  cls 0.01076  dfl 0.00046  feat 0.00110)
  Epoch 19/50  Batch 219/2188 (10.0%)  | Super 96.303 (box 1.3145  cls 0.7016  dfl 0.9933)  | Base 96.078 (box 1.3242  cls 0.7057  dfl 0.9725)  | KD 7.447 (box 0.22059  cls 0.01054  dfl 0.00037  feat 0.00121)
  Epoch 19/50  Batch 437/2188 (20.0%)  | Super 94.007 (box 1.3197  cls 0.6782  dfl 0.9398)  | Base 95.629 (box 1.3352  cls 0.7138  dfl 0.9393)  | KD 8.804 (box 0.26728  cls 0.00624  dfl 0.00045  feat 0.00117)
  Epoch 19/50  Batch 655/2188 (29.9%)  | Super 88.954 (box 1.1801  cls 0.6190  dfl 0.9807)  | Base 88.968 (box 1.1778  cls 0.6281  dfl 0.9743)  | KD 7.691 (box 0.22969  cls 0.00905  dfl 0.00048  feat 0.00113)
  Epoch 19/50  Batch 873/2188 (39.9%)  | Super 100.483 (box 1.3221  cls 0.7408  dfl 1.0772)  | Base 101.602 (box 1.3295  cls 0.7716  dfl 1.0739)  | KD 9.421 (box 0.28477  cls 0.00788  dfl 0.00050  feat 0.00126)
  Epoch 19/50  Batch 1091/2188 (49.9%)  | Super 87.011 (box 1.1863  cls 0.5882  dfl 0.9446)  | Base 87.437 (box 1.1894  cls 0.6033  dfl 0.9398)  | KD 7.789 (box 0.23607  cls 0.00568  dfl 0.00045  feat 0.00120)
  Epoch 19/50  Batch 1309/2188 (59.8%)  | Super 87.170 (box 1.1650  cls 0.5927  dfl 0.9663)  | Base 87.778 (box 1.1781  cls 0.6104  dfl 0.9546)  | KD 7.299 (box 0.21927  cls 0.00714  dfl 0.00045  feat 0.00122)
  Epoch 19/50  Batch 1527/2188 (69.8%)  | Super 89.438 (box 1.1782  cls 0.6548  dfl 0.9619)  | Base 89.820 (box 1.1831  cls 0.6706  dfl 0.9532)  | KD 7.423 (box 0.22206  cls 0.00829  dfl 0.00043  feat 0.00119)
  Epoch 19/50  Batch 1745/2188 (79.8%)  | Super 87.635 (box 1.1763  cls 0.5775  dfl 0.9848)  | Base 88.907 (box 1.1904  cls 0.6151  dfl 0.9728)  | KD 7.176 (box 0.21511  cls 0.00765  dfl 0.00040  feat 0.00111)
  Epoch 19/50  Batch 1963/2188 (89.7%)  | Super 84.760 (box 1.1193  cls 0.5781  dfl 0.9513)  | Base 85.548 (box 1.1331  cls 0.6113  dfl 0.9290)  | KD 7.189 (box 0.21634  cls 0.00669  dfl 0.00045  feat 0.00118)
  Epoch 19/50  Batch 2181/2188 (99.7%)  | Super 94.974 (box 1.3027  cls 0.6208  dfl 1.0445)  | Base 93.968 (box 1.2806  cls 0.6450  dfl 1.0109)  | KD 6.881 (box 0.20880  cls 0.00452  dfl 0.00038  feat 0.00134)

================================================================================
  [Validation] Super model (skip=False)  |  Epoch 19/50
================================================================================
[*] Validation input tensor shape: torch.Size([32, 3, 384, 672])
                 Class     Images  Instances      Box(P          R      mAP50  mAP50-95)
                   all      10000     185578       0.63      0.494       0.55      0.319

================================================================================
  [Validation] Base model  (skip=True)   |  Epoch 19/50
================================================================================
[*] Validation input tensor shape: torch.Size([32, 3, 384, 672])
                 Class     Images  Instances      Box(P          R      mAP50  mAP50-95)
                   all      10000     185578      0.637      0.513      0.546      0.317

           Epoch         GPU_mem          box_om          cls_om          dfl_om          box_oo          cls_oo          dfl_oo       Instances            Size
  Epoch 20/50  Batch 1/2188 (0.0%)  | Super 90.078 (box 1.1792  cls 0.6456  dfl 0.9901)  | Base 90.719 (box 1.1834  cls 0.6738  dfl 0.9778)  | KD 8.546 (box 0.25242  cls 0.01291  dfl 0.00054  feat 0.00118)
  Epoch 20/50  Batch 219/2188 (10.0%)  | Super 98.344 (box 1.3274  cls 0.6877  dfl 1.0581)  | Base 98.170 (box 1.3200  cls 0.6966  dfl 1.0512)  | KD 7.621 (box 0.22865  cls 0.00790  dfl 0.00045  feat 0.00116)
  Epoch 20/50  Batch 437/2188 (20.0%)  | Super 99.872 (box 1.4232  cls 0.6987  dfl 0.9991)  | Base 100.395 (box 1.4367  cls 0.7132  dfl 0.9875)  | KD 8.551 (box 0.25769  cls 0.00791  dfl 0.00044  feat 0.00118)
  Epoch 20/50  Batch 655/2188 (29.9%)  | Super 84.235 (box 1.1193  cls 0.5808  dfl 0.9322)  | Base 84.425 (box 1.1263  cls 0.5869  dfl 0.9250)  | KD 6.860 (box 0.20654  cls 0.00639  dfl 0.00039  feat 0.00107)
  Epoch 20/50  Batch 873/2188 (39.9%)  | Super 95.534 (box 1.2852  cls 0.6608  dfl 1.0395)  | Base 97.529 (box 1.3102  cls 0.6982  dfl 1.0394)  | KD 8.060 (box 0.24435  cls 0.00586  dfl 0.00043  feat 0.00123)
  Epoch 20/50  Batch 1091/2188 (49.9%)  | Super 85.159 (box 1.1445  cls 0.5804  dfl 0.9363)  | Base 85.173 (box 1.1398  cls 0.5847  dfl 0.9372)  | KD 6.244 (box 0.18681  cls 0.00697  dfl 0.00033  feat 0.00100)
  Epoch 20/50  Batch 1309/2188 (59.8%)  | Super 84.033 (box 1.0841  cls 0.5899  dfl 0.9520)  | Base 84.636 (box 1.0873  cls 0.6120  dfl 0.9455)  | KD 6.820 (box 0.20554  cls 0.00593  dfl 0.00042  feat 0.00124)
  Epoch 20/50  Batch 1527/2188 (69.8%)  | Super 87.369 (box 1.1470  cls 0.6394  dfl 0.9438)  | Base 88.722 (box 1.1511  cls 0.6751  dfl 0.9464)  | KD 7.231 (box 0.21564  cls 0.00883  dfl 0.00038  feat 0.00111)
  Epoch 20/50  Batch 1745/2188 (79.8%)  | Super 84.008 (box 1.1331  cls 0.5560  dfl 0.9361)  | Base 85.103 (box 1.1431  cls 0.5793  dfl 0.9371)  | KD 6.519 (box 0.19674  cls 0.00551  dfl 0.00039  feat 0.00108)
  Epoch 20/50  Batch 1963/2188 (89.7%)  | Super 90.446 (box 1.2034  cls 0.6314  dfl 0.9916)  | Base 91.878 (box 1.2193  cls 0.6590  dfl 0.9929)  | KD 8.295 (box 0.24758  cls 0.00991  dfl 0.00047  feat 0.00127)
  Epoch 20/50  Batch 2181/2188 (99.7%)  | Super 92.902 (box 1.2459  cls 0.6646  dfl 0.9927)  | Base 92.208 (box 1.2401  cls 0.6629  dfl 0.9785)  | KD 7.464 (box 0.22697  cls 0.00464  dfl 0.00045  feat 0.00120)

================================================================================
  [Validation] Super model (skip=False)  |  Epoch 20/50
================================================================================
[*] Validation input tensor shape: torch.Size([32, 3, 384, 672])
                 Class     Images  Instances      Box(P          R      mAP50  mAP50-95)
                   all      10000     185578      0.736      0.496      0.551      0.321

================================================================================
  [Validation] Base model  (skip=True)   |  Epoch 20/50
================================================================================
[*] Validation input tensor shape: torch.Size([32, 3, 384, 672])
                 Class     Images  Instances      Box(P          R      mAP50  mAP50-95)
                   all      10000     185578      0.637      0.516       0.55      0.323

           Epoch         GPU_mem          box_om          cls_om          dfl_om          box_oo          cls_oo          dfl_oo       Instances            Size
  Epoch 21/50  Batch 1/2188 (0.0%)  | Super 86.168 (box 1.1518  cls 0.5913  dfl 0.9496)  | Base 86.327 (box 1.1390  cls 0.6150  dfl 0.9437)  | KD 7.034 (box 0.21253  cls 0.00573  dfl 0.00043  feat 0.00113)
  Epoch 21/50  Batch 219/2188 (10.0%)  | Super 94.253 (box 1.2668  cls 0.6708  dfl 1.0077)  | Base 94.909 (box 1.2775  cls 0.6761  dfl 1.0124)  | KD 6.723 (box 0.20424  cls 0.00433  dfl 0.00040  feat 0.00111)
  Epoch 21/50  Batch 437/2188 (20.0%)  | Super 99.326 (box 1.4070  cls 0.7123  dfl 0.9846)  | Base 100.593 (box 1.4225  cls 0.7365  dfl 0.9846)  | KD 8.892 (box 0.26935  cls 0.00688  dfl 0.00040  feat 0.00126)
  Epoch 21/50  Batch 655/2188 (29.9%)  | Super 85.337 (box 1.1305  cls 0.6126  dfl 0.9236)  | Base 86.315 (box 1.1448  cls 0.6326  dfl 0.9200)  | KD 7.392 (box 0.22214  cls 0.00727  dfl 0.00046  feat 0.00112)
  Epoch 21/50  Batch 873/2188 (39.9%)  | Super 94.689 (box 1.2478  cls 0.7035  dfl 1.0077)  | Base 95.549 (box 1.2613  cls 0.7119  dfl 1.0127)  | KD 8.094 (box 0.24531  cls 0.00602  dfl 0.00041  feat 0.00119)
  Epoch 21/50  Batch 1091/2188 (49.9%)  | Super 84.827 (box 1.1391  cls 0.5790  dfl 0.9328)  | Base 84.987 (box 1.1504  cls 0.5770  dfl 0.9284)  | KD 7.063 (box 0.20625  cls 0.01307  dfl 0.00038  feat 0.00100)
  Epoch 21/50  Batch 1309/2188 (59.8%)  | Super 81.617 (box 1.0444  cls 0.5556  dfl 0.9505)  | Base 82.858 (box 1.0573  cls 0.5792  dfl 0.9528)  | KD 7.107 (box 0.21326  cls 0.00725  dfl 0.00039  feat 0.00121)
  Epoch 21/50  Batch 1527/2188 (69.8%)  | Super 87.670 (box 1.1552  cls 0.6414  dfl 0.9430)  | Base 89.062 (box 1.1621  cls 0.6767  dfl 0.9445)  | KD 7.753 (box 0.22456  cls 0.01602  dfl 0.00047  feat 0.00122)
  Epoch 21/50  Batch 1745/2188 (79.8%)  | Super 84.382 (box 1.1432  cls 0.5666  dfl 0.9272)  | Base 85.462 (box 1.1439  cls 0.6050  dfl 0.9217)  | KD 6.675 (box 0.19681  cls 0.01033  dfl 0.00037  feat 0.00108)
  Epoch 21/50  Batch 1963/2188 (89.7%)  | Super 85.082 (box 1.1527  cls 0.5892  dfl 0.9169)  | Base 87.102 (box 1.1794  cls 0.6202  dfl 0.9224)  | KD 7.699 (box 0.22733  cls 0.01151  dfl 0.00040  feat 0.00137)
  Epoch 21/50  Batch 2181/2188 (99.7%)  | Super 94.962 (box 1.2991  cls 0.6320  dfl 1.0365)  | Base 95.914 (box 1.3181  cls 0.6459  dfl 1.0333)  | KD 6.668 (box 0.20286  cls 0.00395  dfl 0.00041  feat 0.00115)

================================================================================
  [Validation] Super model (skip=False)  |  Epoch 21/50
================================================================================
[*] Validation input tensor shape: torch.Size([32, 3, 384, 672])
                 Class     Images  Instances      Box(P          R      mAP50  mAP50-95)
                   all      10000     185578      0.636      0.493      0.551      0.321

================================================================================
  [Validation] Base model  (skip=True)   |  Epoch 21/50
================================================================================
[*] Validation input tensor shape: torch.Size([32, 3, 384, 672])
                 Class     Images  Instances      Box(P          R      mAP50  mAP50-95)
                   all      10000     185578      0.622       0.51      0.544      0.318

           Epoch         GPU_mem          box_om          cls_om          dfl_om          box_oo          cls_oo          dfl_oo       Instances            Size
  Epoch 22/50  Batch 1/2188 (0.0%)  | Super 91.272 (box 1.1912  cls 0.6663  dfl 0.9948)  | Base 93.377 (box 1.2226  cls 0.6991  dfl 0.9964)  | KD 7.337 (box 0.22048  cls 0.00723  dfl 0.00041  feat 0.00116)
  Epoch 22/50  Batch 219/2188 (10.0%)  | Super 89.845 (box 1.2228  cls 0.6310  dfl 0.9539)  | Base 90.240 (box 1.2273  cls 0.6468  dfl 0.9459)  | KD 6.685 (box 0.20030  cls 0.00706  dfl 0.00041  feat 0.00115)
  Epoch 22/50  Batch 437/2188 (20.0%)  | Super 97.576 (box 1.3658  cls 0.7023  dfl 0.9812)  | Base 98.333 (box 1.3698  cls 0.7234  dfl 0.9797)  | KD 8.515 (box 0.25766  cls 0.00678  dfl 0.00044  feat 0.00121)
  Epoch 22/50  Batch 655/2188 (29.9%)  | Super 86.964 (box 1.1759  cls 0.5851  dfl 0.9567)  | Base 87.374 (box 1.1884  cls 0.5941  dfl 0.9480)  | KD 6.339 (box 0.19172  cls 0.00481  dfl 0.00033  feat 0.00122)
  Epoch 22/50  Batch 873/2188 (39.9%)  | Super 99.334 (box 1.3317  cls 0.7149  dfl 1.0576)  | Base 99.904 (box 1.3408  cls 0.7302  dfl 1.0510)  | KD 9.355 (box 0.28466  cls 0.00593  dfl 0.00059  feat 0.00116)
  Epoch 22/50  Batch 1091/2188 (49.9%)  | Super 85.594 (box 1.1601  cls 0.5703  dfl 0.9444)  | Base 85.646 (box 1.1653  cls 0.5791  dfl 0.9320)  | KD 6.286 (box 0.19141  cls 0.00357  dfl 0.00034  feat 0.00113)
  Epoch 22/50  Batch 1309/2188 (59.8%)  | Super 85.504 (box 1.1222  cls 0.5965  dfl 0.9533)  | Base 86.562 (box 1.1299  cls 0.6179  dfl 0.9573)  | KD 7.091 (box 0.21161  cls 0.00825  dfl 0.00043  feat 0.00129)
  Epoch 22/50  Batch 1527/2188 (69.8%)  | Super 92.330 (box 1.2284  cls 0.6482  dfl 1.0087)  | Base 92.350 (box 1.2265  cls 0.6643  dfl 0.9951)  | KD 8.588 (box 0.25528  cls 0.01118  dfl 0.00056  feat 0.00135)
  Epoch 22/50  Batch 1745/2188 (79.8%)  | Super 88.300 (box 1.1762  cls 0.6018  dfl 0.9813)  | Base 88.831 (box 1.1772  cls 0.6109  dfl 0.9879)  | KD 7.351 (box 0.22256  cls 0.00549  dfl 0.00043  feat 0.00123)
  Epoch 22/50  Batch 1963/2188 (89.7%)  | Super 85.000 (box 1.1118  cls 0.5942  dfl 0.9503)  | Base 87.133 (box 1.1504  cls 0.6302  dfl 0.9423)  | KD 9.139 (box 0.27691  cls 0.00657  dfl 0.00061  feat 0.00150)
  Epoch 22/50  Batch 2181/2188 (99.7%)  | Super 93.374 (box 1.2575  cls 0.6242  dfl 1.0363)  | Base 94.177 (box 1.2766  cls 0.6320  dfl 1.0344)  | KD 7.417 (box 0.22317  cls 0.00697  dfl 0.00043  feat 0.00122)

================================================================================
  [Validation] Super model (skip=False)  |  Epoch 22/50
================================================================================
[*] Validation input tensor shape: torch.Size([32, 3, 384, 672])
                 Class     Images  Instances      Box(P          R      mAP50  mAP50-95)
                   all      10000     185578      0.634      0.498      0.553      0.322

================================================================================
  [Validation] Base model  (skip=True)   |  Epoch 22/50
================================================================================
[*] Validation input tensor shape: torch.Size([32, 3, 384, 672])
                 Class     Images  Instances      Box(P          R      mAP50  mAP50-95)
                   all      10000     185578      0.657      0.498      0.548       0.32

           Epoch         GPU_mem          box_om          cls_om          dfl_om          box_oo          cls_oo          dfl_oo       Instances            Size
  Epoch 23/50  Batch 1/2188 (0.0%)  | Super 86.300 (box 1.1126  cls 0.6336  dfl 0.9506)  | Base 87.521 (box 1.1284  cls 0.6473  dfl 0.9593)  | KD 7.950 (box 0.23699  cls 0.00990  dfl 0.00039  feat 0.00118)
  Epoch 23/50  Batch 219/2188 (10.0%)  | Super 94.224 (box 1.2975  cls 0.6476  dfl 0.9994)  | Base 94.598 (box 1.2973  cls 0.6686  dfl 0.9902)  | KD 6.324 (box 0.18778  cls 0.00816  dfl 0.00040  feat 0.00128)
  Epoch 23/50  Batch 437/2188 (20.0%)  | Super 103.104 (box 1.4448  cls 0.7191  dfl 1.0581)  | Base 103.482 (box 1.4511  cls 0.7328  dfl 1.0499)  | KD 8.581 (box 0.25783  cls 0.00866  dfl 0.00048  feat 0.00117)
  Epoch 23/50  Batch 655/2188 (29.9%)  | Super 85.184 (box 1.1516  cls 0.5821  dfl 0.9283)  | Base 86.530 (box 1.1745  cls 0.5991  dfl 0.9305)  | KD 6.600 (box 0.19878  cls 0.00607  dfl 0.00037  feat 0.00105)
  Epoch 23/50  Batch 873/2188 (39.9%)  | Super 98.088 (box 1.3013  cls 0.7471  dfl 1.0168)  | Base 97.707 (box 1.2918  cls 0.7812  dfl 0.9804)  | KD 9.138 (box 0.27792  cls 0.00578  dfl 0.00065  feat 0.00119)
  Epoch 23/50  Batch 1091/2188 (49.9%)  | Super 84.722 (box 1.1307  cls 0.5829  dfl 0.9340)  | Base 86.054 (box 1.1470  cls 0.6096  dfl 0.9327)  | KD 6.667 (box 0.20120  cls 0.00569  dfl 0.00038  feat 0.00109)
  Epoch 23/50  Batch 1309/2188 (59.8%)  | Super 85.467 (box 1.1138  cls 0.5807  dfl 0.9764)  | Base 86.138 (box 1.1224  cls 0.6087  dfl 0.9607)  | KD 7.277 (box 0.21663  cls 0.00903  dfl 0.00039  feat 0.00135)
  Epoch 23/50  Batch 1527/2188 (69.8%)  | Super 86.549 (box 1.1414  cls 0.6209  dfl 0.9423)  | Base 86.181 (box 1.1438  cls 0.6224  dfl 0.9270)  | KD 7.136 (box 0.21295  cls 0.00835  dfl 0.00040  feat 0.00129)
  Epoch 23/50  Batch 1745/2188 (79.8%)  | Super 85.510 (box 1.1380  cls 0.5876  dfl 0.9466)  | Base 86.518 (box 1.1489  cls 0.6011  dfl 0.9537)  | KD 7.378 (box 0.22085  cls 0.00803  dfl 0.00043  feat 0.00126)
  Epoch 23/50  Batch 1963/2188 (89.7%)  | Super 84.097 (box 1.1026  cls 0.5917  dfl 0.9338)  | Base 84.654 (box 1.1177  cls 0.5997  dfl 0.9281)  | KD 6.898 (box 0.20900  cls 0.00484  dfl 0.00038  feat 0.00133)
  Epoch 23/50  Batch 2181/2188 (99.7%)  | Super 90.998 (box 1.2539  cls 0.5996  dfl 0.9902)  | Base 92.028 (box 1.2589  cls 0.6274  dfl 0.9896)  | KD 6.287 (box 0.18976  cls 0.00515  dfl 0.00036  feat 0.00119)

================================================================================
  [Validation] Super model (skip=False)  |  Epoch 23/50
================================================================================
[*] Validation input tensor shape: torch.Size([32, 3, 384, 672])
                 Class     Images  Instances      Box(P          R      mAP50  mAP50-95)
                   all      10000     185578       0.63        0.5      0.553      0.322

================================================================================
  [Validation] Base model  (skip=True)   |  Epoch 23/50
================================================================================
[*] Validation input tensor shape: torch.Size([32, 3, 384, 672])
                 Class     Images  Instances      Box(P          R      mAP50  mAP50-95)
                   all      10000     185578      0.659        0.5      0.548      0.319

           Epoch         GPU_mem          box_om          cls_om          dfl_om          box_oo          cls_oo          dfl_oo       Instances            Size
  Epoch 24/50  Batch 1/2188 (0.0%)  | Super 88.880 (box 1.1676  cls 0.6335  dfl 0.9764)  | Base 89.717 (box 1.1651  cls 0.6676  dfl 0.9709)  | KD 7.576 (box 0.22459  cls 0.01068  dfl 0.00040  feat 0.00108)
  Epoch 24/50  Batch 219/2188 (10.0%)  | Super 91.948 (box 1.2494  cls 0.6247  dfl 0.9993)  | Base 93.054 (box 1.2550  cls 0.6444  dfl 1.0085)  | KD 6.825 (box 0.20655  cls 0.00519  dfl 0.00036  feat 0.00117)
  Epoch 24/50  Batch 437/2188 (20.0%)  | Super 95.373 (box 1.3418  cls 0.6657  dfl 0.9729)  | Base 96.839 (box 1.3671  cls 0.6783  dfl 0.9808)  | KD 8.059 (box 0.24500  cls 0.00530  dfl 0.00042  feat 0.00113)
  Epoch 24/50  Batch 655/2188 (29.9%)  | Super 84.141 (box 1.1111  cls 0.5928  dfl 0.9255)  | Base 85.800 (box 1.1321  cls 0.6216  dfl 0.9275)  | KD 6.835 (box 0.20124  cls 0.01089  dfl 0.00044  feat 0.00103)
  Epoch 24/50  Batch 873/2188 (39.9%)  | Super 99.558 (box 1.3035  cls 0.7903  dfl 1.0174)  | Base 100.074 (box 1.3113  cls 0.8016  dfl 1.0144)  | KD 8.647 (box 0.25908  cls 0.00938  dfl 0.00047  feat 0.00128)
  Epoch 24/50  Batch 1091/2188 (49.9%)  | Super 87.705 (box 1.1745  cls 0.6027  dfl 0.9636)  | Base 87.843 (box 1.1746  cls 0.6094  dfl 0.9610)  | KD 6.348 (box 0.19099  cls 0.00592  dfl 0.00035  feat 0.00113)
  Epoch 24/50  Batch 1309/2188 (59.8%)  | Super 85.836 (box 1.1391  cls 0.5751  dfl 0.9681)  | Base 85.979 (box 1.1345  cls 0.5907  dfl 0.9616)  | KD 7.128 (box 0.21350  cls 0.00754  dfl 0.00036  feat 0.00135)
  Epoch 24/50  Batch 1527/2188 (69.8%)  | Super 90.223 (box 1.2170  cls 0.6522  dfl 0.9502)  | Base 90.682 (box 1.2187  cls 0.6702  dfl 0.9450)  | KD 7.366 (box 0.21565  cls 0.01290  dfl 0.00039  feat 0.00125)
  Epoch 24/50  Batch 1745/2188 (79.8%)  | Super 84.673 (box 1.1379  cls 0.5596  dfl 0.9486)  | Base 85.658 (box 1.1456  cls 0.5833  dfl 0.9479)  | KD 7.034 (box 0.20983  cls 0.00845  dfl 0.00041  feat 0.00112)
  Epoch 24/50  Batch 1963/2188 (89.7%)  | Super 93.596 (box 1.2611  cls 0.6981  dfl 0.9656)  | Base 94.041 (box 1.2653  cls 0.7106  dfl 0.9629)  | KD 7.678 (box 0.22752  cls 0.01069  dfl 0.00042  feat 0.00130)
  Epoch 24/50  Batch 2181/2188 (99.7%)  | Super 91.618 (box 1.2472  cls 0.6089  dfl 1.0070)  | Base 92.587 (box 1.2617  cls 0.6263  dfl 1.0054)  | KD 6.306 (box 0.19051  cls 0.00504  dfl 0.00038  feat 0.00115)

================================================================================
  [Validation] Super model (skip=False)  |  Epoch 24/50
================================================================================
[*] Validation input tensor shape: torch.Size([32, 3, 384, 672])
                 Class     Images  Instances      Box(P          R      mAP50  mAP50-95)
                   all      10000     185578      0.636      0.501      0.555      0.324

================================================================================
  [Validation] Base model  (skip=True)   |  Epoch 24/50
================================================================================
[*] Validation input tensor shape: torch.Size([32, 3, 384, 672])
                 Class     Images  Instances      Box(P          R      mAP50  mAP50-95)
                   all      10000     185578      0.602      0.514      0.549       0.32

           Epoch         GPU_mem          box_om          cls_om          dfl_om          box_oo          cls_oo          dfl_oo       Instances            Size
  Epoch 25/50  Batch 1/2188 (0.0%)  | Super 85.524 (box 1.1070  cls 0.6118  dfl 0.9539)  | Base 86.505 (box 1.1129  cls 0.6331  dfl 0.9574)  | KD 6.927 (box 0.20605  cls 0.00885  dfl 0.00045  feat 0.00112)
  Epoch 25/50  Batch 219/2188 (10.0%)  | Super 90.944 (box 1.2670  cls 0.6001  dfl 0.9749)  | Base 91.609 (box 1.2648  cls 0.6286  dfl 0.9694)  | KD 6.617 (box 0.19681  cls 0.00853  dfl 0.00033  feat 0.00111)
  Epoch 25/50  Batch 437/2188 (20.0%)  | Super 101.300 (box 1.4434  cls 0.7141  dfl 1.0081)  | Base 102.267 (box 1.4577  cls 0.7342  dfl 1.0040)  | KD 8.555 (box 0.25912  cls 0.00659  dfl 0.00038  feat 0.00125)
  Epoch 25/50  Batch 655/2188 (29.9%)  | Super 86.453 (box 1.1592  cls 0.5701  dfl 0.9724)  | Base 87.208 (box 1.1719  cls 0.5911  dfl 0.9623)  | KD 6.937 (box 0.20615  cls 0.00903  dfl 0.00038  feat 0.00122)
  Epoch 25/50  Batch 873/2188 (39.9%)  | Super 95.991 (box 1.2569  cls 0.7216  dfl 1.0212)  | Base 96.922 (box 1.2779  cls 0.7353  dfl 1.0156)  | KD 8.893 (box 0.26894  cls 0.00730  dfl 0.00055  feat 0.00111)
  Epoch 25/50  Batch 1091/2188 (49.9%)  | Super 87.686 (box 1.2163  cls 0.5851  dfl 0.9389)  | Base 88.398 (box 1.2266  cls 0.5960  dfl 0.9398)  | KD 6.809 (box 0.20519  cls 0.00621  dfl 0.00038  feat 0.00100)
  Epoch 25/50  Batch 1309/2188 (59.8%)  | Super 83.690 (box 1.0896  cls 0.5611  dfl 0.9646)  | Base 84.147 (box 1.0880  cls 0.5800  dfl 0.9616)  | KD 7.314 (box 0.22204  cls 0.00486  dfl 0.00046  feat 0.00121)
  Epoch 25/50  Batch 1527/2188 (69.8%)  | Super 91.779 (box 1.2229  cls 0.6534  dfl 0.9918)  | Base 91.727 (box 1.2206  cls 0.6633  dfl 0.9825)  | KD 8.228 (box 0.24596  cls 0.00906  dfl 0.00051  feat 0.00159)
  Epoch 25/50  Batch 1745/2188 (79.8%)  | Super 88.104 (box 1.1591  cls 0.6298  dfl 0.9644)  | Base 87.366 (box 1.1531  cls 0.6213  dfl 0.9558)  | KD 8.014 (box 0.24154  cls 0.00739  dfl 0.00045  feat 0.00107)
  Epoch 25/50  Batch 1963/2188 (89.7%)  | Super 88.558 (box 1.1942  cls 0.5926  dfl 0.9807)  | Base 90.056 (box 1.2287  cls 0.6242  dfl 0.9613)  | KD 8.874 (box 0.26657  cls 0.00876  dfl 0.00057  feat 0.00140)
  Epoch 25/50  Batch 2181/2188 (99.7%)  | Super 96.998 (box 1.3164  cls 0.6357  dfl 1.0790)  | Base 99.496 (box 1.3575  cls 0.6455  dfl 1.1062)  | KD 6.846 (box 0.20607  cls 0.00624  dfl 0.00043  feat 0.00120)

================================================================================
  [Validation] Super model (skip=False)  |  Epoch 25/50
================================================================================
[*] Validation input tensor shape: torch.Size([32, 3, 384, 672])
                 Class     Images  Instances      Box(P          R      mAP50  mAP50-95)
                   all      10000     185578       0.62      0.522      0.556      0.323

================================================================================
  [Validation] Base model  (skip=True)   |  Epoch 25/50
================================================================================
[*] Validation input tensor shape: torch.Size([32, 3, 384, 672])
                 Class     Images  Instances      Box(P          R      mAP50  mAP50-95)
                   all      10000     185578      0.625      0.508       0.55       0.32

           Epoch         GPU_mem          box_om          cls_om          dfl_om          box_oo          cls_oo          dfl_oo       Instances            Size
  Epoch 26/50  Batch 1/2188 (0.0%)  | Super 90.564 (box 1.1851  cls 0.6296  dfl 1.0154)  | Base 91.572 (box 1.1991  cls 0.6618  dfl 1.0007)  | KD 7.097 (box 0.21257  cls 0.00762  dfl 0.00040  feat 0.00119)
  Epoch 26/50  Batch 219/2188 (10.0%)  | Super 93.415 (box 1.2668  cls 0.6703  dfl 0.9822)  | Base 93.585 (box 1.2572  cls 0.7009  dfl 0.9664)  | KD 6.489 (box 0.19326  cls 0.00804  dfl 0.00037  feat 0.00113)
  Epoch 26/50  Batch 437/2188 (20.0%)  | Super 96.738 (box 1.3848  cls 0.6759  dfl 0.9624)  | Base 97.914 (box 1.4002  cls 0.6936  dfl 0.9660)  | KD 8.486 (box 0.25952  cls 0.00411  dfl 0.00039  feat 0.00116)
  Epoch 26/50  Batch 655/2188 (29.9%)  | Super 86.144 (box 1.1565  cls 0.5861  dfl 0.9494)  | Base 87.684 (box 1.1819  cls 0.6064  dfl 0.9518)  | KD 6.953 (box 0.20944  cls 0.00629  dfl 0.00041  feat 0.00115)
  Epoch 26/50  Batch 873/2188 (39.9%)  | Super 90.745 (box 1.2263  cls 0.6398  dfl 0.9697)  | Base 92.031 (box 1.2361  cls 0.6621  dfl 0.9778)  | KD 8.151 (box 0.24377  cls 0.00934  dfl 0.00044  feat 0.00115)
  Epoch 26/50  Batch 1091/2188 (49.9%)  | Super 87.851 (box 1.1983  cls 0.5880  dfl 0.9589)  | Base 88.797 (box 1.2091  cls 0.6080  dfl 0.9578)  | KD 6.737 (box 0.20261  cls 0.00641  dfl 0.00034  feat 0.00118)
  Epoch 26/50  Batch 1309/2188 (59.8%)  | Super 81.348 (box 1.0630  cls 0.5424  dfl 0.9367)  | Base 81.404 (box 1.0611  cls 0.5634  dfl 0.9193)  | KD 6.977 (box 0.20960  cls 0.00669  dfl 0.00056  feat 0.00118)
  Epoch 26/50  Batch 1527/2188 (69.8%)  | Super 91.792 (box 1.2162  cls 0.6433  dfl 1.0090)  | Base 90.804 (box 1.2009  cls 0.6604  dfl 0.9763)  | KD 8.403 (box 0.24530  cls 0.01545  dfl 0.00053  feat 0.00132)
  Epoch 26/50  Batch 1745/2188 (79.8%)  | Super 85.287 (box 1.1423  cls 0.5449  dfl 0.9780)  | Base 86.682 (box 1.1502  cls 0.5776  dfl 0.9810)  | KD 6.809 (box 0.20453  cls 0.00668  dfl 0.00040  feat 0.00118)
  Epoch 26/50  Batch 1963/2188 (89.7%)  | Super 85.465 (box 1.1176  cls 0.6174  dfl 0.9359)  | Base 86.846 (box 1.1370  cls 0.6380  dfl 0.9389)  | KD 7.152 (box 0.21448  cls 0.00738  dfl 0.00039  feat 0.00125)
  Epoch 26/50  Batch 2181/2188 (99.7%)  | Super 94.731 (box 1.2459  cls 0.6511  dfl 1.0634)  | Base 95.826 (box 1.2801  cls 0.6462  dfl 1.0682)  | KD 7.585 (box 0.22784  cls 0.00769  dfl 0.00036  feat 0.00113)

================================================================================
  [Validation] Super model (skip=False)  |  Epoch 26/50
================================================================================
[*] Validation input tensor shape: torch.Size([32, 3, 384, 672])
                 Class     Images  Instances      Box(P          R      mAP50  mAP50-95)
                   all      10000     185578      0.647      0.495      0.559      0.326

================================================================================
  [Validation] Base model  (skip=True)   |  Epoch 26/50
================================================================================
[*] Validation input tensor shape: torch.Size([32, 3, 384, 672])
                 Class     Images  Instances      Box(P          R      mAP50  mAP50-95)
                   all      10000     185578      0.663      0.501      0.555      0.325

           Epoch         GPU_mem          box_om          cls_om          dfl_om          box_oo          cls_oo          dfl_oo       Instances            Size
  Epoch 27/50  Batch 1/2188 (0.0%)  | Super 88.533 (box 1.1654  cls 0.6233  dfl 0.9779)  | Base 88.780 (box 1.1647  cls 0.6345  dfl 0.9751)  | KD 8.173 (box 0.24247  cls 0.01131  dfl 0.00051  feat 0.00109)
  Epoch 27/50  Batch 219/2188 (10.0%)  | Super 87.647 (box 1.2009  cls 0.6083  dfl 0.9298)  | Base 88.315 (box 1.2083  cls 0.6241  dfl 0.9274)  | KD 6.963 (box 0.21217  cls 0.00386  dfl 0.00040  feat 0.00116)
  Epoch 27/50  Batch 437/2188 (20.0%)  | Super 96.162 (box 1.3794  cls 0.6708  dfl 0.9548)  | Base 97.181 (box 1.3949  cls 0.6851  dfl 0.9569)  | KD 8.378 (box 0.25441  cls 0.00574  dfl 0.00040  feat 0.00127)
  Epoch 27/50  Batch 655/2188 (29.9%)  | Super 84.409 (box 1.1411  cls 0.5621  dfl 0.9346)  | Base 85.272 (box 1.1502  cls 0.5822  dfl 0.9324)  | KD 6.258 (box 0.18624  cls 0.00774  dfl 0.00032  feat 0.00125)
  Epoch 27/50  Batch 873/2188 (39.9%)  | Super 96.690 (box 1.2780  cls 0.7315  dfl 1.0120)  | Base 97.571 (box 1.3007  cls 0.7210  dfl 1.0275)  | KD 7.812 (box 0.23608  cls 0.00636  dfl 0.00038  feat 0.00130)
  Epoch 27/50  Batch 1091/2188 (49.9%)  | Super 85.032 (box 1.1275  cls 0.5929  dfl 0.9368)  | Base 85.035 (box 1.1245  cls 0.5973  dfl 0.9356)  | KD 6.560 (box 0.19448  cls 0.00903  dfl 0.00035  feat 0.00114)
  Epoch 27/50  Batch 1309/2188 (59.8%)  | Super 83.564 (box 1.0948  cls 0.5636  dfl 0.9529)  | Base 83.818 (box 1.0844  cls 0.5874  dfl 0.9475)  | KD 6.727 (box 0.20344  cls 0.00509  dfl 0.00037  feat 0.00133)
  Epoch 27/50  Batch 1527/2188 (69.8%)  | Super 87.847 (box 1.1991  cls 0.6146  dfl 0.9315)  | Base 89.337 (box 1.2191  cls 0.6433  dfl 0.9294)  | KD 7.599 (box 0.22337  cls 0.01248  dfl 0.00046  feat 0.00115)
  Epoch 27/50  Batch 1745/2188 (79.8%)  | Super 88.058 (box 1.1859  cls 0.5978  dfl 0.9681)  | Base 88.448 (box 1.1871  cls 0.6144  dfl 0.9625)  | KD 7.904 (box 0.23670  cls 0.00880  dfl 0.00047  feat 0.00104)
  Epoch 27/50  Batch 1963/2188 (89.7%)  | Super 86.957 (box 1.1504  cls 0.6137  dfl 0.9533)  | Base 87.284 (box 1.1638  cls 0.6246  dfl 0.9392)  | KD 7.075 (box 0.21196  cls 0.00745  dfl 0.00036  feat 0.00133)
  Epoch 27/50  Batch 2181/2188 (99.7%)  | Super 97.272 (box 1.3265  cls 0.6198  dfl 1.0935)  | Base 97.396 (box 1.3252  cls 0.6473  dfl 1.0711)  | KD 6.791 (box 0.20572  cls 0.00483  dfl 0.00042  feat 0.00124)

================================================================================
  [Validation] Super model (skip=False)  |  Epoch 27/50
================================================================================
[*] Validation input tensor shape: torch.Size([32, 3, 384, 672])
                 Class     Images  Instances      Box(P          R      mAP50  mAP50-95)
                   all      10000     185578      0.642      0.498      0.556      0.325

================================================================================
  [Validation] Base model  (skip=True)   |  Epoch 27/50
================================================================================
[*] Validation input tensor shape: torch.Size([32, 3, 384, 672])
                 Class     Images  Instances      Box(P          R      mAP50  mAP50-95)
                   all      10000     185578      0.646      0.521      0.554      0.325

           Epoch         GPU_mem          box_om          cls_om          dfl_om          box_oo          cls_oo          dfl_oo       Instances            Size
  Epoch 28/50  Batch 1/2188 (0.0%)  | Super 89.111 (box 1.1977  cls 0.6040  dfl 0.9830)  | Base 89.783 (box 1.2057  cls 0.6148  dfl 0.9853)  | KD 7.325 (box 0.21680  cls 0.01060  dfl 0.00039  feat 0.00112)
  Epoch 28/50  Batch 219/2188 (10.0%)  | Super 85.549 (box 1.1401  cls 0.6031  dfl 0.9302)  | Base 86.579 (box 1.1621  cls 0.6168  dfl 0.9267)  | KD 7.296 (box 0.21636  cls 0.01000  dfl 0.00043  feat 0.00122)
  Epoch 28/50  Batch 437/2188 (20.0%)  | Super 97.438 (box 1.4000  cls 0.6812  dfl 0.9638)  | Base 97.618 (box 1.4085  cls 0.6817  dfl 0.9603)  | KD 8.469 (box 0.25528  cls 0.00784  dfl 0.00040  feat 0.00113)
  Epoch 28/50  Batch 655/2188 (29.9%)  | Super 83.803 (box 1.1251  cls 0.5778  dfl 0.9160)  | Base 84.277 (box 1.1336  cls 0.5871  dfl 0.9130)  | KD 6.248 (box 0.18675  cls 0.00715  dfl 0.00035  feat 0.00100)
  Epoch 28/50  Batch 873/2188 (39.9%)  | Super 93.460 (box 1.2363  cls 0.6713  dfl 1.0130)  | Base 94.983 (box 1.2560  cls 0.6951  dfl 1.0172)  | KD 7.894 (box 0.23849  cls 0.00656  dfl 0.00042  feat 0.00122)
  Epoch 28/50  Batch 1091/2188 (49.9%)  | Super 84.637 (box 1.1336  cls 0.5690  dfl 0.9423)  | Base 85.050 (box 1.1322  cls 0.5859  dfl 0.9397)  | KD 6.533 (box 0.19642  cls 0.00628  dfl 0.00035  feat 0.00112)
  Epoch 28/50  Batch 1309/2188 (59.8%)  | Super 77.283 (box 0.9987  cls 0.5069  dfl 0.9096)  | Base 78.396 (box 1.0085  cls 0.5305  dfl 0.9109)  | KD 7.153 (box 0.21386  cls 0.00797  dfl 0.00045  feat 0.00123)
  Epoch 28/50  Batch 1527/2188 (69.8%)  | Super 92.925 (box 1.2559  cls 0.6799  dfl 0.9681)  | Base 94.455 (box 1.2805  cls 0.6984  dfl 0.9728)  | KD 9.181 (box 0.26469  cls 0.02033  dfl 0.00060  feat 0.00129)
  Epoch 28/50  Batch 1745/2188 (79.8%)  | Super 85.456 (box 1.1332  cls 0.5938  dfl 0.9435)  | Base 87.770 (box 1.1601  cls 0.6328  dfl 0.9499)  | KD 7.682 (box 0.23054  cls 0.00800  dfl 0.00043  feat 0.00109)
  Epoch 28/50  Batch 1963/2188 (89.7%)  | Super 86.837 (box 1.1340  cls 0.6275  dfl 0.9522)  | Base 88.842 (box 1.1683  cls 0.6523  dfl 0.9557)  | KD 9.661 (box 0.28988  cls 0.01005  dfl 0.00062  feat 0.00135)
  Epoch 28/50  Batch 2181/2188 (99.7%)  | Super 93.694 (box 1.2551  cls 0.6489  dfl 1.0239)  | Base 94.295 (box 1.2728  cls 0.6571  dfl 1.0169)  | KD 7.319 (box 0.22041  cls 0.00652  dfl 0.00042  feat 0.00137)

================================================================================
  [Validation] Super model (skip=False)  |  Epoch 28/50
================================================================================
[*] Validation input tensor shape: torch.Size([32, 3, 384, 672])
                 Class     Images  Instances      Box(P          R      mAP50  mAP50-95)
                   all      10000     185578      0.641      0.502      0.558      0.325

================================================================================
  [Validation] Base model  (skip=True)   |  Epoch 28/50
================================================================================
[*] Validation input tensor shape: torch.Size([32, 3, 384, 672])
                 Class     Images  Instances      Box(P          R      mAP50  mAP50-95)
                   all      10000     185578      0.606      0.516      0.551      0.321

           Epoch         GPU_mem          box_om          cls_om          dfl_om          box_oo          cls_oo          dfl_oo       Instances            Size
  Epoch 29/50  Batch 1/2188 (0.0%)  | Super 90.611 (box 1.1810  cls 0.6335  dfl 1.0171)  | Base 91.201 (box 1.1975  cls 0.6384  dfl 1.0142)  | KD 7.737 (box 0.22972  cls 0.01055  dfl 0.00043  feat 0.00109)
  Epoch 29/50  Batch 219/2188 (10.0%)  | Super 87.845 (box 1.1957  cls 0.5844  dfl 0.9650)  | Base 88.432 (box 1.2090  cls 0.5967  dfl 0.9578)  | KD 6.240 (box 0.18971  cls 0.00370  dfl 0.00032  feat 0.00127)
  Epoch 29/50  Batch 437/2188 (20.0%)  | Super 97.699 (box 1.3752  cls 0.6847  dfl 0.9932)  | Base 98.631 (box 1.3858  cls 0.7032  dfl 0.9933)  | KD 8.870 (box 0.26771  cls 0.00782  dfl 0.00044  feat 0.00123)
  Epoch 29/50  Batch 655/2188 (29.9%)  | Super 85.810 (box 1.1556  cls 0.6046  dfl 0.9214)  | Base 86.464 (box 1.1641  cls 0.6173  dfl 0.9206)  | KD 6.930 (box 0.20615  cls 0.00878  dfl 0.00045  feat 0.00118)
  Epoch 29/50  Batch 873/2188 (39.9%)  | Super 92.335 (box 1.1938  cls 0.7159  dfl 0.9758)  | Base 93.629 (box 1.2199  cls 0.7361  dfl 0.9699)  | KD 9.029 (box 0.27282  cls 0.00761  dfl 0.00054  feat 0.00117)
  Epoch 29/50  Batch 1091/2188 (49.9%)  | Super 85.123 (box 1.1254  cls 0.5817  dfl 0.9530)  | Base 85.589 (box 1.1316  cls 0.5845  dfl 0.9586)  | KD 6.285 (box 0.18450  cls 0.01043  dfl 0.00036  feat 0.00110)
  Epoch 29/50  Batch 1309/2188 (59.8%)  | Super 80.916 (box 1.0642  cls 0.5407  dfl 0.9237)  | Base 82.088 (box 1.0852  cls 0.5620  dfl 0.9180)  | KD 7.167 (box 0.21249  cls 0.00980  dfl 0.00043  feat 0.00125)
  Epoch 29/50  Batch 1527/2188 (69.8%)  | Super 89.923 (box 1.2128  cls 0.6036  dfl 0.9937)  | Base 89.105 (box 1.2081  cls 0.5912  dfl 0.9852)  | KD 7.225 (box 0.20821  cls 0.01590  dfl 0.00041  feat 0.00127)
  Epoch 29/50  Batch 1745/2188 (79.8%)  | Super 85.622 (box 1.1241  cls 0.5944  dfl 0.9572)  | Base 86.572 (box 1.1375  cls 0.6118  dfl 0.9561)  | KD 6.769 (box 0.20273  cls 0.00722  dfl 0.00036  feat 0.00123)
  Epoch 29/50  Batch 1963/2188 (89.7%)  | Super 87.736 (box 1.1425  cls 0.6263  dfl 0.9730)  | Base 89.040 (box 1.1618  cls 0.6435  dfl 0.9772)  | KD 8.694 (box 0.26229  cls 0.00759  dfl 0.00046  feat 0.00134)
  Epoch 29/50  Batch 2181/2188 (99.7%)  | Super 92.752 (box 1.2575  cls 0.6270  dfl 1.0140)  | Base 92.978 (box 1.2614  cls 0.6409  dfl 1.0033)  | KD 7.554 (box 0.22912  cls 0.00521  dfl 0.00043  feat 0.00131)

================================================================================
  [Validation] Super model (skip=False)  |  Epoch 29/50
================================================================================
[*] Validation input tensor shape: torch.Size([32, 3, 384, 672])
                 Class     Images  Instances      Box(P          R      mAP50  mAP50-95)
                   all      10000     185578      0.655      0.515      0.558      0.325

================================================================================
  [Validation] Base model  (skip=True)   |  Epoch 29/50
================================================================================
[*] Validation input tensor shape: torch.Size([32, 3, 384, 672])
                 Class     Images  Instances      Box(P          R      mAP50  mAP50-95)
                   all      10000     185578      0.655      0.509      0.553      0.322

           Epoch         GPU_mem          box_om          cls_om          dfl_om          box_oo          cls_oo          dfl_oo       Instances            Size
  Epoch 30/50  Batch 1/2188 (0.0%)  | Super 88.098 (box 1.1525  cls 0.6137  dfl 0.9869)  | Base 90.296 (box 1.1795  cls 0.6448  dfl 0.9974)  | KD 7.304 (box 0.21611  cls 0.01066  dfl 0.00040  feat 0.00109)
  Epoch 30/50  Batch 219/2188 (10.0%)  | Super 92.663 (box 1.2523  cls 0.6297  dfl 1.0138)  | Base 93.351 (box 1.2557  cls 0.6482  dfl 1.0133)  | KD 7.633 (box 0.22650  cls 0.01012  dfl 0.00045  feat 0.00147)
  Epoch 30/50  Batch 437/2188 (20.0%)  | Super 96.085 (box 1.3839  cls 0.6454  dfl 0.9733)  | Base 98.476 (box 1.4159  cls 0.6803  dfl 0.9812)  | KD 7.723 (box 0.23138  cls 0.00849  dfl 0.00036  feat 0.00113)
  Epoch 30/50  Batch 655/2188 (29.9%)  | Super 87.266 (box 1.1632  cls 0.5991  dfl 0.9647)  | Base 86.494 (box 1.1588  cls 0.5959  dfl 0.9483)  | KD 7.310 (box 0.21979  cls 0.00708  dfl 0.00038  feat 0.00120)
  Epoch 30/50  Batch 873/2188 (39.9%)  | Super 99.163 (box 1.2880  cls 0.7468  dfl 1.0641)  | Base 100.114 (box 1.3148  cls 0.7514  dfl 1.0624)  | KD 8.944 (box 0.27142  cls 0.00627  dfl 0.00049  feat 0.00132)
  Epoch 30/50  Batch 1091/2188 (49.9%)  | Super 84.075 (box 1.1380  cls 0.5550  dfl 0.9343)  | Base 84.135 (box 1.1376  cls 0.5670  dfl 0.9246)  | KD 6.740 (box 0.19954  cls 0.00959  dfl 0.00037  feat 0.00113)
  Epoch 30/50  Batch 1309/2188 (59.8%)  | Super 78.359 (box 1.0261  cls 0.5106  dfl 0.9120)  | Base 79.274 (box 1.0320  cls 0.5356  dfl 0.9098)  | KD 6.475 (box 0.19055  cls 0.01010  dfl 0.00045  feat 0.00125)
  Epoch 30/50  Batch 1527/2188 (69.8%)  | Super 90.299 (box 1.1709  cls 0.6482  dfl 1.0028)  | Base 90.732 (box 1.1917  cls 0.6526  dfl 0.9911)  | KD 7.780 (box 0.22375  cls 0.01781  dfl 0.00045  feat 0.00113)
  Epoch 30/50  Batch 1745/2188 (79.8%)  | Super 83.929 (box 1.1111  cls 0.5711  dfl 0.9406)  | Base 85.543 (box 1.1218  cls 0.6071  dfl 0.9443)  | KD 7.602 (box 0.22340  cls 0.01263  dfl 0.00043  feat 0.00111)
  Epoch 30/50  Batch 1963/2188 (89.7%)  | Super 87.866 (box 1.1858  cls 0.5957  dfl 0.9644)  | Base 89.212 (box 1.2084  cls 0.6149  dfl 0.9646)  | KD 8.052 (box 0.24125  cls 0.00855  dfl 0.00044  feat 0.00139)
  Epoch 30/50  Batch 2181/2188 (99.7%)  | Super 93.704 (box 1.2659  cls 0.6345  dfl 1.0278)  | Base 94.573 (box 1.2749  cls 0.6576  dfl 1.0229)  | KD 7.681 (box 0.23167  cls 0.00662  dfl 0.00044  feat 0.00132)

================================================================================
  [Validation] Super model (skip=False)  |  Epoch 30/50
================================================================================
[*] Validation input tensor shape: torch.Size([32, 3, 384, 672])
                 Class     Images  Instances      Box(P          R      mAP50  mAP50-95)
                   all      10000     185578      0.635      0.505      0.559      0.326

================================================================================
  [Validation] Base model  (skip=True)   |  Epoch 30/50
================================================================================
[*] Validation input tensor shape: torch.Size([32, 3, 384, 672])
                 Class     Images  Instances      Box(P          R      mAP50  mAP50-95)
                   all      10000     185578      0.648      0.508      0.553      0.322

           Epoch         GPU_mem          box_om          cls_om          dfl_om          box_oo          cls_oo          dfl_oo       Instances            Size
  Epoch 31/50  Batch 1/2188 (0.0%)  | Super 92.761 (box 1.2061  cls 0.6467  dfl 1.0460)  | Base 94.649 (box 1.2361  cls 0.6822  dfl 1.0395)  | KD 7.843 (box 0.23322  cls 0.01026  dfl 0.00047  feat 0.00114)
  Epoch 31/50  Batch 219/2188 (10.0%)  | Super 90.532 (box 1.2076  cls 0.6481  dfl 0.9734)  | Base 90.956 (box 1.2080  cls 0.6645  dfl 0.9699)  | KD 7.250 (box 0.21854  cls 0.00642  dfl 0.00041  feat 0.00119)
  Epoch 31/50  Batch 437/2188 (20.0%)  | Super 98.303 (box 1.4033  cls 0.6736  dfl 0.9950)  | Base 99.843 (box 1.4247  cls 0.7091  dfl 0.9862)  | KD 8.382 (box 0.24230  cls 0.01785  dfl 0.00042  feat 0.00137)
  Epoch 31/50  Batch 655/2188 (29.9%)  | Super 86.666 (box 1.1793  cls 0.5637  dfl 0.9653)  | Base 87.131 (box 1.1842  cls 0.5746  dfl 0.9640)  | KD 7.132 (box 0.21370  cls 0.00758  dfl 0.00040  feat 0.00121)
  Epoch 31/50  Batch 873/2188 (39.9%)  | Super 95.833 (box 1.2964  cls 0.6804  dfl 1.0180)  | Base 96.943 (box 1.3208  cls 0.6975  dfl 1.0111)  | KD 8.280 (box 0.25079  cls 0.00626  dfl 0.00045  feat 0.00124)
  Epoch 31/50  Batch 1091/2188 (49.9%)  | Super 83.734 (box 1.1160  cls 0.5725  dfl 0.9282)  | Base 84.377 (box 1.1281  cls 0.5770  dfl 0.9317)  | KD 6.605 (box 0.19902  cls 0.00594  dfl 0.00039  feat 0.00104)
  Epoch 31/50  Batch 1309/2188 (59.8%)  | Super 85.799 (box 1.1195  cls 0.5920  dfl 0.9698)  | Base 87.748 (box 1.1420  cls 0.6244  dfl 0.9757)  | KD 7.552 (box 0.22772  cls 0.00667  dfl 0.00041  feat 0.00120)
  Epoch 31/50  Batch 1527/2188 (69.8%)  | Super 91.161 (box 1.2402  cls 0.6354  dfl 0.9732)  | Base 91.839 (box 1.2413  cls 0.6661  dfl 0.9626)  | KD 7.683 (box 0.22061  cls 0.01746  dfl 0.00048  feat 0.00156)
  Epoch 31/50  Batch 1745/2188 (79.8%)  | Super 89.371 (box 1.2173  cls 0.6010  dfl 0.9746)  | Base 89.957 (box 1.2235  cls 0.6232  dfl 0.9645)  | KD 7.313 (box 0.21566  cls 0.01127  dfl 0.00043  feat 0.00117)
  Epoch 31/50  Batch 1963/2188 (89.7%)  | Super 81.407 (box 1.0894  cls 0.5504  dfl 0.9042)  | Base 84.717 (box 1.1246  cls 0.6050  dfl 0.9178)  | KD 7.253 (box 0.21072  cls 0.01424  dfl 0.00047  feat 0.00124)
  Epoch 31/50  Batch 2181/2188 (99.7%)  | Super 95.126 (box 1.2930  cls 0.6381  dfl 1.0417)  | Base 95.958 (box 1.3046  cls 0.6561  dfl 1.0380)  | KD 6.693 (box 0.19512  cls 0.01256  dfl 0.00035  feat 0.00113)

================================================================================
  [Validation] Super model (skip=False)  |  Epoch 31/50
================================================================================
[*] Validation input tensor shape: torch.Size([32, 3, 384, 672])
                 Class     Images  Instances      Box(P          R      mAP50  mAP50-95)
                   all      10000     185578      0.624       0.55      0.563      0.328

================================================================================
  [Validation] Base model  (skip=True)   |  Epoch 31/50
================================================================================
[*] Validation input tensor shape: torch.Size([32, 3, 384, 672])
                 Class     Images  Instances      Box(P          R      mAP50  mAP50-95)
                   all      10000     185578      0.659      0.508      0.555      0.323

           Epoch         GPU_mem          box_om          cls_om          dfl_om          box_oo          cls_oo          dfl_oo       Instances            Size
  Epoch 32/50  Batch 1/2188 (0.0%)  | Super 83.778 (box 1.1335  cls 0.5543  dfl 0.9303)  | Base 84.223 (box 1.1238  cls 0.5852  dfl 0.9230)  | KD 8.503 (box 0.24776  cls 0.01645  dfl 0.00047  feat 0.00103)
  Epoch 32/50  Batch 219/2188 (10.0%)  | Super 84.822 (box 1.1483  cls 0.5567  dfl 0.9457)  | Base 85.864 (box 1.1680  cls 0.5773  dfl 0.9380)  | KD 7.302 (box 0.21847  cls 0.00820  dfl 0.00041  feat 0.00112)
  Epoch 32/50  Batch 437/2188 (20.0%)  | Super 97.878 (box 1.4040  cls 0.6575  dfl 0.9972)  | Base 98.930 (box 1.4122  cls 0.6715  dfl 1.0078)  | KD 7.642 (box 0.23099  cls 0.00632  dfl 0.00033  feat 0.00116)
  Epoch 32/50  Batch 655/2188 (29.9%)  | Super 84.292 (box 1.1369  cls 0.5621  dfl 0.9352)  | Base 84.908 (box 1.1449  cls 0.5787  dfl 0.9298)  | KD 6.915 (box 0.20858  cls 0.00602  dfl 0.00038  feat 0.00112)
  Epoch 32/50  Batch 873/2188 (39.9%)  | Super 97.199 (box 1.3040  cls 0.6901  dfl 1.0433)  | Base 98.338 (box 1.3280  cls 0.6904  dfl 1.0547)  | KD 9.128 (box 0.27671  cls 0.00685  dfl 0.00050  feat 0.00119)
  Epoch 32/50  Batch 1091/2188 (49.9%)  | Super 85.452 (box 1.1338  cls 0.5697  dfl 0.9669)  | Base 85.490 (box 1.1246  cls 0.5878  dfl 0.9591)  | KD 6.956 (box 0.20904  cls 0.00687  dfl 0.00039  feat 0.00107)
  Epoch 32/50  Batch 1309/2188 (59.8%)  | Super 85.115 (box 1.1244  cls 0.5608  dfl 0.9747)  | Base 85.362 (box 1.1185  cls 0.5819  dfl 0.9672)  | KD 7.157 (box 0.21695  cls 0.00517  dfl 0.00041  feat 0.00113)
  Epoch 32/50  Batch 1527/2188 (69.8%)  | Super 86.226 (box 1.1217  cls 0.6086  dfl 0.9642)  | Base 86.913 (box 1.1330  cls 0.6330  dfl 0.9500)  | KD 7.781 (box 0.22878  cls 0.01275  dfl 0.00043  feat 0.00120)
  Epoch 32/50  Batch 1745/2188 (79.8%)  | Super 85.423 (box 1.1429  cls 0.5792  dfl 0.9474)  | Base 86.398 (box 1.1530  cls 0.6060  dfl 0.9409)  | KD 7.316 (box 0.22167  cls 0.00542  dfl 0.00044  feat 0.00111)
  Epoch 32/50  Batch 1963/2188 (89.7%)  | Super 86.189 (box 1.1248  cls 0.6054  dfl 0.9632)  | Base 87.158 (box 1.1541  cls 0.6191  dfl 0.9506)  | KD 7.685 (box 0.23038  cls 0.00795  dfl 0.00046  feat 0.00136)
  Epoch 32/50  Batch 2181/2188 (99.7%)  | Super 93.064 (box 1.2642  cls 0.6297  dfl 1.0144)  | Base 92.476 (box 1.2587  cls 0.6318  dfl 0.9994)  | KD 7.174 (box 0.21325  cls 0.00934  dfl 0.00041  feat 0.00117)

================================================================================
  [Validation] Super model (skip=False)  |  Epoch 32/50
================================================================================
[*] Validation input tensor shape: torch.Size([32, 3, 384, 672])
                 Class     Images  Instances      Box(P          R      mAP50  mAP50-95)
                   all      10000     185578      0.648      0.533      0.562      0.329

================================================================================
  [Validation] Base model  (skip=True)   |  Epoch 32/50
================================================================================
[*] Validation input tensor shape: torch.Size([32, 3, 384, 672])
                 Class     Images  Instances      Box(P          R      mAP50  mAP50-95)
                   all      10000     185578      0.646      0.512      0.554      0.323

           Epoch         GPU_mem          box_om          cls_om          dfl_om          box_oo          cls_oo          dfl_oo       Instances            Size
  Epoch 33/50  Batch 1/2188 (0.0%)  | Super 82.887 (box 1.0707  cls 0.5608  dfl 0.9587)  | Base 83.756 (box 1.0801  cls 0.5731  dfl 0.9642)  | KD 6.942 (box 0.20136  cls 0.01407  dfl 0.00039  feat 0.00113)
  Epoch 33/50  Batch 219/2188 (10.0%)  | Super 91.006 (box 1.2582  cls 0.6223  dfl 0.9634)  | Base 91.791 (box 1.2784  cls 0.6287  dfl 0.9614)  | KD 6.353 (box 0.19045  cls 0.00658  dfl 0.00036  feat 0.00114)
  Epoch 33/50  Batch 437/2188 (20.0%)  | Super 96.180 (box 1.3955  cls 0.6554  dfl 0.9547)  | Base 97.263 (box 1.4134  cls 0.6706  dfl 0.9555)  | KD 7.925 (box 0.23935  cls 0.00693  dfl 0.00036  feat 0.00101)
  Epoch 33/50  Batch 655/2188 (29.9%)  | Super 88.647 (box 1.2210  cls 0.6081  dfl 0.9412)  | Base 90.153 (box 1.2411  cls 0.6282  dfl 0.9480)  | KD 8.166 (box 0.24379  cls 0.00985  dfl 0.00051  feat 0.00102)
  Epoch 33/50  Batch 873/2188 (39.9%)  | Super 97.082 (box 1.2980  cls 0.7091  dfl 1.0266)  | Base 97.806 (box 1.3089  cls 0.7241  dfl 1.0235)  | KD 8.281 (box 0.24875  cls 0.00837  dfl 0.00042  feat 0.00123)
  Epoch 33/50  Batch 1091/2188 (49.9%)  | Super 84.832 (box 1.1344  cls 0.5565  dfl 0.9601)  | Base 85.204 (box 1.1378  cls 0.5777  dfl 0.9471)  | KD 6.691 (box 0.19560  cls 0.01213  dfl 0.00032  feat 0.00104)
  Epoch 33/50  Batch 1309/2188 (59.8%)  | Super 80.027 (box 1.0120  cls 0.5535  dfl 0.9354)  | Base 80.986 (box 1.0306  cls 0.5697  dfl 0.9306)  | KD 7.463 (box 0.22273  cls 0.00861  dfl 0.00057  feat 0.00130)
  Epoch 33/50  Batch 1527/2188 (69.8%)  | Super 87.341 (box 1.1679  cls 0.5979  dfl 0.9637)  | Base 88.792 (box 1.1923  cls 0.6316  dfl 0.9508)  | KD 7.740 (box 0.22613  cls 0.01408  dfl 0.00044  feat 0.00124)
  Epoch 33/50  Batch 1745/2188 (79.8%)  | Super 84.463 (box 1.1261  cls 0.5800  dfl 0.9334)  | Base 85.704 (box 1.1490  cls 0.5945  dfl 0.9347)  | KD 7.092 (box 0.21465  cls 0.00538  dfl 0.00042  feat 0.00118)
  Epoch 33/50  Batch 1963/2188 (89.7%)  | Super 86.975 (box 1.1244  cls 0.6070  dfl 0.9866)  | Base 87.915 (box 1.1433  cls 0.6151  dfl 0.9889)  | KD 7.774 (box 0.23060  cls 0.01070  dfl 0.00041  feat 0.00123)
  Epoch 33/50  Batch 2181/2188 (99.7%)  | Super 91.246 (box 1.2034  cls 0.6278  dfl 1.0202)  | Base 90.760 (box 1.2072  cls 0.6276  dfl 1.0015)  | KD 7.851 (box 0.23469  cls 0.00906  dfl 0.00052  feat 0.00109)

================================================================================
  [Validation] Super model (skip=False)  |  Epoch 33/50
================================================================================
[*] Validation input tensor shape: torch.Size([32, 3, 384, 672])
                 Class     Images  Instances      Box(P          R      mAP50  mAP50-95)
                   all      10000     185578       0.64      0.537      0.562      0.328

================================================================================
  [Validation] Base model  (skip=True)   |  Epoch 33/50
================================================================================
[*] Validation input tensor shape: torch.Size([32, 3, 384, 672])
                 Class     Images  Instances      Box(P          R      mAP50  mAP50-95)
                   all      10000     185578      0.655       0.51      0.555      0.324

           Epoch         GPU_mem          box_om          cls_om          dfl_om          box_oo          cls_oo          dfl_oo       Instances            Size
  Epoch 34/50  Batch 1/2188 (0.0%)  | Super 88.087 (box 1.1300  cls 0.6111  dfl 1.0117)  | Base 89.403 (box 1.1571  cls 0.6374  dfl 0.9993)  | KD 7.907 (box 0.23679  cls 0.00879  dfl 0.00044  feat 0.00107)
  Epoch 34/50  Batch 219/2188 (10.0%)  | Super 89.580 (box 1.2067  cls 0.5907  dfl 1.0020)  | Base 90.871 (box 1.2346  cls 0.6127  dfl 0.9925)  | KD 6.845 (box 0.20401  cls 0.00830  dfl 0.00033  feat 0.00126)
  Epoch 34/50  Batch 437/2188 (20.0%)  | Super 93.485 (box 1.3327  cls 0.6419  dfl 0.9468)  | Base 94.559 (box 1.3465  cls 0.6553  dfl 0.9531)  | KD 8.492 (box 0.25776  cls 0.00608  dfl 0.00041  feat 0.00113)
  Epoch 34/50  Batch 655/2188 (29.9%)  | Super 84.464 (box 1.1263  cls 0.5853  dfl 0.9279)  | Base 85.389 (box 1.1341  cls 0.6073  dfl 0.9270)  | KD 6.977 (box 0.20095  cls 0.01567  dfl 0.00036  feat 0.00106)
  Epoch 34/50  Batch 873/2188 (39.9%)  | Super 90.932 (box 1.2150  cls 0.6322  dfl 0.9944)  | Base 92.865 (box 1.2365  cls 0.6758  dfl 0.9898)  | KD 8.555 (box 0.25842  cls 0.00718  dfl 0.00048  feat 0.00127)
  Epoch 34/50  Batch 1091/2188 (49.9%)  | Super 86.348 (box 1.1580  cls 0.6026  dfl 0.9377)  | Base 87.286 (box 1.1667  cls 0.6184  dfl 0.9427)  | KD 7.120 (box 0.20901  cls 0.01206  dfl 0.00037  feat 0.00106)
  Epoch 34/50  Batch 1309/2188 (59.8%)  | Super 77.700 (box 0.9847  cls 0.5137  dfl 0.9298)  | Base 78.978 (box 0.9980  cls 0.5376  dfl 0.9324)  | KD 6.199 (box 0.18774  cls 0.00437  dfl 0.00037  feat 0.00123)
  Epoch 34/50  Batch 1527/2188 (69.8%)  | Super 86.055 (box 1.1661  cls 0.5905  dfl 0.9325)  | Base 87.379 (box 1.1827  cls 0.6174  dfl 0.9305)  | KD 8.058 (box 0.23709  cls 0.01302  dfl 0.00046  feat 0.00123)
  Epoch 34/50  Batch 1745/2188 (79.8%)  | Super 86.499 (box 1.1761  cls 0.5739  dfl 0.9531)  | Base 87.774 (box 1.1882  cls 0.6018  dfl 0.9529)  | KD 7.065 (box 0.21045  cls 0.00881  dfl 0.00040  feat 0.00113)
  Epoch 34/50  Batch 1963/2188 (89.7%)  | Super 88.247 (box 1.2117  cls 0.5694  dfl 0.9766)  | Base 89.091 (box 1.2137  cls 0.6036  dfl 0.9668)  | KD 7.326 (box 0.22129  cls 0.00579  dfl 0.00038  feat 0.00148)
  Epoch 34/50  Batch 2181/2188 (99.7%)  | Super 86.310 (box 1.1414  cls 0.6071  dfl 0.9487)  | Base 86.800 (box 1.1588  cls 0.6068  dfl 0.9468)  | KD 7.690 (box 0.22908  cls 0.00962  dfl 0.00048  feat 0.00113)

================================================================================
  [Validation] Super model (skip=False)  |  Epoch 34/50
================================================================================
[*] Validation input tensor shape: torch.Size([32, 3, 384, 672])
                 Class     Images  Instances      Box(P          R      mAP50  mAP50-95)
                   all      10000     185578      0.652      0.533      0.562      0.329

================================================================================
  [Validation] Base model  (skip=True)   |  Epoch 34/50
================================================================================
[*] Validation input tensor shape: torch.Size([32, 3, 384, 672])
                 Class     Images  Instances      Box(P          R      mAP50  mAP50-95)
                   all      10000     185578      0.662      0.504      0.555      0.325

           Epoch         GPU_mem          box_om          cls_om          dfl_om          box_oo          cls_oo          dfl_oo       Instances            Size
  Epoch 35/50  Batch 1/2188 (0.0%)  | Super 87.263 (box 1.1458  cls 0.6156  dfl 0.9656)  | Base 89.486 (box 1.1874  cls 0.6441  dfl 0.9649)  | KD 7.713 (box 0.22842  cls 0.01107  dfl 0.00049  feat 0.00106)
  Epoch 35/50  Batch 219/2188 (10.0%)  | Super 89.016 (box 1.1911  cls 0.5953  dfl 0.9953)  | Base 90.008 (box 1.2142  cls 0.6020  dfl 0.9965)  | KD 7.188 (box 0.20852  cls 0.01449  dfl 0.00043  feat 0.00117)
  Epoch 35/50  Batch 437/2188 (20.0%)  | Super 98.308 (box 1.4139  cls 0.6696  dfl 0.9886)  | Base 99.240 (box 1.4168  cls 0.6969  dfl 0.9875)  | KD 8.538 (box 0.25919  cls 0.00589  dfl 0.00041  feat 0.00134)
  Epoch 35/50  Batch 655/2188 (29.9%)  | Super 84.705 (box 1.1297  cls 0.5831  dfl 0.9342)  | Base 85.625 (box 1.1395  cls 0.5983  dfl 0.9380)  | KD 7.289 (box 0.20794  cls 0.01818  dfl 0.00042  feat 0.00124)
  Epoch 35/50  Batch 873/2188 (39.9%)  | Super 96.299 (box 1.2781  cls 0.7047  dfl 1.0266)  | Base 97.774 (box 1.3006  cls 0.7270  dfl 1.0278)  | KD 9.703 (box 0.29375  cls 0.00774  dfl 0.00051  feat 0.00123)
  Epoch 35/50  Batch 1091/2188 (49.9%)  | Super 86.378 (box 1.1772  cls 0.5542  dfl 0.9680)  | Base 86.815 (box 1.1777  cls 0.5728  dfl 0.9625)  | KD 6.572 (box 0.19739  cls 0.00656  dfl 0.00036  feat 0.00107)
  Epoch 35/50  Batch 1309/2188 (59.8%)  | Super 82.459 (box 1.0924  cls 0.5416  dfl 0.9429)  | Base 83.290 (box 1.1066  cls 0.5524  dfl 0.9439)  | KD 7.007 (box 0.21094  cls 0.00618  dfl 0.00048  feat 0.00135)
  Epoch 35/50  Batch 1527/2188 (69.8%)  | Super 91.888 (box 1.2281  cls 0.6443  dfl 0.9991)  | Base 93.490 (box 1.2434  cls 0.6767  dfl 1.0015)  | KD 8.668 (box 0.24602  cls 0.02315  dfl 0.00053  feat 0.00120)
  Epoch 35/50  Batch 1745/2188 (79.8%)  | Super 87.070 (box 1.1767  cls 0.5951  dfl 0.9492)  | Base 88.032 (box 1.1934  cls 0.6074  dfl 0.9502)  | KD 7.584 (box 0.23009  cls 0.00521  dfl 0.00041  feat 0.00127)
  Epoch 35/50  Batch 1963/2188 (89.7%)  | Super 84.392 (box 1.1167  cls 0.5972  dfl 0.9234)  | Base 86.705 (box 1.1483  cls 0.6365  dfl 0.9248)  | KD 9.042 (box 0.26945  cls 0.01133  dfl 0.00046  feat 0.00134)
  Epoch 35/50  Batch 2181/2188 (99.7%)  | Super 94.825 (box 1.3004  cls 0.6342  dfl 1.0287)  | Base 94.211 (box 1.2874  cls 0.6467  dfl 1.0100)  | KD 7.291 (box 0.21817  cls 0.00817  dfl 0.00037  feat 0.00113)

================================================================================
  [Validation] Super model (skip=False)  |  Epoch 35/50
================================================================================
[*] Validation input tensor shape: torch.Size([32, 3, 384, 672])
                 Class     Images  Instances      Box(P          R      mAP50  mAP50-95)
                   all      10000     185578      0.635      0.538      0.562      0.329

================================================================================
  [Validation] Base model  (skip=True)   |  Epoch 35/50
================================================================================
[*] Validation input tensor shape: torch.Size([32, 3, 384, 672])
                 Class     Images  Instances      Box(P          R      mAP50  mAP50-95)
                   all      10000     185578      0.652      0.507      0.555      0.324

           Epoch         GPU_mem          box_om          cls_om          dfl_om          box_oo          cls_oo          dfl_oo       Instances            Size
  Epoch 36/50  Batch 1/2188 (0.0%)  | Super 87.335 (box 1.1476  cls 0.5993  dfl 0.9823)  | Base 89.927 (box 1.1803  cls 0.6426  dfl 0.9874)  | KD 8.476 (box 0.25508  cls 0.00816  dfl 0.00046  feat 0.00116)
  Epoch 36/50  Batch 219/2188 (10.0%)  | Super 86.653 (box 1.1562  cls 0.5859  dfl 0.9657)  | Base 86.254 (box 1.1513  cls 0.5946  dfl 0.9495)  | KD 6.608 (box 0.19525  cls 0.00968  dfl 0.00035  feat 0.00123)
  Epoch 36/50  Batch 437/2188 (20.0%)  | Super 100.440 (box 1.4639  cls 0.6662  dfl 1.0086)  | Base 102.006 (box 1.4938  cls 0.6871  dfl 1.0067)  | KD 7.951 (box 0.24064  cls 0.00631  dfl 0.00035  feat 0.00118)
  Epoch 36/50  Batch 655/2188 (29.9%)  | Super 82.823 (box 1.1122  cls 0.5643  dfl 0.9118)  | Base 84.802 (box 1.1403  cls 0.5933  dfl 0.9165)  | KD 6.866 (box 0.20630  cls 0.00674  dfl 0.00041  feat 0.00112)
  Epoch 36/50  Batch 873/2188 (39.9%)  | Super 94.412 (box 1.2666  cls 0.6959  dfl 0.9879)  | Base 94.789 (box 1.2776  cls 0.6912  dfl 0.9933)  | KD 8.739 (box 0.25936  cls 0.01190  dfl 0.00057  feat 0.00125)
  Epoch 36/50  Batch 1091/2188 (49.9%)  | Super 83.541 (box 1.1204  cls 0.5551  dfl 0.9351)  | Base 84.112 (box 1.1245  cls 0.5754  dfl 0.9286)  | KD 6.579 (box 0.19360  cls 0.01051  dfl 0.00040  feat 0.00108)
  Epoch 36/50  Batch 1309/2188 (59.8%)  | Super 82.303 (box 1.0501  cls 0.5558  dfl 0.9661)  | Base 82.696 (box 1.0572  cls 0.5726  dfl 0.9545)  | KD 6.886 (box 0.20807  cls 0.00550  dfl 0.00037  feat 0.00124)
  Epoch 36/50  Batch 1527/2188 (69.8%)  | Super 88.744 (box 1.2084  cls 0.5855  dfl 0.9794)  | Base 89.890 (box 1.2113  cls 0.6257  dfl 0.9721)  | KD 7.577 (box 0.22173  cls 0.01331  dfl 0.00053  feat 0.00121)
  Epoch 36/50  Batch 1745/2188 (79.8%)  | Super 85.178 (box 1.1442  cls 0.5477  dfl 0.9699)  | Base 86.756 (box 1.1609  cls 0.5798  dfl 0.9704)  | KD 7.924 (box 0.23642  cls 0.00958  dfl 0.00049  feat 0.00113)
  Epoch 36/50  Batch 1963/2188 (89.7%)  | Super 85.722 (box 1.1615  cls 0.6084  dfl 0.9089)  | Base 87.598 (box 1.1881  cls 0.6385  dfl 0.9108)  | KD 7.479 (box 0.22659  cls 0.00546  dfl 0.00047  feat 0.00122)
  Epoch 36/50  Batch 2181/2188 (99.7%)  | Super 96.918 (box 1.3467  cls 0.6450  dfl 1.0370)  | Base 96.541 (box 1.3507  cls 0.6391  dfl 1.0270)  | KD 7.262 (box 0.21709  cls 0.00823  dfl 0.00041  feat 0.00121)

================================================================================
  [Validation] Super model (skip=False)  |  Epoch 36/50
================================================================================
[*] Validation input tensor shape: torch.Size([32, 3, 384, 672])
                 Class     Images  Instances      Box(P          R      mAP50  mAP50-95)
                   all      10000     185578      0.655      0.511      0.561      0.327

================================================================================
  [Validation] Base model  (skip=True)   |  Epoch 36/50
================================================================================
[*] Validation input tensor shape: torch.Size([32, 3, 384, 672])
                 Class     Images  Instances      Box(P          R      mAP50  mAP50-95)
                   all      10000     185578       0.65      0.507       0.56      0.328

           Epoch         GPU_mem          box_om          cls_om          dfl_om          box_oo          cls_oo          dfl_oo       Instances            Size
  Epoch 37/50  Batch 1/2188 (0.0%)  | Super 87.756 (box 1.1473  cls 0.6210  dfl 0.9740)  | Base 89.214 (box 1.1676  cls 0.6422  dfl 0.9781)  | KD 7.926 (box 0.23505  cls 0.01096  dfl 0.00053  feat 0.00115)
  Epoch 37/50  Batch 219/2188 (10.0%)  | Super 91.576 (box 1.2298  cls 0.6384  dfl 0.9936)  | Base 91.554 (box 1.2275  cls 0.6526  dfl 0.9810)  | KD 7.290 (box 0.21954  cls 0.00664  dfl 0.00041  feat 0.00122)
  Epoch 37/50  Batch 437/2188 (20.0%)  | Super 102.235 (box 1.4685  cls 0.7076  dfl 1.0188)  | Base 102.154 (box 1.4648  cls 0.7179  dfl 1.0096)  | KD 9.223 (box 0.28033  cls 0.00629  dfl 0.00040  feat 0.00122)
  Epoch 37/50  Batch 655/2188 (29.9%)  | Super 85.159 (box 1.1472  cls 0.5830  dfl 0.9311)  | Base 86.579 (box 1.1736  cls 0.6041  dfl 0.9279)  | KD 6.961 (box 0.20941  cls 0.00669  dfl 0.00036  feat 0.00107)
  Epoch 37/50  Batch 873/2188 (39.9%)  | Super 96.201 (box 1.2910  cls 0.6740  dfl 1.0412)  | Base 96.745 (box 1.2859  cls 0.7050  dfl 1.0323)  | KD 8.101 (box 0.24600  cls 0.00550  dfl 0.00045  feat 0.00121)
  Epoch 37/50  Batch 1091/2188 (49.9%)  | Super 85.371 (box 1.1420  cls 0.6026  dfl 0.9232)  | Base 86.008 (box 1.1500  cls 0.6117  dfl 0.9260)  | KD 6.536 (box 0.19630  cls 0.00657  dfl 0.00032  feat 0.00106)
  Epoch 37/50  Batch 1309/2188 (59.8%)  | Super 79.844 (box 1.0504  cls 0.5361  dfl 0.9087)  | Base 80.425 (box 1.0476  cls 0.5603  dfl 0.9054)  | KD 7.319 (box 0.21266  cls 0.01445  dfl 0.00037  feat 0.00125)
  Epoch 37/50  Batch 1527/2188 (69.8%)  | Super 86.837 (box 1.1586  cls 0.5998  dfl 0.9553)  | Base 88.173 (box 1.1717  cls 0.6324  dfl 0.9514)  | KD 7.418 (box 0.21572  cls 0.01447  dfl 0.00039  feat 0.00122)
  Epoch 37/50  Batch 1745/2188 (79.8%)  | Super 86.060 (box 1.1478  cls 0.5780  dfl 0.9635)  | Base 87.073 (box 1.1530  cls 0.6078  dfl 0.9602)  | KD 7.831 (box 0.22819  cls 0.01504  dfl 0.00042  feat 0.00107)
  Epoch 37/50  Batch 1963/2188 (89.7%)  | Super 80.291 (box 1.0676  cls 0.5508  dfl 0.8907)  | Base 81.533 (box 1.0678  cls 0.5876  dfl 0.8925)  | KD 7.331 (box 0.21963  cls 0.00787  dfl 0.00046  feat 0.00115)
  Epoch 37/50  Batch 2181/2188 (99.7%)  | Super 91.540 (box 1.2466  cls 0.6190  dfl 0.9951)  | Base 91.943 (box 1.2640  cls 0.6111  dfl 0.9982)  | KD 6.817 (box 0.20271  cls 0.00874  dfl 0.00038  feat 0.00120)

================================================================================
  [Validation] Super model (skip=False)  |  Epoch 37/50
================================================================================
[*] Validation input tensor shape: torch.Size([32, 3, 384, 672])
                 Class     Images  Instances      Box(P          R      mAP50  mAP50-95)
                   all      10000     185578      0.649      0.524      0.561      0.328

================================================================================
  [Validation] Base model  (skip=True)   |  Epoch 37/50
================================================================================
[*] Validation input tensor shape: torch.Size([32, 3, 384, 672])
                 Class     Images  Instances      Box(P          R      mAP50  mAP50-95)
                   all      10000     185578      0.653       0.51      0.559      0.328

           Epoch         GPU_mem          box_om          cls_om          dfl_om          box_oo          cls_oo          dfl_oo       Instances            Size
  Epoch 38/50  Batch 1/2188 (0.0%)  | Super 86.193 (box 1.1245  cls 0.6165  dfl 0.9525)  | Base 87.671 (box 1.1469  cls 0.6356  dfl 0.9572)  | KD 7.720 (box 0.22758  cls 0.01209  dfl 0.00039  feat 0.00117)
  Epoch 38/50  Batch 219/2188 (10.0%)  | Super 88.837 (box 1.2373  cls 0.5950  dfl 0.9438)  | Base 90.096 (box 1.2590  cls 0.6089  dfl 0.9476)  | KD 6.226 (box 0.18410  cls 0.00897  dfl 0.00031  feat 0.00119)
  Epoch 38/50  Batch 437/2188 (20.0%)  | Super 98.742 (box 1.4099  cls 0.6677  dfl 1.0080)  | Base 99.488 (box 1.4190  cls 0.6781  dfl 1.0120)  | KD 8.511 (box 0.25500  cls 0.00942  dfl 0.00035  feat 0.00120)
  Epoch 38/50  Batch 655/2188 (29.9%)  | Super 82.708 (box 1.1096  cls 0.5582  dfl 0.9169)  | Base 83.020 (box 1.1184  cls 0.5601  dfl 0.9159)  | KD 6.906 (box 0.20670  cls 0.00751  dfl 0.00035  feat 0.00126)
  Epoch 38/50  Batch 873/2188 (39.9%)  | Super 91.906 (box 1.2091  cls 0.6692  dfl 0.9937)  | Base 92.959 (box 1.2326  cls 0.6779  dfl 0.9945)  | KD 9.368 (box 0.28082  cls 0.01026  dfl 0.00056  feat 0.00111)
  Epoch 38/50  Batch 1091/2188 (49.9%)  | Super 83.160 (box 1.1112  cls 0.5571  dfl 0.9305)  | Base 84.174 (box 1.1253  cls 0.5789  dfl 0.9262)  | KD 6.744 (box 0.19984  cls 0.00940  dfl 0.00038  feat 0.00112)
  Epoch 38/50  Batch 1309/2188 (59.8%)  | Super 81.948 (box 1.0501  cls 0.5559  dfl 0.9548)  | Base 82.544 (box 1.0574  cls 0.5707  dfl 0.9514)  | KD 7.038 (box 0.21220  cls 0.00613  dfl 0.00040  feat 0.00120)
  Epoch 38/50  Batch 1527/2188 (69.8%)  | Super 89.598 (box 1.2350  cls 0.5872  dfl 0.9778)  | Base 90.227 (box 1.2390  cls 0.6126  dfl 0.9680)  | KD 7.030 (box 0.21036  cls 0.00769  dfl 0.00044  feat 0.00119)
  Epoch 38/50  Batch 1745/2188 (79.8%)  | Super 83.806 (box 1.1288  cls 0.5486  dfl 0.9415)  | Base 84.831 (box 1.1392  cls 0.5680  dfl 0.9438)  | KD 6.999 (box 0.21004  cls 0.00707  dfl 0.00041  feat 0.00120)
  Epoch 38/50  Batch 1963/2188 (89.7%)  | Super 86.378 (box 1.1649  cls 0.5956  dfl 0.9388)  | Base 87.478 (box 1.1664  cls 0.6301  dfl 0.9371)  | KD 8.558 (box 0.25889  cls 0.00679  dfl 0.00050  feat 0.00127)
  Epoch 38/50  Batch 2181/2188 (99.7%)  | Super 92.918 (box 1.2616  cls 0.6436  dfl 0.9985)  | Base 92.928 (box 1.2620  cls 0.6464  dfl 0.9956)  | KD 7.524 (box 0.22603  cls 0.00734  dfl 0.00050  feat 0.00126)

================================================================================
  [Validation] Super model (skip=False)  |  Epoch 38/50
================================================================================
[*] Validation input tensor shape: torch.Size([32, 3, 384, 672])
                 Class     Images  Instances      Box(P          R      mAP50  mAP50-95)
                   all      10000     185578      0.663      0.514       0.56      0.328

================================================================================
  [Validation] Base model  (skip=True)   |  Epoch 38/50
================================================================================
[*] Validation input tensor shape: torch.Size([32, 3, 384, 672])
                 Class     Images  Instances      Box(P          R      mAP50  mAP50-95)
                   all      10000     185578      0.658      0.504       0.56      0.328

           Epoch         GPU_mem          box_om          cls_om          dfl_om          box_oo          cls_oo          dfl_oo       Instances            Size
  Epoch 39/50  Batch 1/2188 (0.0%)  | Super 88.548 (box 1.1727  cls 0.5980  dfl 0.9964)  | Base 89.756 (box 1.1776  cls 0.6311  dfl 0.9961)  | KD 8.038 (box 0.23576  cls 0.01376  dfl 0.00040  feat 0.00127)
  Epoch 39/50  Batch 219/2188 (10.0%)  | Super 86.467 (box 1.1495  cls 0.6041  dfl 0.9486)  | Base 87.463 (box 1.1560  cls 0.6269  dfl 0.9504)  | KD 7.756 (box 0.23477  cls 0.00610  dfl 0.00040  feat 0.00111)
  Epoch 39/50  Batch 437/2188 (20.0%)  | Super 96.612 (box 1.3969  cls 0.6722  dfl 0.9500)  | Base 97.464 (box 1.4079  cls 0.6884  dfl 0.9495)  | KD 8.836 (box 0.26519  cls 0.00941  dfl 0.00042  feat 0.00110)
  Epoch 39/50  Batch 655/2188 (29.9%)  | Super 83.771 (box 1.1178  cls 0.5791  dfl 0.9210)  | Base 84.980 (box 1.1359  cls 0.5939  dfl 0.9258)  | KD 7.922 (box 0.23090  cls 0.01508  dfl 0.00052  feat 0.00106)
  Epoch 39/50  Batch 873/2188 (39.9%)  | Super 90.391 (box 1.1804  cls 0.6657  dfl 0.9787)  | Base 91.851 (box 1.2067  cls 0.6782  dfl 0.9855)  | KD 8.636 (box 0.25846  cls 0.00976  dfl 0.00048  feat 0.00115)
  Epoch 39/50  Batch 1091/2188 (49.9%)  | Super 81.179 (box 1.0917  cls 0.5359  dfl 0.9093)  | Base 82.411 (box 1.1077  cls 0.5577  dfl 0.9100)  | KD 6.769 (box 0.19624  cls 0.01395  dfl 0.00036  feat 0.00098)
  Epoch 39/50  Batch 1309/2188 (59.8%)  | Super 81.237 (box 1.0707  cls 0.5296  dfl 0.9383)  | Base 82.194 (box 1.0821  cls 0.5629  dfl 0.9236)  | KD 7.367 (box 0.21600  cls 0.01234  dfl 0.00047  feat 0.00140)
  Epoch 39/50  Batch 1527/2188 (69.8%)  | Super 87.107 (box 1.1830  cls 0.5918  dfl 0.9474)  | Base 88.062 (box 1.1954  cls 0.6118  dfl 0.9448)  | KD 7.501 (box 0.22023  cls 0.01251  dfl 0.00046  feat 0.00121)
  Epoch 39/50  Batch 1745/2188 (79.8%)  | Super 81.960 (box 1.1191  cls 0.5196  dfl 0.9226)  | Base 82.448 (box 1.1179  cls 0.5353  dfl 0.9233)  | KD 6.900 (box 0.19664  cls 0.01751  dfl 0.00037  feat 0.00112)
  Epoch 39/50  Batch 1963/2188 (89.7%)  | Super 80.880 (box 1.0961  cls 0.5197  dfl 0.9117)  | Base 82.829 (box 1.1259  cls 0.5425  dfl 0.9200)  | KD 6.679 (box 0.20121  cls 0.00572  dfl 0.00036  feat 0.00144)
  Epoch 39/50  Batch 2181/2188 (99.7%)  | Super 91.984 (box 1.2603  cls 0.6073  dfl 1.0069)  | Base 92.350 (box 1.2661  cls 0.6143  dfl 1.0055)  | KD 7.422 (box 0.22330  cls 0.00697  dfl 0.00044  feat 0.00123)

================================================================================
  [Validation] Super model (skip=False)  |  Epoch 39/50
================================================================================
[*] Validation input tensor shape: torch.Size([32, 3, 384, 672])
                 Class     Images  Instances      Box(P          R      mAP50  mAP50-95)
                   all      10000     185578      0.664      0.515      0.561      0.328

================================================================================
  [Validation] Base model  (skip=True)   |  Epoch 39/50
================================================================================
[*] Validation input tensor shape: torch.Size([32, 3, 384, 672])
                 Class     Images  Instances      Box(P          R      mAP50  mAP50-95)
                   all      10000     185578      0.657      0.507      0.557      0.325

           Epoch         GPU_mem          box_om          cls_om          dfl_om          box_oo          cls_oo          dfl_oo       Instances            Size
  Epoch 40/50  Batch 1/2188 (0.0%)  | Super 83.567 (box 1.0989  cls 0.5808  dfl 0.9317)  | Base 85.271 (box 1.1241  cls 0.5990  dfl 0.9417)  | KD 8.356 (box 0.24880  cls 0.01070  dfl 0.00053  feat 0.00108)
  Epoch 40/50  Batch 219/2188 (10.0%)  | Super 88.828 (box 1.1690  cls 0.6295  dfl 0.9774)  | Base 90.420 (box 1.1906  cls 0.6536  dfl 0.9815)  | KD 6.961 (box 0.20779  cls 0.00818  dfl 0.00039  feat 0.00116)
  Epoch 40/50  Batch 437/2188 (20.0%)  | Super 98.227 (box 1.3937  cls 0.6859  dfl 0.9899)  | Base 99.266 (box 1.4088  cls 0.6961  dfl 0.9972)  | KD 8.967 (box 0.27162  cls 0.00675  dfl 0.00060  feat 0.00124)
  Epoch 40/50  Batch 655/2188 (29.9%)  | Super 83.856 (box 1.1189  cls 0.5843  dfl 0.9173)  | Base 84.912 (box 1.1332  cls 0.6050  dfl 0.9153)  | KD 7.152 (box 0.20672  cls 0.01529  dfl 0.00040  feat 0.00110)
  Epoch 40/50  Batch 873/2188 (39.9%)  | Super 92.663 (box 1.2452  cls 0.6597  dfl 0.9908)  | Base 93.602 (box 1.2602  cls 0.6735  dfl 0.9914)  | KD 8.852 (box 0.26843  cls 0.00646  dfl 0.00053  feat 0.00121)
  Epoch 40/50  Batch 1091/2188 (49.9%)  | Super 84.118 (box 1.1404  cls 0.5560  dfl 0.9323)  | Base 85.454 (box 1.1548  cls 0.5749  dfl 0.9407)  | KD 6.573 (box 0.19799  cls 0.00594  dfl 0.00037  feat 0.00110)
  Epoch 40/50  Batch 1309/2188 (59.8%)  | Super 81.165 (box 1.0553  cls 0.5364  dfl 0.9447)  | Base 82.269 (box 1.0747  cls 0.5445  dfl 0.9517)  | KD 6.894 (box 0.20680  cls 0.00681  dfl 0.00042  feat 0.00139)
  Epoch 40/50  Batch 1527/2188 (69.8%)  | Super 87.799 (box 1.1955  cls 0.6048  dfl 0.9434)  | Base 89.197 (box 1.2174  cls 0.6272  dfl 0.9428)  | KD 8.020 (box 0.23626  cls 0.01269  dfl 0.00046  feat 0.00122)
  Epoch 40/50  Batch 1745/2188 (79.8%)  | Super 86.093 (box 1.1516  cls 0.5723  dfl 0.9665)  | Base 87.503 (box 1.1675  cls 0.5989  dfl 0.9680)  | KD 7.830 (box 0.23324  cls 0.00984  dfl 0.00042  feat 0.00118)
  Epoch 40/50  Batch 1963/2188 (89.7%)  | Super 83.975 (box 1.1225  cls 0.5752  dfl 0.9265)  | Base 85.784 (box 1.1475  cls 0.5996  dfl 0.9337)  | KD 7.321 (box 0.21748  cls 0.00951  dfl 0.00051  feat 0.00129)
  Epoch 40/50  Batch 2181/2188 (99.7%)  | Super 94.994 (box 1.2951  cls 0.6303  dfl 1.0432)  | Base 94.463 (box 1.2883  cls 0.6288  dfl 1.0349)  | KD 8.797 (box 0.26373  cls 0.00937  dfl 0.00050  feat 0.00130)

================================================================================
  [Validation] Super model (skip=False)  |  Epoch 40/50
================================================================================
[*] Validation input tensor shape: torch.Size([32, 3, 384, 672])
                 Class     Images  Instances      Box(P          R      mAP50  mAP50-95)
                   all      10000     185578      0.654       0.52      0.561      0.327

================================================================================
  [Validation] Base model  (skip=True)   |  Epoch 40/50
================================================================================
[*] Validation input tensor shape: torch.Size([32, 3, 384, 672])
                 Class     Images  Instances      Box(P          R      mAP50  mAP50-95)
                   all      10000     185578      0.647      0.514      0.561      0.329

           Epoch         GPU_mem          box_om          cls_om          dfl_om          box_oo          cls_oo          dfl_oo       Instances            Size
  Epoch 41/50  Batch 1/2188 (0.0%)  | Super 85.170 (box 1.1072  cls 0.6000  dfl 0.9544)  | Base 86.293 (box 1.1185  cls 0.6256  dfl 0.9526)  | KD 6.794 (box 0.20124  cls 0.00956  dfl 0.00038  feat 0.00112)
  Epoch 41/50  Batch 219/2188 (10.0%)  | Super 88.687 (box 1.2111  cls 0.5895  dfl 0.9709)  | Base 89.940 (box 1.2069  cls 0.6387  dfl 0.9650)  | KD 7.953 (box 0.22535  cls 0.02148  dfl 0.00047  feat 0.00122)
  Epoch 41/50  Batch 437/2188 (20.0%)  | Super 95.079 (box 1.3533  cls 0.6645  dfl 0.9534)  | Base 96.066 (box 1.3693  cls 0.6768  dfl 0.9560)  | KD 8.651 (box 0.26004  cls 0.00873  dfl 0.00037  feat 0.00121)
  Epoch 41/50  Batch 655/2188 (29.9%)  | Super 83.169 (box 1.1191  cls 0.5392  dfl 0.9407)  | Base 83.608 (box 1.1213  cls 0.5524  dfl 0.9390)  | KD 7.466 (box 0.22254  cls 0.00906  dfl 0.00044  feat 0.00127)
  Epoch 41/50  Batch 873/2188 (39.9%)  | Super 97.449 (box 1.2885  cls 0.7131  dfl 1.0437)  | Base 97.942 (box 1.2920  cls 0.7211  dfl 1.0476)  | KD 8.121 (box 0.24147  cls 0.01052  dfl 0.00049  feat 0.00129)
  Epoch 41/50  Batch 1091/2188 (49.9%)  | Super 84.387 (box 1.1374  cls 0.5741  dfl 0.9256)  | Base 85.494 (box 1.1490  cls 0.5962  dfl 0.9265)  | KD 7.198 (box 0.21319  cls 0.01028  dfl 0.00042  feat 0.00105)
  Epoch 41/50  Batch 1309/2188 (59.8%)  | Super 83.165 (box 1.0984  cls 0.5551  dfl 0.9454)  | Base 84.771 (box 1.1193  cls 0.5796  dfl 0.9501)  | KD 7.101 (box 0.21406  cls 0.00593  dfl 0.00044  feat 0.00146)
  Epoch 41/50  Batch 1527/2188 (69.8%)  | Super 86.367 (box 1.1633  cls 0.5623  dfl 0.9733)  | Base 86.800 (box 1.1635  cls 0.5889  dfl 0.9601)  | KD 7.614 (box 0.22310  cls 0.01320  dfl 0.00043  feat 0.00121)
  Epoch 41/50  Batch 1745/2188 (79.8%)  | Super 88.862 (box 1.2125  cls 0.5767  dfl 0.9877)  | Base 89.881 (box 1.2324  cls 0.5938  dfl 0.9826)  | KD 7.745 (box 0.23159  cls 0.00888  dfl 0.00049  feat 0.00108)
  Epoch 41/50  Batch 1963/2188 (89.7%)  | Super 86.434 (box 1.1494  cls 0.5938  dfl 0.9578)  | Base 86.296 (box 1.1447  cls 0.6134  dfl 0.9387)  | KD 9.221 (box 0.27431  cls 0.01197  dfl 0.00053  feat 0.00135)
  Epoch 41/50  Batch 2181/2188 (99.7%)  | Super 90.322 (box 1.2184  cls 0.5976  dfl 1.0066)  | Base 90.489 (box 1.2215  cls 0.5972  dfl 1.0091)  | KD 6.707 (box 0.19729  cls 0.01055  dfl 0.00046  feat 0.00129)

================================================================================
  [Validation] Super model (skip=False)  |  Epoch 41/50
================================================================================
[*] Validation input tensor shape: torch.Size([32, 3, 384, 672])
                 Class     Images  Instances      Box(P          R      mAP50  mAP50-95)
                   all      10000     185578      0.664      0.515      0.561      0.328

================================================================================
  [Validation] Base model  (skip=True)   |  Epoch 41/50
================================================================================
[*] Validation input tensor shape: torch.Size([32, 3, 384, 672])
                 Class     Images  Instances      Box(P          R      mAP50  mAP50-95)
                   all      10000     185578      0.651      0.512      0.561      0.329

           Epoch         GPU_mem          box_om          cls_om          dfl_om          box_oo          cls_oo          dfl_oo       Instances            Size
  Epoch 42/50  Batch 1/2188 (0.0%)  | Super 92.024 (box 1.2171  cls 0.6371  dfl 1.0215)  | Base 92.511 (box 1.2208  cls 0.6525  dfl 1.0176)  | KD 7.198 (box 0.21412  cls 0.00926  dfl 0.00035  feat 0.00122)
  Epoch 42/50  Batch 219/2188 (10.0%)  | Super 86.804 (box 1.1887  cls 0.5702  dfl 0.9537)  | Base 88.005 (box 1.2029  cls 0.5924  dfl 0.9548)  | KD 6.834 (box 0.20665  cls 0.00538  dfl 0.00032  feat 0.00122)
  Epoch 42/50  Batch 437/2188 (20.0%)  | Super 101.295 (box 1.4454  cls 0.6982  dfl 1.0219)  | Base 102.519 (box 1.4566  cls 0.7201  dfl 1.0270)  | KD 8.903 (box 0.27064  cls 0.00574  dfl 0.00050  feat 0.00135)
  Epoch 42/50  Batch 655/2188 (29.9%)  | Super 83.907 (box 1.1185  cls 0.5525  dfl 0.9510)  | Base 84.220 (box 1.1227  cls 0.5643  dfl 0.9449)  | KD 6.689 (box 0.20033  cls 0.00712  dfl 0.00041  feat 0.00117)
  Epoch 42/50  Batch 873/2188 (39.9%)  | Super 87.800 (box 1.1725  cls 0.5933  dfl 0.9779)  | Base 88.697 (box 1.1724  cls 0.6213  dfl 0.9781)  | KD 9.232 (box 0.27663  cls 0.01013  dfl 0.00051  feat 0.00123)
  Epoch 42/50  Batch 1091/2188 (49.9%)  | Super 83.324 (box 1.1262  cls 0.5435  dfl 0.9341)  | Base 84.193 (box 1.1324  cls 0.5713  dfl 0.9273)  | KD 6.264 (box 0.18095  cls 0.01334  dfl 0.00030  feat 0.00115)
  Epoch 42/50  Batch 1309/2188 (59.8%)  | Super 83.168 (box 1.1027  cls 0.5396  dfl 0.9567)  | Base 84.922 (box 1.1249  cls 0.5720  dfl 0.9569)  | KD 8.009 (box 0.23870  cls 0.00968  dfl 0.00052  feat 0.00136)
  Epoch 42/50  Batch 1527/2188 (69.8%)  | Super 87.390 (box 1.1981  cls 0.5788  dfl 0.9541)  | Base 87.514 (box 1.1999  cls 0.5976  dfl 0.9373)  | KD 7.565 (box 0.21454  cls 0.02023  dfl 0.00044  feat 0.00118)
  Epoch 42/50  Batch 1745/2188 (79.8%)  | Super 85.053 (box 1.1461  cls 0.5758  dfl 0.9360)  | Base 85.503 (box 1.1485  cls 0.5905  dfl 0.9330)  | KD 6.911 (box 0.20734  cls 0.00709  dfl 0.00036  feat 0.00118)
  Epoch 42/50  Batch 1963/2188 (89.7%)  | Super 83.880 (box 1.1375  cls 0.5493  dfl 0.9345)  | Base 85.551 (box 1.1544  cls 0.5752  dfl 0.9439)  | KD 7.083 (box 0.20992  cls 0.00959  dfl 0.00037  feat 0.00144)
  Epoch 42/50  Batch 2181/2188 (99.7%)  | Super 90.041 (box 1.2093  cls 0.6280  dfl 0.9765)  | Base 90.500 (box 1.2299  cls 0.6222  dfl 0.9760)  | KD 7.726 (box 0.22631  cls 0.01341  dfl 0.00051  feat 0.00121)

================================================================================
  [Validation] Super model (skip=False)  |  Epoch 42/50
================================================================================
[*] Validation input tensor shape: torch.Size([32, 3, 384, 672])
                 Class     Images  Instances      Box(P          R      mAP50  mAP50-95)
                   all      10000     185578      0.665      0.515      0.561      0.328

================================================================================
  [Validation] Base model  (skip=True)   |  Epoch 42/50
================================================================================
[*] Validation input tensor shape: torch.Size([32, 3, 384, 672])
                 Class     Images  Instances      Box(P          R      mAP50  mAP50-95)
                   all      10000     185578      0.654      0.513      0.562       0.33

           Epoch         GPU_mem          box_om          cls_om          dfl_om          box_oo          cls_oo          dfl_oo       Instances            Size
  Epoch 43/50  Batch 1/2188 (0.0%)  | Super 84.345 (box 1.1098  cls 0.5825  dfl 0.9436)  | Base 85.692 (box 1.1385  cls 0.5838  dfl 0.9555)  | KD 7.064 (box 0.21024  cls 0.00890  dfl 0.00036  feat 0.00126)
  Epoch 43/50  Batch 219/2188 (10.0%)  | Super 89.042 (box 1.2133  cls 0.6181  dfl 0.9512)  | Base 90.405 (box 1.2369  cls 0.6332  dfl 0.9550)  | KD 7.920 (box 0.23928  cls 0.00661  dfl 0.00048  feat 0.00114)
  Epoch 43/50  Batch 437/2188 (20.0%)  | Super 93.870 (box 1.3415  cls 0.6237  dfl 0.9682)  | Base 95.423 (box 1.3635  cls 0.6444  dfl 0.9741)  | KD 8.224 (box 0.24894  cls 0.00637  dfl 0.00041  feat 0.00126)
  Epoch 43/50  Batch 655/2188 (29.9%)  | Super 85.698 (box 1.1395  cls 0.5915  dfl 0.9471)  | Base 86.390 (box 1.1531  cls 0.6010  dfl 0.9456)  | KD 7.434 (box 0.22374  cls 0.00697  dfl 0.00039  feat 0.00122)
  Epoch 43/50  Batch 873/2188 (39.9%)  | Super 94.044 (box 1.3007  cls 0.6173  dfl 1.0209)  | Base 94.665 (box 1.3032  cls 0.6572  dfl 0.9979)  | KD 8.202 (box 0.24550  cls 0.00915  dfl 0.00038  feat 0.00128)
  Epoch 43/50  Batch 1091/2188 (49.9%)  | Super 80.535 (box 1.0764  cls 0.5293  dfl 0.9110)  | Base 81.366 (box 1.0860  cls 0.5499  dfl 0.9068)  | KD 6.844 (box 0.20529  cls 0.00722  dfl 0.00040  feat 0.00098)
  Epoch 43/50  Batch 1309/2188 (59.8%)  | Super 80.794 (box 1.0481  cls 0.5429  dfl 0.9339)  | Base 81.576 (box 1.0648  cls 0.5516  dfl 0.9329)  | KD 7.230 (box 0.21290  cls 0.01131  dfl 0.00044  feat 0.00129)
  Epoch 43/50  Batch 1527/2188 (69.8%)  | Super 87.939 (box 1.1513  cls 0.6418  dfl 0.9550)  | Base 88.166 (box 1.1639  cls 0.6352  dfl 0.9561)  | KD 6.960 (box 0.20197  cls 0.01384  dfl 0.00038  feat 0.00132)
  Epoch 43/50  Batch 1745/2188 (79.8%)  | Super 88.363 (box 1.1913  cls 0.6102  dfl 0.9598)  | Base 88.962 (box 1.1961  cls 0.6227  dfl 0.9612)  | KD 8.424 (box 0.25388  cls 0.00772  dfl 0.00052  feat 0.00113)
  Epoch 43/50  Batch 1963/2188 (89.7%)  | Super 85.698 (box 1.1325  cls 0.5893  dfl 0.9562)  | Base 86.202 (box 1.1466  cls 0.5882  dfl 0.9590)  | KD 8.109 (box 0.23906  cls 0.01258  dfl 0.00041  feat 0.00135)
  Epoch 43/50  Batch 2181/2188 (99.7%)  | Super 90.401 (box 1.2039  cls 0.6009  dfl 1.0203)  | Base 90.065 (box 1.2000  cls 0.6125  dfl 1.0020)  | KD 7.214 (box 0.21385  cls 0.00982  dfl 0.00042  feat 0.00133)

================================================================================
  [Validation] Super model (skip=False)  |  Epoch 43/50
================================================================================
[*] Validation input tensor shape: torch.Size([32, 3, 384, 672])
                 Class     Images  Instances      Box(P          R      mAP50  mAP50-95)
                   all      10000     185578      0.672      0.512      0.561      0.328

================================================================================
  [Validation] Base model  (skip=True)   |  Epoch 43/50
================================================================================
[*] Validation input tensor shape: torch.Size([32, 3, 384, 672])
                 Class     Images  Instances      Box(P          R      mAP50  mAP50-95)
                   all      10000     185578      0.659      0.514      0.562      0.329

           Epoch         GPU_mem          box_om          cls_om          dfl_om          box_oo          cls_oo          dfl_oo       Instances            Size
  Epoch 44/50  Batch 1/2188 (0.0%)  | Super 86.388 (box 1.1624  cls 0.5932  dfl 0.9440)  | Base 88.008 (box 1.1800  cls 0.6145  dfl 0.9557)  | KD 7.916 (box 0.22927  cls 0.01648  dfl 0.00047  feat 0.00115)
  Epoch 44/50  Batch 219/2188 (10.0%)  | Super 85.825 (box 1.1486  cls 0.5648  dfl 0.9686)  | Base 85.970 (box 1.1537  cls 0.5727  dfl 0.9601)  | KD 6.811 (box 0.20321  cls 0.00808  dfl 0.00041  feat 0.00114)
  Epoch 44/50  Batch 437/2188 (20.0%)  | Super 96.473 (box 1.3850  cls 0.6570  dfl 0.9728)  | Base 97.787 (box 1.4066  cls 0.6711  dfl 0.9782)  | KD 9.671 (box 0.29243  cls 0.00812  dfl 0.00051  feat 0.00116)
  Epoch 44/50  Batch 655/2188 (29.9%)  | Super 84.687 (box 1.1452  cls 0.5648  dfl 0.9365)  | Base 85.021 (box 1.1627  cls 0.5681  dfl 0.9262)  | KD 7.391 (box 0.21839  cls 0.01114  dfl 0.00037  feat 0.00108)
  Epoch 44/50  Batch 873/2188 (39.9%)  | Super 94.888 (box 1.2638  cls 0.6647  dfl 1.0368)  | Base 96.103 (box 1.2838  cls 0.6832  dfl 1.0363)  | KD 8.629 (box 0.25927  cls 0.00867  dfl 0.00052  feat 0.00119)
  Epoch 44/50  Batch 1091/2188 (49.9%)  | Super 80.030 (box 1.0806  cls 0.5201  dfl 0.9002)  | Base 80.514 (box 1.0757  cls 0.5388  dfl 0.9016)  | KD 6.979 (box 0.20748  cls 0.00930  dfl 0.00034  feat 0.00098)
  Epoch 44/50  Batch 1309/2188 (59.8%)  | Super 83.472 (box 1.0817  cls 0.5647  dfl 0.9621)  | Base 84.361 (box 1.1013  cls 0.5781  dfl 0.9568)  | KD 7.031 (box 0.21017  cls 0.00772  dfl 0.00046  feat 0.00136)
  Epoch 44/50  Batch 1527/2188 (69.8%)  | Super 83.670 (box 1.1417  cls 0.5693  dfl 0.9037)  | Base 85.364 (box 1.1584  cls 0.6087  dfl 0.9006)  | KD 7.106 (box 0.20191  cls 0.01841  dfl 0.00041  feat 0.00133)
  Epoch 44/50  Batch 1745/2188 (79.8%)  | Super 85.766 (box 1.1704  cls 0.5548  dfl 0.9550)  | Base 87.958 (box 1.1963  cls 0.5893  dfl 0.9630)  | KD 7.616 (box 0.22878  cls 0.00756  dfl 0.00045  feat 0.00120)
  Epoch 44/50  Batch 1963/2188 (89.7%)  | Super 85.799 (box 1.1247  cls 0.6332  dfl 0.9233)  | Base 87.129 (box 1.1505  cls 0.6596  dfl 0.9127)  | KD 8.964 (box 0.26065  cls 0.01749  dfl 0.00055  feat 0.00142)
  Epoch 44/50  Batch 2181/2188 (99.7%)  | Super 88.621 (box 1.1929  cls 0.6099  dfl 0.9665)  | Base 89.171 (box 1.1994  cls 0.6130  dfl 0.9742)  | KD 7.102 (box 0.21161  cls 0.00869  dfl 0.00040  feat 0.00125)

================================================================================
  [Validation] Super model (skip=False)  |  Epoch 44/50
================================================================================
[*] Validation input tensor shape: torch.Size([32, 3, 384, 672])
                 Class     Images  Instances      Box(P          R      mAP50  mAP50-95)
                   all      10000     185578      0.669      0.514       0.56      0.327

================================================================================
  [Validation] Base model  (skip=True)   |  Epoch 44/50
================================================================================
[*] Validation input tensor shape: torch.Size([32, 3, 384, 672])
                 Class     Images  Instances      Box(P          R      mAP50  mAP50-95)
                   all      10000     185578      0.657      0.512      0.561      0.329

           Epoch         GPU_mem          box_om          cls_om          dfl_om          box_oo          cls_oo          dfl_oo       Instances            Size
  Epoch 45/50  Batch 1/2188 (0.0%)  | Super 88.129 (box 1.1558  cls 0.6202  dfl 0.9780)  | Base 88.917 (box 1.1714  cls 0.6269  dfl 0.9804)  | KD 8.336 (box 0.23506  cls 0.02385  dfl 0.00046  feat 0.00112)
  Epoch 45/50  Batch 219/2188 (10.0%)  | Super 87.608 (box 1.1973  cls 0.5738  dfl 0.9667)  | Base 89.101 (box 1.2158  cls 0.5951  dfl 0.9736)  | KD 7.667 (box 0.22922  cls 0.00882  dfl 0.00043  feat 0.00113)
  Epoch 45/50  Batch 437/2188 (20.0%)  | Super 98.425 (box 1.4238  cls 0.6494  dfl 1.0026)  | Base 99.796 (box 1.4299  cls 0.6916  dfl 0.9971)  | KD 8.805 (box 0.26117  cls 0.01239  dfl 0.00040  feat 0.00121)
  Epoch 45/50  Batch 655/2188 (29.9%)  | Super 87.109 (box 1.1496  cls 0.6120  dfl 0.9606)  | Base 87.648 (box 1.1575  cls 0.6317  dfl 0.9498)  | KD 7.234 (box 0.21427  cls 0.01002  dfl 0.00038  feat 0.00141)
  Epoch 45/50  Batch 873/2188 (39.9%)  | Super 92.614 (box 1.2300  cls 0.6633  dfl 1.0008)  | Base 93.291 (box 1.2196  cls 0.6987  dfl 0.9971)  | KD 8.040 (box 0.24167  cls 0.00781  dfl 0.00047  feat 0.00130)
  Epoch 45/50  Batch 1091/2188 (49.9%)  | Super 83.460 (box 1.1261  cls 0.5649  dfl 0.9171)  | Base 84.376 (box 1.1349  cls 0.5806  dfl 0.9213)  | KD 6.195 (box 0.18265  cls 0.00961  dfl 0.00032  feat 0.00103)
  Epoch 45/50  Batch 1309/2188 (59.8%)  | Super 78.427 (box 1.0334  cls 0.4875  dfl 0.9300)  | Base 79.401 (box 1.0399  cls 0.5066  dfl 0.9348)  | KD 6.515 (box 0.19336  cls 0.00862  dfl 0.00038  feat 0.00123)
  Epoch 45/50  Batch 1527/2188 (69.8%)  | Super 88.859 (box 1.2203  cls 0.5867  dfl 0.9698)  | Base 89.845 (box 1.2385  cls 0.6102  dfl 0.9589)  | KD 8.325 (box 0.24045  cls 0.01782  dfl 0.00053  feat 0.00135)
  Epoch 45/50  Batch 1745/2188 (79.8%)  | Super 85.341 (box 1.1211  cls 0.5756  dfl 0.9703)  | Base 87.214 (box 1.1445  cls 0.6089  dfl 0.9721)  | KD 7.349 (box 0.21949  cls 0.00857  dfl 0.00042  feat 0.00118)
  Epoch 45/50  Batch 1963/2188 (89.7%)  | Super 85.654 (box 1.1601  cls 0.5579  dfl 0.9587)  | Base 88.123 (box 1.1980  cls 0.6020  dfl 0.9538)  | KD 8.228 (box 0.24480  cls 0.01057  dfl 0.00048  feat 0.00129)
  Epoch 45/50  Batch 2181/2188 (99.7%)  | Super 88.335 (box 1.1852  cls 0.5730  dfl 1.0023)  | Base 88.316 (box 1.1910  cls 0.5694  dfl 0.9995)  | KD 7.546 (box 0.22526  cls 0.00898  dfl 0.00047  feat 0.00111)

================================================================================
  [Validation] Super model (skip=False)  |  Epoch 45/50
================================================================================
[*] Validation input tensor shape: torch.Size([32, 3, 384, 672])
                 Class     Images  Instances      Box(P          R      mAP50  mAP50-95)
                   all      10000     185578      0.668      0.513       0.56      0.327

================================================================================
  [Validation] Base model  (skip=True)   |  Epoch 45/50
================================================================================
[*] Validation input tensor shape: torch.Size([32, 3, 384, 672])
                 Class     Images  Instances      Box(P          R      mAP50  mAP50-95)
                   all      10000     185578       0.66      0.509      0.561      0.329

           Epoch         GPU_mem          box_om          cls_om          dfl_om          box_oo          cls_oo          dfl_oo       Instances            Size
  Epoch 46/50  Batch 1/2188 (0.0%)  | Super 84.133 (box 1.0927  cls 0.5820  dfl 0.9545)  | Base 85.130 (box 1.1002  cls 0.5992  dfl 0.9609)  | KD 7.439 (box 0.22056  cls 0.01017  dfl 0.00043  feat 0.00132)
  Epoch 46/50  Batch 219/2188 (10.0%)  | Super 88.103 (box 1.2007  cls 0.5927  dfl 0.9597)  | Base 88.781 (box 1.2057  cls 0.6094  dfl 0.9593)  | KD 7.766 (box 0.23440  cls 0.00667  dfl 0.00051  feat 0.00112)
  Epoch 46/50  Batch 437/2188 (20.0%)  | Super 95.373 (box 1.3754  cls 0.6298  dfl 0.9752)  | Base 97.173 (box 1.3961  cls 0.6588  dfl 0.9818)  | KD 7.827 (box 0.23321  cls 0.00971  dfl 0.00035  feat 0.00134)
  Epoch 46/50  Batch 655/2188 (29.9%)  | Super 83.901 (box 1.1375  cls 0.5644  dfl 0.9200)  | Base 84.206 (box 1.1405  cls 0.5757  dfl 0.9152)  | KD 6.812 (box 0.20068  cls 0.01066  dfl 0.00042  feat 0.00111)
  Epoch 46/50  Batch 873/2188 (39.9%)  | Super 94.046 (box 1.2541  cls 0.6547  dfl 1.0302)  | Base 95.233 (box 1.2715  cls 0.6760  dfl 1.0285)  | KD 8.029 (box 0.23990  cls 0.00931  dfl 0.00047  feat 0.00123)
  Epoch 46/50  Batch 1091/2188 (49.9%)  | Super 84.163 (box 1.1632  cls 0.5389  dfl 0.9280)  | Base 84.470 (box 1.1594  cls 0.5542  dfl 0.9261)  | KD 6.614 (box 0.19784  cls 0.00742  dfl 0.00035  feat 0.00106)
  Epoch 46/50  Batch 1309/2188 (59.8%)  | Super 83.003 (box 1.0841  cls 0.5444  dfl 0.9654)  | Base 83.752 (box 1.0935  cls 0.5608  dfl 0.9629)  | KD 7.460 (box 0.22044  cls 0.01105  dfl 0.00040  feat 0.00124)
  Epoch 46/50  Batch 1527/2188 (69.8%)  | Super 89.259 (box 1.2032  cls 0.6073  dfl 0.9789)  | Base 89.976 (box 1.1917  cls 0.6447  dfl 0.9753)  | KD 7.953 (box 0.22766  cls 0.01912  dfl 0.00046  feat 0.00129)
  Epoch 46/50  Batch 1745/2188 (79.8%)  | Super 83.526 (box 1.1119  cls 0.5342  dfl 0.9640)  | Base 84.813 (box 1.1243  cls 0.5616  dfl 0.9644)  | KD 7.475 (box 0.22613  cls 0.00576  dfl 0.00044  feat 0.00125)
  Epoch 46/50  Batch 1963/2188 (89.7%)  | Super 86.854 (box 1.1509  cls 0.6114  dfl 0.9519)  | Base 89.010 (box 1.1844  cls 0.6264  dfl 0.9708)  | KD 8.370 (box 0.24848  cls 0.01120  dfl 0.00064  feat 0.00125)
  Epoch 46/50  Batch 2181/2188 (99.7%)  | Super 91.184 (box 1.2185  cls 0.6174  dfl 1.0135)  | Base 92.267 (box 1.2401  cls 0.6301  dfl 1.0132)  | KD 7.570 (box 0.22688  cls 0.00799  dfl 0.00045  feat 0.00124)

================================================================================
  [Validation] Super model (skip=False)  |  Epoch 46/50
================================================================================
[*] Validation input tensor shape: torch.Size([32, 3, 384, 672])
                 Class     Images  Instances      Box(P          R      mAP50  mAP50-95)
                   all      10000     185578      0.667      0.513       0.56      0.326

================================================================================
  [Validation] Base model  (skip=True)   |  Epoch 46/50
================================================================================
[*] Validation input tensor shape: torch.Size([32, 3, 384, 672])
                 Class     Images  Instances      Box(P          R      mAP50  mAP50-95)
                   all      10000     185578      0.659      0.508      0.561      0.329

           Epoch         GPU_mem          box_om          cls_om          dfl_om          box_oo          cls_oo          dfl_oo       Instances            Size
  Epoch 47/50  Batch 1/2188 (0.0%)  | Super 84.923 (box 1.1257  cls 0.5601  dfl 0.9681)  | Base 86.235 (box 1.1469  cls 0.5872  dfl 0.9607)  | KD 7.854 (box 0.22974  cls 0.01408  dfl 0.00042  feat 0.00119)
  Epoch 47/50  Batch 219/2188 (10.0%)  | Super 92.959 (box 1.2590  cls 0.6269  dfl 1.0191)  | Base 94.145 (box 1.2709  cls 0.6546  dfl 1.0166)  | KD 7.273 (box 0.20725  cls 0.01841  dfl 0.00039  feat 0.00123)
  Epoch 47/50  Batch 437/2188 (20.0%)  | Super 101.544 (box 1.4522  cls 0.7237  dfl 0.9973)  | Base 103.068 (box 1.4750  cls 0.7498  dfl 0.9961)  | KD 9.812 (box 0.29632  cls 0.00855  dfl 0.00055  feat 0.00121)
  Epoch 47/50  Batch 655/2188 (29.9%)  | Super 81.779 (box 1.0959  cls 0.5369  dfl 0.9228)  | Base 82.887 (box 1.1142  cls 0.5537  dfl 0.9223)  | KD 6.692 (box 0.19883  cls 0.00871  dfl 0.00039  feat 0.00120)
  Epoch 47/50  Batch 873/2188 (39.9%)  | Super 92.453 (box 1.2370  cls 0.6542  dfl 0.9979)  | Base 93.987 (box 1.2562  cls 0.6987  dfl 0.9822)  | KD 9.592 (box 0.28678  cls 0.01107  dfl 0.00066  feat 0.00125)
  Epoch 47/50  Batch 1091/2188 (49.9%)  | Super 83.108 (box 1.1106  cls 0.5622  dfl 0.9244)  | Base 83.831 (box 1.1209  cls 0.5775  dfl 0.9214)  | KD 6.726 (box 0.20005  cls 0.00874  dfl 0.00034  feat 0.00107)
  Epoch 47/50  Batch 1309/2188 (59.8%)  | Super 81.412 (box 1.0714  cls 0.5238  dfl 0.9490)  | Base 82.569 (box 1.0871  cls 0.5482  dfl 0.9450)  | KD 6.805 (box 0.19979  cls 0.01117  dfl 0.00039  feat 0.00131)
  Epoch 47/50  Batch 1527/2188 (69.8%)  | Super 88.174 (box 1.1923  cls 0.6118  dfl 0.9514)  | Base 88.428 (box 1.1929  cls 0.6213  dfl 0.9492)  | KD 7.716 (box 0.22022  cls 0.01930  dfl 0.00042  feat 0.00117)
  Epoch 47/50  Batch 1745/2188 (79.8%)  | Super 85.445 (box 1.1434  cls 0.5906  dfl 0.9361)  | Base 86.318 (box 1.1520  cls 0.6039  dfl 0.9416)  | KD 7.881 (box 0.23597  cls 0.00858  dfl 0.00046  feat 0.00128)
  Epoch 47/50  Batch 1963/2188 (89.7%)  | Super 81.667 (box 1.1060  cls 0.5370  dfl 0.9090)  | Base 83.702 (box 1.1340  cls 0.5702  dfl 0.9115)  | KD 8.219 (box 0.24500  cls 0.00969  dfl 0.00063  feat 0.00151)
  Epoch 47/50  Batch 2181/2188 (99.7%)  | Super 95.253 (box 1.2824  cls 0.6104  dfl 1.0838)  | Base 95.660 (box 1.2927  cls 0.6119  dfl 1.0848)  | KD 7.015 (box 0.21270  cls 0.00472  dfl 0.00043  feat 0.00135)

================================================================================
  [Validation] Super model (skip=False)  |  Epoch 47/50
================================================================================
[*] Validation input tensor shape: torch.Size([32, 3, 384, 672])
                 Class     Images  Instances      Box(P          R      mAP50  mAP50-95)
                   all      10000     185578      0.669      0.511      0.559      0.326

================================================================================
  [Validation] Base model  (skip=True)   |  Epoch 47/50
================================================================================
[*] Validation input tensor shape: torch.Size([32, 3, 384, 672])
                 Class     Images  Instances      Box(P          R      mAP50  mAP50-95)
                   all      10000     185578      0.652      0.511      0.561      0.329

           Epoch         GPU_mem          box_om          cls_om          dfl_om          box_oo          cls_oo          dfl_oo       Instances            Size
  Epoch 48/50  Batch 1/2188 (0.0%)  | Super 83.656 (box 1.0939  cls 0.5857  dfl 0.9347)  | Base 85.328 (box 1.1084  cls 0.6206  dfl 0.9375)  | KD 8.034 (box 0.23492  cls 0.01458  dfl 0.00043  feat 0.00114)
  Epoch 48/50  Batch 219/2188 (10.0%)  | Super 89.592 (box 1.1939  cls 0.6248  dfl 0.9810)  | Base 90.587 (box 1.2065  cls 0.6484  dfl 0.9759)  | KD 7.923 (box 0.22717  cls 0.01878  dfl 0.00045  feat 0.00118)
  Epoch 48/50  Batch 437/2188 (20.0%)  | Super 95.914 (box 1.3777  cls 0.6389  dfl 0.9807)  | Base 97.023 (box 1.4018  cls 0.6536  dfl 0.9766)  | KD 7.999 (box 0.24051  cls 0.00777  dfl 0.00036  feat 0.00132)
  Epoch 48/50  Batch 655/2188 (29.9%)  | Super 82.687 (box 1.1139  cls 0.5580  dfl 0.9120)  | Base 83.859 (box 1.1253  cls 0.5854  dfl 0.9099)  | KD 6.959 (box 0.20071  cls 0.01529  dfl 0.00036  feat 0.00113)
  Epoch 48/50  Batch 873/2188 (39.9%)  | Super 93.582 (box 1.2371  cls 0.6798  dfl 1.0076)  | Base 94.632 (box 1.2558  cls 0.6954  dfl 1.0061)  | KD 8.765 (box 0.26648  cls 0.00580  dfl 0.00048  feat 0.00115)
  Epoch 48/50  Batch 1091/2188 (49.9%)  | Super 83.938 (box 1.1329  cls 0.5531  dfl 0.9370)  | Base 84.298 (box 1.1376  cls 0.5687  dfl 0.9280)  | KD 6.669 (box 0.19779  cls 0.00905  dfl 0.00040  feat 0.00116)
  Epoch 48/50  Batch 1309/2188 (59.8%)  | Super 81.361 (box 1.0815  cls 0.5398  dfl 0.9212)  | Base 82.671 (box 1.1002  cls 0.5616  dfl 0.9217)  | KD 7.599 (box 0.22738  cls 0.00831  dfl 0.00046  feat 0.00133)
  Epoch 48/50  Batch 1527/2188 (69.8%)  | Super 87.107 (box 1.1658  cls 0.5921  dfl 0.9642)  | Base 88.202 (box 1.1632  cls 0.6318  dfl 0.9613)  | KD 7.576 (box 0.21460  cls 0.02053  dfl 0.00042  feat 0.00121)
  Epoch 48/50  Batch 1745/2188 (79.8%)  | Super 85.249 (box 1.1576  cls 0.5530  dfl 0.9534)  | Base 86.858 (box 1.1753  cls 0.5840  dfl 0.9550)  | KD 7.585 (box 0.22756  cls 0.00781  dfl 0.00042  feat 0.00124)
  Epoch 48/50  Batch 1963/2188 (89.7%)  | Super 85.554 (box 1.1236  cls 0.5796  dfl 0.9703)  | Base 86.122 (box 1.1392  cls 0.5920  dfl 0.9602)  | KD 8.796 (box 0.26012  cls 0.01267  dfl 0.00059  feat 0.00151)
  Epoch 48/50  Batch 2181/2188 (99.7%)  | Super 95.393 (box 1.2827  cls 0.6192  dfl 1.0792)  | Base 95.711 (box 1.2977  cls 0.6301  dfl 1.0632)  | KD 7.401 (box 0.21533  cls 0.01420  dfl 0.00042  feat 0.00134)

================================================================================
  [Validation] Super model (skip=False)  |  Epoch 48/50
================================================================================
[*] Validation input tensor shape: torch.Size([32, 3, 384, 672])
                 Class     Images  Instances      Box(P          R      mAP50  mAP50-95)
                   all      10000     185578      0.671       0.51      0.559      0.326

================================================================================
  [Validation] Base model  (skip=True)   |  Epoch 48/50
================================================================================
[*] Validation input tensor shape: torch.Size([32, 3, 384, 672])
                 Class     Images  Instances      Box(P          R      mAP50  mAP50-95)
                   all      10000     185578      0.646      0.512      0.561      0.329

           Epoch         GPU_mem          box_om          cls_om          dfl_om          box_oo          cls_oo          dfl_oo       Instances            Size
  Epoch 49/50  Batch 1/2188 (0.0%)  | Super 86.301 (box 1.1378  cls 0.5964  dfl 0.9627)  | Base 87.662 (box 1.1543  cls 0.6172  dfl 0.9679)  | KD 7.851 (box 0.23212  cls 0.01157  dfl 0.00050  feat 0.00116)
  Epoch 49/50  Batch 219/2188 (10.0%)  | Super 86.580 (box 1.1717  cls 0.5569  dfl 0.9770)  | Base 87.632 (box 1.1789  cls 0.5858  dfl 0.9738)  | KD 6.775 (box 0.20123  cls 0.00901  dfl 0.00035  feat 0.00113)
  Epoch 49/50  Batch 437/2188 (20.0%)  | Super 95.480 (box 1.3695  cls 0.6330  dfl 0.9812)  | Base 96.950 (box 1.3841  cls 0.6603  dfl 0.9853)  | KD 8.743 (box 0.26073  cls 0.01060  dfl 0.00055  feat 0.00133)
  Epoch 49/50  Batch 655/2188 (29.9%)  | Super 82.416 (box 1.1253  cls 0.5413  dfl 0.9089)  | Base 83.252 (box 1.1335  cls 0.5538  dfl 0.9144)  | KD 6.718 (box 0.19818  cls 0.01029  dfl 0.00035  feat 0.00112)
  Epoch 49/50  Batch 873/2188 (39.9%)  | Super 94.942 (box 1.2861  cls 0.6651  dfl 1.0157)  | Base 97.132 (box 1.3176  cls 0.6951  dfl 1.0226)  | KD 9.021 (box 0.26929  cls 0.01089  dfl 0.00052  feat 0.00120)
  Epoch 49/50  Batch 1091/2188 (49.9%)  | Super 78.631 (box 1.0641  cls 0.4985  dfl 0.8946)  | Base 79.643 (box 1.0627  cls 0.5268  dfl 0.8994)  | KD 6.563 (box 0.19600  cls 0.00765  dfl 0.00036  feat 0.00108)
  Epoch 49/50  Batch 1309/2188 (59.8%)  | Super 81.795 (box 1.0687  cls 0.5568  dfl 0.9307)  | Base 82.351 (box 1.0742  cls 0.5653  dfl 0.9340)  | KD 7.881 (box 0.23153  cls 0.01303  dfl 0.00045  feat 0.00128)
  Epoch 49/50  Batch 1527/2188 (69.8%)  | Super 89.335 (box 1.2390  cls 0.5778  dfl 0.9750)  | Base 90.517 (box 1.2548  cls 0.5928  dfl 0.9811)  | KD 7.760 (box 0.22621  cls 0.01463  dfl 0.00044  feat 0.00124)
  Epoch 49/50  Batch 1745/2188 (79.8%)  | Super 80.871 (box 1.1113  cls 0.5168  dfl 0.8992)  | Base 80.887 (box 1.1004  cls 0.5354  dfl 0.8920)  | KD 6.749 (box 0.20136  cls 0.00803  dfl 0.00033  feat 0.00120)
  Epoch 49/50  Batch 1963/2188 (89.7%)  | Super 84.345 (box 1.1296  cls 0.5770  dfl 0.9292)  | Base 85.591 (box 1.1505  cls 0.5971  dfl 0.9271)  | KD 8.159 (box 0.24653  cls 0.00663  dfl 0.00048  feat 0.00133)
  Epoch 49/50  Batch 2181/2188 (99.7%)  | Super 90.690 (box 1.2141  cls 0.5924  dfl 1.0276)  | Base 90.459 (box 1.2197  cls 0.5991  dfl 1.0080)  | KD 7.437 (box 0.22347  cls 0.00737  dfl 0.00046  feat 0.00113)

================================================================================
  [Validation] Super model (skip=False)  |  Epoch 49/50
================================================================================
[*] Validation input tensor shape: torch.Size([32, 3, 384, 672])
                 Class     Images  Instances      Box(P          R      mAP50  mAP50-95)
                   all      10000     185578      0.671      0.511      0.559      0.326

================================================================================
  [Validation] Base model  (skip=True)   |  Epoch 49/50
================================================================================
[*] Validation input tensor shape: torch.Size([32, 3, 384, 672])
                 Class     Images  Instances      Box(P          R      mAP50  mAP50-95)
                   all      10000     185578      0.646      0.515      0.561      0.328

           Epoch         GPU_mem          box_om          cls_om          dfl_om          box_oo          cls_oo          dfl_oo       Instances            Size
  Epoch 50/50  Batch 1/2188 (0.0%)  | Super 86.535 (box 1.1090  cls 0.6067  dfl 0.9885)  | Base 88.167 (box 1.1363  cls 0.6313  dfl 0.9876)  | KD 7.970 (box 0.22780  cls 0.01967  dfl 0.00042  feat 0.00117)
  Epoch 50/50  Batch 219/2188 (10.0%)  | Super 84.455 (box 1.1497  cls 0.5452  dfl 0.9443)  | Base 85.401 (box 1.1549  cls 0.5748  dfl 0.9392)  | KD 6.888 (box 0.20389  cls 0.00967  dfl 0.00038  feat 0.00132)
  Epoch 50/50  Batch 437/2188 (20.0%)  | Super 100.601 (box 1.4479  cls 0.6658  dfl 1.0301)  | Base 101.965 (box 1.4687  cls 0.6972  dfl 1.0205)  | KD 8.411 (box 0.25248  cls 0.00857  dfl 0.00043  feat 0.00136)
  Epoch 50/50  Batch 655/2188 (29.9%)  | Super 81.143 (box 1.0822  cls 0.5475  dfl 0.9061)  | Base 82.370 (box 1.1017  cls 0.5694  dfl 0.9030)  | KD 7.508 (box 0.22061  cls 0.01243  dfl 0.00049  feat 0.00110)
  Epoch 50/50  Batch 873/2188 (39.9%)  | Super 90.780 (box 1.2161  cls 0.6322  dfl 0.9886)  | Base 93.298 (box 1.2462  cls 0.6766  dfl 0.9928)  | KD 8.163 (box 0.24549  cls 0.00784  dfl 0.00046  feat 0.00131)
  Epoch 50/50  Batch 1091/2188 (49.9%)  | Super 82.211 (box 1.1185  cls 0.5365  dfl 0.9140)  | Base 84.085 (box 1.1448  cls 0.5612  dfl 0.9216)  | KD 7.548 (box 0.21961  cls 0.01476  dfl 0.00043  feat 0.00108)
  Epoch 50/50  Batch 1309/2188 (59.8%)  | Super 80.011 (box 1.0651  cls 0.4998  dfl 0.9355)  | Base 81.038 (box 1.0665  cls 0.5317  dfl 0.9342)  | KD 6.689 (box 0.18934  cls 0.01806  dfl 0.00036  feat 0.00127)
  Epoch 50/50  Batch 1527/2188 (69.8%)  | Super 85.238 (box 1.1690  cls 0.5789  dfl 0.9158)  | Base 85.215 (box 1.1596  cls 0.5905  dfl 0.9128)  | KD 7.491 (box 0.22006  cls 0.01224  dfl 0.00046  feat 0.00134)
  Epoch 50/50  Batch 1745/2188 (79.8%)  | Super 86.476 (box 1.1723  cls 0.5728  dfl 0.9573)  | Base 87.678 (box 1.1873  cls 0.6051  dfl 0.9475)  | KD 8.306 (box 0.24438  cls 0.01362  dfl 0.00044  feat 0.00113)
  Epoch 50/50  Batch 1963/2188 (89.7%)  | Super 84.330 (box 1.1278  cls 0.5886  dfl 0.9190)  | Base 86.468 (box 1.1544  cls 0.6136  dfl 0.9341)  | KD 7.608 (box 0.22774  cls 0.00802  dfl 0.00043  feat 0.00157)
  Epoch 50/50  Batch 2181/2188 (99.7%)  | Super 93.455 (box 1.2493  cls 0.6423  dfl 1.0288)  | Base 94.481 (box 1.2552  cls 0.6553  dfl 1.0421)  | KD 7.466 (box 0.22433  cls 0.00729  dfl 0.00042  feat 0.00129)

================================================================================
  [Validation] Super model (skip=False)  |  Epoch 50/50
================================================================================
[*] Validation input tensor shape: torch.Size([32, 3, 384, 672])
                 Class     Images  Instances      Box(P          R      mAP50  mAP50-95)
                   all      10000     185578       0.67      0.511      0.559      0.326

================================================================================
  [Validation] Base model  (skip=True)   |  Epoch 50/50
================================================================================
[*] Validation input tensor shape: torch.Size([32, 3, 384, 672])
                 Class     Images  Instances      Box(P          R      mAP50  mAP50-95)
                   all      10000     185578      0.646      0.514       0.56      0.328

50 epochs completed in 7.857 hours.
Optimizer stripped from runs/bdd100k/detect/anydepth-yolov12l/train/weights/last.pt, 55.6MB
Optimizer stripped from runs/bdd100k/detect/anydepth-yolov12l/train/weights/best.pt, 55.6MB

Validating runs/bdd100k/detect/anydepth-yolov12l/train/weights/best.pt...
Ultralytics 8.3.63 🚀 Python-3.11.13 torch-2.2.2+cu121 CUDA:0 (NVIDIA RTX 6000 Ada Generation, 48509MiB)
                                                       CUDA:1 (NVIDIA RTX 6000 Ada Generation, 48509MiB)
YOLO-ad-v12l summary: 917 layers, 27,272,558 parameters, 0 gradients, 82.6 GFLOPs

[*] FLOPs calculated at resolution: 384x672
| module                 | #parameters or shape   | #flops   |
|:-----------------------|:-----------------------|:---------|
| base_model.model.model | 27.273M                | 25.94G   |
| 0.conv                 | 1.792K                 | 0.111G   |
| 0.conv.weight          | (64, 3, 3, 3)          |          |
| 0.conv.bias            | (64,)                  |          |
| 1.conv                 | 36.992K                | 0.595G   |
| 1.conv.weight          | (128, 32, 3, 3)        |          |
| 1.conv.bias            | (128,)                 |          |
| 2                      | 0.175M                 | 2.799G   |
| 2.cv1                  | 16.896K                | 0.268G   |
| 2.cv1.conv             | 16.384K                | 0.264G   |
| 2.cv1.bn               | 0.256K                 | 4.129M   |
| 2.cv1.bn_skip          | 0.256K                 |          |
| 2.cv2                  | 66.56K                 | 1.065G   |
| 2.cv2.conv             | 65.536K                | 1.057G   |
| 2.cv2.bn               | 0.512K                 | 8.258M   |
| 2.cv2.bn_skip          | 0.512K                 |          |
| 2.m                    | 91.776K                | 1.466G   |
| 2.m.0                  | 45.888K                | 0.733G   |
| 2.m.1                  | 45.888K                | 0.733G   |
| 3                      | 0.148M                 | 0.597G   |
| 3.conv                 | 0.147M                 | 0.595G   |
| 3.conv.weight          | (256, 64, 3, 3)        |          |
| 3.bn                   | 0.512K                 | 2.064M   |
| 3.bn.weight            | (256,)                 |          |
| 3.bn.bias              | (256,)                 |          |
| 3.bn_skip              | 0.512K                 |          |
| 3.bn_skip.weight       | (256,)                 |          |
| 3.bn_skip.bias         | (256,)                 |          |
| 4                      | 0.695M                 | 2.787G   |
| 4.cv1                  | 66.56K                 | 0.266G   |
| 4.cv1.conv             | 65.536K                | 0.264G   |
| 4.cv1.bn               | 0.512K                 | 2.064M   |
| 4.cv1.bn_skip          | 0.512K                 |          |
| 4.cv2                  | 0.264M                 | 1.061G   |
| 4.cv2.conv             | 0.262M                 | 1.057G   |
| 4.cv2.bn               | 1.024K                 | 4.129M   |
| 4.cv2.bn_skip          | 1.024K                 |          |
| 4.m                    | 0.364M                 | 1.46G    |
| 4.m.0                  | 0.182M                 | 0.73G    |
| 4.m.1                  | 0.182M                 | 0.73G    |
| 5                      | 2.361M                 | 2.379G   |
| 5.conv                 | 2.359M                 | 2.378G   |
| 5.conv.weight          | (512, 512, 3, 3)       |          |
| 5.bn                   | 1.024K                 | 1.032M   |
| 5.bn.weight            | (512,)                 |          |
| 5.bn.bias              | (512,)                 |          |
| 5.bn_skip              | 1.024K                 |          |
| 5.bn_skip.weight       | (512,)                 |          |
| 5.bn_skip.bias         | (512,)                 |          |
| 6                      | 4.943M                 | 4.561G   |
| 6.gamma                | (512,)                 |          |
| 6.cv1                  | 0.132M                 | 0.133G   |
| 6.cv1.conv             | 0.131M                 | 0.132G   |
| 6.cv1.bn               | 0.512K                 | 0.516M   |
| 6.cv1.bn_skip          | 0.512K                 |          |
| 6.cv2                  | 1.051M                 | 0.662G   |
| 6.cv2.conv             | 0.655M                 | 0.661G   |
| 6.cv2.bn               | 1.024K                 | 1.032M   |
| 6.cv2.bn_skip          | 1.024K                 |          |
| 6.cv2.conv_skip        | 0.393M                 |          |
| 6.m                    | 3.76M                  | 3.766G   |
| 6.m.0                  | 0.946M                 | 0.945G   |
| 6.m.1                  | 0.946M                 | 0.945G   |
| 6.m.2                  | 0.934M                 | 0.938G   |
| 6.m.3                  | 0.934M                 | 0.938G   |
| 7                      | 2.361M                 | 0.595G   |
| 7.conv                 | 2.359M                 | 0.595G   |
| 7.conv.weight          | (512, 512, 3, 3)       |          |
| 7.bn                   | 1.024K                 | 0.258M   |
| 7.bn.weight            | (512,)                 |          |
| 7.bn.bias              | (512,)                 |          |
| 7.bn_skip              | 1.024K                 |          |
| 7.bn_skip.weight       | (512,)                 |          |
| 7.bn_skip.bias         | (512,)                 |          |
| 8                      | 4.943M                 | 1.14G    |
| 8.gamma                | (512,)                 |          |
| 8.cv1                  | 0.132M                 | 33.159M  |
| 8.cv1.conv             | 0.131M                 | 33.03M   |
| 8.cv1.bn               | 0.512K                 | 0.129M   |
| 8.cv1.bn_skip          | 0.512K                 |          |
| 8.cv2                  | 1.051M                 | 0.165G   |
| 8.cv2.conv             | 0.655M                 | 0.165G   |
| 8.cv2.bn               | 1.024K                 | 0.258M   |
| 8.cv2.bn_skip          | 1.024K                 |          |
| 8.cv2.conv_skip        | 0.393M                 |          |
| 8.m                    | 3.76M                  | 0.942G   |
| 8.m.0                  | 0.946M                 | 0.236G   |
| 8.m.1                  | 0.946M                 | 0.236G   |
| 8.m.2                  | 0.934M                 | 0.234G   |
| 8.m.3                  | 0.934M                 | 0.234G   |
| 11                     | 2.105M                 | 2.118G   |
| 11.cv1                 | 0.263M                 | 0.265G   |
| 11.cv1.conv            | 0.262M                 | 0.264G   |
| 11.cv1.bn              | 0.512K                 | 0.516M   |
| 11.cv1.bn_skip         | 0.512K                 |          |
| 11.cv2                 | 0.395M                 | 0.397G   |
| 11.cv2.conv            | 0.393M                 | 0.396G   |
| 11.cv2.bn              | 1.024K                 | 1.032M   |
| 11.cv2.bn_skip         | 1.024K                 |          |
| 11.m                   | 1.447M                 | 1.455G   |
| 11.m.0                 | 0.725M                 | 0.729G   |
| 11.m.1                 | 0.722M                 | 0.727G   |
| 14                     | 0.594M                 | 2.385G   |
| 14.cv1                 | 0.132M                 | 0.53G    |
| 14.cv1.conv            | 0.131M                 | 0.528G   |
| 14.cv1.bn              | 0.256K                 | 1.032M   |
| 14.cv1.bn_skip         | 0.256K                 |          |
| 14.cv2                 | 99.328K                | 0.398G   |
| 14.cv2.conv            | 98.304K                | 0.396G   |
| 14.cv2.bn              | 0.512K                 | 2.064M   |
| 14.cv2.bn_skip         | 0.512K                 |          |
| 14.m                   | 0.363M                 | 1.457G   |
| 14.m.0                 | 0.182M                 | 0.731G   |
| 14.m.1                 | 0.181M                 | 0.727G   |
| 15                     | 0.591M                 | 0.595G   |
| 15.conv                | 0.59M                  | 0.595G   |
| 15.conv.weight         | (256, 256, 3, 3)       |          |
| 15.bn                  | 0.512K                 | 0.516M   |
| 15.bn.weight           | (256,)                 |          |
| 15.bn.bias             | (256,)                 |          |
| 15.bn_skip             | 0.512K                 |          |
| 15.bn_skip.weight      | (256,)                 |          |
| 15.bn_skip.bias        | (256,)                 |          |
| 17                     | 2.04M                  | 2.051G   |
| 17.cv1                 | 0.198M                 | 0.199G   |
| 17.cv1.conv            | 0.197M                 | 0.198G   |
| 17.cv1.bn              | 0.512K                 | 0.516M   |
| 17.cv1.bn_skip         | 0.512K                 |          |
| 17.cv2                 | 0.395M                 | 0.397G   |
| 17.cv2.conv            | 0.393M                 | 0.396G   |
| 17.cv2.bn              | 1.024K                 | 1.032M   |
| 17.cv2.bn_skip         | 1.024K                 |          |
| 17.m                   | 1.447M                 | 1.455G   |
| 17.m.0                 | 0.725M                 | 0.729G   |
| 17.m.1                 | 0.722M                 | 0.727G   |
| 18                     | 2.361M                 | 0.595G   |
| 18.conv                | 2.359M                 | 0.595G   |
| 18.conv.weight         | (512, 512, 3, 3)       |          |
| 18.bn                  | 1.024K                 | 0.258M   |
| 18.bn.weight           | (512,)                 |          |
| 18.bn.bias             | (512,)                 |          |
| 18.bn_skip             | 1.024K                 |          |
| 18.bn_skip.weight      | (512,)                 |          |
| 18.bn_skip.bias        | (512,)                 |          |
| 20                     | 2.501M                 | 0.629G   |
| 20.cv1                 | 0.526M                 | 0.132G   |
| 20.cv1.conv            | 0.524M                 | 0.132G   |
| 20.cv1.bn              | 1.024K                 | 0.258M   |
| 20.cv1.bn_skip         | 1.024K                 |          |
| 20.cv2                 | 0.526M                 | 0.132G   |
| 20.cv2.conv            | 0.524M                 | 0.132G   |
| 20.cv2.bn              | 1.024K                 | 0.258M   |
| 20.cv2.bn_skip         | 1.024K                 |          |
| 20.m                   | 1.448M                 | 0.364G   |
| 20.m.0                 | 0.724M                 | 0.182G   |
| 20.m.1                 | 0.724M                 | 0.182G   |
| 21                     | 1.415M                 | 2G       |
| 21.cv2                 | 0.861M                 | 1.183G   |
| 21.cv2.0               | 0.189M                 | 0.76G    |
| 21.cv2.1               | 0.336M                 | 0.339G   |
| 21.cv2.2               | 0.336M                 | 84.64M   |
| 21.cv3                 | 0.554M                 | 0.817G   |
| 21.cv3.0               | 0.139M                 | 0.557G   |
| 21.cv3.1               | 0.207M                 | 0.208G   |
| 21.cv3.2               | 0.207M                 | 51.932M  |
| 21.dfl.conv            | 16                     | 0.339M   |
| 21.dfl.conv.weight     | (1, 16, 1, 1)          |          |
| 9                      |                        | 0.516M   |
| 12                     |                        | 2.064M   |
  MACs  : 25.94 GMACs
  FLOPs : 51.88 GFLOPs
[*] Validation input tensor shape: torch.Size([32, 3, 384, 672])
                 Class     Images  Instances      Box(P          R      mAP50  mAP50-95)
                   all      10000     185578      0.654      0.533      0.563      0.329
                person       3220      13265      0.717      0.602      0.664      0.349
                 rider        515        649      0.721      0.445      0.498      0.272
                   car       9879     102540      0.779      0.739      0.795      0.502
                   bus       1242       1597      0.654      0.596      0.657      0.513
                 truck       2689       4247       0.61      0.634      0.647       0.48
                  bike        578       1007      0.584      0.535      0.527      0.271
                 motor        334        452      0.665      0.476      0.505      0.261
         traffic light       5653      26891      0.709      0.543      0.602      0.236
          traffic sign       8221      34915      0.709      0.621      0.672      0.361
                 train         14         15      0.389      0.133     0.0575     0.0422
Speed: 0.0ms preprocess, 1.3ms inference, 0.0ms loss, 0.3ms postprocess per image
Results saved to [1mruns/bdd100k/detect/anydepth-yolov12l/train[0m
WARNING: Plotting error for runs/bdd100k/detect/anydepth-yolov12l/train/results.csv: could not convert string to float: 'super'
/home/hslee/context-anydepth-det/anydepth-yolov12/ultralytics/utils/plotting.py:1231: UserWarning: No artists with labels found to put in legend.  Note that artists whose label start with an underscore are ignored when legend() is called with no argument.
  ax[1].legend()
