WARNING:__main__:
*****************************************
Setting OMP_NUM_THREADS environment variable for each process to be 1 in default, to avoid your system being overloaded, please further tune the variable for optimal performance in your application as needed. 
*****************************************
[*] Image size: 640
[*] Starting new training using weight: ./pretrained/yolo-ad-exp8_105_epoch539_0.539_0.520.pt
task: detect
Loading YOLOv12 Any-Depth model fromLoading YOLOv12 Any-Depth model from  ultralytics/cfg/models/v12/yolo-ad-v12l.yaml
ultralytics/cfg/models/v12/yolo-ad-v12l.yaml
Found YOLOv12 Any-Depth model scale: l
Found YOLOv12 Any-Depth model scale: l
Transferred 1943/1943 items from pretrained weights
Ultralytics 8.3.63 🚀 Python-3.11.13 torch-2.2.2+cu121 CUDA:0 (NVIDIA RTX 6000 Ada Generation, 48509MiB)
                                                       CUDA:1 (NVIDIA RTX 6000 Ada Generation, 48509MiB)
Overriding model.yaml nc=80 with nc=10
Transferred 1937/1943 items from pretrained weights
Not transferred items (6):
  - [Shape Mismatch] model.21.cv3.0.2.bias: model [10] != pretrained [80]
  - [Shape Mismatch] model.21.cv3.0.2.weight: model [10, 256, 1, 1] != pretrained [80, 256, 1, 1]
  - [Shape Mismatch] model.21.cv3.1.2.bias: model [10] != pretrained [80]
  - [Shape Mismatch] model.21.cv3.1.2.weight: model [10, 256, 1, 1] != pretrained [80, 256, 1, 1]
  - [Shape Mismatch] model.21.cv3.2.2.bias: model [10] != pretrained [80]
  - [Shape Mismatch] model.21.cv3.2.2.weight: model [10, 256, 1, 1] != pretrained [80, 256, 1, 1]
Freezing layer 'model.21.dfl.conv.weight'
[34m[1mAMP: [0mrunning Automatic Mixed Precision (AMP) checks...
task: None
[34m[1mAMP: [0mchecks passed ✅
[34m[1mtrain: [0mScanning /media/data/bdd100k_yolo/train/labels.cache... 70000 images, 0 backgrounds, 0 corrupt: 100%|██████████| 70000/70000 [00:00<?, ?it/s][34m[1mtrain: [0mScanning /media/data/bdd100k_yolo/train/labels.cache... 70000 images, 0 backgrounds, 0 corrupt: 100%|██████████| 70000/70000 [00:00<?, ?it/s]
[34m[1mtrain: [0mWARNING ⚠️ /media/data/bdd100k_yolo/train/images/75055858-7d04a650.jpg: 1 duplicate labels removed
/home/hslee/anaconda3/envs/yolov12/lib/python3.11/site-packages/albumentations/__init__.py:28: UserWarning: A new version of Albumentations is available: '2.0.8' (you have '2.0.4'). Upgrade using: pip install -U albumentations. To disable automatic update checks, set the environment variable NO_ALBUMENTATIONS_UPDATE to 1.
  check_for_updates()
[34m[1malbumentations: [0mBlur(p=0.01, blur_limit=(3, 7)), MedianBlur(p=0.01, blur_limit=(3, 7)), ToGray(p=0.01, num_output_channels=3, method='weighted_average'), CLAHE(p=0.01, clip_limit=(1.0, 4.0), tile_grid_size=(8, 8))
WARNING ⚠️ 'rect=True' is incompatible with DataLoader shuffle, setting shuffle=False
[34m[1mval: [0mScanning /media/data/bdd100k_yolo/val/labels.cache... 10000 images, 0 backgrounds, 0 corrupt: 100%|██████████| 10000/10000 [00:00<?, ?it/s][34m[1mval: [0mScanning /media/data/bdd100k_yolo/val/labels.cache... 10000 images, 0 backgrounds, 0 corrupt: 100%|██████████| 10000/10000 [00:00<?, ?it/s]
/home/hslee/anaconda3/envs/yolov12/lib/python3.11/site-packages/albumentations/__init__.py:28: UserWarning: A new version of Albumentations is available: '2.0.8' (you have '2.0.4'). Upgrade using: pip install -U albumentations. To disable automatic update checks, set the environment variable NO_ALBUMENTATIONS_UPDATE to 1.
  check_for_updates()
Plotting labels to runs/bdd100k/detect/anydepth-yolov12l/train/labels.jpg... 
[34m[1moptimizer:[0m SGD(lr=0.001, momentum=0.9) with parameter groups 341 weight(decay=0.0), 232 weight(decay=0.0005), 347 bias(decay=0.0)
DistributedDataParallel(
  (module): DetectionModelAnyDepth(
    (model): Sequential(
      (0): Conv(
        (conv): Conv2d(3, 64, kernel_size=(3, 3), stride=(2, 2), padding=(1, 1), bias=False)
        (bn): BatchNorm2d(64, eps=0.001, momentum=0.03, affine=True, track_running_stats=True)
        (act): SiLU(inplace=True)
      )
      (1): Conv(
        (conv): Conv2d(64, 128, kernel_size=(3, 3), stride=(2, 2), padding=(1, 1), groups=2, bias=False)
        (bn): BatchNorm2d(128, eps=0.001, momentum=0.03, affine=True, track_running_stats=True)
        (act): SiLU(inplace=True)
      )
      (2): SwitchableC3k2(
        (cv1): SwitchableConv(
          (conv): Conv2d(128, 128, kernel_size=(1, 1), stride=(1, 1), bias=False)
          (bn): BatchNorm2d(128, eps=0.001, momentum=0.03, affine=True, track_running_stats=True)
          (bn_skip): BatchNorm2d(128, eps=0.001, momentum=0.03, affine=True, track_running_stats=True)
          (act): SiLU(inplace=True)
        )
        (cv2): SwitchableConv(
          (conv): Conv2d(256, 256, kernel_size=(1, 1), stride=(1, 1), bias=False)
          (bn): BatchNorm2d(256, eps=0.001, momentum=0.03, affine=True, track_running_stats=True)
          (bn_skip): BatchNorm2d(256, eps=0.001, momentum=0.03, affine=True, track_running_stats=True)
          (act): SiLU(inplace=True)
        )
        (m): ModuleList(
          (0-1): 2 x SkippableC3k(
            (cv1): SwitchableConv(
              (conv): Conv2d(64, 32, kernel_size=(1, 1), stride=(1, 1), bias=False)
              (bn): BatchNorm2d(32, eps=0.001, momentum=0.03, affine=True, track_running_stats=True)
              (bn_skip): BatchNorm2d(32, eps=0.001, momentum=0.03, affine=True, track_running_stats=True)
              (act): SiLU(inplace=True)
            )
            (cv2): SwitchableConv(
              (conv): Conv2d(64, 32, kernel_size=(1, 1), stride=(1, 1), bias=False)
              (bn): BatchNorm2d(32, eps=0.001, momentum=0.03, affine=True, track_running_stats=True)
              (bn_skip): BatchNorm2d(32, eps=0.001, momentum=0.03, affine=True, track_running_stats=True)
              (act): SiLU(inplace=True)
            )
            (cv3): SwitchableConv(
              (conv): Conv2d(64, 64, kernel_size=(1, 1), stride=(1, 1), bias=False)
              (bn): BatchNorm2d(64, eps=0.001, momentum=0.03, affine=True, track_running_stats=True)
              (bn_skip): BatchNorm2d(64, eps=0.001, momentum=0.03, affine=True, track_running_stats=True)
              (act): SiLU(inplace=True)
            )
            (m): SkippableSequential(
              (0): Bottleneck(
                (cv1): SwitchableConv(
                  (conv): Conv2d(32, 32, kernel_size=(3, 3), stride=(1, 1), padding=(1, 1), bias=False)
                  (bn): BatchNorm2d(32, eps=0.001, momentum=0.03, affine=True, track_running_stats=True)
                  (bn_skip): BatchNorm2d(32, eps=0.001, momentum=0.03, affine=True, track_running_stats=True)
                  (act): SiLU(inplace=True)
                )
                (cv2): SwitchableConv(
                  (conv): Conv2d(32, 32, kernel_size=(3, 3), stride=(1, 1), padding=(1, 1), bias=False)
                  (bn): BatchNorm2d(32, eps=0.001, momentum=0.03, affine=True, track_running_stats=True)
                  (bn_skip): BatchNorm2d(32, eps=0.001, momentum=0.03, affine=True, track_running_stats=True)
                  (act): SiLU(inplace=True)
                )
              )
              (1): Bottleneck(
                (cv1): Conv(
                  (conv): Conv2d(32, 32, kernel_size=(3, 3), stride=(1, 1), padding=(1, 1), bias=False)
                  (bn): BatchNorm2d(32, eps=0.001, momentum=0.03, affine=True, track_running_stats=True)
                  (act): SiLU(inplace=True)
                )
                (cv2): Conv(
                  (conv): Conv2d(32, 32, kernel_size=(3, 3), stride=(1, 1), padding=(1, 1), bias=False)
                  (bn): BatchNorm2d(32, eps=0.001, momentum=0.03, affine=True, track_running_stats=True)
                  (act): SiLU(inplace=True)
                )
              )
            )
          )
        )
      )
      (3): SwitchableConv(
        (conv): Conv2d(256, 256, kernel_size=(3, 3), stride=(2, 2), padding=(1, 1), groups=4, bias=False)
        (bn): BatchNorm2d(256, eps=0.001, momentum=0.03, affine=True, track_running_stats=True)
        (bn_skip): BatchNorm2d(256, eps=0.001, momentum=0.03, affine=True, track_running_stats=True)
        (act): SiLU(inplace=True)
      )
      (4): SwitchableC3k2(
        (cv1): SwitchableConv(
          (conv): Conv2d(256, 256, kernel_size=(1, 1), stride=(1, 1), bias=False)
          (bn): BatchNorm2d(256, eps=0.001, momentum=0.03, affine=True, track_running_stats=True)
          (bn_skip): BatchNorm2d(256, eps=0.001, momentum=0.03, affine=True, track_running_stats=True)
          (act): SiLU(inplace=True)
        )
        (cv2): SwitchableConv(
          (conv): Conv2d(512, 512, kernel_size=(1, 1), stride=(1, 1), bias=False)
          (bn): BatchNorm2d(512, eps=0.001, momentum=0.03, affine=True, track_running_stats=True)
          (bn_skip): BatchNorm2d(512, eps=0.001, momentum=0.03, affine=True, track_running_stats=True)
          (act): SiLU(inplace=True)
        )
        (m): ModuleList(
          (0-1): 2 x SkippableC3k(
            (cv1): SwitchableConv(
              (conv): Conv2d(128, 64, kernel_size=(1, 1), stride=(1, 1), bias=False)
              (bn): BatchNorm2d(64, eps=0.001, momentum=0.03, affine=True, track_running_stats=True)
              (bn_skip): BatchNorm2d(64, eps=0.001, momentum=0.03, affine=True, track_running_stats=True)
              (act): SiLU(inplace=True)
            )
            (cv2): SwitchableConv(
              (conv): Conv2d(128, 64, kernel_size=(1, 1), stride=(1, 1), bias=False)
              (bn): BatchNorm2d(64, eps=0.001, momentum=0.03, affine=True, track_running_stats=True)
              (bn_skip): BatchNorm2d(64, eps=0.001, momentum=0.03, affine=True, track_running_stats=True)
              (act): SiLU(inplace=True)
            )
            (cv3): SwitchableConv(
              (conv): Conv2d(128, 128, kernel_size=(1, 1), stride=(1, 1), bias=False)
              (bn): BatchNorm2d(128, eps=0.001, momentum=0.03, affine=True, track_running_stats=True)
              (bn_skip): BatchNorm2d(128, eps=0.001, momentum=0.03, affine=True, track_running_stats=True)
              (act): SiLU(inplace=True)
            )
            (m): SkippableSequential(
              (0): Bottleneck(
                (cv1): SwitchableConv(
                  (conv): Conv2d(64, 64, kernel_size=(3, 3), stride=(1, 1), padding=(1, 1), bias=False)
                  (bn): BatchNorm2d(64, eps=0.001, momentum=0.03, affine=True, track_running_stats=True)
                  (bn_skip): BatchNorm2d(64, eps=0.001, momentum=0.03, affine=True, track_running_stats=True)
                  (act): SiLU(inplace=True)
                )
                (cv2): SwitchableConv(
                  (conv): Conv2d(64, 64, kernel_size=(3, 3), stride=(1, 1), padding=(1, 1), bias=False)
                  (bn): BatchNorm2d(64, eps=0.001, momentum=0.03, affine=True, track_running_stats=True)
                  (bn_skip): BatchNorm2d(64, eps=0.001, momentum=0.03, affine=True, track_running_stats=True)
                  (act): SiLU(inplace=True)
                )
              )
              (1): Bottleneck(
                (cv1): Conv(
                  (conv): Conv2d(64, 64, kernel_size=(3, 3), stride=(1, 1), padding=(1, 1), bias=False)
                  (bn): BatchNorm2d(64, eps=0.001, momentum=0.03, affine=True, track_running_stats=True)
                  (act): SiLU(inplace=True)
                )
                (cv2): Conv(
                  (conv): Conv2d(64, 64, kernel_size=(3, 3), stride=(1, 1), padding=(1, 1), bias=False)
                  (bn): BatchNorm2d(64, eps=0.001, momentum=0.03, affine=True, track_running_stats=True)
                  (act): SiLU(inplace=True)
                )
              )
            )
          )
        )
      )
      (5): SwitchableConv(
        (conv): Conv2d(512, 512, kernel_size=(3, 3), stride=(2, 2), padding=(1, 1), bias=False)
        (bn): BatchNorm2d(512, eps=0.001, momentum=0.03, affine=True, track_running_stats=True)
        (bn_skip): BatchNorm2d(512, eps=0.001, momentum=0.03, affine=True, track_running_stats=True)
        (act): SiLU(inplace=True)
      )
      (6): SkippableA2C2f(
        (cv1): SwitchableConv(
          (conv): Conv2d(512, 256, kernel_size=(1, 1), stride=(1, 1), bias=False)
          (bn): BatchNorm2d(256, eps=0.001, momentum=0.03, affine=True, track_running_stats=True)
          (bn_skip): BatchNorm2d(256, eps=0.001, momentum=0.03, affine=True, track_running_stats=True)
          (act): SiLU(inplace=True)
        )
        (cv2): SwitchableConv(
          (conv): Conv2d(1280, 512, kernel_size=(1, 1), stride=(1, 1), bias=False)
          (bn): BatchNorm2d(512, eps=0.001, momentum=0.03, affine=True, track_running_stats=True)
          (bn_skip): BatchNorm2d(512, eps=0.001, momentum=0.03, affine=True, track_running_stats=True)
          (conv_skip): Conv2d(768, 512, kernel_size=(1, 1), stride=(1, 1), bias=False)
          (act): SiLU(inplace=True)
        )
        (m): ModuleList(
          (0-1): 2 x SwitchableSequential(
            (0): ABlock(
              (attn): SwitchableAAttn(
                (qk): SwitchableConv(
                  (conv): Conv2d(256, 512, kernel_size=(1, 1), stride=(1, 1), bias=False)
                  (bn): BatchNorm2d(512, eps=0.001, momentum=0.03, affine=True, track_running_stats=True)
                  (bn_skip): BatchNorm2d(512, eps=0.001, momentum=0.03, affine=True, track_running_stats=True)
                  (act): Identity()
                )
                (v): SwitchableConv(
                  (conv): Conv2d(256, 256, kernel_size=(1, 1), stride=(1, 1), bias=False)
                  (bn): BatchNorm2d(256, eps=0.001, momentum=0.03, affine=True, track_running_stats=True)
                  (bn_skip): BatchNorm2d(256, eps=0.001, momentum=0.03, affine=True, track_running_stats=True)
                  (act): Identity()
                )
                (proj): SwitchableConv(
                  (conv): Conv2d(256, 256, kernel_size=(1, 1), stride=(1, 1), bias=False)
                  (bn): BatchNorm2d(256, eps=0.001, momentum=0.03, affine=True, track_running_stats=True)
                  (bn_skip): BatchNorm2d(256, eps=0.001, momentum=0.03, affine=True, track_running_stats=True)
                  (act): Identity()
                )
                (pe): SwitchableConv(
                  (conv): Conv2d(256, 256, kernel_size=(5, 5), stride=(1, 1), padding=(2, 2), groups=256, bias=False)
                  (bn): BatchNorm2d(256, eps=0.001, momentum=0.03, affine=True, track_running_stats=True)
                  (bn_skip): BatchNorm2d(256, eps=0.001, momentum=0.03, affine=True, track_running_stats=True)
                  (act): Identity()
                )
              )
              (mlp): SwitchableSequential(
                (0): SwitchableConv(
                  (conv): Conv2d(256, 384, kernel_size=(1, 1), stride=(1, 1), bias=False)
                  (bn): BatchNorm2d(384, eps=0.001, momentum=0.03, affine=True, track_running_stats=True)
                  (bn_skip): BatchNorm2d(384, eps=0.001, momentum=0.03, affine=True, track_running_stats=True)
                  (act): SiLU(inplace=True)
                )
                (1): SwitchableConv(
                  (conv): Conv2d(384, 256, kernel_size=(1, 1), stride=(1, 1), bias=False)
                  (bn): BatchNorm2d(256, eps=0.001, momentum=0.03, affine=True, track_running_stats=True)
                  (bn_skip): BatchNorm2d(256, eps=0.001, momentum=0.03, affine=True, track_running_stats=True)
                  (act): Identity()
                )
              )
            )
            (1): ABlock(
              (attn): SwitchableAAttn(
                (qk): SwitchableConv(
                  (conv): Conv2d(256, 512, kernel_size=(1, 1), stride=(1, 1), bias=False)
                  (bn): BatchNorm2d(512, eps=0.001, momentum=0.03, affine=True, track_running_stats=True)
                  (bn_skip): BatchNorm2d(512, eps=0.001, momentum=0.03, affine=True, track_running_stats=True)
                  (act): Identity()
                )
                (v): SwitchableConv(
                  (conv): Conv2d(256, 256, kernel_size=(1, 1), stride=(1, 1), bias=False)
                  (bn): BatchNorm2d(256, eps=0.001, momentum=0.03, affine=True, track_running_stats=True)
                  (bn_skip): BatchNorm2d(256, eps=0.001, momentum=0.03, affine=True, track_running_stats=True)
                  (act): Identity()
                )
                (proj): SwitchableConv(
                  (conv): Conv2d(256, 256, kernel_size=(1, 1), stride=(1, 1), bias=False)
                  (bn): BatchNorm2d(256, eps=0.001, momentum=0.03, affine=True, track_running_stats=True)
                  (bn_skip): BatchNorm2d(256, eps=0.001, momentum=0.03, affine=True, track_running_stats=True)
                  (act): Identity()
                )
                (pe): SwitchableConv(
                  (conv): Conv2d(256, 256, kernel_size=(5, 5), stride=(1, 1), padding=(2, 2), groups=256, bias=False)
                  (bn): BatchNorm2d(256, eps=0.001, momentum=0.03, affine=True, track_running_stats=True)
                  (bn_skip): BatchNorm2d(256, eps=0.001, momentum=0.03, affine=True, track_running_stats=True)
                  (act): Identity()
                )
              )
              (mlp): SwitchableSequential(
                (0): SwitchableConv(
                  (conv): Conv2d(256, 384, kernel_size=(1, 1), stride=(1, 1), bias=False)
                  (bn): BatchNorm2d(384, eps=0.001, momentum=0.03, affine=True, track_running_stats=True)
                  (bn_skip): BatchNorm2d(384, eps=0.001, momentum=0.03, affine=True, track_running_stats=True)
                  (act): SiLU(inplace=True)
                )
                (1): SwitchableConv(
                  (conv): Conv2d(384, 256, kernel_size=(1, 1), stride=(1, 1), bias=False)
                  (bn): BatchNorm2d(256, eps=0.001, momentum=0.03, affine=True, track_running_stats=True)
                  (bn_skip): BatchNorm2d(256, eps=0.001, momentum=0.03, affine=True, track_running_stats=True)
                  (act): Identity()
                )
              )
            )
          )
          (2-3): 2 x Sequential(
            (0): ABlock(
              (attn): AAttn(
                (qk): Conv(
                  (conv): Conv2d(256, 512, kernel_size=(1, 1), stride=(1, 1), bias=False)
                  (bn): BatchNorm2d(512, eps=0.001, momentum=0.03, affine=True, track_running_stats=True)
                  (act): Identity()
                )
                (v): Conv(
                  (conv): Conv2d(256, 256, kernel_size=(1, 1), stride=(1, 1), bias=False)
                  (bn): BatchNorm2d(256, eps=0.001, momentum=0.03, affine=True, track_running_stats=True)
                  (act): Identity()
                )
                (proj): Conv(
                  (conv): Conv2d(256, 256, kernel_size=(1, 1), stride=(1, 1), bias=False)
                  (bn): BatchNorm2d(256, eps=0.001, momentum=0.03, affine=True, track_running_stats=True)
                  (act): Identity()
                )
                (pe): Conv(
                  (conv): Conv2d(256, 256, kernel_size=(5, 5), stride=(1, 1), padding=(2, 2), groups=256, bias=False)
                  (bn): BatchNorm2d(256, eps=0.001, momentum=0.03, affine=True, track_running_stats=True)
                  (act): Identity()
                )
              )
              (mlp): Sequential(
                (0): Conv(
                  (conv): Conv2d(256, 384, kernel_size=(1, 1), stride=(1, 1), bias=False)
                  (bn): BatchNorm2d(384, eps=0.001, momentum=0.03, affine=True, track_running_stats=True)
                  (act): SiLU(inplace=True)
                )
                (1): Conv(
                  (conv): Conv2d(384, 256, kernel_size=(1, 1), stride=(1, 1), bias=False)
                  (bn): BatchNorm2d(256, eps=0.001, momentum=0.03, affine=True, track_running_stats=True)
                  (act): Identity()
                )
              )
            )
            (1): ABlock(
              (attn): AAttn(
                (qk): Conv(
                  (conv): Conv2d(256, 512, kernel_size=(1, 1), stride=(1, 1), bias=False)
                  (bn): BatchNorm2d(512, eps=0.001, momentum=0.03, affine=True, track_running_stats=True)
                  (act): Identity()
                )
                (v): Conv(
                  (conv): Conv2d(256, 256, kernel_size=(1, 1), stride=(1, 1), bias=False)
                  (bn): BatchNorm2d(256, eps=0.001, momentum=0.03, affine=True, track_running_stats=True)
                  (act): Identity()
                )
                (proj): Conv(
                  (conv): Conv2d(256, 256, kernel_size=(1, 1), stride=(1, 1), bias=False)
                  (bn): BatchNorm2d(256, eps=0.001, momentum=0.03, affine=True, track_running_stats=True)
                  (act): Identity()
                )
                (pe): Conv(
                  (conv): Conv2d(256, 256, kernel_size=(5, 5), stride=(1, 1), padding=(2, 2), groups=256, bias=False)
                  (bn): BatchNorm2d(256, eps=0.001, momentum=0.03, affine=True, track_running_stats=True)
                  (act): Identity()
                )
              )
              (mlp): Sequential(
                (0): Conv(
                  (conv): Conv2d(256, 384, kernel_size=(1, 1), stride=(1, 1), bias=False)
                  (bn): BatchNorm2d(384, eps=0.001, momentum=0.03, affine=True, track_running_stats=True)
                  (act): SiLU(inplace=True)
                )
                (1): Conv(
                  (conv): Conv2d(384, 256, kernel_size=(1, 1), stride=(1, 1), bias=False)
                  (bn): BatchNorm2d(256, eps=0.001, momentum=0.03, affine=True, track_running_stats=True)
                  (act): Identity()
                )
              )
            )
          )
        )
      )
      (7): SwitchableConv(
        (conv): Conv2d(512, 512, kernel_size=(3, 3), stride=(2, 2), padding=(1, 1), bias=False)
        (bn): BatchNorm2d(512, eps=0.001, momentum=0.03, affine=True, track_running_stats=True)
        (bn_skip): BatchNorm2d(512, eps=0.001, momentum=0.03, affine=True, track_running_stats=True)
        (act): SiLU(inplace=True)
      )
      (8): SkippableA2C2f(
        (cv1): SwitchableConv(
          (conv): Conv2d(512, 256, kernel_size=(1, 1), stride=(1, 1), bias=False)
          (bn): BatchNorm2d(256, eps=0.001, momentum=0.03, affine=True, track_running_stats=True)
          (bn_skip): BatchNorm2d(256, eps=0.001, momentum=0.03, affine=True, track_running_stats=True)
          (act): SiLU(inplace=True)
        )
        (cv2): SwitchableConv(
          (conv): Conv2d(1280, 512, kernel_size=(1, 1), stride=(1, 1), bias=False)
          (bn): BatchNorm2d(512, eps=0.001, momentum=0.03, affine=True, track_running_stats=True)
          (bn_skip): BatchNorm2d(512, eps=0.001, momentum=0.03, affine=True, track_running_stats=True)
          (conv_skip): Conv2d(768, 512, kernel_size=(1, 1), stride=(1, 1), bias=False)
          (act): SiLU(inplace=True)
        )
        (m): ModuleList(
          (0-1): 2 x SwitchableSequential(
            (0): ABlock(
              (attn): SwitchableAAttn(
                (qk): SwitchableConv(
                  (conv): Conv2d(256, 512, kernel_size=(1, 1), stride=(1, 1), bias=False)
                  (bn): BatchNorm2d(512, eps=0.001, momentum=0.03, affine=True, track_running_stats=True)
                  (bn_skip): BatchNorm2d(512, eps=0.001, momentum=0.03, affine=True, track_running_stats=True)
                  (act): Identity()
                )
                (v): SwitchableConv(
                  (conv): Conv2d(256, 256, kernel_size=(1, 1), stride=(1, 1), bias=False)
                  (bn): BatchNorm2d(256, eps=0.001, momentum=0.03, affine=True, track_running_stats=True)
                  (bn_skip): BatchNorm2d(256, eps=0.001, momentum=0.03, affine=True, track_running_stats=True)
                  (act): Identity()
                )
                (proj): SwitchableConv(
                  (conv): Conv2d(256, 256, kernel_size=(1, 1), stride=(1, 1), bias=False)
                  (bn): BatchNorm2d(256, eps=0.001, momentum=0.03, affine=True, track_running_stats=True)
                  (bn_skip): BatchNorm2d(256, eps=0.001, momentum=0.03, affine=True, track_running_stats=True)
                  (act): Identity()
                )
                (pe): SwitchableConv(
                  (conv): Conv2d(256, 256, kernel_size=(5, 5), stride=(1, 1), padding=(2, 2), groups=256, bias=False)
                  (bn): BatchNorm2d(256, eps=0.001, momentum=0.03, affine=True, track_running_stats=True)
                  (bn_skip): BatchNorm2d(256, eps=0.001, momentum=0.03, affine=True, track_running_stats=True)
                  (act): Identity()
                )
              )
              (mlp): SwitchableSequential(
                (0): SwitchableConv(
                  (conv): Conv2d(256, 384, kernel_size=(1, 1), stride=(1, 1), bias=False)
                  (bn): BatchNorm2d(384, eps=0.001, momentum=0.03, affine=True, track_running_stats=True)
                  (bn_skip): BatchNorm2d(384, eps=0.001, momentum=0.03, affine=True, track_running_stats=True)
                  (act): SiLU(inplace=True)
                )
                (1): SwitchableConv(
                  (conv): Conv2d(384, 256, kernel_size=(1, 1), stride=(1, 1), bias=False)
                  (bn): BatchNorm2d(256, eps=0.001, momentum=0.03, affine=True, track_running_stats=True)
                  (bn_skip): BatchNorm2d(256, eps=0.001, momentum=0.03, affine=True, track_running_stats=True)
                  (act): Identity()
                )
              )
            )
            (1): ABlock(
              (attn): SwitchableAAttn(
                (qk): SwitchableConv(
                  (conv): Conv2d(256, 512, kernel_size=(1, 1), stride=(1, 1), bias=False)
                  (bn): BatchNorm2d(512, eps=0.001, momentum=0.03, affine=True, track_running_stats=True)
                  (bn_skip): BatchNorm2d(512, eps=0.001, momentum=0.03, affine=True, track_running_stats=True)
                  (act): Identity()
                )
                (v): SwitchableConv(
                  (conv): Conv2d(256, 256, kernel_size=(1, 1), stride=(1, 1), bias=False)
                  (bn): BatchNorm2d(256, eps=0.001, momentum=0.03, affine=True, track_running_stats=True)
                  (bn_skip): BatchNorm2d(256, eps=0.001, momentum=0.03, affine=True, track_running_stats=True)
                  (act): Identity()
                )
                (proj): SwitchableConv(
                  (conv): Conv2d(256, 256, kernel_size=(1, 1), stride=(1, 1), bias=False)
                  (bn): BatchNorm2d(256, eps=0.001, momentum=0.03, affine=True, track_running_stats=True)
                  (bn_skip): BatchNorm2d(256, eps=0.001, momentum=0.03, affine=True, track_running_stats=True)
                  (act): Identity()
                )
                (pe): SwitchableConv(
                  (conv): Conv2d(256, 256, kernel_size=(5, 5), stride=(1, 1), padding=(2, 2), groups=256, bias=False)
                  (bn): BatchNorm2d(256, eps=0.001, momentum=0.03, affine=True, track_running_stats=True)
                  (bn_skip): BatchNorm2d(256, eps=0.001, momentum=0.03, affine=True, track_running_stats=True)
                  (act): Identity()
                )
              )
              (mlp): SwitchableSequential(
                (0): SwitchableConv(
                  (conv): Conv2d(256, 384, kernel_size=(1, 1), stride=(1, 1), bias=False)
                  (bn): BatchNorm2d(384, eps=0.001, momentum=0.03, affine=True, track_running_stats=True)
                  (bn_skip): BatchNorm2d(384, eps=0.001, momentum=0.03, affine=True, track_running_stats=True)
                  (act): SiLU(inplace=True)
                )
                (1): SwitchableConv(
                  (conv): Conv2d(384, 256, kernel_size=(1, 1), stride=(1, 1), bias=False)
                  (bn): BatchNorm2d(256, eps=0.001, momentum=0.03, affine=True, track_running_stats=True)
                  (bn_skip): BatchNorm2d(256, eps=0.001, momentum=0.03, affine=True, track_running_stats=True)
                  (act): Identity()
                )
              )
            )
          )
          (2-3): 2 x Sequential(
            (0): ABlock(
              (attn): AAttn(
                (qk): Conv(
                  (conv): Conv2d(256, 512, kernel_size=(1, 1), stride=(1, 1), bias=False)
                  (bn): BatchNorm2d(512, eps=0.001, momentum=0.03, affine=True, track_running_stats=True)
                  (act): Identity()
                )
                (v): Conv(
                  (conv): Conv2d(256, 256, kernel_size=(1, 1), stride=(1, 1), bias=False)
                  (bn): BatchNorm2d(256, eps=0.001, momentum=0.03, affine=True, track_running_stats=True)
                  (act): Identity()
                )
                (proj): Conv(
                  (conv): Conv2d(256, 256, kernel_size=(1, 1), stride=(1, 1), bias=False)
                  (bn): BatchNorm2d(256, eps=0.001, momentum=0.03, affine=True, track_running_stats=True)
                  (act): Identity()
                )
                (pe): Conv(
                  (conv): Conv2d(256, 256, kernel_size=(5, 5), stride=(1, 1), padding=(2, 2), groups=256, bias=False)
                  (bn): BatchNorm2d(256, eps=0.001, momentum=0.03, affine=True, track_running_stats=True)
                  (act): Identity()
                )
              )
              (mlp): Sequential(
                (0): Conv(
                  (conv): Conv2d(256, 384, kernel_size=(1, 1), stride=(1, 1), bias=False)
                  (bn): BatchNorm2d(384, eps=0.001, momentum=0.03, affine=True, track_running_stats=True)
                  (act): SiLU(inplace=True)
                )
                (1): Conv(
                  (conv): Conv2d(384, 256, kernel_size=(1, 1), stride=(1, 1), bias=False)
                  (bn): BatchNorm2d(256, eps=0.001, momentum=0.03, affine=True, track_running_stats=True)
                  (act): Identity()
                )
              )
            )
            (1): ABlock(
              (attn): AAttn(
                (qk): Conv(
                  (conv): Conv2d(256, 512, kernel_size=(1, 1), stride=(1, 1), bias=False)
                  (bn): BatchNorm2d(512, eps=0.001, momentum=0.03, affine=True, track_running_stats=True)
                  (act): Identity()
                )
                (v): Conv(
                  (conv): Conv2d(256, 256, kernel_size=(1, 1), stride=(1, 1), bias=False)
                  (bn): BatchNorm2d(256, eps=0.001, momentum=0.03, affine=True, track_running_stats=True)
                  (act): Identity()
                )
                (proj): Conv(
                  (conv): Conv2d(256, 256, kernel_size=(1, 1), stride=(1, 1), bias=False)
                  (bn): BatchNorm2d(256, eps=0.001, momentum=0.03, affine=True, track_running_stats=True)
                  (act): Identity()
                )
                (pe): Conv(
                  (conv): Conv2d(256, 256, kernel_size=(5, 5), stride=(1, 1), padding=(2, 2), groups=256, bias=False)
                  (bn): BatchNorm2d(256, eps=0.001, momentum=0.03, affine=True, track_running_stats=True)
                  (act): Identity()
                )
              )
              (mlp): Sequential(
                (0): Conv(
                  (conv): Conv2d(256, 384, kernel_size=(1, 1), stride=(1, 1), bias=False)
                  (bn): BatchNorm2d(384, eps=0.001, momentum=0.03, affine=True, track_running_stats=True)
                  (act): SiLU(inplace=True)
                )
                (1): Conv(
                  (conv): Conv2d(384, 256, kernel_size=(1, 1), stride=(1, 1), bias=False)
                  (bn): BatchNorm2d(256, eps=0.001, momentum=0.03, affine=True, track_running_stats=True)
                  (act): Identity()
                )
              )
            )
          )
        )
      )
      (9): Upsample(scale_factor=2.0, mode='nearest')
      (10): Concat()
      (11): SkippableA2C2f(
        (cv1): SwitchableConv(
          (conv): Conv2d(1024, 256, kernel_size=(1, 1), stride=(1, 1), bias=False)
          (bn): BatchNorm2d(256, eps=0.001, momentum=0.03, affine=True, track_running_stats=True)
          (bn_skip): BatchNorm2d(256, eps=0.001, momentum=0.03, affine=True, track_running_stats=True)
          (act): SiLU(inplace=True)
        )
        (cv2): SwitchableConv(
          (conv): Conv2d(768, 512, kernel_size=(1, 1), stride=(1, 1), bias=False)
          (bn): BatchNorm2d(512, eps=0.001, momentum=0.03, affine=True, track_running_stats=True)
          (bn_skip): BatchNorm2d(512, eps=0.001, momentum=0.03, affine=True, track_running_stats=True)
          (act): SiLU(inplace=True)
        )
        (m): ModuleList(
          (0): C3k(
            (cv1): SwitchableConv(
              (conv): Conv2d(256, 128, kernel_size=(1, 1), stride=(1, 1), bias=False)
              (bn): BatchNorm2d(128, eps=0.001, momentum=0.03, affine=True, track_running_stats=True)
              (bn_skip): BatchNorm2d(128, eps=0.001, momentum=0.03, affine=True, track_running_stats=True)
              (act): SiLU(inplace=True)
            )
            (cv2): SwitchableConv(
              (conv): Conv2d(256, 128, kernel_size=(1, 1), stride=(1, 1), bias=False)
              (bn): BatchNorm2d(128, eps=0.001, momentum=0.03, affine=True, track_running_stats=True)
              (bn_skip): BatchNorm2d(128, eps=0.001, momentum=0.03, affine=True, track_running_stats=True)
              (act): SiLU(inplace=True)
            )
            (cv3): SwitchableConv(
              (conv): Conv2d(256, 256, kernel_size=(1, 1), stride=(1, 1), bias=False)
              (bn): BatchNorm2d(256, eps=0.001, momentum=0.03, affine=True, track_running_stats=True)
              (bn_skip): BatchNorm2d(256, eps=0.001, momentum=0.03, affine=True, track_running_stats=True)
              (act): SiLU(inplace=True)
            )
            (m): SwitchableSequential(
              (0): Bottleneck(
                (cv1): SwitchableConv(
                  (conv): Conv2d(128, 128, kernel_size=(3, 3), stride=(1, 1), padding=(1, 1), bias=False)
                  (bn): BatchNorm2d(128, eps=0.001, momentum=0.03, affine=True, track_running_stats=True)
                  (bn_skip): BatchNorm2d(128, eps=0.001, momentum=0.03, affine=True, track_running_stats=True)
                  (act): SiLU(inplace=True)
                )
                (cv2): SwitchableConv(
                  (conv): Conv2d(128, 128, kernel_size=(3, 3), stride=(1, 1), padding=(1, 1), bias=False)
                  (bn): BatchNorm2d(128, eps=0.001, momentum=0.03, affine=True, track_running_stats=True)
                  (bn_skip): BatchNorm2d(128, eps=0.001, momentum=0.03, affine=True, track_running_stats=True)
                  (act): SiLU(inplace=True)
                )
              )
              (1): Bottleneck(
                (cv1): SwitchableConv(
                  (conv): Conv2d(128, 128, kernel_size=(3, 3), stride=(1, 1), padding=(1, 1), bias=False)
                  (bn): BatchNorm2d(128, eps=0.001, momentum=0.03, affine=True, track_running_stats=True)
                  (bn_skip): BatchNorm2d(128, eps=0.001, momentum=0.03, affine=True, track_running_stats=True)
                  (act): SiLU(inplace=True)
                )
                (cv2): SwitchableConv(
                  (conv): Conv2d(128, 128, kernel_size=(3, 3), stride=(1, 1), padding=(1, 1), bias=False)
                  (bn): BatchNorm2d(128, eps=0.001, momentum=0.03, affine=True, track_running_stats=True)
                  (bn_skip): BatchNorm2d(128, eps=0.001, momentum=0.03, affine=True, track_running_stats=True)
                  (act): SiLU(inplace=True)
                )
              )
            )
          )
          (1): C3k(
            (cv1): Conv(
              (conv): Conv2d(256, 128, kernel_size=(1, 1), stride=(1, 1), bias=False)
              (bn): BatchNorm2d(128, eps=0.001, momentum=0.03, affine=True, track_running_stats=True)
              (act): SiLU(inplace=True)
            )
            (cv2): Conv(
              (conv): Conv2d(256, 128, kernel_size=(1, 1), stride=(1, 1), bias=False)
              (bn): BatchNorm2d(128, eps=0.001, momentum=0.03, affine=True, track_running_stats=True)
              (act): SiLU(inplace=True)
            )
            (cv3): Conv(
              (conv): Conv2d(256, 256, kernel_size=(1, 1), stride=(1, 1), bias=False)
              (bn): BatchNorm2d(256, eps=0.001, momentum=0.03, affine=True, track_running_stats=True)
              (act): SiLU(inplace=True)
            )
            (m): Sequential(
              (0): Bottleneck(
                (cv1): Conv(
                  (conv): Conv2d(128, 128, kernel_size=(3, 3), stride=(1, 1), padding=(1, 1), bias=False)
                  (bn): BatchNorm2d(128, eps=0.001, momentum=0.03, affine=True, track_running_stats=True)
                  (act): SiLU(inplace=True)
                )
                (cv2): Conv(
                  (conv): Conv2d(128, 128, kernel_size=(3, 3), stride=(1, 1), padding=(1, 1), bias=False)
                  (bn): BatchNorm2d(128, eps=0.001, momentum=0.03, affine=True, track_running_stats=True)
                  (act): SiLU(inplace=True)
                )
              )
              (1): Bottleneck(
                (cv1): Conv(
                  (conv): Conv2d(128, 128, kernel_size=(3, 3), stride=(1, 1), padding=(1, 1), bias=False)
                  (bn): BatchNorm2d(128, eps=0.001, momentum=0.03, affine=True, track_running_stats=True)
                  (act): SiLU(inplace=True)
                )
                (cv2): Conv(
                  (conv): Conv2d(128, 128, kernel_size=(3, 3), stride=(1, 1), padding=(1, 1), bias=False)
                  (bn): BatchNorm2d(128, eps=0.001, momentum=0.03, affine=True, track_running_stats=True)
                  (act): SiLU(inplace=True)
                )
              )
            )
          )
        )
      )
      (12): Upsample(scale_factor=2.0, mode='nearest')
      (13): Concat()
      (14): SkippableA2C2f(
        (cv1): SwitchableConv(
          (conv): Conv2d(1024, 128, kernel_size=(1, 1), stride=(1, 1), bias=False)
          (bn): BatchNorm2d(128, eps=0.001, momentum=0.03, affine=True, track_running_stats=True)
          (bn_skip): BatchNorm2d(128, eps=0.001, momentum=0.03, affine=True, track_running_stats=True)
          (act): SiLU(inplace=True)
        )
        (cv2): SwitchableConv(
          (conv): Conv2d(384, 256, kernel_size=(1, 1), stride=(1, 1), bias=False)
          (bn): BatchNorm2d(256, eps=0.001, momentum=0.03, affine=True, track_running_stats=True)
          (bn_skip): BatchNorm2d(256, eps=0.001, momentum=0.03, affine=True, track_running_stats=True)
          (act): SiLU(inplace=True)
        )
        (m): ModuleList(
          (0): C3k(
            (cv1): SwitchableConv(
              (conv): Conv2d(128, 64, kernel_size=(1, 1), stride=(1, 1), bias=False)
              (bn): BatchNorm2d(64, eps=0.001, momentum=0.03, affine=True, track_running_stats=True)
              (bn_skip): BatchNorm2d(64, eps=0.001, momentum=0.03, affine=True, track_running_stats=True)
              (act): SiLU(inplace=True)
            )
            (cv2): SwitchableConv(
              (conv): Conv2d(128, 64, kernel_size=(1, 1), stride=(1, 1), bias=False)
              (bn): BatchNorm2d(64, eps=0.001, momentum=0.03, affine=True, track_running_stats=True)
              (bn_skip): BatchNorm2d(64, eps=0.001, momentum=0.03, affine=True, track_running_stats=True)
              (act): SiLU(inplace=True)
            )
            (cv3): SwitchableConv(
              (conv): Conv2d(128, 128, kernel_size=(1, 1), stride=(1, 1), bias=False)
              (bn): BatchNorm2d(128, eps=0.001, momentum=0.03, affine=True, track_running_stats=True)
              (bn_skip): BatchNorm2d(128, eps=0.001, momentum=0.03, affine=True, track_running_stats=True)
              (act): SiLU(inplace=True)
            )
            (m): SwitchableSequential(
              (0): Bottleneck(
                (cv1): SwitchableConv(
                  (conv): Conv2d(64, 64, kernel_size=(3, 3), stride=(1, 1), padding=(1, 1), bias=False)
                  (bn): BatchNorm2d(64, eps=0.001, momentum=0.03, affine=True, track_running_stats=True)
                  (bn_skip): BatchNorm2d(64, eps=0.001, momentum=0.03, affine=True, track_running_stats=True)
                  (act): SiLU(inplace=True)
                )
                (cv2): SwitchableConv(
                  (conv): Conv2d(64, 64, kernel_size=(3, 3), stride=(1, 1), padding=(1, 1), bias=False)
                  (bn): BatchNorm2d(64, eps=0.001, momentum=0.03, affine=True, track_running_stats=True)
                  (bn_skip): BatchNorm2d(64, eps=0.001, momentum=0.03, affine=True, track_running_stats=True)
                  (act): SiLU(inplace=True)
                )
              )
              (1): Bottleneck(
                (cv1): SwitchableConv(
                  (conv): Conv2d(64, 64, kernel_size=(3, 3), stride=(1, 1), padding=(1, 1), bias=False)
                  (bn): BatchNorm2d(64, eps=0.001, momentum=0.03, affine=True, track_running_stats=True)
                  (bn_skip): BatchNorm2d(64, eps=0.001, momentum=0.03, affine=True, track_running_stats=True)
                  (act): SiLU(inplace=True)
                )
                (cv2): SwitchableConv(
                  (conv): Conv2d(64, 64, kernel_size=(3, 3), stride=(1, 1), padding=(1, 1), bias=False)
                  (bn): BatchNorm2d(64, eps=0.001, momentum=0.03, affine=True, track_running_stats=True)
                  (bn_skip): BatchNorm2d(64, eps=0.001, momentum=0.03, affine=True, track_running_stats=True)
                  (act): SiLU(inplace=True)
                )
              )
            )
          )
          (1): C3k(
            (cv1): Conv(
              (conv): Conv2d(128, 64, kernel_size=(1, 1), stride=(1, 1), bias=False)
              (bn): BatchNorm2d(64, eps=0.001, momentum=0.03, affine=True, track_running_stats=True)
              (act): SiLU(inplace=True)
            )
            (cv2): Conv(
              (conv): Conv2d(128, 64, kernel_size=(1, 1), stride=(1, 1), bias=False)
              (bn): BatchNorm2d(64, eps=0.001, momentum=0.03, affine=True, track_running_stats=True)
              (act): SiLU(inplace=True)
            )
            (cv3): Conv(
              (conv): Conv2d(128, 128, kernel_size=(1, 1), stride=(1, 1), bias=False)
              (bn): BatchNorm2d(128, eps=0.001, momentum=0.03, affine=True, track_running_stats=True)
              (act): SiLU(inplace=True)
            )
            (m): Sequential(
              (0): Bottleneck(
                (cv1): Conv(
                  (conv): Conv2d(64, 64, kernel_size=(3, 3), stride=(1, 1), padding=(1, 1), bias=False)
                  (bn): BatchNorm2d(64, eps=0.001, momentum=0.03, affine=True, track_running_stats=True)
                  (act): SiLU(inplace=True)
                )
                (cv2): Conv(
                  (conv): Conv2d(64, 64, kernel_size=(3, 3), stride=(1, 1), padding=(1, 1), bias=False)
                  (bn): BatchNorm2d(64, eps=0.001, momentum=0.03, affine=True, track_running_stats=True)
                  (act): SiLU(inplace=True)
                )
              )
              (1): Bottleneck(
                (cv1): Conv(
                  (conv): Conv2d(64, 64, kernel_size=(3, 3), stride=(1, 1), padding=(1, 1), bias=False)
                  (bn): BatchNorm2d(64, eps=0.001, momentum=0.03, affine=True, track_running_stats=True)
                  (act): SiLU(inplace=True)
                )
                (cv2): Conv(
                  (conv): Conv2d(64, 64, kernel_size=(3, 3), stride=(1, 1), padding=(1, 1), bias=False)
                  (bn): BatchNorm2d(64, eps=0.001, momentum=0.03, affine=True, track_running_stats=True)
                  (act): SiLU(inplace=True)
                )
              )
            )
          )
        )
      )
      (15): SwitchableConv(
        (conv): Conv2d(256, 256, kernel_size=(3, 3), stride=(2, 2), padding=(1, 1), bias=False)
        (bn): BatchNorm2d(256, eps=0.001, momentum=0.03, affine=True, track_running_stats=True)
        (bn_skip): BatchNorm2d(256, eps=0.001, momentum=0.03, affine=True, track_running_stats=True)
        (act): SiLU(inplace=True)
      )
      (16): Concat()
      (17): SkippableA2C2f(
        (cv1): SwitchableConv(
          (conv): Conv2d(768, 256, kernel_size=(1, 1), stride=(1, 1), bias=False)
          (bn): BatchNorm2d(256, eps=0.001, momentum=0.03, affine=True, track_running_stats=True)
          (bn_skip): BatchNorm2d(256, eps=0.001, momentum=0.03, affine=True, track_running_stats=True)
          (act): SiLU(inplace=True)
        )
        (cv2): SwitchableConv(
          (conv): Conv2d(768, 512, kernel_size=(1, 1), stride=(1, 1), bias=False)
          (bn): BatchNorm2d(512, eps=0.001, momentum=0.03, affine=True, track_running_stats=True)
          (bn_skip): BatchNorm2d(512, eps=0.001, momentum=0.03, affine=True, track_running_stats=True)
          (act): SiLU(inplace=True)
        )
        (m): ModuleList(
          (0): C3k(
            (cv1): SwitchableConv(
              (conv): Conv2d(256, 128, kernel_size=(1, 1), stride=(1, 1), bias=False)
              (bn): BatchNorm2d(128, eps=0.001, momentum=0.03, affine=True, track_running_stats=True)
              (bn_skip): BatchNorm2d(128, eps=0.001, momentum=0.03, affine=True, track_running_stats=True)
              (act): SiLU(inplace=True)
            )
            (cv2): SwitchableConv(
              (conv): Conv2d(256, 128, kernel_size=(1, 1), stride=(1, 1), bias=False)
              (bn): BatchNorm2d(128, eps=0.001, momentum=0.03, affine=True, track_running_stats=True)
              (bn_skip): BatchNorm2d(128, eps=0.001, momentum=0.03, affine=True, track_running_stats=True)
              (act): SiLU(inplace=True)
            )
            (cv3): SwitchableConv(
              (conv): Conv2d(256, 256, kernel_size=(1, 1), stride=(1, 1), bias=False)
              (bn): BatchNorm2d(256, eps=0.001, momentum=0.03, affine=True, track_running_stats=True)
              (bn_skip): BatchNorm2d(256, eps=0.001, momentum=0.03, affine=True, track_running_stats=True)
              (act): SiLU(inplace=True)
            )
            (m): SwitchableSequential(
              (0): Bottleneck(
                (cv1): SwitchableConv(
                  (conv): Conv2d(128, 128, kernel_size=(3, 3), stride=(1, 1), padding=(1, 1), bias=False)
                  (bn): BatchNorm2d(128, eps=0.001, momentum=0.03, affine=True, track_running_stats=True)
                  (bn_skip): BatchNorm2d(128, eps=0.001, momentum=0.03, affine=True, track_running_stats=True)
                  (act): SiLU(inplace=True)
                )
                (cv2): SwitchableConv(
                  (conv): Conv2d(128, 128, kernel_size=(3, 3), stride=(1, 1), padding=(1, 1), bias=False)
                  (bn): BatchNorm2d(128, eps=0.001, momentum=0.03, affine=True, track_running_stats=True)
                  (bn_skip): BatchNorm2d(128, eps=0.001, momentum=0.03, affine=True, track_running_stats=True)
                  (act): SiLU(inplace=True)
                )
              )
              (1): Bottleneck(
                (cv1): SwitchableConv(
                  (conv): Conv2d(128, 128, kernel_size=(3, 3), stride=(1, 1), padding=(1, 1), bias=False)
                  (bn): BatchNorm2d(128, eps=0.001, momentum=0.03, affine=True, track_running_stats=True)
                  (bn_skip): BatchNorm2d(128, eps=0.001, momentum=0.03, affine=True, track_running_stats=True)
                  (act): SiLU(inplace=True)
                )
                (cv2): SwitchableConv(
                  (conv): Conv2d(128, 128, kernel_size=(3, 3), stride=(1, 1), padding=(1, 1), bias=False)
                  (bn): BatchNorm2d(128, eps=0.001, momentum=0.03, affine=True, track_running_stats=True)
                  (bn_skip): BatchNorm2d(128, eps=0.001, momentum=0.03, affine=True, track_running_stats=True)
                  (act): SiLU(inplace=True)
                )
              )
            )
          )
          (1): C3k(
            (cv1): Conv(
              (conv): Conv2d(256, 128, kernel_size=(1, 1), stride=(1, 1), bias=False)
              (bn): BatchNorm2d(128, eps=0.001, momentum=0.03, affine=True, track_running_stats=True)
              (act): SiLU(inplace=True)
            )
            (cv2): Conv(
              (conv): Conv2d(256, 128, kernel_size=(1, 1), stride=(1, 1), bias=False)
              (bn): BatchNorm2d(128, eps=0.001, momentum=0.03, affine=True, track_running_stats=True)
              (act): SiLU(inplace=True)
            )
            (cv3): Conv(
              (conv): Conv2d(256, 256, kernel_size=(1, 1), stride=(1, 1), bias=False)
              (bn): BatchNorm2d(256, eps=0.001, momentum=0.03, affine=True, track_running_stats=True)
              (act): SiLU(inplace=True)
            )
            (m): Sequential(
              (0): Bottleneck(
                (cv1): Conv(
                  (conv): Conv2d(128, 128, kernel_size=(3, 3), stride=(1, 1), padding=(1, 1), bias=False)
                  (bn): BatchNorm2d(128, eps=0.001, momentum=0.03, affine=True, track_running_stats=True)
                  (act): SiLU(inplace=True)
                )
                (cv2): Conv(
                  (conv): Conv2d(128, 128, kernel_size=(3, 3), stride=(1, 1), padding=(1, 1), bias=False)
                  (bn): BatchNorm2d(128, eps=0.001, momentum=0.03, affine=True, track_running_stats=True)
                  (act): SiLU(inplace=True)
                )
              )
              (1): Bottleneck(
                (cv1): Conv(
                  (conv): Conv2d(128, 128, kernel_size=(3, 3), stride=(1, 1), padding=(1, 1), bias=False)
                  (bn): BatchNorm2d(128, eps=0.001, momentum=0.03, affine=True, track_running_stats=True)
                  (act): SiLU(inplace=True)
                )
                (cv2): Conv(
                  (conv): Conv2d(128, 128, kernel_size=(3, 3), stride=(1, 1), padding=(1, 1), bias=False)
                  (bn): BatchNorm2d(128, eps=0.001, momentum=0.03, affine=True, track_running_stats=True)
                  (act): SiLU(inplace=True)
                )
              )
            )
          )
        )
      )
      (18): SwitchableConv(
        (conv): Conv2d(512, 512, kernel_size=(3, 3), stride=(2, 2), padding=(1, 1), bias=False)
        (bn): BatchNorm2d(512, eps=0.001, momentum=0.03, affine=True, track_running_stats=True)
        (bn_skip): BatchNorm2d(512, eps=0.001, momentum=0.03, affine=True, track_running_stats=True)
        (act): SiLU(inplace=True)
      )
      (19): Concat()
      (20): SwitchableC3k2(
        (cv1): SwitchableConv(
          (conv): Conv2d(1024, 512, kernel_size=(1, 1), stride=(1, 1), bias=False)
          (bn): BatchNorm2d(512, eps=0.001, momentum=0.03, affine=True, track_running_stats=True)
          (bn_skip): BatchNorm2d(512, eps=0.001, momentum=0.03, affine=True, track_running_stats=True)
          (act): SiLU(inplace=True)
        )
        (cv2): SwitchableConv(
          (conv): Conv2d(1024, 512, kernel_size=(1, 1), stride=(1, 1), bias=False)
          (bn): BatchNorm2d(512, eps=0.001, momentum=0.03, affine=True, track_running_stats=True)
          (bn_skip): BatchNorm2d(512, eps=0.001, momentum=0.03, affine=True, track_running_stats=True)
          (act): SiLU(inplace=True)
        )
        (m): ModuleList(
          (0-1): 2 x SkippableC3k(
            (cv1): SwitchableConv(
              (conv): Conv2d(256, 128, kernel_size=(1, 1), stride=(1, 1), bias=False)
              (bn): BatchNorm2d(128, eps=0.001, momentum=0.03, affine=True, track_running_stats=True)
              (bn_skip): BatchNorm2d(128, eps=0.001, momentum=0.03, affine=True, track_running_stats=True)
              (act): SiLU(inplace=True)
            )
            (cv2): SwitchableConv(
              (conv): Conv2d(256, 128, kernel_size=(1, 1), stride=(1, 1), bias=False)
              (bn): BatchNorm2d(128, eps=0.001, momentum=0.03, affine=True, track_running_stats=True)
              (bn_skip): BatchNorm2d(128, eps=0.001, momentum=0.03, affine=True, track_running_stats=True)
              (act): SiLU(inplace=True)
            )
            (cv3): SwitchableConv(
              (conv): Conv2d(256, 256, kernel_size=(1, 1), stride=(1, 1), bias=False)
              (bn): BatchNorm2d(256, eps=0.001, momentum=0.03, affine=True, track_running_stats=True)
              (bn_skip): BatchNorm2d(256, eps=0.001, momentum=0.03, affine=True, track_running_stats=True)
              (act): SiLU(inplace=True)
            )
            (m): SkippableSequential(
              (0): Bottleneck(
                (cv1): SwitchableConv(
                  (conv): Conv2d(128, 128, kernel_size=(3, 3), stride=(1, 1), padding=(1, 1), bias=False)
                  (bn): BatchNorm2d(128, eps=0.001, momentum=0.03, affine=True, track_running_stats=True)
                  (bn_skip): BatchNorm2d(128, eps=0.001, momentum=0.03, affine=True, track_running_stats=True)
                  (act): SiLU(inplace=True)
                )
                (cv2): SwitchableConv(
                  (conv): Conv2d(128, 128, kernel_size=(3, 3), stride=(1, 1), padding=(1, 1), bias=False)
                  (bn): BatchNorm2d(128, eps=0.001, momentum=0.03, affine=True, track_running_stats=True)
                  (bn_skip): BatchNorm2d(128, eps=0.001, momentum=0.03, affine=True, track_running_stats=True)
                  (act): SiLU(inplace=True)
                )
              )
              (1): Bottleneck(
                (cv1): Conv(
                  (conv): Conv2d(128, 128, kernel_size=(3, 3), stride=(1, 1), padding=(1, 1), bias=False)
                  (bn): BatchNorm2d(128, eps=0.001, momentum=0.03, affine=True, track_running_stats=True)
                  (act): SiLU(inplace=True)
                )
                (cv2): Conv(
                  (conv): Conv2d(128, 128, kernel_size=(3, 3), stride=(1, 1), padding=(1, 1), bias=False)
                  (bn): BatchNorm2d(128, eps=0.001, momentum=0.03, affine=True, track_running_stats=True)
                  (act): SiLU(inplace=True)
                )
              )
            )
          )
        )
      )
      (21): Detect(
        (cv2): ModuleList(
          (0): Sequential(
            (0): Conv(
              (conv): Conv2d(256, 64, kernel_size=(3, 3), stride=(1, 1), padding=(1, 1), bias=False)
              (bn): BatchNorm2d(64, eps=0.001, momentum=0.03, affine=True, track_running_stats=True)
              (act): SiLU(inplace=True)
            )
            (1): Conv(
              (conv): Conv2d(64, 64, kernel_size=(3, 3), stride=(1, 1), padding=(1, 1), bias=False)
              (bn): BatchNorm2d(64, eps=0.001, momentum=0.03, affine=True, track_running_stats=True)
              (act): SiLU(inplace=True)
            )
            (2): Conv2d(64, 64, kernel_size=(1, 1), stride=(1, 1))
          )
          (1-2): 2 x Sequential(
            (0): Conv(
              (conv): Conv2d(512, 64, kernel_size=(3, 3), stride=(1, 1), padding=(1, 1), bias=False)
              (bn): BatchNorm2d(64, eps=0.001, momentum=0.03, affine=True, track_running_stats=True)
              (act): SiLU(inplace=True)
            )
            (1): Conv(
              (conv): Conv2d(64, 64, kernel_size=(3, 3), stride=(1, 1), padding=(1, 1), bias=False)
              (bn): BatchNorm2d(64, eps=0.001, momentum=0.03, affine=True, track_running_stats=True)
              (act): SiLU(inplace=True)
            )
            (2): Conv2d(64, 64, kernel_size=(1, 1), stride=(1, 1))
          )
        )
        (cv3): ModuleList(
          (0): Sequential(
            (0): Sequential(
              (0): DWConv(
                (conv): Conv2d(256, 256, kernel_size=(3, 3), stride=(1, 1), padding=(1, 1), groups=256, bias=False)
                (bn): BatchNorm2d(256, eps=0.001, momentum=0.03, affine=True, track_running_stats=True)
                (act): SiLU(inplace=True)
              )
              (1): Conv(
                (conv): Conv2d(256, 256, kernel_size=(1, 1), stride=(1, 1), bias=False)
                (bn): BatchNorm2d(256, eps=0.001, momentum=0.03, affine=True, track_running_stats=True)
                (act): SiLU(inplace=True)
              )
            )
            (1): Sequential(
              (0): DWConv(
                (conv): Conv2d(256, 256, kernel_size=(3, 3), stride=(1, 1), padding=(1, 1), groups=256, bias=False)
                (bn): BatchNorm2d(256, eps=0.001, momentum=0.03, affine=True, track_running_stats=True)
                (act): SiLU(inplace=True)
              )
              (1): Conv(
                (conv): Conv2d(256, 256, kernel_size=(1, 1), stride=(1, 1), bias=False)
                (bn): BatchNorm2d(256, eps=0.001, momentum=0.03, affine=True, track_running_stats=True)
                (act): SiLU(inplace=True)
              )
            )
            (2): Conv2d(256, 10, kernel_size=(1, 1), stride=(1, 1))
          )
          (1-2): 2 x Sequential(
            (0): Sequential(
              (0): DWConv(
                (conv): Conv2d(512, 512, kernel_size=(3, 3), stride=(1, 1), padding=(1, 1), groups=512, bias=False)
                (bn): BatchNorm2d(512, eps=0.001, momentum=0.03, affine=True, track_running_stats=True)
                (act): SiLU(inplace=True)
              )
              (1): Conv(
                (conv): Conv2d(512, 256, kernel_size=(1, 1), stride=(1, 1), bias=False)
                (bn): BatchNorm2d(256, eps=0.001, momentum=0.03, affine=True, track_running_stats=True)
                (act): SiLU(inplace=True)
              )
            )
            (1): Sequential(
              (0): DWConv(
                (conv): Conv2d(256, 256, kernel_size=(3, 3), stride=(1, 1), padding=(1, 1), groups=256, bias=False)
                (bn): BatchNorm2d(256, eps=0.001, momentum=0.03, affine=True, track_running_stats=True)
                (act): SiLU(inplace=True)
              )
              (1): Conv(
                (conv): Conv2d(256, 256, kernel_size=(1, 1), stride=(1, 1), bias=False)
                (bn): BatchNorm2d(256, eps=0.001, momentum=0.03, affine=True, track_running_stats=True)
                (act): SiLU(inplace=True)
              )
            )
            (2): Conv2d(256, 10, kernel_size=(1, 1), stride=(1, 1))
          )
        )
        (dfl): DFL(
          (conv): Conv2d(16, 1, kernel_size=(1, 1), stride=(1, 1), bias=False)
        )
      )
    )
  )
)
Image sizes 640 train, 640 val
Using 16 dataloader workers
Logging results to [1mruns/bdd100k/detect/anydepth-yolov12l/train[0m
Starting training for 100 epochs...

[FLOPs] Super model (skip=False) @ 384x640:
| module             | #parameters or shape   | #flops   |
|:-------------------|:-----------------------|:---------|
| base_model.model   | 27.296M                | 24.761G  |
| 0                  | 1.856K                 | 0.114G   |
| 0.conv             | 1.728K                 | 0.106G   |
| 0.conv.weight      | (64, 3, 3, 3)          |          |
| 0.bn               | 0.128K                 | 7.864M   |
| 0.bn.weight        | (64,)                  |          |
| 0.bn.bias          | (64,)                  |          |
| 1                  | 37.12K                 | 0.57G    |
| 1.conv             | 36.864K                | 0.566G   |
| 1.conv.weight      | (128, 32, 3, 3)        |          |
| 1.bn               | 0.256K                 | 3.932M   |
| 1.bn.weight        | (128,)                 |          |
| 1.bn.bias          | (128,)                 |          |
| 2                  | 0.175M                 | 2.67G    |
| 2.cv1              | 16.896K                | 0.256G   |
| 2.cv1.conv         | 16.384K                | 0.252G   |
| 2.cv1.bn           | 0.256K                 | 3.932M   |
| 2.cv1.bn_skip      | 0.256K                 |          |
| 2.cv2              | 66.56K                 | 1.014G   |
| 2.cv2.conv         | 65.536K                | 1.007G   |
| 2.cv2.bn           | 0.512K                 | 7.864M   |
| 2.cv2.bn_skip      | 0.512K                 |          |
| 2.m                | 91.904K                | 1.4G     |
| 2.m.0              | 45.952K                | 0.7G     |
| 2.m.1              | 45.952K                | 0.7G     |
| 3                  | 0.148M                 | 0.568G   |
| 3.conv             | 0.147M                 | 0.566G   |
| 3.conv.weight      | (256, 64, 3, 3)        |          |
| 3.bn               | 0.512K                 | 1.966M   |
| 3.bn.weight        | (256,)                 |          |
| 3.bn.bias          | (256,)                 |          |
| 3.bn_skip          | 0.512K                 |          |
| 3.bn_skip.weight   | (256,)                 |          |
| 3.bn_skip.bias     | (256,)                 |          |
| 4                  | 0.695M                 | 2.656G   |
| 4.cv1              | 66.56K                 | 0.254G   |
| 4.cv1.conv         | 65.536K                | 0.252G   |
| 4.cv1.bn           | 0.512K                 | 1.966M   |
| 4.cv1.bn_skip      | 0.512K                 |          |
| 4.cv2              | 0.264M                 | 1.011G   |
| 4.cv2.conv         | 0.262M                 | 1.007G   |
| 4.cv2.bn           | 1.024K                 | 3.932M   |
| 4.cv2.bn_skip      | 1.024K                 |          |
| 4.m                | 0.364M                 | 1.392G   |
| 4.m.0              | 0.182M                 | 0.696G   |
| 4.m.1              | 0.182M                 | 0.696G   |
| 5                  | 2.361M                 | 2.266G   |
| 5.conv             | 2.359M                 | 2.265G   |
| 5.conv.weight      | (512, 512, 3, 3)       |          |
| 5.bn               | 1.024K                 | 0.983M   |
| 5.bn.weight        | (512,)                 |          |
| 5.bn.bias          | (512,)                 |          |
| 5.bn_skip          | 1.024K                 |          |
| 5.bn_skip.weight   | (512,)                 |          |
| 5.bn_skip.bias     | (512,)                 |          |
| 6                  | 4.951M                 | 4.358G   |
| 6.gamma            | (512,)                 |          |
| 6.cv1              | 0.132M                 | 0.126G   |
| 6.cv1.conv         | 0.131M                 | 0.126G   |
| 6.cv1.bn           | 0.512K                 | 0.492M   |
| 6.cv1.bn_skip      | 0.512K                 |          |
| 6.cv2              | 1.051M                 | 0.63G    |
| 6.cv2.conv         | 0.655M                 | 0.629G   |
| 6.cv2.bn           | 1.024K                 | 0.983M   |
| 6.cv2.bn_skip      | 1.024K                 |          |
| 6.cv2.conv_skip    | 0.393M                 |          |
| 6.m                | 3.767M                 | 3.602G   |
| 6.m.0              | 0.946M                 | 0.9G     |
| 6.m.1              | 0.946M                 | 0.9G     |
| 6.m.2              | 0.938M                 | 0.9G     |
| 6.m.3              | 0.938M                 | 0.9G     |
| 7                  | 2.361M                 | 0.566G   |
| 7.conv             | 2.359M                 | 0.566G   |
| 7.conv.weight      | (512, 512, 3, 3)       |          |
| 7.bn               | 1.024K                 | 0.246M   |
| 7.bn.weight        | (512,)                 |          |
| 7.bn.bias          | (512,)                 |          |
| 7.bn_skip          | 1.024K                 |          |
| 7.bn_skip.weight   | (512,)                 |          |
| 7.bn_skip.bias     | (512,)                 |          |
| 8                  | 4.951M                 | 1.09G    |
| 8.gamma            | (512,)                 |          |
| 8.cv1              | 0.132M                 | 31.58M   |
| 8.cv1.conv         | 0.131M                 | 31.457M  |
| 8.cv1.bn           | 0.512K                 | 0.123M   |
| 8.cv1.bn_skip      | 0.512K                 |          |
| 8.cv2              | 1.051M                 | 0.158G   |
| 8.cv2.conv         | 0.655M                 | 0.157G   |
| 8.cv2.bn           | 1.024K                 | 0.246M   |
| 8.cv2.bn_skip      | 1.024K                 |          |
| 8.cv2.conv_skip    | 0.393M                 |          |
| 8.m                | 3.767M                 | 0.9G     |
| 8.m.0              | 0.946M                 | 0.225G   |
| 8.m.1              | 0.946M                 | 0.225G   |
| 8.m.2              | 0.938M                 | 0.225G   |
| 8.m.3              | 0.938M                 | 0.225G   |
| 11                 | 2.106M                 | 2.019G   |
| 11.cv1             | 0.263M                 | 0.252G   |
| 11.cv1.conv        | 0.262M                 | 0.252G   |
| 11.cv1.bn          | 0.512K                 | 0.492M   |
| 11.cv1.bn_skip     | 0.512K                 |          |
| 11.cv2             | 0.395M                 | 0.378G   |
| 11.cv2.conv        | 0.393M                 | 0.377G   |
| 11.cv2.bn          | 1.024K                 | 0.983M   |
| 11.cv2.bn_skip     | 1.024K                 |          |
| 11.m               | 1.448M                 | 1.388G   |
| 11.m.0             | 0.725M                 | 0.694G   |
| 11.m.1             | 0.723M                 | 0.694G   |
| 14                 | 0.594M                 | 2.276G   |
| 14.cv1             | 0.132M                 | 0.504G   |
| 14.cv1.conv        | 0.131M                 | 0.503G   |
| 14.cv1.bn          | 0.256K                 | 0.983M   |
| 14.cv1.bn_skip     | 0.256K                 |          |
| 14.cv2             | 99.328K                | 0.379G   |
| 14.cv2.conv        | 98.304K                | 0.377G   |
| 14.cv2.bn          | 0.512K                 | 1.966M   |
| 14.cv2.bn_skip     | 0.512K                 |          |
| 14.m               | 0.364M                 | 1.392G   |
| 14.m.0             | 0.182M                 | 0.696G   |
| 14.m.1             | 0.181M                 | 0.696G   |
| 15                 | 0.591M                 | 0.567G   |
| 15.conv            | 0.59M                  | 0.566G   |
| 15.conv.weight     | (256, 256, 3, 3)       |          |
| 15.bn              | 0.512K                 | 0.492M   |
| 15.bn.weight       | (256,)                 |          |
| 15.bn.bias         | (256,)                 |          |
| 15.bn_skip         | 0.512K                 |          |
| 15.bn_skip.weight  | (256,)                 |          |
| 15.bn_skip.bias    | (256,)                 |          |
| 17                 | 2.041M                 | 1.956G   |
| 17.cv1             | 0.198M                 | 0.189G   |
| 17.cv1.conv        | 0.197M                 | 0.189G   |
| 17.cv1.bn          | 0.512K                 | 0.492M   |
| 17.cv1.bn_skip     | 0.512K                 |          |
| 17.cv2             | 0.395M                 | 0.378G   |
| 17.cv2.conv        | 0.393M                 | 0.377G   |
| 17.cv2.bn          | 1.024K                 | 0.983M   |
| 17.cv2.bn_skip     | 1.024K                 |          |
| 17.m               | 1.448M                 | 1.388G   |
| 17.m.0             | 0.725M                 | 0.694G   |
| 17.m.1             | 0.723M                 | 0.694G   |
| 18                 | 2.361M                 | 0.566G   |
| 18.conv            | 2.359M                 | 0.566G   |
| 18.conv.weight     | (512, 512, 3, 3)       |          |
| 18.bn              | 1.024K                 | 0.246M   |
| 18.bn.weight       | (512,)                 |          |
| 18.bn.bias         | (512,)                 |          |
| 18.bn_skip         | 1.024K                 |          |
| 18.bn_skip.weight  | (512,)                 |          |
| 18.bn_skip.bias    | (512,)                 |          |
| 20                 | 2.502M                 | 0.599G   |
| 20.cv1             | 0.526M                 | 0.126G   |
| 20.cv1.conv        | 0.524M                 | 0.126G   |
| 20.cv1.bn          | 1.024K                 | 0.246M   |
| 20.cv1.bn_skip     | 1.024K                 |          |
| 20.cv2             | 0.526M                 | 0.126G   |
| 20.cv2.conv        | 0.524M                 | 0.126G   |
| 20.cv2.bn          | 1.024K                 | 0.246M   |
| 20.cv2.bn_skip     | 1.024K                 |          |
| 20.m               | 1.449M                 | 0.347G   |
| 20.m.0             | 0.724M                 | 0.174G   |
| 20.m.1             | 0.724M                 | 0.174G   |
| 21                 | 1.419M                 | 1.917G   |
| 21.cv2             | 0.861M                 | 1.128G   |
| 21.cv2.0           | 0.189M                 | 0.725G   |
| 21.cv2.1           | 0.336M                 | 0.323G   |
| 21.cv2.2           | 0.336M                 | 80.671M  |
| 21.cv3             | 0.558M                 | 0.789G   |
| 21.cv3.0           | 0.14M                  | 0.539G   |
| 21.cv3.1           | 0.209M                 | 0.2G     |
| 21.cv3.2           | 0.209M                 | 50.074M  |
| 21.dfl.conv        | 16                     | 0.323M   |
| 21.dfl.conv.weight | (1, 16, 1, 1)          |          |
| 9                  |                        | 0.492M   |
| 12                 |                        | 1.966M   |
  MACs  (super): 24.76 GMACs
  FLOPs (super): 49.52 GFLOPs

[FLOPs] Base model (skip=True) @ 384x640:
| module             | #parameters or shape   | #flops   |
|:-------------------|:-----------------------|:---------|
| base_model.model   | 27.296M                | 18.454G  |
| 0                  | 1.856K                 | 0.114G   |
| 0.conv             | 1.728K                 | 0.106G   |
| 0.conv.weight      | (64, 3, 3, 3)          |          |
| 0.bn               | 0.128K                 | 7.864M   |
| 0.bn.weight        | (64,)                  |          |
| 0.bn.bias          | (64,)                  |          |
| 1                  | 37.12K                 | 0.57G    |
| 1.conv             | 36.864K                | 0.566G   |
| 1.conv.weight      | (128, 32, 3, 3)        |          |
| 1.bn               | 0.256K                 | 3.932M   |
| 1.bn.weight        | (128,)                 |          |
| 1.bn.bias          | (128,)                 |          |
| 2                  | 0.175M                 | 2.1G     |
| 2.cv1              | 16.896K                | 0.256G   |
| 2.cv1.conv         | 16.384K                | 0.252G   |
| 2.cv1.bn           | 0.256K                 |          |
| 2.cv1.bn_skip      | 0.256K                 | 3.932M   |
| 2.cv2              | 66.56K                 | 1.014G   |
| 2.cv2.conv         | 65.536K                | 1.007G   |
| 2.cv2.bn           | 0.512K                 |          |
| 2.cv2.bn_skip      | 0.512K                 | 7.864M   |
| 2.m                | 91.904K                | 0.83G    |
| 2.m.0              | 45.952K                | 0.415G   |
| 2.m.1              | 45.952K                | 0.415G   |
| 3                  | 0.148M                 | 0.568G   |
| 3.conv             | 0.147M                 | 0.566G   |
| 3.conv.weight      | (256, 64, 3, 3)        |          |
| 3.bn               | 0.512K                 |          |
| 3.bn.weight        | (256,)                 |          |
| 3.bn.bias          | (256,)                 |          |
| 3.bn_skip          | 0.512K                 | 1.966M   |
| 3.bn_skip.weight   | (256,)                 |          |
| 3.bn_skip.bias     | (256,)                 |          |
| 4                  | 0.695M                 | 2.088G   |
| 4.cv1              | 66.56K                 | 0.254G   |
| 4.cv1.conv         | 65.536K                | 0.252G   |
| 4.cv1.bn           | 0.512K                 |          |
| 4.cv1.bn_skip      | 0.512K                 | 1.966M   |
| 4.cv2              | 0.264M                 | 1.011G   |
| 4.cv2.conv         | 0.262M                 | 1.007G   |
| 4.cv2.bn           | 1.024K                 |          |
| 4.cv2.bn_skip      | 1.024K                 | 3.932M   |
| 4.m                | 0.364M                 | 0.824G   |
| 4.m.0              | 0.182M                 | 0.412G   |
| 4.m.1              | 0.182M                 | 0.412G   |
| 5                  | 2.361M                 | 2.266G   |
| 5.conv             | 2.359M                 | 2.265G   |
| 5.conv.weight      | (512, 512, 3, 3)       |          |
| 5.bn               | 1.024K                 |          |
| 5.bn.weight        | (512,)                 |          |
| 5.bn.bias          | (512,)                 |          |
| 5.bn_skip          | 1.024K                 | 0.983M   |
| 5.bn_skip.weight   | (512,)                 |          |
| 5.bn_skip.bias     | (512,)                 |          |
| 6                  | 4.951M                 | 2.306G   |
| 6.gamma            | (512,)                 |          |
| 6.cv1              | 0.132M                 | 0.126G   |
| 6.cv1.conv         | 0.131M                 | 0.126G   |
| 6.cv1.bn           | 0.512K                 |          |
| 6.cv1.bn_skip      | 0.512K                 | 0.492M   |
| 6.cv2              | 1.051M                 | 0.378G   |
| 6.cv2.conv         | 0.655M                 |          |
| 6.cv2.bn           | 1.024K                 |          |
| 6.cv2.bn_skip      | 1.024K                 | 0.983M   |
| 6.cv2.conv_skip    | 0.393M                 | 0.377G   |
| 6.m                | 3.767M                 | 1.801G   |
| 6.m.0              | 0.946M                 | 0.9G     |
| 6.m.1              | 0.946M                 | 0.9G     |
| 6.m.2              | 0.938M                 |          |
| 6.m.3              | 0.938M                 |          |
| 7                  | 2.361M                 | 0.566G   |
| 7.conv             | 2.359M                 | 0.566G   |
| 7.conv.weight      | (512, 512, 3, 3)       |          |
| 7.bn               | 1.024K                 |          |
| 7.bn.weight        | (512,)                 |          |
| 7.bn.bias          | (512,)                 |          |
| 7.bn_skip          | 1.024K                 | 0.246M   |
| 7.bn_skip.weight   | (512,)                 |          |
| 7.bn_skip.bias     | (512,)                 |          |
| 8                  | 4.951M                 | 0.576G   |
| 8.gamma            | (512,)                 |          |
| 8.cv1              | 0.132M                 | 31.58M   |
| 8.cv1.conv         | 0.131M                 | 31.457M  |
| 8.cv1.bn           | 0.512K                 |          |
| 8.cv1.bn_skip      | 0.512K                 | 0.123M   |
| 8.cv2              | 1.051M                 | 94.618M  |
| 8.cv2.conv         | 0.655M                 |          |
| 8.cv2.bn           | 1.024K                 |          |
| 8.cv2.bn_skip      | 1.024K                 | 0.246M   |
| 8.cv2.conv_skip    | 0.393M                 | 94.372M  |
| 8.m                | 3.767M                 | 0.45G    |
| 8.m.0              | 0.946M                 | 0.225G   |
| 8.m.1              | 0.946M                 | 0.225G   |
| 8.m.2              | 0.938M                 |          |
| 8.m.3              | 0.938M                 |          |
| 11                 | 2.106M                 | 1.199G   |
| 11.cv1             | 0.263M                 | 0.252G   |
| 11.cv1.conv        | 0.262M                 | 0.252G   |
| 11.cv1.bn          | 0.512K                 |          |
| 11.cv1.bn_skip     | 0.512K                 | 0.492M   |
| 11.cv2             | 0.395M                 | 0.253G   |
| 11.cv2.conv        | 0.393M                 |          |
| 11.cv2.bn          | 1.024K                 |          |
| 11.cv2.bn_skip     | 1.024K                 | 0.983M   |
| 11.m               | 1.448M                 | 0.694G   |
| 11.m.0             | 0.725M                 | 0.694G   |
| 11.m.1             | 0.723M                 |          |
| 14                 | 0.594M                 | 1.454G   |
| 14.cv1             | 0.132M                 | 0.504G   |
| 14.cv1.conv        | 0.131M                 | 0.503G   |
| 14.cv1.bn          | 0.256K                 |          |
| 14.cv1.bn_skip     | 0.256K                 | 0.983M   |
| 14.cv2             | 99.328K                | 0.254G   |
| 14.cv2.conv        | 98.304K                |          |
| 14.cv2.bn          | 0.512K                 |          |
| 14.cv2.bn_skip     | 0.512K                 | 1.966M   |
| 14.m               | 0.364M                 | 0.696G   |
| 14.m.0             | 0.182M                 | 0.696G   |
| 14.m.1             | 0.181M                 |          |
| 15                 | 0.591M                 | 0.567G   |
| 15.conv            | 0.59M                  | 0.566G   |
| 15.conv.weight     | (256, 256, 3, 3)       |          |
| 15.bn              | 0.512K                 |          |
| 15.bn.weight       | (256,)                 |          |
| 15.bn.bias         | (256,)                 |          |
| 15.bn_skip         | 0.512K                 | 0.492M   |
| 15.bn_skip.weight  | (256,)                 |          |
| 15.bn_skip.bias    | (256,)                 |          |
| 17                 | 2.041M                 | 1.136G   |
| 17.cv1             | 0.198M                 | 0.189G   |
| 17.cv1.conv        | 0.197M                 | 0.189G   |
| 17.cv1.bn          | 0.512K                 |          |
| 17.cv1.bn_skip     | 0.512K                 | 0.492M   |
| 17.cv2             | 0.395M                 | 0.253G   |
| 17.cv2.conv        | 0.393M                 |          |
| 17.cv2.bn          | 1.024K                 |          |
| 17.cv2.bn_skip     | 1.024K                 | 0.983M   |
| 17.m               | 1.448M                 | 0.694G   |
| 17.m.0             | 0.725M                 | 0.694G   |
| 17.m.1             | 0.723M                 |          |
| 18                 | 2.361M                 | 0.566G   |
| 18.conv            | 2.359M                 | 0.566G   |
| 18.conv.weight     | (512, 512, 3, 3)       |          |
| 18.bn              | 1.024K                 |          |
| 18.bn.weight       | (512,)                 |          |
| 18.bn.bias         | (512,)                 |          |
| 18.bn_skip         | 1.024K                 | 0.246M   |
| 18.bn_skip.weight  | (512,)                 |          |
| 18.bn_skip.bias    | (512,)                 |          |
| 20                 | 2.502M                 | 0.457G   |
| 20.cv1             | 0.526M                 | 0.126G   |
| 20.cv1.conv        | 0.524M                 | 0.126G   |
| 20.cv1.bn          | 1.024K                 |          |
| 20.cv1.bn_skip     | 1.024K                 | 0.246M   |
| 20.cv2             | 0.526M                 | 0.126G   |
| 20.cv2.conv        | 0.524M                 | 0.126G   |
| 20.cv2.bn          | 1.024K                 |          |
| 20.cv2.bn_skip     | 1.024K                 | 0.246M   |
| 20.m               | 1.449M                 | 0.205G   |
| 20.m.0             | 0.724M                 | 0.103G   |
| 20.m.1             | 0.724M                 | 0.103G   |
| 21                 | 1.419M                 | 1.917G   |
| 21.cv2             | 0.861M                 | 1.128G   |
| 21.cv2.0           | 0.189M                 | 0.725G   |
| 21.cv2.1           | 0.336M                 | 0.323G   |
| 21.cv2.2           | 0.336M                 | 80.671M  |
| 21.cv3             | 0.558M                 | 0.789G   |
| 21.cv3.0           | 0.14M                  | 0.539G   |
| 21.cv3.1           | 0.209M                 | 0.2G     |
| 21.cv3.2           | 0.209M                 | 50.074M  |
| 21.dfl.conv        | 16                     | 0.323M   |
| 21.dfl.conv.weight | (1, 16, 1, 1)          |          |
| 9                  |                        | 0.492M   |
| 12                 |                        | 1.966M   |
  MACs  (base): 18.45 GMACs
  FLOPs (base): 36.91 GFLOPs

           Epoch         GPU_mem          box_om          cls_om          dfl_om          box_oo          cls_oo          dfl_oo       Instances            Size
/home/hslee/anaconda3/envs/yolov12/lib/python3.11/site-packages/torch/autograd/__init__.py:266: UserWarning: Grad strides do not match bucket view strides. This may indicate grad was not created according to the gradient layout contract, or that the param's strides changed since DDP was constructed.  This is not an error, but may impair performance.
grad.sizes() = [256, 256, 1, 1], strides() = [256, 1, 256, 256]
bucket_view.sizes() = [256, 256, 1, 1], strides() = [256, 1, 1, 1] (Triggered internally at ../torch/csrc/distributed/c10d/reducer.cpp:322.)
  Variable._execution_engine.run_backward(  # Calls into the C++ engine to run the backward pass
/home/hslee/anaconda3/envs/yolov12/lib/python3.11/site-packages/torch/autograd/__init__.py:266: UserWarning: Grad strides do not match bucket view strides. This may indicate grad was not created according to the gradient layout contract, or that the param's strides changed since DDP was constructed.  This is not an error, but may impair performance.
grad.sizes() = [256, 256, 1, 1], strides() = [256, 1, 256, 256]
bucket_view.sizes() = [256, 256, 1, 1], strides() = [256, 1, 1, 1] (Triggered internally at ../torch/csrc/distributed/c10d/reducer.cpp:322.)
  Variable._execution_engine.run_backward(  # Calls into the C++ engine to run the backward pass
  Epoch 1/100  Batch 1/1094 (0.1%)  | Super 368.307 (box 1.3357  cls 3.3354  dfl 1.0837)  | Base 376.622 (box 1.3696  cls 3.4263  dfl 1.0889)  | KD 42.529 (box 0.56147  cls 0.09950  dfl 0.00130  feat 0.00224)
  Epoch 1/100  Batch 110/1094 (10.1%)  | Super 290.971 (box 1.4012  cls 2.0311  dfl 1.1141)  | Base 297.388 (box 1.4292  cls 2.0945  dfl 1.1230)  | KD 35.955 (box 0.51246  cls 0.04613  dfl 0.00130  feat 0.00192)
  Epoch 1/100  Batch 219/1094 (20.0%)  | Super 239.279 (box 1.3275  cls 1.3554  dfl 1.0559)  | Base 245.042 (box 1.3601  cls 1.3960  dfl 1.0727)  | KD 29.644 (box 0.42608  cls 0.03403  dfl 0.00103  feat 0.00205)
  Epoch 1/100  Batch 328/1094 (30.0%)  | Super 222.222 (box 1.3351  cls 1.0571  dfl 1.0800)  | Base 224.945 (box 1.3256  cls 1.1284  dfl 1.0607)  | KD 26.988 (box 0.39368  cls 0.02514  dfl 0.00084  feat 0.00204)
  Epoch 1/100  Batch 437/1094 (39.9%)  | Super 222.478 (box 1.3893  cls 1.0432  dfl 1.0437)  | Base 229.098 (box 1.4244  cls 1.0925  dfl 1.0628)  | KD 27.146 (box 0.39354  cls 0.02769  dfl 0.00084  feat 0.00208)
  Epoch 1/100  Batch 546/1094 (49.9%)  | Super 198.025 (box 1.2373  cls 0.8608  dfl 0.9961)  | Base 202.283 (box 1.2545  cls 0.9047  dfl 1.0015)  | KD 23.495 (box 0.34221  cls 0.02205  dfl 0.00078  feat 0.00207)
  Epoch 1/100  Batch 655/1094 (59.9%)  | Super 211.517 (box 1.3544  cls 0.9315  dfl 1.0190)  | Base 216.285 (box 1.3778  cls 0.9819  dfl 1.0198)  | KD 27.037 (box 0.40229  cls 0.01708  dfl 0.00090  feat 0.00218)
  Epoch 1/100  Batch 764/1094 (69.8%)  | Super 222.982 (box 1.4523  cls 0.9540  dfl 1.0778)  | Base 227.942 (box 1.4616  cls 1.0193  dfl 1.0807)  | KD 29.069 (box 0.42986  cls 0.02119  dfl 0.00093  feat 0.00222)
  Epoch 1/100  Batch 873/1094 (79.8%)  | Super 203.123 (box 1.3077  cls 0.8504  dfl 1.0157)  | Base 207.759 (box 1.3313  cls 0.9004  dfl 1.0146)  | KD 23.111 (box 0.33607  cls 0.02242  dfl 0.00078  feat 0.00184)
  Epoch 1/100  Batch 982/1094 (89.8%)  | Super 208.944 (box 1.3416  cls 0.8433  dfl 1.0799)  | Base 215.440 (box 1.3647  cls 0.9138  dfl 1.0878)  | KD 25.644 (box 0.37866  cls 0.01927  dfl 0.00078  feat 0.00197)
  Epoch 1/100  Batch 1091/1094 (99.7%)  | Super 187.117 (box 1.1781  cls 0.7619  dfl 0.9837)  | Base 191.560 (box 1.1907  cls 0.8206  dfl 0.9819)  | KD 20.680 (box 0.30506  cls 0.01544  dfl 0.00072  feat 0.00189)

================================================================================
  [Validation] Super model (skip=False)  |  Epoch 1/100
================================================================================
[*] Validation input tensor shape: torch.Size([64, 3, 384, 672])
                 Class     Images  Instances      Box(P          R      mAP50  mAP50-95)
                   all      10000     185578      0.654      0.367      0.403      0.233

================================================================================
  [Validation] Base model  (skip=True)   |  Epoch 1/100
================================================================================
[*] Validation input tensor shape: torch.Size([64, 3, 384, 672])
                 Class     Images  Instances      Box(P          R      mAP50  mAP50-95)
                   all      10000     185578      0.646      0.353      0.387      0.224

           Epoch         GPU_mem          box_om          cls_om          dfl_om          box_oo          cls_oo          dfl_oo       Instances            Size
  Epoch 2/100  Batch 1/1094 (0.1%)  | Super 187.727 (box 1.1904  cls 0.7633  dfl 0.9794)  | Base 191.745 (box 1.2064  cls 0.8061  dfl 0.9835)  | KD 20.900 (box 0.30537  cls 0.01853  dfl 0.00076  feat 0.00191)
  Epoch 2/100  Batch 110/1094 (10.1%)  | Super 199.639 (box 1.3143  cls 0.8205  dfl 0.9846)  | Base 203.440 (box 1.3404  cls 0.8540  dfl 0.9843)  | KD 23.161 (box 0.34367  cls 0.01574  dfl 0.00071  feat 0.00177)
  Epoch 2/100  Batch 219/1094 (20.0%)  | Super 199.772 (box 1.2863  cls 0.7974  dfl 1.0378)  | Base 206.146 (box 1.3288  cls 0.8521  dfl 1.0401)  | KD 21.087 (box 0.31109  cls 0.01607  dfl 0.00065  feat 0.00168)
  Epoch 2/100  Batch 328/1094 (30.0%)  | Super 188.179 (box 1.2241  cls 0.7273  dfl 0.9889)  | Base 191.445 (box 1.2346  cls 0.7648  dfl 0.9919)  | KD 21.223 (box 0.31507  cls 0.01411  dfl 0.00069  feat 0.00173)
  Epoch 2/100  Batch 437/1094 (39.9%)  | Super 198.786 (box 1.3097  cls 0.7949  dfl 1.0014)  | Base 203.176 (box 1.3334  cls 0.8406  dfl 1.0006)  | KD 20.984 (box 0.31037  cls 0.01511  dfl 0.00066  feat 0.00173)
  Epoch 2/100  Batch 546/1094 (49.9%)  | Super 182.465 (box 1.1664  cls 0.7366  dfl 0.9480)  | Base 186.350 (box 1.1806  cls 0.7777  dfl 0.9534)  | KD 21.656 (box 0.32215  cls 0.01385  dfl 0.00068  feat 0.00170)
  Epoch 2/100  Batch 655/1094 (59.9%)  | Super 200.731 (box 1.3415  cls 0.7929  dfl 1.0021)  | Base 203.820 (box 1.3595  cls 0.8258  dfl 0.9995)  | KD 22.802 (box 0.33592  cls 0.01780  dfl 0.00082  feat 0.00175)
  Epoch 2/100  Batch 764/1094 (69.8%)  | Super 199.443 (box 1.3196  cls 0.7849  dfl 1.0118)  | Base 203.423 (box 1.3325  cls 0.8277  dfl 1.0183)  | KD 22.020 (box 0.32998  cls 0.01170  dfl 0.00070  feat 0.00169)
  Epoch 2/100  Batch 873/1094 (79.8%)  | Super 196.652 (box 1.2957  cls 0.7455  dfl 1.0315)  | Base 200.299 (box 1.3185  cls 0.7690  dfl 1.0422)  | KD 20.470 (box 0.30250  cls 0.01503  dfl 0.00070  feat 0.00162)
  Epoch 2/100  Batch 982/1094 (89.8%)  | Super 198.452 (box 1.2720  cls 0.7766  dfl 1.0521)  | Base 202.331 (box 1.2900  cls 0.8255  dfl 1.0459)  | KD 22.773 (box 0.33935  cls 0.01413  dfl 0.00069  feat 0.00165)
  Epoch 2/100  Batch 1091/1094 (99.7%)  | Super 179.788 (box 1.1728  cls 0.6604  dfl 0.9760)  | Base 182.858 (box 1.1850  cls 0.6935  dfl 0.9787)  | KD 17.132 (box 0.25434  cls 0.01097  dfl 0.00063  feat 0.00175)

================================================================================
  [Validation] Super model (skip=False)  |  Epoch 2/100
================================================================================
[*] Validation input tensor shape: torch.Size([64, 3, 384, 672])
                 Class     Images  Instances      Box(P          R      mAP50  mAP50-95)
                   all      10000     185578      0.693      0.432      0.473      0.272

================================================================================
  [Validation] Base model  (skip=True)   |  Epoch 2/100
================================================================================
[*] Validation input tensor shape: torch.Size([64, 3, 384, 672])
                 Class     Images  Instances      Box(P          R      mAP50  mAP50-95)
                   all      10000     185578      0.674       0.42      0.459      0.262

           Epoch         GPU_mem          box_om          cls_om          dfl_om          box_oo          cls_oo          dfl_oo       Instances            Size
  Epoch 3/100  Batch 1/1094 (0.1%)  | Super 182.419 (box 1.1688  cls 0.6887  dfl 0.9929)  | Base 185.068 (box 1.1792  cls 0.7266  dfl 0.9859)  | KD 18.939 (box 0.27922  cls 0.01427  dfl 0.00068  feat 0.00175)
  Epoch 3/100  Batch 110/1094 (10.1%)  | Super 197.284 (box 1.2962  cls 0.7468  dfl 1.0396)  | Base 201.902 (box 1.3325  cls 0.7789  dfl 1.0432)  | KD 21.690 (box 0.32169  cls 0.01471  dfl 0.00075  feat 0.00175)
  Epoch 3/100  Batch 219/1094 (20.0%)  | Super 191.832 (box 1.2855  cls 0.7131  dfl 0.9988)  | Base 197.287 (box 1.3227  cls 0.7485  dfl 1.0114)  | KD 19.944 (box 0.29607  cls 0.01313  dfl 0.00071  feat 0.00171)
  Epoch 3/100  Batch 328/1094 (30.0%)  | Super 182.543 (box 1.1692  cls 0.6830  dfl 1.0000)  | Base 184.534 (box 1.1766  cls 0.7142  dfl 0.9925)  | KD 18.657 (box 0.27824  cls 0.01114  dfl 0.00059  feat 0.00154)
  Epoch 3/100  Batch 437/1094 (39.9%)  | Super 188.204 (box 1.2515  cls 0.7369  dfl 0.9523)  | Base 193.595 (box 1.2785  cls 0.7844  dfl 0.9621)  | KD 20.029 (box 0.29887  cls 0.01196  dfl 0.00062  feat 0.00150)
  Epoch 3/100  Batch 546/1094 (49.9%)  | Super 183.002 (box 1.1908  cls 0.6756  dfl 0.9930)  | Base 184.161 (box 1.1964  cls 0.6939  dfl 0.9871)  | KD 17.926 (box 0.26659  cls 0.01139  dfl 0.00057  feat 0.00154)
  Epoch 3/100  Batch 655/1094 (59.9%)  | Super 192.248 (box 1.3030  cls 0.7223  dfl 0.9786)  | Base 197.237 (box 1.3446  cls 0.7470  dfl 0.9902)  | KD 22.419 (box 0.33743  cls 0.01067  dfl 0.00074  feat 0.00146)
  Epoch 3/100  Batch 764/1094 (69.8%)  | Super 203.258 (box 1.3383  cls 0.8044  dfl 1.0332)  | Base 208.362 (box 1.3695  cls 0.8406  dfl 1.0455)  | KD 21.141 (box 0.31865  cls 0.00958  dfl 0.00062  feat 0.00147)
  Epoch 3/100  Batch 873/1094 (79.8%)  | Super 190.886 (box 1.2633  cls 0.6913  dfl 1.0280)  | Base 195.958 (box 1.2974  cls 0.7269  dfl 1.0376)  | KD 21.044 (box 0.31114  cls 0.01533  dfl 0.00076  feat 0.00159)
  Epoch 3/100  Batch 982/1094 (89.8%)  | Super 188.688 (box 1.2383  cls 0.7228  dfl 0.9872)  | Base 192.669 (box 1.2661  cls 0.7478  dfl 0.9966)  | KD 19.947 (box 0.29727  cls 0.01221  dfl 0.00059  feat 0.00159)
  Epoch 3/100  Batch 1091/1094 (99.7%)  | Super 178.239 (box 1.1537  cls 0.6513  dfl 0.9800)  | Base 181.363 (box 1.1747  cls 0.6827  dfl 0.9764)  | KD 16.465 (box 0.24504  cls 0.01004  dfl 0.00062  feat 0.00157)

================================================================================
  [Validation] Super model (skip=False)  |  Epoch 3/100
================================================================================
[*] Validation input tensor shape: torch.Size([64, 3, 384, 672])
                 Class     Images  Instances      Box(P          R      mAP50  mAP50-95)
                   all      10000     185578      0.709      0.443      0.492      0.283

================================================================================
  [Validation] Base model  (skip=True)   |  Epoch 3/100
================================================================================
[*] Validation input tensor shape: torch.Size([64, 3, 384, 672])
                 Class     Images  Instances      Box(P          R      mAP50  mAP50-95)
                   all      10000     185578      0.699      0.436       0.48      0.274

           Epoch         GPU_mem          box_om          cls_om          dfl_om          box_oo          cls_oo          dfl_oo       Instances            Size
  Epoch 4/100  Batch 1/1094 (0.1%)  | Super 173.615 (box 1.1153  cls 0.6323  dfl 0.9651)  | Base 176.030 (box 1.1301  cls 0.6583  dfl 0.9621)  | KD 16.668 (box 0.24833  cls 0.00997  dfl 0.00060  feat 0.00154)
  Epoch 4/100  Batch 110/1094 (10.1%)  | Super 192.164 (box 1.2744  cls 0.7172  dfl 1.0109)  | Base 195.383 (box 1.2875  cls 0.7525  dfl 1.0129)  | KD 19.252 (box 0.29057  cls 0.00817  dfl 0.00064  feat 0.00144)
  Epoch 4/100  Batch 219/1094 (20.0%)  | Super 182.239 (box 1.2005  cls 0.6705  dfl 0.9765)  | Base 187.902 (box 1.2332  cls 0.7195  dfl 0.9833)  | KD 18.666 (box 0.27473  cls 0.01481  dfl 0.00061  feat 0.00150)
  Epoch 4/100  Batch 328/1094 (30.0%)  | Super 182.030 (box 1.1948  cls 0.6644  dfl 0.9851)  | Base 183.077 (box 1.1924  cls 0.6898  dfl 0.9783)  | KD 17.162 (box 0.25652  cls 0.00960  dfl 0.00050  feat 0.00154)
  Epoch 4/100  Batch 437/1094 (39.9%)  | Super 183.082 (box 1.2105  cls 0.6986  dfl 0.9516)  | Base 188.088 (box 1.2453  cls 0.7362  dfl 0.9573)  | KD 17.339 (box 0.25761  cls 0.01135  dfl 0.00059  feat 0.00138)
  Epoch 4/100  Batch 546/1094 (49.9%)  | Super 179.442 (box 1.1732  cls 0.6495  dfl 0.9810)  | Base 182.941 (box 1.1849  cls 0.6907  dfl 0.9829)  | KD 17.296 (box 0.25576  cls 0.01235  dfl 0.00061  feat 0.00153)
  Epoch 4/100  Batch 655/1094 (59.9%)  | Super 191.656 (box 1.3051  cls 0.7320  dfl 0.9576)  | Base 194.114 (box 1.3274  cls 0.7412  dfl 0.9644)  | KD 20.515 (box 0.30663  cls 0.01159  dfl 0.00078  feat 0.00154)
  Epoch 4/100  Batch 764/1094 (69.8%)  | Super 192.166 (box 1.2979  cls 0.6999  dfl 1.0048)  | Base 192.565 (box 1.2947  cls 0.7254  dfl 0.9887)  | KD 20.246 (box 0.30591  cls 0.00830  dfl 0.00067  feat 0.00147)
  Epoch 4/100  Batch 873/1094 (79.8%)  | Super 192.007 (box 1.2941  cls 0.7130  dfl 0.9930)  | Base 195.902 (box 1.3230  cls 0.7371  dfl 1.0009)  | KD 19.541 (box 0.29358  cls 0.00974  dfl 0.00063  feat 0.00138)
  Epoch 4/100  Batch 982/1094 (89.8%)  | Super 188.907 (box 1.2480  cls 0.7086  dfl 0.9951)  | Base 191.447 (box 1.2646  cls 0.7319  dfl 0.9948)  | KD 19.092 (box 0.28635  cls 0.01001  dfl 0.00053  feat 0.00144)
  Epoch 4/100  Batch 1091/1094 (99.7%)  | Super 175.710 (box 1.1293  cls 0.6419  dfl 0.9743)  | Base 178.226 (box 1.1421  cls 0.6672  dfl 0.9754)  | KD 16.023 (box 0.24134  cls 0.00707  dfl 0.00056  feat 0.00140)

================================================================================
  [Validation] Super model (skip=False)  |  Epoch 4/100
================================================================================
[*] Validation input tensor shape: torch.Size([64, 3, 384, 672])
                 Class     Images  Instances      Box(P          R      mAP50  mAP50-95)
                   all      10000     185578      0.612      0.457      0.508      0.294

================================================================================
  [Validation] Base model  (skip=True)   |  Epoch 4/100
================================================================================
[*] Validation input tensor shape: torch.Size([64, 3, 384, 672])
                 Class     Images  Instances      Box(P          R      mAP50  mAP50-95)
                   all      10000     185578      0.598       0.45      0.497      0.285

           Epoch         GPU_mem          box_om          cls_om          dfl_om          box_oo          cls_oo          dfl_oo       Instances            Size
  Epoch 5/100  Batch 1/1094 (0.1%)  | Super 173.881 (box 1.1201  cls 0.6319  dfl 0.9648)  | Base 175.217 (box 1.1243  cls 0.6577  dfl 0.9557)  | KD 16.184 (box 0.24306  cls 0.00788  dfl 0.00056  feat 0.00138)
  Epoch 5/100  Batch 110/1094 (10.1%)  | Super 187.230 (box 1.2567  cls 0.6773  dfl 0.9915)  | Base 189.429 (box 1.2676  cls 0.7099  dfl 0.9824)  | KD 19.162 (box 0.28929  cls 0.00807  dfl 0.00059  feat 0.00146)
  Epoch 5/100  Batch 219/1094 (20.0%)  | Super 181.823 (box 1.1949  cls 0.6640  dfl 0.9821)  | Base 184.999 (box 1.2139  cls 0.6927  dfl 0.9840)  | KD 18.543 (box 0.27689  cls 0.01073  dfl 0.00061  feat 0.00152)
  Epoch 5/100  Batch 328/1094 (30.0%)  | Super 181.971 (box 1.2099  cls 0.6528  dfl 0.9806)  | Base 183.625 (box 1.2110  cls 0.6757  dfl 0.9824)  | KD 17.004 (box 0.25592  cls 0.00782  dfl 0.00053  feat 0.00141)
  Epoch 5/100  Batch 437/1094 (39.9%)  | Super 185.150 (box 1.2486  cls 0.6847  dfl 0.9597)  | Base 189.297 (box 1.2739  cls 0.7208  dfl 0.9630)  | KD 18.198 (box 0.27017  cls 0.01229  dfl 0.00059  feat 0.00130)
  Epoch 5/100  Batch 546/1094 (49.9%)  | Super 179.594 (box 1.1634  cls 0.6934  dfl 0.9494)  | Base 180.519 (box 1.1762  cls 0.6982  dfl 0.9462)  | KD 17.241 (box 0.25866  cls 0.00878  dfl 0.00062  feat 0.00132)
  Epoch 5/100  Batch 655/1094 (59.9%)  | Super 191.555 (box 1.2887  cls 0.7329  dfl 0.9714)  | Base 195.175 (box 1.3225  cls 0.7487  dfl 0.9784)  | KD 20.446 (box 0.30384  cls 0.01352  dfl 0.00064  feat 0.00146)
  Epoch 5/100  Batch 764/1094 (69.8%)  | Super 193.491 (box 1.3284  cls 0.7076  dfl 0.9873)  | Base 198.200 (box 1.3595  cls 0.7387  dfl 0.9986)  | KD 19.739 (box 0.29959  cls 0.00682  dfl 0.00062  feat 0.00140)
  Epoch 5/100  Batch 873/1094 (79.8%)  | Super 187.325 (box 1.2260  cls 0.6808  dfl 1.0201)  | Base 190.868 (box 1.2546  cls 0.7080  dfl 1.0197)  | KD 18.340 (box 0.27409  cls 0.01050  dfl 0.00059  feat 0.00139)
  Epoch 5/100  Batch 982/1094 (89.8%)  | Super 196.494 (box 1.2717  cls 0.7391  dfl 1.0595)  | Base 200.288 (box 1.3005  cls 0.7582  dfl 1.0707)  | KD 18.911 (box 0.28364  cls 0.00999  dfl 0.00055  feat 0.00130)
  Epoch 5/100  Batch 1091/1094 (99.7%)  | Super 172.263 (box 1.1257  cls 0.6088  dfl 0.9571)  | Base 174.797 (box 1.1384  cls 0.6362  dfl 0.9566)  | KD 15.189 (box 0.22669  cls 0.00869  dfl 0.00053  feat 0.00141)

================================================================================
  [Validation] Super model (skip=False)  |  Epoch 5/100
================================================================================
[*] Validation input tensor shape: torch.Size([64, 3, 384, 672])
                 Class     Images  Instances      Box(P          R      mAP50  mAP50-95)
                   all      10000     185578      0.624      0.461      0.515      0.297

================================================================================
  [Validation] Base model  (skip=True)   |  Epoch 5/100
================================================================================
[*] Validation input tensor shape: torch.Size([64, 3, 384, 672])
                 Class     Images  Instances      Box(P          R      mAP50  mAP50-95)
                   all      10000     185578      0.623       0.45      0.504      0.289

           Epoch         GPU_mem          box_om          cls_om          dfl_om          box_oo          cls_oo          dfl_oo       Instances            Size
  Epoch 6/100  Batch 1/1094 (0.1%)  | Super 170.661 (box 1.1175  cls 0.5952  dfl 0.9539)  | Base 172.013 (box 1.1270  cls 0.6179  dfl 0.9429)  | KD 16.179 (box 0.24296  cls 0.00792  dfl 0.00053  feat 0.00139)
  Epoch 6/100  Batch 110/1094 (10.1%)  | Super 189.872 (box 1.2609  cls 0.6867  dfl 1.0192)  | Base 193.032 (box 1.2825  cls 0.7134  dfl 1.0202)  | KD 18.663 (box 0.28004  cls 0.00962  dfl 0.00058  feat 0.00137)
  Epoch 6/100  Batch 219/1094 (20.0%)  | Super 182.598 (box 1.2156  cls 0.6496  dfl 0.9879)  | Base 184.245 (box 1.2182  cls 0.6790  dfl 0.9816)  | KD 16.410 (box 0.24549  cls 0.00897  dfl 0.00050  feat 0.00144)
  Epoch 6/100  Batch 328/1094 (30.0%)  | Super 191.395 (box 1.2585  cls 0.7162  dfl 1.0158)  | Base 193.816 (box 1.2627  cls 0.7464  dfl 1.0193)  | KD 17.127 (box 0.25829  cls 0.00738  dfl 0.00057  feat 0.00137)
  Epoch 6/100  Batch 437/1094 (39.9%)  | Super 180.041 (box 1.2040  cls 0.6609  dfl 0.9482)  | Base 183.983 (box 1.2339  cls 0.6811  dfl 0.9598)  | KD 16.628 (box 0.24991  cls 0.00806  dfl 0.00049  feat 0.00135)
  Epoch 6/100  Batch 546/1094 (49.9%)  | Super 178.731 (box 1.1731  cls 0.6564  dfl 0.9632)  | Base 181.187 (box 1.1815  cls 0.6862  dfl 0.9634)  | KD 15.677 (box 0.23277  cls 0.01031  dfl 0.00051  feat 0.00135)
  Epoch 6/100  Batch 655/1094 (59.9%)  | Super 187.527 (box 1.2775  cls 0.6943  dfl 0.9584)  | Base 189.026 (box 1.2879  cls 0.7127  dfl 0.9530)  | KD 17.859 (box 0.26734  cls 0.00972  dfl 0.00052  feat 0.00147)
  Epoch 6/100  Batch 764/1094 (69.8%)  | Super 193.590 (box 1.3084  cls 0.6990  dfl 1.0175)  | Base 194.832 (box 1.3114  cls 0.7260  dfl 1.0069)  | KD 18.458 (box 0.27672  cls 0.00979  dfl 0.00053  feat 0.00137)
  Epoch 6/100  Batch 873/1094 (79.8%)  | Super 188.294 (box 1.2612  cls 0.6734  dfl 1.0075)  | Base 190.945 (box 1.2865  cls 0.6964  dfl 1.0007)  | KD 17.445 (box 0.26173  cls 0.00900  dfl 0.00053  feat 0.00132)
  Epoch 6/100  Batch 982/1094 (89.8%)  | Super 190.565 (box 1.2573  cls 0.6901  dfl 1.0301)  | Base 192.307 (box 1.2643  cls 0.7154  dfl 1.0250)  | KD 18.306 (box 0.27561  cls 0.00867  dfl 0.00051  feat 0.00125)
  Epoch 6/100  Batch 1091/1094 (99.7%)  | Super 168.295 (box 1.1139  cls 0.5762  dfl 0.9395)  | Base 169.728 (box 1.1193  cls 0.5902  dfl 0.9425)  | KD 13.909 (box 0.20839  cls 0.00718  dfl 0.00048  feat 0.00128)

================================================================================
  [Validation] Super model (skip=False)  |  Epoch 6/100
================================================================================
[*] Validation input tensor shape: torch.Size([64, 3, 384, 672])
                 Class     Images  Instances      Box(P          R      mAP50  mAP50-95)
                   all      10000     185578       0.61      0.471      0.519      0.301

================================================================================
  [Validation] Base model  (skip=True)   |  Epoch 6/100
================================================================================
[*] Validation input tensor shape: torch.Size([64, 3, 384, 672])
                 Class     Images  Instances      Box(P          R      mAP50  mAP50-95)
                   all      10000     185578      0.619      0.459      0.508      0.294

           Epoch         GPU_mem          box_om          cls_om          dfl_om          box_oo          cls_oo          dfl_oo       Instances            Size
  Epoch 7/100  Batch 1/1094 (0.1%)  | Super 169.646 (box 1.0840  cls 0.6329  dfl 0.9339)  | Base 171.617 (box 1.0966  cls 0.6503  dfl 0.9346)  | KD 14.777 (box 0.22116  cls 0.00788  dfl 0.00047  feat 0.00137)
  Epoch 7/100  Batch 110/1094 (10.1%)  | Super 189.625 (box 1.2879  cls 0.6761  dfl 0.9988)  | Base 191.911 (box 1.2945  cls 0.7001  dfl 1.0040)  | KD 18.138 (box 0.27177  cls 0.00967  dfl 0.00059  feat 0.00137)
  Epoch 7/100  Batch 219/1094 (20.0%)  | Super 180.499 (box 1.2080  cls 0.6496  dfl 0.9627)  | Base 185.277 (box 1.2439  cls 0.6779  dfl 0.9732)  | KD 17.079 (box 0.25214  cls 0.01281  dfl 0.00054  feat 0.00137)
  Epoch 7/100  Batch 328/1094 (30.0%)  | Super 182.245 (box 1.1942  cls 0.6589  dfl 0.9945)  | Base 184.787 (box 1.2214  cls 0.6710  dfl 0.9949)  | KD 16.871 (box 0.25544  cls 0.00633  dfl 0.00049  feat 0.00135)
  Epoch 7/100  Batch 437/1094 (39.9%)  | Super 189.844 (box 1.2939  cls 0.6899  dfl 0.9826)  | Base 191.994 (box 1.3007  cls 0.7169  dfl 0.9824)  | KD 18.613 (box 0.28059  cls 0.00844  dfl 0.00058  feat 0.00122)
  Epoch 7/100  Batch 546/1094 (49.9%)  | Super 176.045 (box 1.1425  cls 0.6648  dfl 0.9434)  | Base 178.659 (box 1.1487  cls 0.7023  dfl 0.9405)  | KD 17.029 (box 0.25695  cls 0.00741  dfl 0.00056  feat 0.00115)
  Epoch 7/100  Batch 655/1094 (59.9%)  | Super 191.811 (box 1.3153  cls 0.7016  dfl 0.9801)  | Base 195.188 (box 1.3381  cls 0.7255  dfl 0.9862)  | KD 18.532 (box 0.27670  cls 0.01085  dfl 0.00058  feat 0.00143)
  Epoch 7/100  Batch 764/1094 (69.8%)  | Super 193.157 (box 1.3033  cls 0.6995  dfl 1.0153)  | Base 195.759 (box 1.3189  cls 0.7290  dfl 1.0109)  | KD 19.677 (box 0.29711  cls 0.00846  dfl 0.00059  feat 0.00130)
  Epoch 7/100  Batch 873/1094 (79.8%)  | Super 183.886 (box 1.2173  cls 0.6802  dfl 0.9757)  | Base 184.616 (box 1.2232  cls 0.6894  dfl 0.9721)  | KD 16.142 (box 0.24487  cls 0.00554  dfl 0.00048  feat 0.00133)
  Epoch 7/100  Batch 982/1094 (89.8%)  | Super 184.217 (box 1.2104  cls 0.6730  dfl 0.9950)  | Base 187.341 (box 1.2367  cls 0.6942  dfl 0.9963)  | KD 17.472 (box 0.26128  cls 0.00997  dfl 0.00052  feat 0.00123)
  Epoch 7/100  Batch 1091/1094 (99.7%)  | Super 173.823 (box 1.1526  cls 0.5971  dfl 0.9664)  | Base 176.460 (box 1.1663  cls 0.6261  dfl 0.9647)  | KD 15.030 (box 0.22515  cls 0.00804  dfl 0.00045  feat 0.00121)

================================================================================
  [Validation] Super model (skip=False)  |  Epoch 7/100
================================================================================
[*] Validation input tensor shape: torch.Size([64, 3, 384, 672])
                 Class     Images  Instances      Box(P          R      mAP50  mAP50-95)
                   all      10000     185578      0.718      0.471      0.523      0.304

================================================================================
  [Validation] Base model  (skip=True)   |  Epoch 7/100
================================================================================
[*] Validation input tensor shape: torch.Size([64, 3, 384, 672])
                 Class     Images  Instances      Box(P          R      mAP50  mAP50-95)
                   all      10000     185578      0.716      0.463      0.515      0.297

           Epoch         GPU_mem          box_om          cls_om          dfl_om          box_oo          cls_oo          dfl_oo       Instances            Size
  Epoch 8/100  Batch 1/1094 (0.1%)  | Super 173.700 (box 1.1362  cls 0.6350  dfl 0.9428)  | Base 174.014 (box 1.1274  cls 0.6502  dfl 0.9413)  | KD 15.942 (box 0.23884  cls 0.00853  dfl 0.00053  feat 0.00120)
  Epoch 8/100  Batch 110/1094 (10.1%)  | Super 182.291 (box 1.2262  cls 0.6432  dfl 0.9788)  | Base 184.958 (box 1.2503  cls 0.6627  dfl 0.9769)  | KD 17.147 (box 0.25944  cls 0.00669  dfl 0.00049  feat 0.00130)
  Epoch 8/100  Batch 219/1094 (20.0%)  | Super 187.906 (box 1.2612  cls 0.6607  dfl 1.0141)  | Base 192.231 (box 1.2916  cls 0.6970  dfl 1.0150)  | KD 16.669 (box 0.24793  cls 0.01074  dfl 0.00055  feat 0.00124)
  Epoch 8/100  Batch 328/1094 (30.0%)  | Super 178.164 (box 1.1925  cls 0.6089  dfl 0.9823)  | Base 181.129 (box 1.2106  cls 0.6328  dfl 0.9867)  | KD 15.003 (box 0.22708  cls 0.00561  dfl 0.00047  feat 0.00127)
  Epoch 8/100  Batch 437/1094 (39.9%)  | Super 186.019 (box 1.2427  cls 0.6885  dfl 0.9754)  | Base 188.868 (box 1.2637  cls 0.7075  dfl 0.9799)  | KD 16.542 (box 0.24733  cls 0.00938  dfl 0.00052  feat 0.00123)
  Epoch 8/100  Batch 546/1094 (49.9%)  | Super 174.634 (box 1.1508  cls 0.6218  dfl 0.9561)  | Base 177.200 (box 1.1587  cls 0.6562  dfl 0.9538)  | KD 15.329 (box 0.22882  cls 0.00889  dfl 0.00055  feat 0.00125)
  Epoch 8/100  Batch 655/1094 (59.9%)  | Super 188.642 (box 1.2764  cls 0.7052  dfl 0.9660)  | Base 190.067 (box 1.2846  cls 0.7238  dfl 0.9614)  | KD 17.123 (box 0.25750  cls 0.00837  dfl 0.00047  feat 0.00122)
  Epoch 8/100  Batch 764/1094 (69.8%)  | Super 192.995 (box 1.3090  cls 0.6979  dfl 1.0086)  | Base 196.270 (box 1.3218  cls 0.7365  dfl 1.0084)  | KD 18.104 (box 0.27335  cls 0.00773  dfl 0.00054  feat 0.00125)
  Epoch 8/100  Batch 873/1094 (79.8%)  | Super 188.030 (box 1.2449  cls 0.7053  dfl 0.9878)  | Base 190.340 (box 1.2733  cls 0.7098  dfl 0.9909)  | KD 16.924 (box 0.25528  cls 0.00728  dfl 0.00055  feat 0.00132)
  Epoch 8/100  Batch 982/1094 (89.8%)  | Super 184.291 (box 1.2025  cls 0.6576  dfl 1.0194)  | Base 186.694 (box 1.2150  cls 0.6856  dfl 1.0166)  | KD 18.909 (box 0.28502  cls 0.00858  dfl 0.00063  feat 0.00123)
  Epoch 8/100  Batch 1091/1094 (99.7%)  | Super 176.296 (box 1.1681  cls 0.5973  dfl 0.9892)  | Base 178.099 (box 1.1761  cls 0.6215  dfl 0.9852)  | KD 14.757 (box 0.21645  cls 0.01232  dfl 0.00050  feat 0.00130)

================================================================================
  [Validation] Super model (skip=False)  |  Epoch 8/100
================================================================================
[*] Validation input tensor shape: torch.Size([64, 3, 384, 672])
                 Class     Images  Instances      Box(P          R      mAP50  mAP50-95)
                   all      10000     185578      0.727      0.473      0.528      0.305

================================================================================
  [Validation] Base model  (skip=True)   |  Epoch 8/100
================================================================================
[*] Validation input tensor shape: torch.Size([64, 3, 384, 672])
                 Class     Images  Instances      Box(P          R      mAP50  mAP50-95)
                   all      10000     185578      0.726      0.463      0.519      0.299

           Epoch         GPU_mem          box_om          cls_om          dfl_om          box_oo          cls_oo          dfl_oo       Instances            Size
  Epoch 9/100  Batch 1/1094 (0.1%)  | Super 175.573 (box 1.1397  cls 0.6218  dfl 0.9818)  | Base 178.144 (box 1.1600  cls 0.6336  dfl 0.9899)  | KD 14.958 (box 0.22293  cls 0.00913  dfl 0.00045  feat 0.00122)
  Epoch 9/100  Batch 110/1094 (10.1%)  | Super 181.253 (box 1.2025  cls 0.6486  dfl 0.9810)  | Base 184.456 (box 1.2193  cls 0.6849  dfl 0.9780)  | KD 17.462 (box 0.26335  cls 0.00770  dfl 0.00057  feat 0.00123)
  Epoch 9/100  Batch 219/1094 (20.0%)  | Super 182.237 (box 1.2356  cls 0.6347  dfl 0.9771)  | Base 185.472 (box 1.2590  cls 0.6587  dfl 0.9804)  | KD 17.510 (box 0.26235  cls 0.00935  dfl 0.00071  feat 0.00118)
  Epoch 9/100  Batch 328/1094 (30.0%)  | Super 175.230 (box 1.1250  cls 0.6381  dfl 0.9749)  | Base 176.152 (box 1.1267  cls 0.6592  dfl 0.9665)  | KD 15.964 (box 0.23623  cls 0.01139  dfl 0.00050  feat 0.00131)
  Epoch 9/100  Batch 437/1094 (39.9%)  | Super 186.039 (box 1.2579  cls 0.6710  dfl 0.9780)  | Base 187.367 (box 1.2640  cls 0.6944  dfl 0.9692)  | KD 17.208 (box 0.25475  cls 0.01231  dfl 0.00050  feat 0.00131)
  Epoch 9/100  Batch 546/1094 (49.9%)  | Super 190.097 (box 1.2519  cls 0.7090  dfl 1.0093)  | Base 191.870 (box 1.2665  cls 0.7242  dfl 1.0072)  | KD 17.560 (box 0.26404  cls 0.00846  dfl 0.00055  feat 0.00133)
  Epoch 9/100  Batch 655/1094 (59.9%)  | Super 187.604 (box 1.2676  cls 0.6913  dfl 0.9724)  | Base 190.715 (box 1.2929  cls 0.7109  dfl 0.9761)  | KD 17.890 (box 0.26877  cls 0.00880  dfl 0.00061  feat 0.00134)
  Epoch 9/100  Batch 764/1094 (69.8%)  | Super 197.866 (box 1.3483  cls 0.7221  dfl 1.0212)  | Base 201.750 (box 1.3756  cls 0.7515  dfl 1.0252)  | KD 19.384 (box 0.29062  cls 0.01036  dfl 0.00057  feat 0.00133)
  Epoch 9/100  Batch 873/1094 (79.8%)  | Super 186.730 (box 1.2398  cls 0.6786  dfl 0.9993)  | Base 189.606 (box 1.2490  cls 0.7108  dfl 1.0027)  | KD 17.348 (box 0.26194  cls 0.00732  dfl 0.00054  feat 0.00126)
  Epoch 9/100  Batch 982/1094 (89.8%)  | Super 185.339 (box 1.2144  cls 0.6735  dfl 1.0080)  | Base 187.942 (box 1.2324  cls 0.6951  dfl 1.0091)  | KD 18.288 (box 0.27609  cls 0.00792  dfl 0.00054  feat 0.00121)
  Epoch 9/100  Batch 1091/1094 (99.7%)  | Super 174.897 (box 1.1448  cls 0.5970  dfl 0.9910)  | Base 175.663 (box 1.1440  cls 0.6193  dfl 0.9815)  | KD 14.037 (box 0.21044  cls 0.00700  dfl 0.00045  feat 0.00144)

================================================================================
  [Validation] Super model (skip=False)  |  Epoch 9/100
================================================================================
[*] Validation input tensor shape: torch.Size([64, 3, 384, 672])
                 Class     Images  Instances      Box(P          R      mAP50  mAP50-95)
                   all      10000     185578      0.726      0.473      0.529      0.306

================================================================================
  [Validation] Base model  (skip=True)   |  Epoch 9/100
================================================================================
[*] Validation input tensor shape: torch.Size([64, 3, 384, 672])
                 Class     Images  Instances      Box(P          R      mAP50  mAP50-95)
                   all      10000     185578      0.729      0.461       0.52      0.298

           Epoch         GPU_mem          box_om          cls_om          dfl_om          box_oo          cls_oo          dfl_oo       Instances            Size
  Epoch 10/100  Batch 1/1094 (0.1%)  | Super 166.123 (box 1.0699  cls 0.5845  dfl 0.9413)  | Base 168.397 (box 1.0848  cls 0.5992  dfl 0.9472)  | KD 15.025 (box 0.22602  cls 0.00704  dfl 0.00053  feat 0.00118)
  Epoch 10/100  Batch 110/1094 (10.1%)  | Super 188.383 (box 1.2452  cls 0.6692  dfl 1.0290)  | Base 191.795 (box 1.2679  cls 0.6992  dfl 1.0297)  | KD 16.728 (box 0.25093  cls 0.00861  dfl 0.00048  feat 0.00135)
  Epoch 10/100  Batch 219/1094 (20.0%)  | Super 185.146 (box 1.2472  cls 0.6558  dfl 0.9899)  | Base 188.200 (box 1.2668  cls 0.6851  dfl 0.9887)  | KD 16.319 (box 0.24320  cls 0.00999  dfl 0.00049  feat 0.00130)
  Epoch 10/100  Batch 328/1094 (30.0%)  | Super 184.238 (box 1.2092  cls 0.6504  dfl 1.0191)  | Base 185.837 (box 1.2213  cls 0.6670  dfl 1.0154)  | KD 16.904 (box 0.25439  cls 0.00783  dfl 0.00055  feat 0.00136)
  Epoch 10/100  Batch 437/1094 (39.9%)  | Super 184.713 (box 1.2436  cls 0.6635  dfl 0.9791)  | Base 185.980 (box 1.2458  cls 0.6806  dfl 0.9795)  | KD 16.583 (box 0.24970  cls 0.00763  dfl 0.00052  feat 0.00125)
  Epoch 10/100  Batch 546/1094 (49.9%)  | Super 174.732 (box 1.1471  cls 0.6239  dfl 0.9592)  | Base 177.006 (box 1.1642  cls 0.6462  dfl 0.9554)  | KD 15.793 (box 0.23691  cls 0.00808  dfl 0.00050  feat 0.00128)
  Epoch 10/100  Batch 655/1094 (59.9%)  | Super 184.718 (box 1.2506  cls 0.6821  dfl 0.9535)  | Base 187.680 (box 1.2745  cls 0.7037  dfl 0.9543)  | KD 18.800 (box 0.28309  cls 0.00883  dfl 0.00058  feat 0.00125)
  Epoch 10/100  Batch 764/1094 (69.8%)  | Super 192.818 (box 1.2951  cls 0.7081  dfl 1.0096)  | Base 194.950 (box 1.3116  cls 0.7271  dfl 1.0074)  | KD 16.996 (box 0.25571  cls 0.00804  dfl 0.00049  feat 0.00132)
  Epoch 10/100  Batch 873/1094 (79.8%)  | Super 186.049 (box 1.2438  cls 0.6429  dfl 1.0203)  | Base 187.189 (box 1.2482  cls 0.6598  dfl 1.0169)  | KD 16.881 (box 0.25406  cls 0.00790  dfl 0.00054  feat 0.00127)
  Epoch 10/100  Batch 982/1094 (89.8%)  | Super 184.630 (box 1.2156  cls 0.6451  dfl 1.0242)  | Base 186.800 (box 1.2242  cls 0.6746  dfl 1.0200)  | KD 17.169 (box 0.25898  cls 0.00761  dfl 0.00049  feat 0.00119)
  Epoch 10/100  Batch 1091/1094 (99.7%)  | Super 173.108 (box 1.1465  cls 0.5911  dfl 0.9672)  | Base 175.883 (box 1.1614  cls 0.6184  dfl 0.9684)  | KD 14.263 (box 0.21503  cls 0.00617  dfl 0.00048  feat 0.00118)

================================================================================
  [Validation] Super model (skip=False)  |  Epoch 10/100
================================================================================
[*] Validation input tensor shape: torch.Size([64, 3, 384, 672])
                 Class     Images  Instances      Box(P          R      mAP50  mAP50-95)
                   all      10000     185578      0.724      0.479      0.532      0.309

================================================================================
  [Validation] Base model  (skip=True)   |  Epoch 10/100
================================================================================
[*] Validation input tensor shape: torch.Size([64, 3, 384, 672])
                 Class     Images  Instances      Box(P          R      mAP50  mAP50-95)
                   all      10000     185578      0.721      0.468      0.524      0.303

           Epoch         GPU_mem          box_om          cls_om          dfl_om          box_oo          cls_oo          dfl_oo       Instances            Size
  Epoch 11/100  Batch 1/1094 (0.1%)  | Super 170.648 (box 1.1000  cls 0.5901  dfl 0.9763)  | Base 172.113 (box 1.1152  cls 0.6038  dfl 0.9703)  | KD 15.131 (box 0.22712  cls 0.00764  dfl 0.00045  feat 0.00122)
  Epoch 11/100  Batch 110/1094 (10.1%)  | Super 186.691 (box 1.2475  cls 0.6464  dfl 1.0232)  | Base 188.744 (box 1.2540  cls 0.6789  dfl 1.0163)  | KD 16.952 (box 0.25559  cls 0.00748  dfl 0.00050  feat 0.00131)
  Epoch 11/100  Batch 219/1094 (20.0%)  | Super 177.478 (box 1.1729  cls 0.6193  dfl 0.9808)  | Base 179.183 (box 1.1777  cls 0.6456  dfl 0.9764)  | KD 15.496 (box 0.23271  cls 0.00773  dfl 0.00047  feat 0.00122)
  Epoch 11/100  Batch 328/1094 (30.0%)  | Super 175.958 (box 1.1422  cls 0.6250  dfl 0.9822)  | Base 178.017 (box 1.1482  cls 0.6486  dfl 0.9848)  | KD 15.763 (box 0.23669  cls 0.00780  dfl 0.00047  feat 0.00134)
  Epoch 11/100  Batch 437/1094 (39.9%)  | Super 185.880 (box 1.2705  cls 0.6540  dfl 0.9798)  | Base 188.336 (box 1.2775  cls 0.6869  dfl 0.9783)  | KD 15.988 (box 0.24087  cls 0.00718  dfl 0.00049  feat 0.00127)
  Epoch 11/100  Batch 546/1094 (49.9%)  | Super 178.576 (box 1.1731  cls 0.6513  dfl 0.9659)  | Base 178.363 (box 1.1768  cls 0.6564  dfl 0.9537)  | KD 16.019 (box 0.24077  cls 0.00780  dfl 0.00047  feat 0.00126)
  Epoch 11/100  Batch 655/1094 (59.9%)  | Super 186.543 (box 1.2933  cls 0.6600  dfl 0.9615)  | Base 186.725 (box 1.2878  cls 0.6747  dfl 0.9550)  | KD 18.263 (box 0.27555  cls 0.00806  dfl 0.00053  feat 0.00122)
  Epoch 11/100  Batch 764/1094 (69.8%)  | Super 193.004 (box 1.3157  cls 0.6850  dfl 1.0150)  | Base 195.519 (box 1.3282  cls 0.7147  dfl 1.0120)  | KD 18.270 (box 0.27499  cls 0.00876  dfl 0.00052  feat 0.00121)
  Epoch 11/100  Batch 873/1094 (79.8%)  | Super 182.747 (box 1.2403  cls 0.6277  dfl 0.9875)  | Base 185.316 (box 1.2439  cls 0.6606  dfl 0.9911)  | KD 15.916 (box 0.24065  cls 0.00646  dfl 0.00048  feat 0.00109)
  Epoch 11/100  Batch 982/1094 (89.8%)  | Super 179.573 (box 1.1956  cls 0.6232  dfl 0.9870)  | Base 180.988 (box 1.1981  cls 0.6462  dfl 0.9837)  | KD 15.366 (box 0.23143  cls 0.00708  dfl 0.00040  feat 0.00119)
  Epoch 11/100  Batch 1091/1094 (99.7%)  | Super 175.068 (box 1.1444  cls 0.6162  dfl 0.9748)  | Base 176.770 (box 1.1490  cls 0.6360  dfl 0.9771)  | KD 15.002 (box 0.22380  cls 0.00883  dfl 0.00052  feat 0.00125)

================================================================================
  [Validation] Super model (skip=False)  |  Epoch 11/100
================================================================================
[*] Validation input tensor shape: torch.Size([64, 3, 384, 672])
                 Class     Images  Instances      Box(P          R      mAP50  mAP50-95)
                   all      10000     185578      0.726       0.48      0.534       0.31

================================================================================
  [Validation] Base model  (skip=True)   |  Epoch 11/100
================================================================================
[*] Validation input tensor shape: torch.Size([64, 3, 384, 672])
                 Class     Images  Instances      Box(P          R      mAP50  mAP50-95)
                   all      10000     185578       0.73      0.472      0.526      0.303

           Epoch         GPU_mem          box_om          cls_om          dfl_om          box_oo          cls_oo          dfl_oo       Instances            Size
  Epoch 12/100  Batch 1/1094 (0.1%)  | Super 170.097 (box 1.0894  cls 0.5990  dfl 0.9694)  | Base 172.782 (box 1.0940  cls 0.6306  dfl 0.9751)  | KD 14.771 (box 0.22184  cls 0.00706  dfl 0.00054  feat 0.00135)
  Epoch 12/100  Batch 110/1094 (10.1%)  | Super 182.042 (box 1.2168  cls 0.6329  dfl 0.9947)  | Base 184.512 (box 1.2367  cls 0.6522  dfl 0.9942)  | KD 15.794 (box 0.23879  cls 0.00613  dfl 0.00051  feat 0.00135)
  Epoch 12/100  Batch 219/1094 (20.0%)  | Super 176.399 (box 1.1700  cls 0.6189  dfl 0.9674)  | Base 179.915 (box 1.1993  cls 0.6404  dfl 0.9715)  | KD 17.217 (box 0.25773  cls 0.00950  dfl 0.00055  feat 0.00123)
  Epoch 12/100  Batch 328/1094 (30.0%)  | Super 179.980 (box 1.1597  cls 0.6617  dfl 0.9908)  | Base 181.015 (box 1.1685  cls 0.6695  dfl 0.9904)  | KD 15.370 (box 0.23123  cls 0.00720  dfl 0.00048  feat 0.00125)
  Epoch 12/100  Batch 437/1094 (39.9%)  | Super 184.807 (box 1.2383  cls 0.6789  dfl 0.9704)  | Base 186.074 (box 1.2407  cls 0.6962  dfl 0.9706)  | KD 16.487 (box 0.24700  cls 0.00887  dfl 0.00045  feat 0.00128)
  Epoch 12/100  Batch 546/1094 (49.9%)  | Super 180.315 (box 1.1982  cls 0.6702  dfl 0.9490)  | Base 182.355 (box 1.2040  cls 0.6953  dfl 0.9500)  | KD 16.790 (box 0.25400  cls 0.00658  dfl 0.00053  feat 0.00124)
  Epoch 12/100  Batch 655/1094 (59.9%)  | Super 189.375 (box 1.2799  cls 0.7087  dfl 0.9704)  | Base 191.032 (box 1.2934  cls 0.7227  dfl 0.9688)  | KD 17.867 (box 0.26899  cls 0.00828  dfl 0.00053  feat 0.00138)
  Epoch 12/100  Batch 764/1094 (69.8%)  | Super 191.891 (box 1.2830  cls 0.7030  dfl 1.0124)  | Base 194.139 (box 1.2980  cls 0.7245  dfl 1.0109)  | KD 18.926 (box 0.28248  cls 0.01144  dfl 0.00052  feat 0.00129)
  Epoch 12/100  Batch 873/1094 (79.8%)  | Super 180.323 (box 1.2034  cls 0.6266  dfl 0.9875)  | Base 181.738 (box 1.2148  cls 0.6463  dfl 0.9785)  | KD 16.356 (box 0.24637  cls 0.00744  dfl 0.00051  feat 0.00125)
  Epoch 12/100  Batch 982/1094 (89.8%)  | Super 181.908 (box 1.2007  cls 0.6380  dfl 1.0036)  | Base 184.900 (box 1.2226  cls 0.6565  dfl 1.0099)  | KD 16.747 (box 0.25218  cls 0.00777  dfl 0.00049  feat 0.00124)
  Epoch 12/100  Batch 1091/1094 (99.7%)  | Super 168.497 (box 1.1089  cls 0.5766  dfl 0.9473)  | Base 169.658 (box 1.1159  cls 0.5885  dfl 0.9465)  | KD 14.085 (box 0.21265  cls 0.00573  dfl 0.00049  feat 0.00121)

================================================================================
  [Validation] Super model (skip=False)  |  Epoch 12/100
================================================================================
[*] Validation input tensor shape: torch.Size([64, 3, 384, 672])
                 Class     Images  Instances      Box(P          R      mAP50  mAP50-95)
                   all      10000     185578      0.728      0.485      0.538      0.312

================================================================================
  [Validation] Base model  (skip=True)   |  Epoch 12/100
================================================================================
[*] Validation input tensor shape: torch.Size([64, 3, 384, 672])
                 Class     Images  Instances      Box(P          R      mAP50  mAP50-95)
                   all      10000     185578      0.727      0.477       0.53      0.306

           Epoch         GPU_mem          box_om          cls_om          dfl_om          box_oo          cls_oo          dfl_oo       Instances            Size
  Epoch 13/100  Batch 1/1094 (0.1%)  | Super 169.137 (box 1.0990  cls 0.5782  dfl 0.9656)  | Base 171.633 (box 1.1186  cls 0.5985  dfl 0.9646)  | KD 14.202 (box 0.21261  cls 0.00760  dfl 0.00046  feat 0.00123)
  Epoch 13/100  Batch 110/1094 (10.1%)  | Super 173.770 (box 1.1617  cls 0.5790  dfl 0.9744)  | Base 176.526 (box 1.1769  cls 0.6093  dfl 0.9720)  | KD 14.902 (box 0.22535  cls 0.00574  dfl 0.00048  feat 0.00128)
  Epoch 13/100  Batch 219/1094 (20.0%)  | Super 184.099 (box 1.2242  cls 0.6543  dfl 0.9980)  | Base 187.405 (box 1.2412  cls 0.6857  dfl 1.0013)  | KD 15.478 (box 0.23221  cls 0.00784  dfl 0.00048  feat 0.00132)
  Epoch 13/100  Batch 328/1094 (30.0%)  | Super 179.386 (box 1.1841  cls 0.6370  dfl 0.9818)  | Base 182.427 (box 1.2108  cls 0.6574  dfl 0.9822)  | KD 15.956 (box 0.24136  cls 0.00618  dfl 0.00048  feat 0.00129)
  Epoch 13/100  Batch 437/1094 (39.9%)  | Super 183.694 (box 1.2352  cls 0.6530  dfl 0.9820)  | Base 186.222 (box 1.2526  cls 0.6737  dfl 0.9834)  | KD 16.968 (box 0.25526  cls 0.00816  dfl 0.00050  feat 0.00120)
  Epoch 13/100  Batch 546/1094 (49.9%)  | Super 182.145 (box 1.1880  cls 0.6625  dfl 0.9955)  | Base 184.581 (box 1.2031  cls 0.6990  dfl 0.9820)  | KD 16.132 (box 0.23979  cls 0.01034  dfl 0.00056  feat 0.00138)
  Epoch 13/100  Batch 655/1094 (59.9%)  | Super 185.308 (box 1.2702  cls 0.6656  dfl 0.9597)  | Base 187.965 (box 1.2929  cls 0.6832  dfl 0.9609)  | KD 17.540 (box 0.26536  cls 0.00689  dfl 0.00050  feat 0.00131)
  Epoch 13/100  Batch 764/1094 (69.8%)  | Super 187.179 (box 1.2609  cls 0.6658  dfl 0.9980)  | Base 187.930 (box 1.2669  cls 0.6873  dfl 0.9822)  | KD 18.759 (box 0.28282  cls 0.00849  dfl 0.00057  feat 0.00123)
  Epoch 13/100  Batch 873/1094 (79.8%)  | Super 183.797 (box 1.2038  cls 0.6497  dfl 1.0183)  | Base 185.701 (box 1.2175  cls 0.6701  dfl 1.0140)  | KD 16.549 (box 0.24683  cls 0.00988  dfl 0.00053  feat 0.00134)
  Epoch 13/100  Batch 982/1094 (89.8%)  | Super 188.088 (box 1.2744  cls 0.6567  dfl 1.0078)  | Base 189.622 (box 1.2854  cls 0.6749  dfl 1.0025)  | KD 18.067 (box 0.27278  cls 0.00779  dfl 0.00050  feat 0.00124)
  Epoch 13/100  Batch 1091/1094 (99.7%)  | Super 169.023 (box 1.0942  cls 0.6049  dfl 0.9418)  | Base 170.370 (box 1.0990  cls 0.6280  dfl 0.9350)  | KD 15.154 (box 0.22902  cls 0.00603  dfl 0.00050  feat 0.00123)

================================================================================
  [Validation] Super model (skip=False)  |  Epoch 13/100
================================================================================
[*] Validation input tensor shape: torch.Size([64, 3, 384, 672])
                 Class     Images  Instances      Box(P          R      mAP50  mAP50-95)
                   all      10000     185578      0.732      0.481       0.54      0.313

================================================================================
  [Validation] Base model  (skip=True)   |  Epoch 13/100
================================================================================
[*] Validation input tensor shape: torch.Size([64, 3, 384, 672])
                 Class     Images  Instances      Box(P          R      mAP50  mAP50-95)
                   all      10000     185578      0.725       0.48      0.532      0.307

           Epoch         GPU_mem          box_om          cls_om          dfl_om          box_oo          cls_oo          dfl_oo       Instances            Size
  Epoch 14/100  Batch 1/1094 (0.1%)  | Super 168.749 (box 1.0907  cls 0.5954  dfl 0.9506)  | Base 171.191 (box 1.1013  cls 0.6192  dfl 0.9543)  | KD 14.174 (box 0.21193  cls 0.00763  dfl 0.00050  feat 0.00141)
  Epoch 14/100  Batch 110/1094 (10.1%)  | Super 174.670 (box 1.1615  cls 0.6140  dfl 0.9537)  | Base 177.971 (box 1.1841  cls 0.6425  dfl 0.9542)  | KD 16.932 (box 0.25564  cls 0.00722  dfl 0.00050  feat 0.00119)
  Epoch 14/100  Batch 219/1094 (20.0%)  | Super 175.143 (box 1.1655  cls 0.6057  dfl 0.9654)  | Base 179.088 (box 1.1923  cls 0.6359  dfl 0.9701)  | KD 16.395 (box 0.24639  cls 0.00803  dfl 0.00054  feat 0.00122)
  Epoch 14/100  Batch 328/1094 (30.0%)  | Super 181.996 (box 1.1974  cls 0.6468  dfl 0.9995)  | Base 184.044 (box 1.2142  cls 0.6712  dfl 0.9903)  | KD 15.106 (box 0.22798  cls 0.00633  dfl 0.00047  feat 0.00124)
  Epoch 14/100  Batch 437/1094 (39.9%)  | Super 184.407 (box 1.2297  cls 0.6845  dfl 0.9672)  | Base 184.757 (box 1.2273  cls 0.7015  dfl 0.9580)  | KD 16.532 (box 0.24834  cls 0.00824  dfl 0.00050  feat 0.00122)
  Epoch 14/100  Batch 546/1094 (49.9%)  | Super 184.466 (box 1.2027  cls 0.6944  dfl 0.9852)  | Base 185.145 (box 1.2136  cls 0.7048  dfl 0.9745)  | KD 15.502 (box 0.23311  cls 0.00731  dfl 0.00048  feat 0.00131)
  Epoch 14/100  Batch 655/1094 (59.9%)  | Super 192.559 (box 1.3251  cls 0.6936  dfl 0.9901)  | Base 195.374 (box 1.3472  cls 0.7128  dfl 0.9927)  | KD 17.778 (box 0.26698  cls 0.00892  dfl 0.00054  feat 0.00135)
  Epoch 14/100  Batch 764/1094 (69.8%)  | Super 183.298 (box 1.2390  cls 0.6438  dfl 0.9812)  | Base 185.829 (box 1.2510  cls 0.6777  dfl 0.9749)  | KD 16.539 (box 0.25059  cls 0.00607  dfl 0.00048  feat 0.00128)
  Epoch 14/100  Batch 873/1094 (79.8%)  | Super 178.657 (box 1.1850  cls 0.6192  dfl 0.9873)  | Base 180.363 (box 1.1998  cls 0.6385  dfl 0.9799)  | KD 16.679 (box 0.25122  cls 0.00763  dfl 0.00053  feat 0.00125)
  Epoch 14/100  Batch 982/1094 (89.8%)  | Super 184.797 (box 1.2421  cls 0.6435  dfl 1.0019)  | Base 186.897 (box 1.2597  cls 0.6645  dfl 0.9961)  | KD 17.367 (box 0.26160  cls 0.00805  dfl 0.00049  feat 0.00122)
  Epoch 14/100  Batch 1091/1094 (99.7%)  | Super 167.194 (box 1.0901  cls 0.5728  dfl 0.9495)  | Base 169.774 (box 1.1068  cls 0.5948  dfl 0.9511)  | KD 13.700 (box 0.20517  cls 0.00710  dfl 0.00045  feat 0.00134)

================================================================================
  [Validation] Super model (skip=False)  |  Epoch 14/100
================================================================================
[*] Validation input tensor shape: torch.Size([64, 3, 384, 672])
                 Class     Images  Instances      Box(P          R      mAP50  mAP50-95)
                   all      10000     185578      0.729      0.487      0.541      0.314

================================================================================
  [Validation] Base model  (skip=True)   |  Epoch 14/100
================================================================================
[*] Validation input tensor shape: torch.Size([64, 3, 384, 672])
                 Class     Images  Instances      Box(P          R      mAP50  mAP50-95)
                   all      10000     185578      0.723      0.481      0.532      0.309

           Epoch         GPU_mem          box_om          cls_om          dfl_om          box_oo          cls_oo          dfl_oo       Instances            Size
  Epoch 15/100  Batch 1/1094 (0.1%)  | Super 171.954 (box 1.1129  cls 0.6098  dfl 0.9640)  | Base 174.459 (box 1.1276  cls 0.6400  dfl 0.9583)  | KD 15.119 (box 0.22537  cls 0.00910  dfl 0.00049  feat 0.00127)
  Epoch 15/100  Batch 110/1094 (10.1%)  | Super 180.581 (box 1.2072  cls 0.6379  dfl 0.9765)  | Base 183.113 (box 1.2244  cls 0.6624  dfl 0.9744)  | KD 16.263 (box 0.24471  cls 0.00760  dfl 0.00047  feat 0.00133)
  Epoch 15/100  Batch 219/1094 (20.0%)  | Super 179.171 (box 1.1884  cls 0.6277  dfl 0.9835)  | Base 181.793 (box 1.2056  cls 0.6497  dfl 0.9851)  | KD 16.672 (box 0.25015  cls 0.00851  dfl 0.00053  feat 0.00130)
  Epoch 15/100  Batch 328/1094 (30.0%)  | Super 175.537 (box 1.1447  cls 0.6123  dfl 0.9858)  | Base 177.688 (box 1.1607  cls 0.6247  dfl 0.9910)  | KD 14.504 (box 0.21636  cls 0.00852  dfl 0.00043  feat 0.00132)
  Epoch 15/100  Batch 437/1094 (39.9%)  | Super 177.967 (box 1.1983  cls 0.6269  dfl 0.9556)  | Base 179.826 (box 1.2088  cls 0.6436  dfl 0.9575)  | KD 15.031 (box 0.22373  cls 0.00947  dfl 0.00048  feat 0.00119)
  Epoch 15/100  Batch 546/1094 (49.9%)  | Super 180.522 (box 1.1955  cls 0.6417  dfl 0.9835)  | Base 182.485 (box 1.2108  cls 0.6646  dfl 0.9759)  | KD 16.259 (box 0.24250  cls 0.00972  dfl 0.00054  feat 0.00130)
  Epoch 15/100  Batch 655/1094 (59.9%)  | Super 179.506 (box 1.2298  cls 0.6345  dfl 0.9404)  | Base 181.714 (box 1.2483  cls 0.6478  dfl 0.9432)  | KD 17.988 (box 0.27179  cls 0.00752  dfl 0.00057  feat 0.00118)
  Epoch 15/100  Batch 764/1094 (69.8%)  | Super 195.812 (box 1.3266  cls 0.6986  dfl 1.0343)  | Base 198.856 (box 1.3438  cls 0.7321  dfl 1.0313)  | KD 18.284 (box 0.27715  cls 0.00668  dfl 0.00057  feat 0.00129)
  Epoch 15/100  Batch 873/1094 (79.8%)  | Super 184.546 (box 1.2413  cls 0.6451  dfl 0.9971)  | Base 185.991 (box 1.2468  cls 0.6760  dfl 0.9834)  | KD 16.413 (box 0.24839  cls 0.00624  dfl 0.00053  feat 0.00130)
  Epoch 15/100  Batch 982/1094 (89.8%)  | Super 184.610 (box 1.2026  cls 0.6635  dfl 1.0184)  | Base 186.436 (box 1.2226  cls 0.6698  dfl 1.0207)  | KD 16.716 (box 0.25197  cls 0.00744  dfl 0.00050  feat 0.00127)
  Epoch 15/100  Batch 1091/1094 (99.7%)  | Super 171.491 (box 1.1260  cls 0.5801  dfl 0.9734)  | Base 172.923 (box 1.1275  cls 0.6061  dfl 0.9683)  | KD 14.564 (box 0.21995  cls 0.00585  dfl 0.00047  feat 0.00129)

================================================================================
  [Validation] Super model (skip=False)  |  Epoch 15/100
================================================================================
[*] Validation input tensor shape: torch.Size([64, 3, 384, 672])
                 Class     Images  Instances      Box(P          R      mAP50  mAP50-95)
                   all      10000     185578      0.735      0.487      0.542      0.314

================================================================================
  [Validation] Base model  (skip=True)   |  Epoch 15/100
================================================================================
[*] Validation input tensor shape: torch.Size([64, 3, 384, 672])
                 Class     Images  Instances      Box(P          R      mAP50  mAP50-95)
                   all      10000     185578      0.729      0.482      0.535      0.309

           Epoch         GPU_mem          box_om          cls_om          dfl_om          box_oo          cls_oo          dfl_oo       Instances            Size
  Epoch 16/100  Batch 1/1094 (0.1%)  | Super 174.503 (box 1.1350  cls 0.6122  dfl 0.9795)  | Base 175.962 (box 1.1434  cls 0.6339  dfl 0.9721)  | KD 14.430 (box 0.21685  cls 0.00688  dfl 0.00045  feat 0.00129)
  Epoch 16/100  Batch 110/1094 (10.1%)  | Super 178.774 (box 1.1903  cls 0.6237  dfl 0.9793)  | Base 180.729 (box 1.2055  cls 0.6451  dfl 0.9733)  | KD 16.665 (box 0.25094  cls 0.00767  dfl 0.00054  feat 0.00124)
  Epoch 16/100  Batch 219/1094 (20.0%)  | Super 177.700 (box 1.1824  cls 0.6150  dfl 0.9792)  | Base 181.052 (box 1.2097  cls 0.6404  dfl 0.9788)  | KD 14.992 (box 0.22430  cls 0.00827  dfl 0.00049  feat 0.00120)
  Epoch 16/100  Batch 328/1094 (30.0%)  | Super 177.257 (box 1.1678  cls 0.6145  dfl 0.9873)  | Base 180.568 (box 1.1918  cls 0.6437  dfl 0.9859)  | KD 14.697 (box 0.22169  cls 0.00628  dfl 0.00049  feat 0.00117)
  Epoch 16/100  Batch 437/1094 (39.9%)  | Super 186.432 (box 1.2470  cls 0.7052  dfl 0.9608)  | Base 188.076 (box 1.2642  cls 0.7141  dfl 0.9604)  | KD 16.025 (box 0.24072  cls 0.00802  dfl 0.00047  feat 0.00119)
  Epoch 16/100  Batch 546/1094 (49.9%)  | Super 175.999 (box 1.1688  cls 0.6217  dfl 0.9594)  | Base 177.803 (box 1.1810  cls 0.6417  dfl 0.9554)  | KD 15.309 (box 0.22718  cls 0.01030  dfl 0.00046  feat 0.00126)
  Epoch 16/100  Batch 655/1094 (59.9%)  | Super 184.084 (box 1.2451  cls 0.6580  dfl 0.9731)  | Base 184.780 (box 1.2524  cls 0.6674  dfl 0.9674)  | KD 18.565 (box 0.27869  cls 0.00958  dfl 0.00050  feat 0.00131)
  Epoch 16/100  Batch 764/1094 (69.8%)  | Super 193.919 (box 1.3114  cls 0.7032  dfl 1.0154)  | Base 195.249 (box 1.3179  cls 0.7265  dfl 1.0064)  | KD 17.622 (box 0.26672  cls 0.00678  dfl 0.00050  feat 0.00135)
  Epoch 16/100  Batch 873/1094 (79.8%)  | Super 186.842 (box 1.2550  cls 0.6517  dfl 1.0128)  | Base 187.512 (box 1.2599  cls 0.6666  dfl 1.0034)  | KD 16.078 (box 0.24204  cls 0.00726  dfl 0.00052  feat 0.00141)
  Epoch 16/100  Batch 982/1094 (89.8%)  | Super 187.837 (box 1.2442  cls 0.6503  dfl 1.0404)  | Base 189.159 (box 1.2537  cls 0.6723  dfl 1.0297)  | KD 16.346 (box 0.24611  cls 0.00761  dfl 0.00050  feat 0.00118)
  Epoch 16/100  Batch 1091/1094 (99.7%)  | Super 168.134 (box 1.1104  cls 0.5748  dfl 0.9419)  | Base 169.894 (box 1.1172  cls 0.5966  dfl 0.9408)  | KD 14.834 (box 0.22098  cls 0.00900  dfl 0.00051  feat 0.00130)

================================================================================
  [Validation] Super model (skip=False)  |  Epoch 16/100
================================================================================
[*] Validation input tensor shape: torch.Size([64, 3, 384, 672])
                 Class     Images  Instances      Box(P          R      mAP50  mAP50-95)
                   all      10000     185578      0.628      0.494      0.545      0.316

================================================================================
  [Validation] Base model  (skip=True)   |  Epoch 16/100
================================================================================
[*] Validation input tensor shape: torch.Size([64, 3, 384, 672])
                 Class     Images  Instances      Box(P          R      mAP50  mAP50-95)
                   all      10000     185578      0.625      0.484      0.537       0.31

           Epoch         GPU_mem          box_om          cls_om          dfl_om          box_oo          cls_oo          dfl_oo       Instances            Size
  Epoch 17/100  Batch 1/1094 (0.1%)  | Super 166.336 (box 1.0681  cls 0.5850  dfl 0.9459)  | Base 168.020 (box 1.0878  cls 0.5957  dfl 0.9418)  | KD 14.511 (box 0.21806  cls 0.00684  dfl 0.00054  feat 0.00129)
  Epoch 17/100  Batch 110/1094 (10.1%)  | Super 179.082 (box 1.2188  cls 0.6171  dfl 0.9623)  | Base 181.928 (box 1.2322  cls 0.6456  dfl 0.9648)  | KD 16.416 (box 0.24609  cls 0.00875  dfl 0.00048  feat 0.00118)
  Epoch 17/100  Batch 219/1094 (20.0%)  | Super 181.524 (box 1.2209  cls 0.6273  dfl 0.9881)  | Base 184.648 (box 1.2396  cls 0.6573  dfl 0.9883)  | KD 16.052 (box 0.23979  cls 0.00927  dfl 0.00053  feat 0.00123)
  Epoch 17/100  Batch 328/1094 (30.0%)  | Super 173.014 (box 1.1336  cls 0.6182  dfl 0.9515)  | Base 175.364 (box 1.1472  cls 0.6416  dfl 0.9513)  | KD 15.044 (box 0.22646  cls 0.00699  dfl 0.00042  feat 0.00120)
  Epoch 17/100  Batch 437/1094 (39.9%)  | Super 183.419 (box 1.2367  cls 0.6665  dfl 0.9627)  | Base 186.761 (box 1.2591  cls 0.6862  dfl 0.9729)  | KD 15.575 (box 0.23446  cls 0.00724  dfl 0.00047  feat 0.00119)
  Epoch 17/100  Batch 546/1094 (49.9%)  | Super 171.181 (box 1.1197  cls 0.6106  dfl 0.9444)  | Base 171.883 (box 1.1221  cls 0.6265  dfl 0.9371)  | KD 16.406 (box 0.24459  cls 0.00985  dfl 0.00063  feat 0.00127)
  Epoch 17/100  Batch 655/1094 (59.9%)  | Super 182.713 (box 1.2516  cls 0.6493  dfl 0.9540)  | Base 181.914 (box 1.2514  cls 0.6475  dfl 0.9435)  | KD 17.074 (box 0.25715  cls 0.00779  dfl 0.00052  feat 0.00132)
  Epoch 17/100  Batch 764/1094 (69.8%)  | Super 187.591 (box 1.2735  cls 0.6669  dfl 0.9908)  | Base 190.181 (box 1.2938  cls 0.6938  dfl 0.9841)  | KD 16.976 (box 0.25684  cls 0.00675  dfl 0.00046  feat 0.00121)
  Epoch 17/100  Batch 873/1094 (79.8%)  | Super 178.762 (box 1.1992  cls 0.6025  dfl 0.9915)  | Base 180.796 (box 1.2127  cls 0.6267  dfl 0.9855)  | KD 15.144 (box 0.22728  cls 0.00770  dfl 0.00046  feat 0.00118)
  Epoch 17/100  Batch 982/1094 (89.8%)  | Super 189.227 (box 1.2494  cls 0.6547  dfl 1.0525)  | Base 192.216 (box 1.2663  cls 0.6865  dfl 1.0506)  | KD 18.235 (box 0.27350  cls 0.00966  dfl 0.00050  feat 0.00127)
  Epoch 17/100  Batch 1091/1094 (99.7%)  | Super 165.769 (box 1.0859  cls 0.5472  dfl 0.9571)  | Base 167.753 (box 1.0984  cls 0.5777  dfl 0.9451)  | KD 13.156 (box 0.19832  cls 0.00565  dfl 0.00040  feat 0.00120)

================================================================================
  [Validation] Super model (skip=False)  |  Epoch 17/100
================================================================================
[*] Validation input tensor shape: torch.Size([64, 3, 384, 672])
                 Class     Images  Instances      Box(P          R      mAP50  mAP50-95)
                   all      10000     185578      0.639      0.488      0.547      0.317

================================================================================
  [Validation] Base model  (skip=True)   |  Epoch 17/100
================================================================================
[*] Validation input tensor shape: torch.Size([64, 3, 384, 672])
                 Class     Images  Instances      Box(P          R      mAP50  mAP50-95)
                   all      10000     185578      0.636      0.483      0.539      0.311

           Epoch         GPU_mem          box_om          cls_om          dfl_om          box_oo          cls_oo          dfl_oo       Instances            Size
  Epoch 18/100  Batch 1/1094 (0.1%)  | Super 174.439 (box 1.1481  cls 0.5894  dfl 0.9881)  | Base 176.172 (box 1.1548  cls 0.6161  dfl 0.9817)  | KD 14.224 (box 0.21013  cls 0.01032  dfl 0.00042  feat 0.00138)
  Epoch 18/100  Batch 110/1094 (10.1%)  | Super 181.088 (box 1.2399  cls 0.6119  dfl 0.9777)  | Base 184.272 (box 1.2633  cls 0.6358  dfl 0.9801)  | KD 15.763 (box 0.23673  cls 0.00786  dfl 0.00044  feat 0.00126)
  Epoch 18/100  Batch 219/1094 (20.0%)  | Super 179.545 (box 1.2100  cls 0.6116  dfl 0.9838)  | Base 183.054 (box 1.2319  cls 0.6348  dfl 0.9935)  | KD 16.023 (box 0.24100  cls 0.00766  dfl 0.00051  feat 0.00120)
  Epoch 18/100  Batch 328/1094 (30.0%)  | Super 176.877 (box 1.1801  cls 0.5974  dfl 0.9862)  | Base 179.102 (box 1.1930  cls 0.6232  dfl 0.9823)  | KD 15.710 (box 0.23477  cls 0.00901  dfl 0.00044  feat 0.00126)
  Epoch 18/100  Batch 437/1094 (39.9%)  | Super 181.115 (box 1.2164  cls 0.6459  dfl 0.9677)  | Base 183.231 (box 1.2314  cls 0.6686  dfl 0.9630)  | KD 14.111 (box 0.21163  cls 0.00712  dfl 0.00038  feat 0.00136)
  Epoch 18/100  Batch 546/1094 (49.9%)  | Super 172.073 (box 1.1475  cls 0.6067  dfl 0.9344)  | Base 174.108 (box 1.1548  cls 0.6339  dfl 0.9317)  | KD 14.164 (box 0.21256  cls 0.00706  dfl 0.00042  feat 0.00127)
  Epoch 18/100  Batch 655/1094 (59.9%)  | Super 183.115 (box 1.2259  cls 0.6601  dfl 0.9752)  | Base 185.044 (box 1.2374  cls 0.6820  dfl 0.9719)  | KD 16.515 (box 0.24729  cls 0.00912  dfl 0.00045  feat 0.00119)
  Epoch 18/100  Batch 764/1094 (69.8%)  | Super 183.764 (box 1.2430  cls 0.6458  dfl 0.9825)  | Base 185.649 (box 1.2597  cls 0.6649  dfl 0.9761)  | KD 17.631 (box 0.26681  cls 0.00695  dfl 0.00048  feat 0.00124)
  Epoch 18/100  Batch 873/1094 (79.8%)  | Super 180.633 (box 1.1940  cls 0.6460  dfl 0.9823)  | Base 184.965 (box 1.2334  cls 0.6591  dfl 0.9976)  | KD 15.983 (box 0.24016  cls 0.00791  dfl 0.00046  feat 0.00120)
  Epoch 18/100  Batch 982/1094 (89.8%)  | Super 186.262 (box 1.2170  cls 0.6951  dfl 0.9983)  | Base 189.127 (box 1.2458  cls 0.7021  dfl 1.0072)  | KD 17.446 (box 0.26069  cls 0.01030  dfl 0.00048  feat 0.00113)
  Epoch 18/100  Batch 1091/1094 (99.7%)  | Super 164.735 (box 1.0828  cls 0.5540  dfl 0.9372)  | Base 166.597 (box 1.0914  cls 0.5765  dfl 0.9352)  | KD 14.451 (box 0.21580  cls 0.00823  dfl 0.00048  feat 0.00128)

================================================================================
  [Validation] Super model (skip=False)  |  Epoch 18/100
================================================================================
[*] Validation input tensor shape: torch.Size([64, 3, 384, 672])
                 Class     Images  Instances      Box(P          R      mAP50  mAP50-95)
                   all      10000     185578      0.624      0.496      0.548      0.318

================================================================================
  [Validation] Base model  (skip=True)   |  Epoch 18/100
================================================================================
[*] Validation input tensor shape: torch.Size([64, 3, 384, 672])
                 Class     Images  Instances      Box(P          R      mAP50  mAP50-95)
                   all      10000     185578      0.634      0.481      0.538      0.312

           Epoch         GPU_mem          box_om          cls_om          dfl_om          box_oo          cls_oo          dfl_oo       Instances            Size
  Epoch 19/100  Batch 1/1094 (0.1%)  | Super 170.178 (box 1.1097  cls 0.5713  dfl 0.9780)  | Base 171.000 (box 1.1115  cls 0.5904  dfl 0.9700)  | KD 13.837 (box 0.20735  cls 0.00707  dfl 0.00049  feat 0.00130)
  Epoch 19/100  Batch 110/1094 (10.1%)  | Super 181.128 (box 1.2201  cls 0.6222  dfl 0.9879)  | Base 183.679 (box 1.2323  cls 0.6433  dfl 0.9944)  | KD 16.021 (box 0.24049  cls 0.00814  dfl 0.00047  feat 0.00123)
  Epoch 19/100  Batch 219/1094 (20.0%)  | Super 181.157 (box 1.2181  cls 0.6162  dfl 0.9963)  | Base 182.764 (box 1.2307  cls 0.6343  dfl 0.9907)  | KD 16.490 (box 0.24829  cls 0.00765  dfl 0.00049  feat 0.00123)
  Epoch 19/100  Batch 328/1094 (30.0%)  | Super 172.115 (box 1.1305  cls 0.5850  dfl 0.9738)  | Base 172.556 (box 1.1310  cls 0.5959  dfl 0.9693)  | KD 14.295 (box 0.21333  cls 0.00829  dfl 0.00042  feat 0.00132)
  Epoch 19/100  Batch 437/1094 (39.9%)  | Super 181.541 (box 1.2219  cls 0.6494  dfl 0.9653)  | Base 183.196 (box 1.2391  cls 0.6566  dfl 0.9668)  | KD 15.645 (box 0.23260  cls 0.01007  dfl 0.00048  feat 0.00130)
  Epoch 19/100  Batch 546/1094 (49.9%)  | Super 177.380 (box 1.1655  cls 0.6414  dfl 0.9647)  | Base 177.446 (box 1.1673  cls 0.6452  dfl 0.9601)  | KD 15.937 (box 0.23088  cls 0.01633  dfl 0.00052  feat 0.00127)
  Epoch 19/100  Batch 655/1094 (59.9%)  | Super 182.430 (box 1.2281  cls 0.6577  dfl 0.9647)  | Base 184.411 (box 1.2361  cls 0.6792  dfl 0.9661)  | KD 16.973 (box 0.25564  cls 0.00779  dfl 0.00048  feat 0.00130)
  Epoch 19/100  Batch 764/1094 (69.8%)  | Super 189.087 (box 1.3073  cls 0.6419  dfl 1.0053)  | Base 189.625 (box 1.3066  cls 0.6662  dfl 0.9901)  | KD 15.871 (box 0.24112  cls 0.00524  dfl 0.00042  feat 0.00119)
  Epoch 19/100  Batch 873/1094 (79.8%)  | Super 178.654 (box 1.1736  cls 0.6305  dfl 0.9875)  | Base 181.767 (box 1.1978  cls 0.6517  dfl 0.9906)  | KD 17.217 (box 0.25914  cls 0.00808  dfl 0.00054  feat 0.00126)
  Epoch 19/100  Batch 982/1094 (89.8%)  | Super 178.354 (box 1.1964  cls 0.6205  dfl 0.9698)  | Base 179.595 (box 1.2070  cls 0.6324  dfl 0.9668)  | KD 16.075 (box 0.24149  cls 0.00802  dfl 0.00046  feat 0.00120)
  Epoch 19/100  Batch 1091/1094 (99.7%)  | Super 165.069 (box 1.0857  cls 0.5506  dfl 0.9429)  | Base 166.956 (box 1.0969  cls 0.5664  dfl 0.9453)  | KD 12.657 (box 0.19049  cls 0.00555  dfl 0.00038  feat 0.00134)

================================================================================
  [Validation] Super model (skip=False)  |  Epoch 19/100
================================================================================
[*] Validation input tensor shape: torch.Size([64, 3, 384, 672])
                 Class     Images  Instances      Box(P          R      mAP50  mAP50-95)
                   all      10000     185578       0.63      0.497      0.548      0.318

================================================================================
  [Validation] Base model  (skip=True)   |  Epoch 19/100
================================================================================
[*] Validation input tensor shape: torch.Size([64, 3, 384, 672])
                 Class     Images  Instances      Box(P          R      mAP50  mAP50-95)
                   all      10000     185578      0.629      0.488      0.541      0.314

           Epoch         GPU_mem          box_om          cls_om          dfl_om          box_oo          cls_oo          dfl_oo       Instances            Size
  Epoch 20/100  Batch 1/1094 (0.1%)  | Super 170.624 (box 1.1274  cls 0.5785  dfl 0.9601)  | Base 172.670 (box 1.1457  cls 0.5953  dfl 0.9570)  | KD 13.543 (box 0.20311  cls 0.00676  dfl 0.00039  feat 0.00135)
  Epoch 20/100  Batch 110/1094 (10.1%)  | Super 176.767 (box 1.1663  cls 0.6400  dfl 0.9557)  | Base 179.089 (box 1.1837  cls 0.6583  dfl 0.9562)  | KD 16.525 (box 0.24768  cls 0.00879  dfl 0.00050  feat 0.00122)
  Epoch 20/100  Batch 219/1094 (20.0%)  | Super 171.111 (box 1.1565  cls 0.5640  dfl 0.9531)  | Base 173.503 (box 1.1646  cls 0.5954  dfl 0.9510)  | KD 16.057 (box 0.23961  cls 0.00949  dfl 0.00051  feat 0.00127)
  Epoch 20/100  Batch 328/1094 (30.0%)  | Super 172.362 (box 1.1317  cls 0.5819  dfl 0.9795)  | Base 174.930 (box 1.1503  cls 0.5978  dfl 0.9852)  | KD 13.237 (box 0.19956  cls 0.00556  dfl 0.00041  feat 0.00129)
  Epoch 20/100  Batch 437/1094 (39.9%)  | Super 172.117 (box 1.1545  cls 0.5998  dfl 0.9351)  | Base 175.455 (box 1.1779  cls 0.6291  dfl 0.9345)  | KD 15.223 (box 0.22648  cls 0.00969  dfl 0.00045  feat 0.00124)
  Epoch 20/100  Batch 546/1094 (49.9%)  | Super 181.792 (box 1.2112  cls 0.6563  dfl 0.9730)  | Base 184.297 (box 1.2249  cls 0.6778  dfl 0.9769)  | KD 15.797 (box 0.23690  cls 0.00819  dfl 0.00051  feat 0.00122)
  Epoch 20/100  Batch 655/1094 (59.9%)  | Super 182.257 (box 1.2572  cls 0.6455  dfl 0.9450)  | Base 185.282 (box 1.2804  cls 0.6658  dfl 0.9489)  | KD 16.268 (box 0.24632  cls 0.00606  dfl 0.00048  feat 0.00133)
  Epoch 20/100  Batch 764/1094 (69.8%)  | Super 180.159 (box 1.2373  cls 0.6102  dfl 0.9675)  | Base 181.629 (box 1.2460  cls 0.6253  dfl 0.9667)  | KD 15.336 (box 0.23211  cls 0.00583  dfl 0.00042  feat 0.00126)
  Epoch 20/100  Batch 873/1094 (79.8%)  | Super 187.569 (box 1.2638  cls 0.6617  dfl 1.0052)  | Base 191.550 (box 1.2995  cls 0.6831  dfl 1.0104)  | KD 17.670 (box 0.26806  cls 0.00633  dfl 0.00055  feat 0.00116)
  Epoch 20/100  Batch 982/1094 (89.8%)  | Super 180.706 (box 1.1850  cls 0.6506  dfl 0.9880)  | Base 184.042 (box 1.2042  cls 0.6815  dfl 0.9899)  | KD 17.232 (box 0.26111  cls 0.00652  dfl 0.00049  feat 0.00113)
  Epoch 20/100  Batch 1091/1094 (99.7%)  | Super 173.310 (box 1.1462  cls 0.5871  dfl 0.9747)  | Base 175.884 (box 1.1660  cls 0.6030  dfl 0.9792)  | KD 13.380 (box 0.20016  cls 0.00727  dfl 0.00043  feat 0.00120)

================================================================================
  [Validation] Super model (skip=False)  |  Epoch 20/100
================================================================================
[*] Validation input tensor shape: torch.Size([64, 3, 384, 672])
                 Class     Images  Instances      Box(P          R      mAP50  mAP50-95)
                   all      10000     185578      0.631      0.496       0.55       0.32

================================================================================
  [Validation] Base model  (skip=True)   |  Epoch 20/100
================================================================================
[*] Validation input tensor shape: torch.Size([64, 3, 384, 672])
                 Class     Images  Instances      Box(P          R      mAP50  mAP50-95)
                   all      10000     185578      0.635      0.485      0.543      0.316

           Epoch         GPU_mem          box_om          cls_om          dfl_om          box_oo          cls_oo          dfl_oo       Instances            Size
  Epoch 21/100  Batch 1/1094 (0.1%)  | Super 167.468 (box 1.0957  cls 0.5707  dfl 0.9503)  | Base 168.402 (box 1.1000  cls 0.5836  dfl 0.9477)  | KD 13.889 (box 0.20563  cls 0.00967  dfl 0.00045  feat 0.00126)
  Epoch 21/100  Batch 110/1094 (10.1%)  | Super 172.352 (box 1.1649  cls 0.5778  dfl 0.9503)  | Base 173.524 (box 1.1652  cls 0.5984  dfl 0.9477)  | KD 15.601 (box 0.23339  cls 0.00871  dfl 0.00047  feat 0.00120)
  Epoch 21/100  Batch 219/1094 (20.0%)  | Super 176.382 (box 1.2060  cls 0.5920  dfl 0.9581)  | Base 179.231 (box 1.2226  cls 0.6146  dfl 0.9633)  | KD 14.591 (box 0.21797  cls 0.00828  dfl 0.00043  feat 0.00130)
  Epoch 21/100  Batch 328/1094 (30.0%)  | Super 175.588 (box 1.1654  cls 0.5932  dfl 0.9849)  | Base 177.651 (box 1.1821  cls 0.6132  dfl 0.9806)  | KD 14.457 (box 0.21542  cls 0.00875  dfl 0.00041  feat 0.00131)
  Epoch 21/100  Batch 437/1094 (39.9%)  | Super 181.535 (box 1.2294  cls 0.6534  dfl 0.9537)  | Base 185.289 (box 1.2615  cls 0.6761  dfl 0.9575)  | KD 15.491 (box 0.23261  cls 0.00777  dfl 0.00041  feat 0.00125)
  Epoch 21/100  Batch 546/1094 (49.9%)  | Super 173.256 (box 1.1367  cls 0.6096  dfl 0.9608)  | Base 174.906 (box 1.1494  cls 0.6306  dfl 0.9529)  | KD 14.916 (box 0.22466  cls 0.00665  dfl 0.00045  feat 0.00130)
  Epoch 21/100  Batch 655/1094 (59.9%)  | Super 185.568 (box 1.2778  cls 0.6632  dfl 0.9585)  | Base 186.174 (box 1.2847  cls 0.6681  dfl 0.9562)  | KD 15.710 (box 0.23560  cls 0.00816  dfl 0.00040  feat 0.00132)
  Epoch 21/100  Batch 764/1094 (69.8%)  | Super 185.410 (box 1.2582  cls 0.6624  dfl 0.9765)  | Base 187.201 (box 1.2735  cls 0.6747  dfl 0.9768)  | KD 17.218 (box 0.26100  cls 0.00625  dfl 0.00057  feat 0.00121)
  Epoch 21/100  Batch 873/1094 (79.8%)  | Super 177.660 (box 1.1874  cls 0.6345  dfl 0.9540)  | Base 179.354 (box 1.2005  cls 0.6424  dfl 0.9594)  | KD 15.459 (box 0.23351  cls 0.00642  dfl 0.00044  feat 0.00118)
  Epoch 21/100  Batch 982/1094 (89.8%)  | Super 183.993 (box 1.2296  cls 0.6410  dfl 1.0043)  | Base 184.852 (box 1.2339  cls 0.6507  dfl 1.0038)  | KD 17.041 (box 0.25833  cls 0.00621  dfl 0.00053  feat 0.00120)
  Epoch 21/100  Batch 1091/1094 (99.7%)  | Super 169.958 (box 1.1318  cls 0.5749  dfl 0.9489)  | Base 172.022 (box 1.1371  cls 0.5983  dfl 0.9525)  | KD 12.777 (box 0.19111  cls 0.00700  dfl 0.00036  feat 0.00117)

================================================================================
  [Validation] Super model (skip=False)  |  Epoch 21/100
================================================================================
[*] Validation input tensor shape: torch.Size([64, 3, 384, 672])
                 Class     Images  Instances      Box(P          R      mAP50  mAP50-95)
                   all      10000     185578      0.724      0.498      0.551      0.322

================================================================================
  [Validation] Base model  (skip=True)   |  Epoch 21/100
================================================================================
[*] Validation input tensor shape: torch.Size([64, 3, 384, 672])
                 Class     Images  Instances      Box(P          R      mAP50  mAP50-95)
                   all      10000     185578      0.728      0.491      0.549       0.32

           Epoch         GPU_mem          box_om          cls_om          dfl_om          box_oo          cls_oo          dfl_oo       Instances            Size
  Epoch 22/100  Batch 1/1094 (0.1%)  | Super 171.618 (box 1.1260  cls 0.5793  dfl 0.9762)  | Base 174.443 (box 1.1425  cls 0.6082  dfl 0.9750)  | KD 14.482 (box 0.21803  cls 0.00646  dfl 0.00051  feat 0.00128)
  Epoch 22/100  Batch 110/1094 (10.1%)  | Super 181.803 (box 1.2175  cls 0.6246  dfl 0.9985)  | Base 184.332 (box 1.2345  cls 0.6436  dfl 1.0021)  | KD 15.921 (box 0.24109  cls 0.00585  dfl 0.00047  feat 0.00135)
  Epoch 22/100  Batch 219/1094 (20.0%)  | Super 175.091 (box 1.1870  cls 0.5955  dfl 0.9533)  | Base 177.525 (box 1.2045  cls 0.6116  dfl 0.9578)  | KD 14.717 (box 0.21897  cls 0.00925  dfl 0.00047  feat 0.00126)
  Epoch 22/100  Batch 328/1094 (30.0%)  | Super 170.246 (box 1.1199  cls 0.5875  dfl 0.9527)  | Base 173.548 (box 1.1400  cls 0.6173  dfl 0.9544)  | KD 15.819 (box 0.23814  cls 0.00728  dfl 0.00057  feat 0.00118)
  Epoch 22/100  Batch 437/1094 (39.9%)  | Super 180.305 (box 1.2352  cls 0.6294  dfl 0.9526)  | Base 183.876 (box 1.2646  cls 0.6484  dfl 0.9600)  | KD 16.213 (box 0.23571  cls 0.01581  dfl 0.00053  feat 0.00128)
  Epoch 22/100  Batch 546/1094 (49.9%)  | Super 175.069 (box 1.1518  cls 0.6271  dfl 0.9565)  | Base 176.151 (box 1.1539  cls 0.6412  dfl 0.9572)  | KD 14.423 (box 0.21466  cls 0.00910  dfl 0.00041  feat 0.00119)
  Epoch 22/100  Batch 655/1094 (59.9%)  | Super 183.910 (box 1.2525  cls 0.6731  dfl 0.9481)  | Base 186.614 (box 1.2642  cls 0.7001  dfl 0.9515)  | KD 16.744 (box 0.25153  cls 0.00831  dfl 0.00050  feat 0.00128)
  Epoch 22/100  Batch 764/1094 (69.8%)  | Super 183.637 (box 1.2575  cls 0.6459  dfl 0.9660)  | Base 185.275 (box 1.2628  cls 0.6658  dfl 0.9662)  | KD 18.261 (box 0.27641  cls 0.00717  dfl 0.00056  feat 0.00118)
  Epoch 22/100  Batch 873/1094 (79.8%)  | Super 178.259 (box 1.2044  cls 0.6050  dfl 0.9759)  | Base 180.602 (box 1.2191  cls 0.6191  dfl 0.9838)  | KD 16.384 (box 0.24203  cls 0.01233  dfl 0.00046  feat 0.00119)
  Epoch 22/100  Batch 982/1094 (89.8%)  | Super 183.574 (box 1.2145  cls 0.6408  dfl 1.0130)  | Base 186.881 (box 1.2378  cls 0.6696  dfl 1.0126)  | KD 16.559 (box 0.24780  cls 0.00926  dfl 0.00046  feat 0.00121)
  Epoch 22/100  Batch 1091/1094 (99.7%)  | Super 165.876 (box 1.1173  cls 0.5455  dfl 0.9290)  | Base 168.567 (box 1.1309  cls 0.5711  dfl 0.9319)  | KD 13.427 (box 0.19685  cls 0.01136  dfl 0.00043  feat 0.00117)

================================================================================
  [Validation] Super model (skip=False)  |  Epoch 22/100
================================================================================
[*] Validation input tensor shape: torch.Size([64, 3, 384, 672])
                 Class     Images  Instances      Box(P          R      mAP50  mAP50-95)
                   all      10000     185578      0.633      0.495       0.55      0.321

================================================================================
  [Validation] Base model  (skip=True)   |  Epoch 22/100
================================================================================
[*] Validation input tensor shape: torch.Size([64, 3, 384, 672])
                 Class     Images  Instances      Box(P          R      mAP50  mAP50-95)
                   all      10000     185578      0.724      0.491      0.543      0.318

           Epoch         GPU_mem          box_om          cls_om          dfl_om          box_oo          cls_oo          dfl_oo       Instances            Size
  Epoch 23/100  Batch 1/1094 (0.1%)  | Super 165.951 (box 1.0986  cls 0.5556  dfl 0.9388)  | Base 166.916 (box 1.1036  cls 0.5662  dfl 0.9382)  | KD 14.324 (box 0.21640  cls 0.00572  dfl 0.00048  feat 0.00121)
  Epoch 23/100  Batch 110/1094 (10.1%)  | Super 175.162 (box 1.1789  cls 0.5956  dfl 0.9624)  | Base 178.196 (box 1.1992  cls 0.6211  dfl 0.9640)  | KD 16.563 (box 0.24978  cls 0.00731  dfl 0.00048  feat 0.00122)
  Epoch 23/100  Batch 219/1094 (20.0%)  | Super 175.568 (box 1.1826  cls 0.5999  dfl 0.9608)  | Base 178.617 (box 1.1995  cls 0.6286  dfl 0.9629)  | KD 15.858 (box 0.23784  cls 0.00825  dfl 0.00050  feat 0.00120)
  Epoch 23/100  Batch 328/1094 (30.0%)  | Super 170.546 (box 1.1317  cls 0.5869  dfl 0.9462)  | Base 172.854 (box 1.1380  cls 0.6143  dfl 0.9486)  | KD 14.751 (box 0.22067  cls 0.00821  dfl 0.00043  feat 0.00117)
  Epoch 23/100  Batch 437/1094 (39.9%)  | Super 180.353 (box 1.2224  cls 0.6368  dfl 0.9588)  | Base 182.152 (box 1.2283  cls 0.6615  dfl 0.9563)  | KD 15.319 (box 0.23130  cls 0.00643  dfl 0.00044  feat 0.00119)
  Epoch 23/100  Batch 546/1094 (49.9%)  | Super 172.434 (box 1.1352  cls 0.6068  dfl 0.9523)  | Base 174.879 (box 1.1522  cls 0.6301  dfl 0.9502)  | KD 14.975 (box 0.22478  cls 0.00750  dfl 0.00045  feat 0.00125)
  Epoch 23/100  Batch 655/1094 (59.9%)  | Super 177.829 (box 1.2263  cls 0.6223  dfl 0.9300)  | Base 179.203 (box 1.2311  cls 0.6420  dfl 0.9269)  | KD 18.381 (box 0.27416  cls 0.01127  dfl 0.00056  feat 0.00121)
  Epoch 23/100  Batch 764/1094 (69.8%)  | Super 186.244 (box 1.2686  cls 0.6716  dfl 0.9699)  | Base 189.687 (box 1.2926  cls 0.6984  dfl 0.9728)  | KD 18.457 (box 0.27808  cls 0.00862  dfl 0.00047  feat 0.00123)
  Epoch 23/100  Batch 873/1094 (79.8%)  | Super 184.079 (box 1.2221  cls 0.6480  dfl 1.0062)  | Base 185.561 (box 1.2292  cls 0.6638  dfl 1.0064)  | KD 19.869 (box 0.29812  cls 0.01042  dfl 0.00065  feat 0.00126)
  Epoch 23/100  Batch 982/1094 (89.8%)  | Super 182.127 (box 1.2023  cls 0.6544  dfl 0.9890)  | Base 185.477 (box 1.2312  cls 0.6719  dfl 0.9950)  | KD 16.726 (box 0.25074  cls 0.00886  dfl 0.00051  feat 0.00123)
  Epoch 23/100  Batch 1091/1094 (99.7%)  | Super 173.159 (box 1.1435  cls 0.5770  dfl 0.9852)  | Base 174.429 (box 1.1505  cls 0.5904  dfl 0.9846)  | KD 13.014 (box 0.19611  cls 0.00563  dfl 0.00041  feat 0.00119)

================================================================================
  [Validation] Super model (skip=False)  |  Epoch 23/100
================================================================================
[*] Validation input tensor shape: torch.Size([64, 3, 384, 672])
                 Class     Images  Instances      Box(P          R      mAP50  mAP50-95)
                   all      10000     185578      0.631      0.514      0.553      0.321

================================================================================
  [Validation] Base model  (skip=True)   |  Epoch 23/100
================================================================================
[*] Validation input tensor shape: torch.Size([64, 3, 384, 672])
                 Class     Images  Instances      Box(P          R      mAP50  mAP50-95)
                   all      10000     185578      0.634       0.49      0.543      0.316

           Epoch         GPU_mem          box_om          cls_om          dfl_om          box_oo          cls_oo          dfl_oo       Instances            Size
  Epoch 24/100  Batch 1/1094 (0.1%)  | Super 164.743 (box 1.0613  cls 0.5756  dfl 0.9372)  | Base 167.514 (box 1.0847  cls 0.5956  dfl 0.9371)  | KD 14.786 (box 0.22084  cls 0.00849  dfl 0.00046  feat 0.00125)
  Epoch 24/100  Batch 110/1094 (10.1%)  | Super 179.795 (box 1.2305  cls 0.6141  dfl 0.9647)  | Base 183.292 (box 1.2535  cls 0.6373  dfl 0.9731)  | KD 17.284 (box 0.26002  cls 0.00827  dfl 0.00056  feat 0.00121)
  Epoch 24/100  Batch 219/1094 (20.0%)  | Super 175.085 (box 1.1671  cls 0.6056  dfl 0.9630)  | Base 178.045 (box 1.1802  cls 0.6338  dfl 0.9680)  | KD 14.824 (box 0.22370  cls 0.00626  dfl 0.00045  feat 0.00122)
  Epoch 24/100  Batch 328/1094 (30.0%)  | Super 181.710 (box 1.2096  cls 0.6292  dfl 1.0004)  | Base 182.809 (box 1.2165  cls 0.6397  dfl 1.0001)  | KD 15.656 (box 0.23535  cls 0.00766  dfl 0.00047  feat 0.00115)
  Epoch 24/100  Batch 437/1094 (39.9%)  | Super 181.081 (box 1.2184  cls 0.6349  dfl 0.9760)  | Base 182.650 (box 1.2272  cls 0.6550  dfl 0.9717)  | KD 14.090 (box 0.21171  cls 0.00682  dfl 0.00039  feat 0.00123)
  Epoch 24/100  Batch 546/1094 (49.9%)  | Super 175.181 (box 1.1590  cls 0.6116  dfl 0.9666)  | Base 179.070 (box 1.1811  cls 0.6436  dfl 0.9733)  | KD 14.149 (box 0.21210  cls 0.00739  dfl 0.00038  feat 0.00121)
  Epoch 24/100  Batch 655/1094 (59.9%)  | Super 175.942 (box 1.1932  cls 0.6247  dfl 0.9313)  | Base 178.576 (box 1.2090  cls 0.6447  dfl 0.9365)  | KD 17.010 (box 0.25703  cls 0.00703  dfl 0.00055  feat 0.00116)
  Epoch 24/100  Batch 764/1094 (69.8%)  | Super 186.327 (box 1.2694  cls 0.6499  dfl 0.9920)  | Base 187.973 (box 1.2742  cls 0.6792  dfl 0.9837)  | KD 15.768 (box 0.23836  cls 0.00642  dfl 0.00045  feat 0.00115)
  Epoch 24/100  Batch 873/1094 (79.8%)  | Super 178.230 (box 1.1838  cls 0.6320  dfl 0.9691)  | Base 179.172 (box 1.1981  cls 0.6330  dfl 0.9685)  | KD 16.919 (box 0.25347  cls 0.00912  dfl 0.00052  feat 0.00125)
  Epoch 24/100  Batch 982/1094 (89.8%)  | Super 186.410 (box 1.2523  cls 0.6425  dfl 1.0179)  | Base 188.409 (box 1.2654  cls 0.6605  dfl 1.0180)  | KD 15.784 (box 0.23781  cls 0.00724  dfl 0.00045  feat 0.00114)
  Epoch 24/100  Batch 1091/1094 (99.7%)  | Super 166.789 (box 1.0879  cls 0.5638  dfl 0.9544)  | Base 169.990 (box 1.1129  cls 0.5824  dfl 0.9607)  | KD 12.818 (box 0.19210  cls 0.00657  dfl 0.00040  feat 0.00122)

================================================================================
  [Validation] Super model (skip=False)  |  Epoch 24/100
================================================================================
[*] Validation input tensor shape: torch.Size([64, 3, 384, 672])
                 Class     Images  Instances      Box(P          R      mAP50  mAP50-95)
                   all      10000     185578      0.624      0.502       0.55      0.321

================================================================================
  [Validation] Base model  (skip=True)   |  Epoch 24/100
================================================================================
[*] Validation input tensor shape: torch.Size([64, 3, 384, 672])
                 Class     Images  Instances      Box(P          R      mAP50  mAP50-95)
                   all      10000     185578      0.632       0.49      0.542      0.316

           Epoch         GPU_mem          box_om          cls_om          dfl_om          box_oo          cls_oo          dfl_oo       Instances            Size
  Epoch 25/100  Batch 1/1094 (0.1%)  | Super 166.728 (box 1.0837  cls 0.5620  dfl 0.9594)  | Base 167.900 (box 1.0907  cls 0.5746  dfl 0.9582)  | KD 13.391 (box 0.19965  cls 0.00782  dfl 0.00042  feat 0.00133)
  Epoch 25/100  Batch 110/1094 (10.1%)  | Super 176.518 (box 1.1858  cls 0.5849  dfl 0.9875)  | Base 178.926 (box 1.1960  cls 0.6150  dfl 0.9847)  | KD 15.791 (box 0.23768  cls 0.00735  dfl 0.00050  feat 0.00120)
  Epoch 25/100  Batch 219/1094 (20.0%)  | Super 174.559 (box 1.1743  cls 0.5911  dfl 0.9621)  | Base 178.711 (box 1.1999  cls 0.6295  dfl 0.9630)  | KD 14.975 (box 0.22505  cls 0.00719  dfl 0.00055  feat 0.00119)
  Epoch 25/100  Batch 328/1094 (30.0%)  | Super 170.593 (box 1.1380  cls 0.5724  dfl 0.9551)  | Base 172.492 (box 1.1460  cls 0.6001  dfl 0.9491)  | KD 14.726 (box 0.22093  cls 0.00754  dfl 0.00046  feat 0.00116)
  Epoch 25/100  Batch 437/1094 (39.9%)  | Super 185.050 (box 1.2609  cls 0.6498  dfl 0.9806)  | Base 185.954 (box 1.2669  cls 0.6590  dfl 0.9796)  | KD 15.218 (box 0.22743  cls 0.00852  dfl 0.00045  feat 0.00139)
  Epoch 25/100  Batch 546/1094 (49.9%)  | Super 170.090 (box 1.1196  cls 0.5961  dfl 0.9419)  | Base 173.340 (box 1.1367  cls 0.6232  dfl 0.9485)  | KD 14.848 (box 0.22086  cls 0.00950  dfl 0.00049  feat 0.00115)
  Epoch 25/100  Batch 655/1094 (59.9%)  | Super 179.423 (box 1.2159  cls 0.6252  dfl 0.9624)  | Base 182.879 (box 1.2442  cls 0.6452  dfl 0.9680)  | KD 16.308 (box 0.24524  cls 0.00777  dfl 0.00052  feat 0.00127)
  Epoch 25/100  Batch 764/1094 (69.8%)  | Super 190.034 (box 1.3047  cls 0.6803  dfl 0.9843)  | Base 191.559 (box 1.3133  cls 0.7014  dfl 0.9784)  | KD 18.212 (box 0.27594  cls 0.00694  dfl 0.00048  feat 0.00120)
  Epoch 25/100  Batch 873/1094 (79.8%)  | Super 184.142 (box 1.2303  cls 0.6479  dfl 0.9990)  | Base 186.307 (box 1.2448  cls 0.6689  dfl 0.9973)  | KD 16.876 (box 0.25557  cls 0.00624  dfl 0.00059  feat 0.00129)
  Epoch 25/100  Batch 982/1094 (89.8%)  | Super 182.774 (box 1.2385  cls 0.6180  dfl 0.9993)  | Base 184.683 (box 1.2525  cls 0.6399  dfl 0.9933)  | KD 15.646 (box 0.23424  cls 0.00867  dfl 0.00046  feat 0.00110)
  Epoch 25/100  Batch 1091/1094 (99.7%)  | Super 169.580 (box 1.1207  cls 0.5639  dfl 0.9651)  | Base 172.982 (box 1.1411  cls 0.5972  dfl 0.9646)  | KD 13.162 (box 0.19426  cls 0.00974  dfl 0.00042  feat 0.00123)

================================================================================
  [Validation] Super model (skip=False)  |  Epoch 25/100
================================================================================
[*] Validation input tensor shape: torch.Size([64, 3, 384, 672])
                 Class     Images  Instances      Box(P          R      mAP50  mAP50-95)
                   all      10000     185578      0.732        0.5      0.553      0.322

================================================================================
  [Validation] Base model  (skip=True)   |  Epoch 25/100
================================================================================
[*] Validation input tensor shape: torch.Size([64, 3, 384, 672])
                 Class     Images  Instances      Box(P          R      mAP50  mAP50-95)
                   all      10000     185578      0.629      0.496      0.547      0.319

           Epoch         GPU_mem          box_om          cls_om          dfl_om          box_oo          cls_oo          dfl_oo       Instances            Size
  Epoch 26/100  Batch 1/1094 (0.1%)  | Super 166.525 (box 1.0960  cls 0.5523  dfl 0.9537)  | Base 169.100 (box 1.1069  cls 0.5834  dfl 0.9519)  | KD 13.736 (box 0.20584  cls 0.00720  dfl 0.00046  feat 0.00113)
  Epoch 26/100  Batch 110/1094 (10.1%)  | Super 175.191 (box 1.1848  cls 0.5828  dfl 0.9698)  | Base 178.089 (box 1.2023  cls 0.6129  dfl 0.9675)  | KD 15.316 (box 0.23113  cls 0.00655  dfl 0.00046  feat 0.00117)
  Epoch 26/100  Batch 219/1094 (20.0%)  | Super 181.901 (box 1.2140  cls 0.6140  dfl 1.0142)  | Base 185.575 (box 1.2303  cls 0.6558  dfl 1.0136)  | KD 16.442 (box 0.24005  cls 0.01509  dfl 0.00055  feat 0.00123)
  Epoch 26/100  Batch 328/1094 (30.0%)  | Super 174.829 (box 1.1553  cls 0.6001  dfl 0.9763)  | Base 176.590 (box 1.1671  cls 0.6166  dfl 0.9755)  | KD 15.047 (box 0.22611  cls 0.00716  dfl 0.00047  feat 0.00137)
  Epoch 26/100  Batch 437/1094 (39.9%)  | Super 174.556 (box 1.1742  cls 0.6108  dfl 0.9425)  | Base 176.577 (box 1.1820  cls 0.6314  dfl 0.9456)  | KD 15.108 (box 0.22758  cls 0.00686  dfl 0.00041  feat 0.00121)
  Epoch 26/100  Batch 546/1094 (49.9%)  | Super 173.433 (box 1.1525  cls 0.6143  dfl 0.9430)  | Base 174.446 (box 1.1569  cls 0.6263  dfl 0.9424)  | KD 14.668 (box 0.22155  cls 0.00612  dfl 0.00043  feat 0.00109)
  Epoch 26/100  Batch 655/1094 (59.9%)  | Super 180.221 (box 1.2318  cls 0.6379  dfl 0.9463)  | Base 182.645 (box 1.2388  cls 0.6671  dfl 0.9480)  | KD 16.521 (box 0.24961  cls 0.00682  dfl 0.00049  feat 0.00123)
  Epoch 26/100  Batch 764/1094 (69.8%)  | Super 186.422 (box 1.2819  cls 0.6476  dfl 0.9833)  | Base 188.655 (box 1.2939  cls 0.6699  dfl 0.9839)  | KD 16.243 (box 0.24472  cls 0.00729  dfl 0.00045  feat 0.00134)
  Epoch 26/100  Batch 873/1094 (79.8%)  | Super 180.371 (box 1.2154  cls 0.6293  dfl 0.9736)  | Base 181.563 (box 1.2245  cls 0.6367  dfl 0.9757)  | KD 16.853 (box 0.25488  cls 0.00658  dfl 0.00056  feat 0.00130)
  Epoch 26/100  Batch 982/1094 (89.8%)  | Super 184.589 (box 1.2354  cls 0.6455  dfl 1.0032)  | Base 187.324 (box 1.2522  cls 0.6678  dfl 1.0069)  | KD 17.231 (box 0.25878  cls 0.00866  dfl 0.00048  feat 0.00131)
  Epoch 26/100  Batch 1091/1094 (99.7%)  | Super 170.386 (box 1.1306  cls 0.5748  dfl 0.9569)  | Base 172.222 (box 1.1409  cls 0.5889  dfl 0.9611)  | KD 13.437 (box 0.20088  cls 0.00755  dfl 0.00041  feat 0.00111)

================================================================================
  [Validation] Super model (skip=False)  |  Epoch 26/100
================================================================================
[*] Validation input tensor shape: torch.Size([64, 3, 384, 672])
                 Class     Images  Instances      Box(P          R      mAP50  mAP50-95)
                   all      10000     185578      0.618      0.521      0.555      0.324

================================================================================
  [Validation] Base model  (skip=True)   |  Epoch 26/100
================================================================================
[*] Validation input tensor shape: torch.Size([64, 3, 384, 672])
                 Class     Images  Instances      Box(P          R      mAP50  mAP50-95)
                   all      10000     185578      0.647      0.528      0.554      0.323

           Epoch         GPU_mem          box_om          cls_om          dfl_om          box_oo          cls_oo          dfl_oo       Instances            Size
  Epoch 27/100  Batch 1/1094 (0.1%)  | Super 167.530 (box 1.0859  cls 0.5684  dfl 0.9634)  | Base 169.085 (box 1.0978  cls 0.5812  dfl 0.9629)  | KD 13.390 (box 0.20117  cls 0.00649  dfl 0.00040  feat 0.00114)
  Epoch 27/100  Batch 110/1094 (10.1%)  | Super 177.316 (box 1.1938  cls 0.5880  dfl 0.9888)  | Base 179.054 (box 1.2037  cls 0.6116  dfl 0.9825)  | KD 15.281 (box 0.22918  cls 0.00780  dfl 0.00047  feat 0.00132)
  Epoch 27/100  Batch 219/1094 (20.0%)  | Super 176.920 (box 1.1691  cls 0.6162  dfl 0.9790)  | Base 179.012 (box 1.1790  cls 0.6415  dfl 0.9765)  | KD 15.998 (box 0.23329  cls 0.01488  dfl 0.00050  feat 0.00130)
  Epoch 27/100  Batch 328/1094 (30.0%)  | Super 170.229 (box 1.1303  cls 0.5568  dfl 0.9727)  | Base 173.544 (box 1.1503  cls 0.5809  dfl 0.9804)  | KD 13.583 (box 0.20613  cls 0.00442  dfl 0.00041  feat 0.00127)
  Epoch 27/100  Batch 437/1094 (39.9%)  | Super 175.443 (box 1.1725  cls 0.6141  dfl 0.9547)  | Base 179.685 (box 1.1955  cls 0.6443  dfl 0.9678)  | KD 14.693 (box 0.21852  cls 0.00933  dfl 0.00043  feat 0.00130)
  Epoch 27/100  Batch 546/1094 (49.9%)  | Super 167.975 (box 1.0935  cls 0.6106  dfl 0.9205)  | Base 169.198 (box 1.1044  cls 0.6254  dfl 0.9139)  | KD 14.046 (box 0.20996  cls 0.00780  dfl 0.00044  feat 0.00127)
  Epoch 27/100  Batch 655/1094 (59.9%)  | Super 179.110 (box 1.2311  cls 0.6291  dfl 0.9383)  | Base 181.964 (box 1.2510  cls 0.6466  dfl 0.9456)  | KD 16.051 (box 0.23923  cls 0.00982  dfl 0.00045  feat 0.00130)
  Epoch 27/100  Batch 764/1094 (69.8%)  | Super 189.263 (box 1.2923  cls 0.6687  dfl 0.9962)  | Base 191.293 (box 1.3031  cls 0.6943  dfl 0.9915)  | KD 16.678 (box 0.25122  cls 0.00773  dfl 0.00047  feat 0.00118)
  Epoch 27/100  Batch 873/1094 (79.8%)  | Super 180.514 (box 1.2241  cls 0.6235  dfl 0.9729)  | Base 181.343 (box 1.2233  cls 0.6399  dfl 0.9703)  | KD 16.566 (box 0.24759  cls 0.00956  dfl 0.00049  feat 0.00119)
  Epoch 27/100  Batch 982/1094 (89.8%)  | Super 179.295 (box 1.1916  cls 0.6277  dfl 0.9822)  | Base 181.696 (box 1.2081  cls 0.6466  dfl 0.9843)  | KD 16.982 (box 0.25780  cls 0.00586  dfl 0.00046  feat 0.00123)
  Epoch 27/100  Batch 1091/1094 (99.7%)  | Super 168.067 (box 1.0906  cls 0.5765  dfl 0.9590)  | Base 170.386 (box 1.1021  cls 0.5994  dfl 0.9608)  | KD 13.244 (box 0.19815  cls 0.00711  dfl 0.00043  feat 0.00125)

================================================================================
  [Validation] Super model (skip=False)  |  Epoch 27/100
================================================================================
[*] Validation input tensor shape: torch.Size([64, 3, 384, 672])
                 Class     Images  Instances      Box(P          R      mAP50  mAP50-95)
                   all      10000     185578      0.638      0.497      0.555      0.324

================================================================================
  [Validation] Base model  (skip=True)   |  Epoch 27/100
================================================================================
[*] Validation input tensor shape: torch.Size([64, 3, 384, 672])
                 Class     Images  Instances      Box(P          R      mAP50  mAP50-95)
                   all      10000     185578      0.681      0.494      0.551      0.324

           Epoch         GPU_mem          box_om          cls_om          dfl_om          box_oo          cls_oo          dfl_oo       Instances            Size
  Epoch 28/100  Batch 1/1094 (0.1%)  | Super 165.247 (box 1.0838  cls 0.5584  dfl 0.9397)  | Base 167.084 (box 1.0970  cls 0.5837  dfl 0.9300)  | KD 14.019 (box 0.21042  cls 0.00688  dfl 0.00044  feat 0.00131)
  Epoch 28/100  Batch 110/1094 (10.1%)  | Super 173.188 (box 1.1691  cls 0.5847  dfl 0.9523)  | Base 175.483 (box 1.1836  cls 0.6102  dfl 0.9482)  | KD 15.998 (box 0.23983  cls 0.00836  dfl 0.00049  feat 0.00128)
  Epoch 28/100  Batch 219/1094 (20.0%)  | Super 169.322 (box 1.1273  cls 0.5683  dfl 0.9500)  | Base 172.047 (box 1.1408  cls 0.5996  dfl 0.9478)  | KD 15.686 (box 0.23243  cls 0.01093  dfl 0.00051  feat 0.00121)
  Epoch 28/100  Batch 328/1094 (30.0%)  | Super 170.631 (box 1.1203  cls 0.5756  dfl 0.9702)  | Base 171.785 (box 1.1236  cls 0.5944  dfl 0.9662)  | KD 15.616 (box 0.23342  cls 0.00893  dfl 0.00049  feat 0.00116)
  Epoch 28/100  Batch 437/1094 (39.9%)  | Super 176.880 (box 1.1897  cls 0.6191  dfl 0.9549)  | Base 178.860 (box 1.2022  cls 0.6367  dfl 0.9558)  | KD 15.341 (box 0.22973  cls 0.00832  dfl 0.00044  feat 0.00121)
  Epoch 28/100  Batch 546/1094 (49.9%)  | Super 174.783 (box 1.1593  cls 0.6118  dfl 0.9599)  | Base 176.245 (box 1.1584  cls 0.6382  dfl 0.9572)  | KD 15.278 (box 0.22924  cls 0.00780  dfl 0.00048  feat 0.00120)
  Epoch 28/100  Batch 655/1094 (59.9%)  | Super 179.621 (box 1.2222  cls 0.6328  dfl 0.9516)  | Base 182.338 (box 1.2384  cls 0.6605  dfl 0.9501)  | KD 16.248 (box 0.24128  cls 0.01093  dfl 0.00045  feat 0.00121)
  Epoch 28/100  Batch 764/1094 (69.8%)  | Super 189.586 (box 1.2793  cls 0.6638  dfl 1.0192)  | Base 192.298 (box 1.3039  cls 0.6819  dfl 1.0189)  | KD 17.212 (box 0.25872  cls 0.00848  dfl 0.00051  feat 0.00122)
  Epoch 28/100  Batch 873/1094 (79.8%)  | Super 178.603 (box 1.2009  cls 0.6255  dfl 0.9643)  | Base 180.444 (box 1.2041  cls 0.6492  dfl 0.9661)  | KD 15.840 (box 0.23652  cls 0.00930  dfl 0.00051  feat 0.00117)
  Epoch 28/100  Batch 982/1094 (89.8%)  | Super 177.043 (box 1.1701  cls 0.6108  dfl 0.9854)  | Base 180.561 (box 1.1988  cls 0.6348  dfl 0.9877)  | KD 16.873 (box 0.25372  cls 0.00827  dfl 0.00049  feat 0.00115)
  Epoch 28/100  Batch 1091/1094 (99.7%)  | Super 171.451 (box 1.1382  cls 0.5616  dfl 0.9791)  | Base 171.292 (box 1.1369  cls 0.5702  dfl 0.9694)  | KD 13.801 (box 0.20654  cls 0.00743  dfl 0.00041  feat 0.00126)

================================================================================
  [Validation] Super model (skip=False)  |  Epoch 28/100
================================================================================
[*] Validation input tensor shape: torch.Size([64, 3, 384, 672])
                 Class     Images  Instances      Box(P          R      mAP50  mAP50-95)
                   all      10000     185578      0.625      0.504      0.554      0.324

================================================================================
  [Validation] Base model  (skip=True)   |  Epoch 28/100
================================================================================
[*] Validation input tensor shape: torch.Size([64, 3, 384, 672])
                 Class     Images  Instances      Box(P          R      mAP50  mAP50-95)
                   all      10000     185578      0.646      0.515      0.552      0.323

           Epoch         GPU_mem          box_om          cls_om          dfl_om          box_oo          cls_oo          dfl_oo       Instances            Size
  Epoch 29/100  Batch 1/1094 (0.1%)  | Super 164.026 (box 1.0711  cls 0.5531  dfl 0.9387)  | Base 165.951 (box 1.0826  cls 0.5752  dfl 0.9351)  | KD 13.257 (box 0.19722  cls 0.00826  dfl 0.00042  feat 0.00123)
  Epoch 29/100  Batch 110/1094 (10.1%)  | Super 177.345 (box 1.1900  cls 0.6067  dfl 0.9743)  | Base 179.967 (box 1.2103  cls 0.6289  dfl 0.9727)  | KD 15.901 (box 0.23407  cls 0.01259  dfl 0.00045  feat 0.00135)
  Epoch 29/100  Batch 219/1094 (20.0%)  | Super 167.405 (box 1.1176  cls 0.5527  dfl 0.9454)  | Base 169.960 (box 1.1245  cls 0.5867  dfl 0.9445)  | KD 15.144 (box 0.22547  cls 0.00940  dfl 0.00052  feat 0.00124)
  Epoch 29/100  Batch 328/1094 (30.0%)  | Super 179.476 (box 1.1937  cls 0.6211  dfl 0.9895)  | Base 181.288 (box 1.1969  cls 0.6482  dfl 0.9876)  | KD 16.057 (box 0.24207  cls 0.00703  dfl 0.00045  feat 0.00134)
  Epoch 29/100  Batch 437/1094 (39.9%)  | Super 176.981 (box 1.1863  cls 0.6123  dfl 0.9667)  | Base 178.337 (box 1.2079  cls 0.6186  dfl 0.9599)  | KD 15.803 (box 0.23608  cls 0.00893  dfl 0.00053  feat 0.00137)
  Epoch 29/100  Batch 546/1094 (49.9%)  | Super 171.253 (box 1.1240  cls 0.6113  dfl 0.9405)  | Base 172.848 (box 1.1357  cls 0.6288  dfl 0.9363)  | KD 13.947 (box 0.20763  cls 0.00870  dfl 0.00044  feat 0.00116)
  Epoch 29/100  Batch 655/1094 (59.9%)  | Super 180.726 (box 1.2480  cls 0.6325  dfl 0.9433)  | Base 184.448 (box 1.2731  cls 0.6651  dfl 0.9438)  | KD 17.096 (box 0.25719  cls 0.00823  dfl 0.00051  feat 0.00120)
  Epoch 29/100  Batch 764/1094 (69.8%)  | Super 181.227 (box 1.2456  cls 0.6020  dfl 0.9841)  | Base 183.872 (box 1.2637  cls 0.6267  dfl 0.9826)  | KD 16.491 (box 0.24642  cls 0.00964  dfl 0.00044  feat 0.00118)
  Epoch 29/100  Batch 873/1094 (79.8%)  | Super 193.363 (box 1.3090  cls 0.6716  dfl 1.0407)  | Base 195.651 (box 1.3277  cls 0.6790  dfl 1.0504)  | KD 17.464 (box 0.26249  cls 0.00873  dfl 0.00052  feat 0.00113)
  Epoch 29/100  Batch 982/1094 (89.8%)  | Super 179.740 (box 1.1881  cls 0.6310  dfl 0.9894)  | Base 181.506 (box 1.1987  cls 0.6527  dfl 0.9846)  | KD 16.473 (box 0.24554  cls 0.01024  dfl 0.00044  feat 0.00117)
  Epoch 29/100  Batch 1091/1094 (99.7%)  | Super 166.276 (box 1.0908  cls 0.5532  dfl 0.9540)  | Base 167.940 (box 1.0971  cls 0.5772  dfl 0.9498)  | KD 13.258 (box 0.20016  cls 0.00538  dfl 0.00044  feat 0.00119)

================================================================================
  [Validation] Super model (skip=False)  |  Epoch 29/100
================================================================================
[*] Validation input tensor shape: torch.Size([64, 3, 384, 672])
                 Class     Images  Instances      Box(P          R      mAP50  mAP50-95)
                   all      10000     185578       0.62       0.52      0.557      0.325

================================================================================
  [Validation] Base model  (skip=True)   |  Epoch 29/100
================================================================================
[*] Validation input tensor shape: torch.Size([64, 3, 384, 672])
                 Class     Images  Instances      Box(P          R      mAP50  mAP50-95)
                   all      10000     185578      0.705      0.498      0.553      0.324

           Epoch         GPU_mem          box_om          cls_om          dfl_om          box_oo          cls_oo          dfl_oo       Instances            Size
  Epoch 30/100  Batch 1/1094 (0.1%)  | Super 162.428 (box 1.0652  cls 0.5201  dfl 0.9526)  | Base 163.777 (box 1.0739  cls 0.5387  dfl 0.9464)  | KD 13.829 (box 0.20808  cls 0.00637  dfl 0.00047  feat 0.00116)
  Epoch 30/100  Batch 110/1094 (10.1%)  | Super 177.503 (box 1.1996  cls 0.6000  dfl 0.9739)  | Base 178.672 (box 1.2027  cls 0.6196  dfl 0.9695)  | KD 15.885 (box 0.23971  cls 0.00669  dfl 0.00052  feat 0.00129)
  Epoch 30/100  Batch 219/1094 (20.0%)  | Super 181.899 (box 1.2432  cls 0.6026  dfl 0.9964)  | Base 185.845 (box 1.2648  cls 0.6318  dfl 1.0072)  | KD 16.263 (box 0.24260  cls 0.00978  dfl 0.00051  feat 0.00121)
  Epoch 30/100  Batch 328/1094 (30.0%)  | Super 176.356 (box 1.1610  cls 0.5861  dfl 1.0085)  | Base 178.479 (box 1.1692  cls 0.6118  dfl 1.0078)  | KD 14.808 (box 0.22203  cls 0.00760  dfl 0.00048  feat 0.00126)
  Epoch 30/100  Batch 437/1094 (39.9%)  | Super 178.913 (box 1.2081  cls 0.6186  dfl 0.9688)  | Base 179.908 (box 1.2139  cls 0.6368  dfl 0.9603)  | KD 13.792 (box 0.20527  cls 0.00868  dfl 0.00039  feat 0.00115)
  Epoch 30/100  Batch 546/1094 (49.9%)  | Super 170.299 (box 1.1201  cls 0.5815  dfl 0.9593)  | Base 171.626 (box 1.1292  cls 0.5924  dfl 0.9600)  | KD 13.449 (box 0.20059  cls 0.00789  dfl 0.00040  feat 0.00126)
  Epoch 30/100  Batch 655/1094 (59.9%)  | Super 183.291 (box 1.2588  cls 0.6523  dfl 0.9528)  | Base 186.271 (box 1.2737  cls 0.6842  dfl 0.9526)  | KD 17.535 (box 0.26250  cls 0.00965  dfl 0.00056  feat 0.00128)
  Epoch 30/100  Batch 764/1094 (69.8%)  | Super 186.299 (box 1.2873  cls 0.6371  dfl 0.9865)  | Base 190.912 (box 1.3138  cls 0.6802  dfl 0.9890)  | KD 19.120 (box 0.28429  cls 0.01265  dfl 0.00059  feat 0.00122)
  Epoch 30/100  Batch 873/1094 (79.8%)  | Super 176.157 (box 1.1719  cls 0.6042  dfl 0.9763)  | Base 177.020 (box 1.1667  cls 0.6244  dfl 0.9748)  | KD 16.343 (box 0.24672  cls 0.00693  dfl 0.00054  feat 0.00117)
  Epoch 30/100  Batch 982/1094 (89.8%)  | Super 180.446 (box 1.2024  cls 0.6193  dfl 0.9978)  | Base 184.456 (box 1.2356  cls 0.6469  dfl 0.9996)  | KD 16.622 (box 0.24957  cls 0.00860  dfl 0.00042  feat 0.00113)
  Epoch 30/100  Batch 1091/1094 (99.7%)  | Super 172.625 (box 1.1335  cls 0.5742  dfl 0.9895)  | Base 173.421 (box 1.1417  cls 0.5997  dfl 0.9683)  | KD 14.729 (box 0.22015  cls 0.00818  dfl 0.00045  feat 0.00135)

================================================================================
  [Validation] Super model (skip=False)  |  Epoch 30/100
================================================================================
[*] Validation input tensor shape: torch.Size([64, 3, 384, 672])
                 Class     Images  Instances      Box(P          R      mAP50  mAP50-95)
                   all      10000     185578      0.635      0.501      0.556      0.324

================================================================================
  [Validation] Base model  (skip=True)   |  Epoch 30/100
================================================================================
[*] Validation input tensor shape: torch.Size([64, 3, 384, 672])
                 Class     Images  Instances      Box(P          R      mAP50  mAP50-95)
                   all      10000     185578      0.662      0.513      0.552      0.322

           Epoch         GPU_mem          box_om          cls_om          dfl_om          box_oo          cls_oo          dfl_oo       Instances            Size
  Epoch 31/100  Batch 1/1094 (0.1%)  | Super 172.532 (box 1.1342  cls 0.5934  dfl 0.9682)  | Base 175.204 (box 1.1506  cls 0.6175  dfl 0.9695)  | KD 15.487 (box 0.23246  cls 0.00770  dfl 0.00063  feat 0.00120)
  Epoch 31/100  Batch 110/1094 (10.1%)  | Super 171.960 (box 1.1649  cls 0.5856  dfl 0.9364)  | Base 172.314 (box 1.1684  cls 0.5950  dfl 0.9290)  | KD 15.239 (box 0.22936  cls 0.00708  dfl 0.00047  feat 0.00120)
  Epoch 31/100  Batch 219/1094 (20.0%)  | Super 170.977 (box 1.1521  cls 0.5817  dfl 0.9378)  | Base 174.827 (box 1.1734  cls 0.6152  dfl 0.9431)  | KD 16.364 (box 0.24019  cls 0.01378  dfl 0.00052  feat 0.00120)
  Epoch 31/100  Batch 328/1094 (30.0%)  | Super 175.527 (box 1.1621  cls 0.6068  dfl 0.9737)  | Base 175.996 (box 1.1632  cls 0.6193  dfl 0.9674)  | KD 16.565 (box 0.24902  cls 0.00809  dfl 0.00051  feat 0.00121)
  Epoch 31/100  Batch 437/1094 (39.9%)  | Super 178.619 (box 1.2266  cls 0.6121  dfl 0.9523)  | Base 180.415 (box 1.2377  cls 0.6330  dfl 0.9483)  | KD 14.843 (box 0.22295  cls 0.00732  dfl 0.00041  feat 0.00124)
  Epoch 31/100  Batch 546/1094 (49.9%)  | Super 175.258 (box 1.1519  cls 0.6234  dfl 0.9631)  | Base 178.496 (box 1.1771  cls 0.6473  dfl 0.9646)  | KD 15.396 (box 0.23383  cls 0.00514  dfl 0.00049  feat 0.00110)
  Epoch 31/100  Batch 655/1094 (59.9%)  | Super 179.836 (box 1.2254  cls 0.6387  dfl 0.9458)  | Base 182.405 (box 1.2427  cls 0.6597  dfl 0.9476)  | KD 16.491 (box 0.24725  cls 0.00867  dfl 0.00046  feat 0.00129)
  Epoch 31/100  Batch 764/1094 (69.8%)  | Super 181.912 (box 1.2418  cls 0.6288  dfl 0.9718)  | Base 183.868 (box 1.2533  cls 0.6514  dfl 0.9683)  | KD 15.751 (box 0.23707  cls 0.00742  dfl 0.00042  feat 0.00120)
  Epoch 31/100  Batch 873/1094 (79.8%)  | Super 178.504 (box 1.1852  cls 0.6293  dfl 0.9747)  | Base 182.007 (box 1.2153  cls 0.6524  dfl 0.9762)  | KD 16.329 (box 0.24125  cls 0.01205  dfl 0.00048  feat 0.00135)
  Epoch 31/100  Batch 982/1094 (89.8%)  | Super 184.903 (box 1.2452  cls 0.6701  dfl 0.9737)  | Base 185.643 (box 1.2490  cls 0.6810  dfl 0.9707)  | KD 17.821 (box 0.26489  cls 0.01195  dfl 0.00047  feat 0.00115)
  Epoch 31/100  Batch 1091/1094 (99.7%)  | Super 164.526 (box 1.0755  cls 0.5459  dfl 0.9493)  | Base 166.929 (box 1.0891  cls 0.5745  dfl 0.9446)  | KD 14.064 (box 0.21174  cls 0.00642  dfl 0.00041  feat 0.00119)

================================================================================
  [Validation] Super model (skip=False)  |  Epoch 31/100
================================================================================
[*] Validation input tensor shape: torch.Size([64, 3, 384, 672])
                 Class     Images  Instances      Box(P          R      mAP50  mAP50-95)
                   all      10000     185578      0.634        0.5      0.556      0.324

================================================================================
  [Validation] Base model  (skip=True)   |  Epoch 31/100
================================================================================
[*] Validation input tensor shape: torch.Size([64, 3, 384, 672])
                 Class     Images  Instances      Box(P          R      mAP50  mAP50-95)
                   all      10000     185578       0.67      0.507      0.553      0.322

           Epoch         GPU_mem          box_om          cls_om          dfl_om          box_oo          cls_oo          dfl_oo       Instances            Size
  Epoch 32/100  Batch 1/1094 (0.1%)  | Super 169.294 (box 1.1089  cls 0.5657  dfl 0.9706)  | Base 171.235 (box 1.1178  cls 0.5888  dfl 0.9689)  | KD 13.499 (box 0.20094  cls 0.00827  dfl 0.00038  feat 0.00134)
  Epoch 32/100  Batch 110/1094 (10.1%)  | Super 176.369 (box 1.1846  cls 0.6000  dfl 0.9712)  | Base 178.995 (box 1.2041  cls 0.6131  dfl 0.9796)  | KD 16.594 (box 0.25078  cls 0.00684  dfl 0.00048  feat 0.00118)
  Epoch 32/100  Batch 219/1094 (20.0%)  | Super 173.950 (box 1.1748  cls 0.5751  dfl 0.9681)  | Base 175.530 (box 1.1803  cls 0.6005  dfl 0.9619)  | KD 15.042 (box 0.22636  cls 0.00687  dfl 0.00047  feat 0.00134)
  Epoch 32/100  Batch 328/1094 (30.0%)  | Super 175.475 (box 1.1745  cls 0.5806  dfl 0.9867)  | Base 177.384 (box 1.1826  cls 0.6104  dfl 0.9785)  | KD 14.916 (box 0.21798  cls 0.01331  dfl 0.00043  feat 0.00135)
  Epoch 32/100  Batch 437/1094 (39.9%)  | Super 175.059 (box 1.1764  cls 0.6158  dfl 0.9431)  | Base 177.468 (box 1.1886  cls 0.6332  dfl 0.9511)  | KD 15.889 (box 0.22894  cls 0.01769  dfl 0.00039  feat 0.00125)
  Epoch 32/100  Batch 546/1094 (49.9%)  | Super 173.052 (box 1.1254  cls 0.6175  dfl 0.9611)  | Base 174.802 (box 1.1362  cls 0.6393  dfl 0.9558)  | KD 14.236 (box 0.21296  cls 0.00783  dfl 0.00045  feat 0.00119)
  Epoch 32/100  Batch 655/1094 (59.9%)  | Super 175.486 (box 1.2036  cls 0.6112  dfl 0.9272)  | Base 178.026 (box 1.2221  cls 0.6300  dfl 0.9295)  | KD 15.462 (box 0.23257  cls 0.00735  dfl 0.00045  feat 0.00123)
  Epoch 32/100  Batch 764/1094 (69.8%)  | Super 182.317 (box 1.2505  cls 0.6122  dfl 0.9860)  | Base 185.063 (box 1.2734  cls 0.6319  dfl 0.9863)  | KD 16.895 (box 0.25619  cls 0.00613  dfl 0.00050  feat 0.00116)
  Epoch 32/100  Batch 873/1094 (79.8%)  | Super 181.017 (box 1.2246  cls 0.6173  dfl 0.9864)  | Base 181.682 (box 1.2251  cls 0.6357  dfl 0.9779)  | KD 16.213 (box 0.24412  cls 0.00741  dfl 0.00047  feat 0.00132)
  Epoch 32/100  Batch 982/1094 (89.8%)  | Super 176.730 (box 1.1578  cls 0.6253  dfl 0.9783)  | Base 180.120 (box 1.1864  cls 0.6421  dfl 0.9859)  | KD 16.363 (box 0.24410  cls 0.00994  dfl 0.00045  feat 0.00118)
  Epoch 32/100  Batch 1091/1094 (99.7%)  | Super 164.232 (box 1.1061  cls 0.5435  dfl 0.9165)  | Base 166.034 (box 1.1122  cls 0.5621  dfl 0.9200)  | KD 12.958 (box 0.19066  cls 0.01021  dfl 0.00038  feat 0.00121)

================================================================================
  [Validation] Super model (skip=False)  |  Epoch 32/100
================================================================================
[*] Validation input tensor shape: torch.Size([64, 3, 384, 672])
                 Class     Images  Instances      Box(P          R      mAP50  mAP50-95)
                   all      10000     185578      0.667      0.513      0.559      0.326

================================================================================
  [Validation] Base model  (skip=True)   |  Epoch 32/100
================================================================================
[*] Validation input tensor shape: torch.Size([64, 3, 384, 672])
                 Class     Images  Instances      Box(P          R      mAP50  mAP50-95)
                   all      10000     185578      0.688      0.505      0.558      0.327

           Epoch         GPU_mem          box_om          cls_om          dfl_om          box_oo          cls_oo          dfl_oo       Instances            Size
  Epoch 33/100  Batch 1/1094 (0.1%)  | Super 162.180 (box 1.0552  cls 0.5392  dfl 0.9396)  | Base 163.363 (box 1.0629  cls 0.5542  dfl 0.9354)  | KD 12.983 (box 0.19361  cls 0.00764  dfl 0.00041  feat 0.00121)
  Epoch 33/100  Batch 110/1094 (10.1%)  | Super 173.469 (box 1.1881  cls 0.5777  dfl 0.9446)  | Base 175.447 (box 1.2085  cls 0.5907  dfl 0.9422)  | KD 16.552 (box 0.24913  cls 0.00761  dfl 0.00050  feat 0.00138)
  Epoch 33/100  Batch 219/1094 (20.0%)  | Super 174.321 (box 1.1811  cls 0.5723  dfl 0.9703)  | Base 177.455 (box 1.1948  cls 0.6052  dfl 0.9727)  | KD 14.880 (box 0.22032  cls 0.01033  dfl 0.00054  feat 0.00131)
  Epoch 33/100  Batch 328/1094 (30.0%)  | Super 169.943 (box 1.1128  cls 0.5885  dfl 0.9541)  | Base 171.613 (box 1.1316  cls 0.5921  dfl 0.9578)  | KD 13.944 (box 0.20800  cls 0.00815  dfl 0.00039  feat 0.00133)
  Epoch 33/100  Batch 437/1094 (39.9%)  | Super 175.739 (box 1.1877  cls 0.5903  dfl 0.9680)  | Base 178.882 (box 1.2020  cls 0.6257  dfl 0.9673)  | KD 15.128 (box 0.22216  cls 0.01252  dfl 0.00039  feat 0.00131)
  Epoch 33/100  Batch 546/1094 (49.9%)  | Super 175.567 (box 1.1577  cls 0.6254  dfl 0.9602)  | Base 176.857 (box 1.1674  cls 0.6465  dfl 0.9495)  | KD 14.516 (box 0.21720  cls 0.00786  dfl 0.00041  feat 0.00134)
  Epoch 33/100  Batch 655/1094 (59.9%)  | Super 177.626 (box 1.2136  cls 0.6324  dfl 0.9293)  | Base 179.582 (box 1.2249  cls 0.6500  dfl 0.9310)  | KD 16.725 (box 0.24823  cls 0.01131  dfl 0.00048  feat 0.00130)
  Epoch 33/100  Batch 764/1094 (69.8%)  | Super 188.008 (box 1.2956  cls 0.6596  dfl 0.9824)  | Base 188.795 (box 1.2989  cls 0.6684  dfl 0.9826)  | KD 17.931 (box 0.27057  cls 0.00790  dfl 0.00049  feat 0.00122)
  Epoch 33/100  Batch 873/1094 (79.8%)  | Super 184.618 (box 1.2397  cls 0.6384  dfl 1.0065)  | Base 187.320 (box 1.2496  cls 0.6692  dfl 1.0081)  | KD 15.688 (box 0.23625  cls 0.00690  dfl 0.00046  feat 0.00152)
  Epoch 33/100  Batch 982/1094 (89.8%)  | Super 177.889 (box 1.1852  cls 0.6081  dfl 0.9862)  | Base 180.842 (box 1.2078  cls 0.6285  dfl 0.9894)  | KD 16.332 (box 0.24594  cls 0.00766  dfl 0.00044  feat 0.00114)
  Epoch 33/100  Batch 1091/1094 (99.7%)  | Super 164.155 (box 1.0808  cls 0.5367  dfl 0.9473)  | Base 165.652 (box 1.0909  cls 0.5515  dfl 0.9459)  | KD 13.165 (box 0.19774  cls 0.00629  dfl 0.00041  feat 0.00126)

================================================================================
  [Validation] Super model (skip=False)  |  Epoch 33/100
================================================================================
[*] Validation input tensor shape: torch.Size([64, 3, 384, 672])
                 Class     Images  Instances      Box(P          R      mAP50  mAP50-95)
                   all      10000     185578      0.648      0.524      0.561      0.328

================================================================================
  [Validation] Base model  (skip=True)   |  Epoch 33/100
================================================================================
[*] Validation input tensor shape: torch.Size([64, 3, 384, 672])
                 Class     Images  Instances      Box(P          R      mAP50  mAP50-95)
                   all      10000     185578      0.673      0.505      0.559      0.326

           Epoch         GPU_mem          box_om          cls_om          dfl_om          box_oo          cls_oo          dfl_oo       Instances            Size
  Epoch 34/100  Batch 1/1094 (0.1%)  | Super 162.745 (box 1.0793  cls 0.5421  dfl 0.9215)  | Base 164.407 (box 1.0820  cls 0.5694  dfl 0.9175)  | KD 13.681 (box 0.20327  cls 0.00879  dfl 0.00041  feat 0.00129)
  Epoch 34/100  Batch 110/1094 (10.1%)  | Super 175.987 (box 1.1765  cls 0.6092  dfl 0.9641)  | Base 177.693 (box 1.1904  cls 0.6267  dfl 0.9593)  | KD 15.099 (box 0.22794  cls 0.00633  dfl 0.00041  feat 0.00124)
  Epoch 34/100  Batch 219/1094 (20.0%)  | Super 174.304 (box 1.1840  cls 0.5856  dfl 0.9539)  | Base 176.323 (box 1.1856  cls 0.6222  dfl 0.9473)  | KD 14.567 (box 0.21311  cls 0.01287  dfl 0.00042  feat 0.00120)
  Epoch 34/100  Batch 328/1094 (30.0%)  | Super 171.832 (box 1.1329  cls 0.5919  dfl 0.9600)  | Base 172.625 (box 1.1369  cls 0.6023  dfl 0.9581)  | KD 14.977 (box 0.22159  cls 0.01074  dfl 0.00044  feat 0.00124)
  Epoch 34/100  Batch 437/1094 (39.9%)  | Super 179.520 (box 1.2128  cls 0.6229  dfl 0.9693)  | Base 183.138 (box 1.2465  cls 0.6405  dfl 0.9745)  | KD 15.333 (box 0.22810  cls 0.00958  dfl 0.00040  feat 0.00151)
  Epoch 34/100  Batch 546/1094 (49.9%)  | Super 172.579 (box 1.1415  cls 0.6098  dfl 0.9452)  | Base 174.214 (box 1.1509  cls 0.6253  dfl 0.9459)  | KD 14.727 (box 0.22146  cls 0.00697  dfl 0.00043  feat 0.00126)
  Epoch 34/100  Batch 655/1094 (59.9%)  | Super 182.793 (box 1.2562  cls 0.6528  dfl 0.9472)  | Base 184.234 (box 1.2571  cls 0.6741  dfl 0.9475)  | KD 16.961 (box 0.25236  cls 0.01093  dfl 0.00043  feat 0.00129)
  Epoch 34/100  Batch 764/1094 (69.8%)  | Super 180.535 (box 1.2289  cls 0.6376  dfl 0.9544)  | Base 183.791 (box 1.2387  cls 0.6798  dfl 0.9533)  | KD 16.933 (box 0.25328  cls 0.00963  dfl 0.00045  feat 0.00122)
  Epoch 34/100  Batch 873/1094 (79.8%)  | Super 171.553 (box 1.1402  cls 0.6054  dfl 0.9349)  | Base 175.939 (box 1.1717  cls 0.6377  dfl 0.9397)  | KD 16.732 (box 0.24437  cls 0.01536  dfl 0.00054  feat 0.00117)
  Epoch 34/100  Batch 982/1094 (89.8%)  | Super 181.959 (box 1.2177  cls 0.6344  dfl 0.9910)  | Base 183.637 (box 1.2299  cls 0.6472  dfl 0.9922)  | KD 16.412 (box 0.24754  cls 0.00720  dfl 0.00049  feat 0.00121)
  Epoch 34/100  Batch 1091/1094 (99.7%)  | Super 165.360 (box 1.0811  cls 0.5390  dfl 0.9637)  | Base 166.317 (box 1.0896  cls 0.5498  dfl 0.9593)  | KD 13.259 (box 0.19584  cls 0.00971  dfl 0.00041  feat 0.00121)

================================================================================
  [Validation] Super model (skip=False)  |  Epoch 34/100
================================================================================
[*] Validation input tensor shape: torch.Size([64, 3, 384, 672])
                 Class     Images  Instances      Box(P          R      mAP50  mAP50-95)
                   all      10000     185578      0.621      0.518      0.558      0.327

================================================================================
  [Validation] Base model  (skip=True)   |  Epoch 34/100
================================================================================
[*] Validation input tensor shape: torch.Size([64, 3, 384, 672])
                 Class     Images  Instances      Box(P          R      mAP50  mAP50-95)
                   all      10000     185578      0.663      0.502      0.552      0.323

           Epoch         GPU_mem          box_om          cls_om          dfl_om          box_oo          cls_oo          dfl_oo       Instances            Size
  Epoch 35/100  Batch 1/1094 (0.1%)  | Super 162.696 (box 1.0786  cls 0.5351  dfl 0.9284)  | Base 164.069 (box 1.0847  cls 0.5570  dfl 0.9218)  | KD 13.145 (box 0.19359  cls 0.01009  dfl 0.00037  feat 0.00134)
  Epoch 35/100  Batch 110/1094 (10.1%)  | Super 171.059 (box 1.1616  cls 0.5776  dfl 0.9336)  | Base 173.167 (box 1.1667  cls 0.6086  dfl 0.9304)  | KD 16.789 (box 0.25177  cls 0.00882  dfl 0.00046  feat 0.00128)
  Epoch 35/100  Batch 219/1094 (20.0%)  | Super 169.972 (box 1.1550  cls 0.5685  dfl 0.9323)  | Base 172.985 (box 1.1674  cls 0.5967  dfl 0.9388)  | KD 14.767 (box 0.22065  cls 0.00838  dfl 0.00048  feat 0.00123)
  Epoch 35/100  Batch 328/1094 (30.0%)  | Super 170.323 (box 1.1256  cls 0.5811  dfl 0.9546)  | Base 173.262 (box 1.1517  cls 0.5910  dfl 0.9645)  | KD 14.046 (box 0.20914  cls 0.00859  dfl 0.00047  feat 0.00126)
  Epoch 35/100  Batch 437/1094 (39.9%)  | Super 177.074 (box 1.2030  cls 0.6089  dfl 0.9549)  | Base 177.700 (box 1.2110  cls 0.6204  dfl 0.9452)  | KD 14.568 (box 0.21786  cls 0.00806  dfl 0.00045  feat 0.00126)
  Epoch 35/100  Batch 546/1094 (49.9%)  | Super 167.183 (box 1.0932  cls 0.5891  dfl 0.9299)  | Base 169.146 (box 1.1065  cls 0.6055  dfl 0.9309)  | KD 15.034 (box 0.22154  cls 0.01169  dfl 0.00047  feat 0.00121)
  Epoch 35/100  Batch 655/1094 (59.9%)  | Super 176.203 (box 1.1959  cls 0.6336  dfl 0.9237)  | Base 177.611 (box 1.2040  cls 0.6430  dfl 0.9281)  | KD 15.476 (box 0.23441  cls 0.00578  dfl 0.00036  feat 0.00126)
  Epoch 35/100  Batch 764/1094 (69.8%)  | Super 183.014 (box 1.2448  cls 0.6455  dfl 0.9694)  | Base 185.719 (box 1.2650  cls 0.6647  dfl 0.9722)  | KD 17.880 (box 0.27005  cls 0.00758  dfl 0.00045  feat 0.00129)
  Epoch 35/100  Batch 873/1094 (79.8%)  | Super 179.371 (box 1.1869  cls 0.6497  dfl 0.9660)  | Base 182.393 (box 1.2143  cls 0.6655  dfl 0.9702)  | KD 16.703 (box 0.25198  cls 0.00726  dfl 0.00049  feat 0.00126)
  Epoch 35/100  Batch 982/1094 (89.8%)  | Super 183.649 (box 1.2168  cls 0.6428  dfl 1.0098)  | Base 185.011 (box 1.2317  cls 0.6477  dfl 1.0113)  | KD 17.835 (box 0.26527  cls 0.01170  dfl 0.00048  feat 0.00122)
  Epoch 35/100  Batch 1091/1094 (99.7%)  | Super 163.812 (box 1.0797  cls 0.5429  dfl 0.9370)  | Base 165.814 (box 1.0863  cls 0.5659  dfl 0.9387)  | KD 12.962 (box 0.19499  cls 0.00581  dfl 0.00040  feat 0.00133)

================================================================================
  [Validation] Super model (skip=False)  |  Epoch 35/100
================================================================================
[*] Validation input tensor shape: torch.Size([64, 3, 384, 672])
                 Class     Images  Instances      Box(P          R      mAP50  mAP50-95)
                   all      10000     185578      0.632      0.507      0.558      0.325

================================================================================
  [Validation] Base model  (skip=True)   |  Epoch 35/100
================================================================================
[*] Validation input tensor shape: torch.Size([64, 3, 384, 672])
                 Class     Images  Instances      Box(P          R      mAP50  mAP50-95)
                   all      10000     185578      0.653      0.503      0.552      0.323

           Epoch         GPU_mem          box_om          cls_om          dfl_om          box_oo          cls_oo          dfl_oo       Instances            Size
  Epoch 36/100  Batch 1/1094 (0.1%)  | Super 163.043 (box 1.0726  cls 0.5352  dfl 0.9397)  | Base 164.328 (box 1.0762  cls 0.5560  dfl 0.9354)  | KD 13.312 (box 0.19978  cls 0.00651  dfl 0.00042  feat 0.00128)
  Epoch 36/100  Batch 110/1094 (10.1%)  | Super 182.747 (box 1.2382  cls 0.6154  dfl 1.0019)  | Base 185.262 (box 1.2512  cls 0.6406  dfl 1.0029)  | KD 16.231 (box 0.24563  cls 0.00628  dfl 0.00046  feat 0.00123)
  Epoch 36/100  Batch 219/1094 (20.0%)  | Super 169.513 (box 1.1514  cls 0.5797  dfl 0.9175)  | Base 172.494 (box 1.1658  cls 0.6090  dfl 0.9204)  | KD 16.498 (box 0.24376  cls 0.01222  dfl 0.00056  feat 0.00125)
  Epoch 36/100  Batch 328/1094 (30.0%)  | Super 178.839 (box 1.1901  cls 0.6087  dfl 0.9955)  | Base 180.262 (box 1.1872  cls 0.6285  dfl 1.0010)  | KD 15.306 (box 0.22777  cls 0.00957  dfl 0.00047  feat 0.00134)
  Epoch 36/100  Batch 437/1094 (39.9%)  | Super 176.768 (box 1.1938  cls 0.6173  dfl 0.9509)  | Base 179.539 (box 1.2062  cls 0.6342  dfl 0.9649)  | KD 16.109 (box 0.23724  cls 0.01260  dfl 0.00044  feat 0.00143)
  Epoch 36/100  Batch 546/1094 (49.9%)  | Super 172.565 (box 1.1499  cls 0.5926  dfl 0.9537)  | Base 175.200 (box 1.1580  cls 0.6258  dfl 0.9537)  | KD 14.331 (box 0.21493  cls 0.00732  dfl 0.00045  feat 0.00124)
  Epoch 36/100  Batch 655/1094 (59.9%)  | Super 177.558 (box 1.1961  cls 0.6300  dfl 0.9483)  | Base 181.182 (box 1.2254  cls 0.6499  dfl 0.9556)  | KD 16.634 (box 0.24781  cls 0.01032  dfl 0.00046  feat 0.00132)
  Epoch 36/100  Batch 764/1094 (69.8%)  | Super 182.825 (box 1.2457  cls 0.6284  dfl 0.9825)  | Base 186.401 (box 1.2695  cls 0.6524  dfl 0.9906)  | KD 16.725 (box 0.24768  cls 0.01202  dfl 0.00045  feat 0.00119)
  Epoch 36/100  Batch 873/1094 (79.8%)  | Super 172.516 (box 1.1651  cls 0.5687  dfl 0.9617)  | Base 174.148 (box 1.1714  cls 0.5888  dfl 0.9608)  | KD 15.132 (box 0.22155  cls 0.01308  dfl 0.00049  feat 0.00131)
  Epoch 36/100  Batch 982/1094 (89.8%)  | Super 181.768 (box 1.2256  cls 0.6308  dfl 0.9837)  | Base 183.841 (box 1.2471  cls 0.6412  dfl 0.9842)  | KD 16.478 (box 0.24923  cls 0.00665  dfl 0.00044  feat 0.00115)
  Epoch 36/100  Batch 1091/1094 (99.7%)  | Super 166.671 (box 1.1043  cls 0.5510  dfl 0.9489)  | Base 169.865 (box 1.1202  cls 0.5808  dfl 0.9532)  | KD 13.719 (box 0.20209  cls 0.01049  dfl 0.00045  feat 0.00133)

================================================================================
  [Validation] Super model (skip=False)  |  Epoch 36/100
================================================================================
[*] Validation input tensor shape: torch.Size([64, 3, 384, 672])
                 Class     Images  Instances      Box(P          R      mAP50  mAP50-95)
                   all      10000     185578      0.629       0.51      0.558      0.325

================================================================================
  [Validation] Base model  (skip=True)   |  Epoch 36/100
================================================================================
[*] Validation input tensor shape: torch.Size([64, 3, 384, 672])
                 Class     Images  Instances      Box(P          R      mAP50  mAP50-95)
                   all      10000     185578      0.649      0.507      0.555      0.326

           Epoch         GPU_mem          box_om          cls_om          dfl_om          box_oo          cls_oo          dfl_oo       Instances            Size
  Epoch 37/100  Batch 1/1094 (0.1%)  | Super 165.483 (box 1.1090  cls 0.5328  dfl 0.9439)  | Base 168.094 (box 1.1197  cls 0.5600  dfl 0.9468)  | KD 12.899 (box 0.19226  cls 0.00764  dfl 0.00038  feat 0.00126)
  Epoch 37/100  Batch 110/1094 (10.1%)  | Super 175.056 (box 1.1807  cls 0.5943  dfl 0.9602)  | Base 177.836 (box 1.1984  cls 0.6167  dfl 0.9636)  | KD 16.253 (box 0.24342  cls 0.00880  dfl 0.00043  feat 0.00131)
  Epoch 37/100  Batch 219/1094 (20.0%)  | Super 177.134 (box 1.2056  cls 0.6013  dfl 0.9609)  | Base 178.953 (box 1.2099  cls 0.6225  dfl 0.9638)  | KD 15.227 (box 0.22721  cls 0.00874  dfl 0.00045  feat 0.00152)
  Epoch 37/100  Batch 328/1094 (30.0%)  | Super 172.526 (box 1.1373  cls 0.5892  dfl 0.9692)  | Base 174.253 (box 1.1473  cls 0.5990  dfl 0.9763)  | KD 15.136 (box 0.22445  cls 0.01042  dfl 0.00041  feat 0.00121)
  Epoch 37/100  Batch 437/1094 (39.9%)  | Super 175.877 (box 1.1933  cls 0.6132  dfl 0.9416)  | Base 177.316 (box 1.1966  cls 0.6283  dfl 0.9457)  | KD 15.656 (box 0.23401  cls 0.00889  dfl 0.00041  feat 0.00131)
  Epoch 37/100  Batch 546/1094 (49.9%)  | Super 168.789 (box 1.1161  cls 0.5941  dfl 0.9271)  | Base 170.298 (box 1.1215  cls 0.6110  dfl 0.9284)  | KD 13.605 (box 0.20180  cls 0.00903  dfl 0.00043  feat 0.00132)
  Epoch 37/100  Batch 655/1094 (59.9%)  | Super 175.586 (box 1.2066  cls 0.6112  dfl 0.9258)  | Base 177.972 (box 1.2242  cls 0.6298  dfl 0.9269)  | KD 18.134 (box 0.27124  cls 0.01033  dfl 0.00055  feat 0.00123)
  Epoch 37/100  Batch 764/1094 (69.8%)  | Super 184.605 (box 1.2624  cls 0.6474  dfl 0.9747)  | Base 186.034 (box 1.2695  cls 0.6602  dfl 0.9771)  | KD 16.528 (box 0.24994  cls 0.00662  dfl 0.00043  feat 0.00127)
  Epoch 37/100  Batch 873/1094 (79.8%)  | Super 179.851 (box 1.1928  cls 0.6288  dfl 0.9886)  | Base 181.682 (box 1.1931  cls 0.6559  dfl 0.9898)  | KD 16.848 (box 0.25256  cls 0.00895  dfl 0.00045  feat 0.00129)
  Epoch 37/100  Batch 982/1094 (89.8%)  | Super 178.409 (box 1.1923  cls 0.6112  dfl 0.9841)  | Base 180.717 (box 1.2149  cls 0.6250  dfl 0.9838)  | KD 16.984 (box 0.25276  cls 0.01091  dfl 0.00049  feat 0.00121)
  Epoch 37/100  Batch 1091/1094 (99.7%)  | Super 165.566 (box 1.0899  cls 0.5580  dfl 0.9391)  | Base 166.681 (box 1.0939  cls 0.5743  dfl 0.9362)  | KD 14.322 (box 0.21375  cls 0.00830  dfl 0.00046  feat 0.00127)

================================================================================
  [Validation] Super model (skip=False)  |  Epoch 37/100
================================================================================
[*] Validation input tensor shape: torch.Size([64, 3, 384, 672])
                 Class     Images  Instances      Box(P          R      mAP50  mAP50-95)
                   all      10000     185578      0.602      0.528      0.558      0.325

================================================================================
  [Validation] Base model  (skip=True)   |  Epoch 37/100
================================================================================
[*] Validation input tensor shape: torch.Size([64, 3, 384, 672])
                 Class     Images  Instances      Box(P          R      mAP50  mAP50-95)
                   all      10000     185578       0.65      0.506      0.555      0.326

           Epoch         GPU_mem          box_om          cls_om          dfl_om          box_oo          cls_oo          dfl_oo       Instances            Size
  Epoch 38/100  Batch 1/1094 (0.1%)  | Super 165.107 (box 1.0792  cls 0.5422  dfl 0.9584)  | Base 167.871 (box 1.0961  cls 0.5674  dfl 0.9595)  | KD 14.889 (box 0.21863  cls 0.01229  dfl 0.00050  feat 0.00122)
  Epoch 38/100  Batch 110/1094 (10.1%)  | Super 175.292 (box 1.1847  cls 0.5824  dfl 0.9718)  | Base 178.717 (box 1.2013  cls 0.6199  dfl 0.9713)  | KD 16.248 (box 0.24319  cls 0.00897  dfl 0.00049  feat 0.00123)
  Epoch 38/100  Batch 219/1094 (20.0%)  | Super 167.889 (box 1.1416  cls 0.5387  dfl 0.9429)  | Base 170.714 (box 1.1530  cls 0.5700  dfl 0.9444)  | KD 14.481 (box 0.21144  cls 0.01312  dfl 0.00042  feat 0.00127)
  Epoch 38/100  Batch 328/1094 (30.0%)  | Super 165.567 (box 1.0919  cls 0.5460  dfl 0.9491)  | Base 167.387 (box 1.1006  cls 0.5659  dfl 0.9489)  | KD 15.031 (box 0.22192  cls 0.01114  dfl 0.00048  feat 0.00131)
  Epoch 38/100  Batch 437/1094 (39.9%)  | Super 179.306 (box 1.1970  cls 0.6400  dfl 0.9646)  | Base 181.004 (box 1.2110  cls 0.6453  dfl 0.9718)  | KD 15.887 (box 0.23733  cls 0.00909  dfl 0.00044  feat 0.00137)
  Epoch 38/100  Batch 546/1094 (49.9%)  | Super 169.260 (box 1.1168  cls 0.5913  dfl 0.9365)  | Base 171.812 (box 1.1348  cls 0.6143  dfl 0.9355)  | KD 14.690 (box 0.21219  cls 0.01571  dfl 0.00043  feat 0.00120)
  Epoch 38/100  Batch 655/1094 (59.9%)  | Super 175.696 (box 1.2008  cls 0.6181  dfl 0.9263)  | Base 178.797 (box 1.2196  cls 0.6423  dfl 0.9318)  | KD 16.427 (box 0.24569  cls 0.00912  dfl 0.00046  feat 0.00139)
  Epoch 38/100  Batch 764/1094 (69.8%)  | Super 180.997 (box 1.2329  cls 0.6134  dfl 0.9818)  | Base 183.924 (box 1.2533  cls 0.6376  dfl 0.9829)  | KD 15.821 (box 0.23865  cls 0.00694  dfl 0.00042  feat 0.00120)
  Epoch 38/100  Batch 873/1094 (79.8%)  | Super 177.410 (box 1.2121  cls 0.6044  dfl 0.9555)  | Base 180.821 (box 1.2444  cls 0.6257  dfl 0.9552)  | KD 16.823 (box 0.25386  cls 0.00727  dfl 0.00047  feat 0.00125)
  Epoch 38/100  Batch 982/1094 (89.8%)  | Super 181.670 (box 1.2144  cls 0.6278  dfl 0.9964)  | Base 183.581 (box 1.2272  cls 0.6459  dfl 0.9954)  | KD 16.553 (box 0.23668  cls 0.02036  dfl 0.00042  feat 0.00118)
  Epoch 38/100  Batch 1091/1094 (99.7%)  | Super 160.387 (box 1.0464  cls 0.5288  dfl 0.9309)  | Base 162.806 (box 1.0615  cls 0.5504  dfl 0.9320)  | KD 13.142 (box 0.19623  cls 0.00746  dfl 0.00042  feat 0.00124)

================================================================================
  [Validation] Super model (skip=False)  |  Epoch 38/100
================================================================================
[*] Validation input tensor shape: torch.Size([64, 3, 384, 672])
                 Class     Images  Instances      Box(P          R      mAP50  mAP50-95)
                   all      10000     185578      0.639      0.503      0.557      0.326

================================================================================
  [Validation] Base model  (skip=True)   |  Epoch 38/100
================================================================================
[*] Validation input tensor shape: torch.Size([64, 3, 384, 672])
                 Class     Images  Instances      Box(P          R      mAP50  mAP50-95)
                   all      10000     185578      0.658      0.507      0.553      0.323

           Epoch         GPU_mem          box_om          cls_om          dfl_om          box_oo          cls_oo          dfl_oo       Instances            Size
  Epoch 39/100  Batch 1/1094 (0.1%)  | Super 161.152 (box 1.0526  cls 0.5365  dfl 0.9290)  | Base 164.749 (box 1.0677  cls 0.5698  dfl 0.9368)  | KD 13.043 (box 0.19654  cls 0.00550  dfl 0.00041  feat 0.00135)
  Epoch 39/100  Batch 110/1094 (10.1%)  | Super 174.106 (box 1.1899  cls 0.5755  dfl 0.9550)  | Base 176.267 (box 1.2018  cls 0.5979  dfl 0.9545)  | KD 16.473 (box 0.24885  cls 0.00679  dfl 0.00051  feat 0.00125)
  Epoch 39/100  Batch 219/1094 (20.0%)  | Super 168.056 (box 1.1421  cls 0.5494  dfl 0.9345)  | Base 171.281 (box 1.1527  cls 0.5865  dfl 0.9371)  | KD 14.699 (box 0.21688  cls 0.01106  dfl 0.00043  feat 0.00131)
  Epoch 39/100  Batch 328/1094 (30.0%)  | Super 170.112 (box 1.1180  cls 0.5936  dfl 0.9464)  | Base 172.050 (box 1.1355  cls 0.6046  dfl 0.9481)  | KD 15.190 (box 0.22603  cls 0.00957  dfl 0.00050  feat 0.00125)
  Epoch 39/100  Batch 437/1094 (39.9%)  | Super 177.190 (box 1.2070  cls 0.6030  dfl 0.9586)  | Base 179.953 (box 1.2164  cls 0.6351  dfl 0.9602)  | KD 15.792 (box 0.23539  cls 0.00952  dfl 0.00044  feat 0.00139)
  Epoch 39/100  Batch 546/1094 (49.9%)  | Super 176.234 (box 1.1678  cls 0.6373  dfl 0.9485)  | Base 177.100 (box 1.1751  cls 0.6463  dfl 0.9458)  | KD 15.519 (box 0.22680  cls 0.01389  dfl 0.00048  feat 0.00130)
  Epoch 39/100  Batch 655/1094 (59.9%)  | Super 180.440 (box 1.2371  cls 0.6237  dfl 0.9586)  | Base 183.255 (box 1.2533  cls 0.6467  dfl 0.9634)  | KD 15.494 (box 0.23052  cls 0.00979  dfl 0.00043  feat 0.00136)
  Epoch 39/100  Batch 764/1094 (69.8%)  | Super 178.631 (box 1.2327  cls 0.6016  dfl 0.9567)  | Base 180.984 (box 1.2461  cls 0.6249  dfl 0.9569)  | KD 16.971 (box 0.25558  cls 0.00783  dfl 0.00048  feat 0.00128)
  Epoch 39/100  Batch 873/1094 (79.8%)  | Super 184.245 (box 1.2311  cls 0.6349  dfl 1.0128)  | Base 187.934 (box 1.2505  cls 0.6690  dfl 1.0169)  | KD 14.860 (box 0.22268  cls 0.00770  dfl 0.00045  feat 0.00137)
  Epoch 39/100  Batch 982/1094 (89.8%)  | Super 179.506 (box 1.1991  cls 0.6138  dfl 0.9919)  | Base 181.692 (box 1.2083  cls 0.6388  dfl 0.9918)  | KD 17.000 (box 0.25503  cls 0.00889  dfl 0.00046  feat 0.00124)
  Epoch 39/100  Batch 1091/1094 (99.7%)  | Super 165.641 (box 1.0903  cls 0.5542  dfl 0.9436)  | Base 167.590 (box 1.1006  cls 0.5755  dfl 0.9425)  | KD 13.592 (box 0.20419  cls 0.00649  dfl 0.00041  feat 0.00129)

================================================================================
  [Validation] Super model (skip=False)  |  Epoch 39/100
================================================================================
[*] Validation input tensor shape: torch.Size([64, 3, 384, 672])
                 Class     Images  Instances      Box(P          R      mAP50  mAP50-95)
                   all      10000     185578      0.638      0.505      0.558      0.326

================================================================================
  [Validation] Base model  (skip=True)   |  Epoch 39/100
================================================================================
[*] Validation input tensor shape: torch.Size([64, 3, 384, 672])
                 Class     Images  Instances      Box(P          R      mAP50  mAP50-95)
                   all      10000     185578      0.664       0.51      0.558      0.327

           Epoch         GPU_mem          box_om          cls_om          dfl_om          box_oo          cls_oo          dfl_oo       Instances            Size
  Epoch 40/100  Batch 1/1094 (0.1%)  | Super 160.804 (box 1.0550  cls 0.5293  dfl 0.9282)  | Base 163.278 (box 1.0681  cls 0.5604  dfl 0.9228)  | KD 14.389 (box 0.21505  cls 0.00794  dfl 0.00045  feat 0.00139)
  Epoch 40/100  Batch 110/1094 (10.1%)  | Super 176.149 (box 1.1915  cls 0.5841  dfl 0.9767)  | Base 177.912 (box 1.2063  cls 0.5969  dfl 0.9767)  | KD 15.699 (box 0.23557  cls 0.00793  dfl 0.00050  feat 0.00130)
  Epoch 40/100  Batch 219/1094 (20.0%)  | Super 173.235 (box 1.1759  cls 0.5814  dfl 0.9495)  | Base 175.691 (box 1.1870  cls 0.6046  dfl 0.9535)  | KD 16.256 (box 0.23907  cls 0.01321  dfl 0.00049  feat 0.00123)
  Epoch 40/100  Batch 328/1094 (30.0%)  | Super 173.223 (box 1.1589  cls 0.5828  dfl 0.9650)  | Base 175.213 (box 1.1655  cls 0.6076  dfl 0.9646)  | KD 15.409 (box 0.22953  cls 0.00956  dfl 0.00041  feat 0.00128)
  Epoch 40/100  Batch 437/1094 (39.9%)  | Super 181.426 (box 1.2345  cls 0.6214  dfl 0.9788)  | Base 183.688 (box 1.2420  cls 0.6493  dfl 0.9789)  | KD 15.619 (box 0.23401  cls 0.00823  dfl 0.00050  feat 0.00131)
  Epoch 40/100  Batch 546/1094 (49.9%)  | Super 165.183 (box 1.0970  cls 0.5534  dfl 0.9306)  | Base 168.484 (box 1.1199  cls 0.5790  dfl 0.9337)  | KD 14.871 (box 0.22102  cls 0.00955  dfl 0.00046  feat 0.00133)
  Epoch 40/100  Batch 655/1094 (59.9%)  | Super 181.593 (box 1.2425  cls 0.6419  dfl 0.9530)  | Base 183.466 (box 1.2557  cls 0.6570  dfl 0.9539)  | KD 17.055 (box 0.25621  cls 0.00841  dfl 0.00049  feat 0.00138)
  Epoch 40/100  Batch 764/1094 (69.8%)  | Super 180.351 (box 1.2204  cls 0.6192  dfl 0.9784)  | Base 182.840 (box 1.2327  cls 0.6482  dfl 0.9760)  | KD 16.522 (box 0.24975  cls 0.00669  dfl 0.00045  feat 0.00126)
  Epoch 40/100  Batch 873/1094 (79.8%)  | Super 175.179 (box 1.1618  cls 0.5923  dfl 0.9830)  | Base 178.206 (box 1.1832  cls 0.6166  dfl 0.9846)  | KD 16.552 (box 0.24943  cls 0.00739  dfl 0.00053  feat 0.00127)
  Epoch 40/100  Batch 982/1094 (89.8%)  | Super 182.377 (box 1.2249  cls 0.6189  dfl 1.0058)  | Base 185.372 (box 1.2501  cls 0.6394  dfl 1.0070)  | KD 17.253 (box 0.25674  cls 0.01107  dfl 0.00050  feat 0.00126)
  Epoch 40/100  Batch 1091/1094 (99.7%)  | Super 167.341 (box 1.0975  cls 0.5584  dfl 0.9589)  | Base 170.401 (box 1.1199  cls 0.5849  dfl 0.9577)  | KD 14.910 (box 0.22100  cls 0.01016  dfl 0.00047  feat 0.00134)

================================================================================
  [Validation] Super model (skip=False)  |  Epoch 40/100
================================================================================
[*] Validation input tensor shape: torch.Size([64, 3, 384, 672])
                 Class     Images  Instances      Box(P          R      mAP50  mAP50-95)
                   all      10000     185578      0.656      0.513      0.559      0.327

================================================================================
  [Validation] Base model  (skip=True)   |  Epoch 40/100
================================================================================
[*] Validation input tensor shape: torch.Size([64, 3, 384, 672])
                 Class     Images  Instances      Box(P          R      mAP50  mAP50-95)
                   all      10000     185578      0.652      0.516      0.559      0.327

           Epoch         GPU_mem          box_om          cls_om          dfl_om          box_oo          cls_oo          dfl_oo       Instances            Size
  Epoch 41/100  Batch 1/1094 (0.1%)  | Super 169.644 (box 1.1167  cls 0.5476  dfl 0.9863)  | Base 172.313 (box 1.1349  cls 0.5736  dfl 0.9840)  | KD 13.460 (box 0.19979  cls 0.00873  dfl 0.00046  feat 0.00133)
  Epoch 41/100  Batch 110/1094 (10.1%)  | Super 176.743 (box 1.1910  cls 0.6029  dfl 0.9677)  | Base 179.316 (box 1.2121  cls 0.6277  dfl 0.9620)  | KD 16.994 (box 0.25240  cls 0.01131  dfl 0.00050  feat 0.00133)
  Epoch 41/100  Batch 219/1094 (20.0%)  | Super 171.213 (box 1.1585  cls 0.5487  dfl 0.9680)  | Base 172.130 (box 1.1609  cls 0.5746  dfl 0.9541)  | KD 15.566 (box 0.22702  cls 0.01442  dfl 0.00052  feat 0.00125)
  Epoch 41/100  Batch 328/1094 (30.0%)  | Super 175.338 (box 1.1460  cls 0.6005  dfl 0.9932)  | Base 178.377 (box 1.1720  cls 0.6083  dfl 1.0069)  | KD 15.171 (box 0.22644  cls 0.00884  dfl 0.00048  feat 0.00128)
  Epoch 41/100  Batch 437/1094 (39.9%)  | Super 179.245 (box 1.2087  cls 0.6357  dfl 0.9563)  | Base 182.034 (box 1.2349  cls 0.6488  dfl 0.9606)  | KD 15.460 (box 0.22803  cls 0.01169  dfl 0.00049  feat 0.00136)
  Epoch 41/100  Batch 546/1094 (49.9%)  | Super 167.594 (box 1.1171  cls 0.5742  dfl 0.9274)  | Base 169.279 (box 1.1221  cls 0.5967  dfl 0.9261)  | KD 14.786 (box 0.22149  cls 0.00787  dfl 0.00047  feat 0.00120)
  Epoch 41/100  Batch 655/1094 (59.9%)  | Super 181.699 (box 1.2418  cls 0.6587  dfl 0.9386)  | Base 185.095 (box 1.2657  cls 0.6848  dfl 0.9416)  | KD 18.114 (box 0.26944  cls 0.01172  dfl 0.00050  feat 0.00137)
  Epoch 41/100  Batch 764/1094 (69.8%)  | Super 186.700 (box 1.2811  cls 0.6549  dfl 0.9812)  | Base 188.509 (box 1.3024  cls 0.6640  dfl 0.9790)  | KD 18.135 (box 0.27066  cls 0.01090  dfl 0.00050  feat 0.00131)
  Epoch 41/100  Batch 873/1094 (79.8%)  | Super 175.335 (box 1.1676  cls 0.5981  dfl 0.9739)  | Base 176.042 (box 1.1748  cls 0.6030  dfl 0.9729)  | KD 16.313 (box 0.24317  cls 0.00995  dfl 0.00050  feat 0.00127)
  Epoch 41/100  Batch 982/1094 (89.8%)  | Super 183.313 (box 1.2200  cls 0.6262  dfl 1.0180)  | Base 185.032 (box 1.2325  cls 0.6476  dfl 1.0110)  | KD 15.976 (box 0.23962  cls 0.00822  dfl 0.00045  feat 0.00134)
  Epoch 41/100  Batch 1091/1094 (99.7%)  | Super 169.786 (box 1.1104  cls 0.5704  dfl 0.9721)  | Base 171.027 (box 1.1139  cls 0.5921  dfl 0.9663)  | KD 13.583 (box 0.20181  cls 0.00878  dfl 0.00040  feat 0.00125)

================================================================================
  [Validation] Super model (skip=False)  |  Epoch 41/100
================================================================================
[*] Validation input tensor shape: torch.Size([64, 3, 384, 672])
                 Class     Images  Instances      Box(P          R      mAP50  mAP50-95)
                   all      10000     185578      0.639      0.503      0.559      0.326

================================================================================
  [Validation] Base model  (skip=True)   |  Epoch 41/100
================================================================================
[*] Validation input tensor shape: torch.Size([64, 3, 384, 672])
                 Class     Images  Instances      Box(P          R      mAP50  mAP50-95)
                   all      10000     185578      0.666       0.51      0.558      0.327

           Epoch         GPU_mem          box_om          cls_om          dfl_om          box_oo          cls_oo          dfl_oo       Instances            Size
  Epoch 42/100  Batch 1/1094 (0.1%)  | Super 164.438 (box 1.0859  cls 0.5551  dfl 0.9282)  | Base 166.652 (box 1.1029  cls 0.5805  dfl 0.9205)  | KD 14.609 (box 0.21810  cls 0.00841  dfl 0.00046  feat 0.00129)
  Epoch 42/100  Batch 110/1094 (10.1%)  | Super 173.794 (box 1.1636  cls 0.5937  dfl 0.9582)  | Base 175.139 (box 1.1771  cls 0.6077  dfl 0.9518)  | KD 16.047 (box 0.23594  cls 0.01301  dfl 0.00043  feat 0.00135)
  Epoch 42/100  Batch 219/1094 (20.0%)  | Super 174.369 (box 1.1745  cls 0.5908  dfl 0.9591)  | Base 175.694 (box 1.1843  cls 0.6050  dfl 0.9560)  | KD 17.429 (box 0.25628  cls 0.01424  dfl 0.00055  feat 0.00126)
  Epoch 42/100  Batch 328/1094 (30.0%)  | Super 172.543 (box 1.1349  cls 0.5883  dfl 0.9728)  | Base 174.625 (box 1.1435  cls 0.6093  dfl 0.9758)  | KD 16.348 (box 0.24334  cls 0.01022  dfl 0.00059  feat 0.00128)
  Epoch 42/100  Batch 437/1094 (39.9%)  | Super 168.785 (box 1.1298  cls 0.5669  dfl 0.9406)  | Base 171.116 (box 1.1399  cls 0.5897  dfl 0.9442)  | KD 14.850 (box 0.22353  cls 0.00685  dfl 0.00042  feat 0.00124)
  Epoch 42/100  Batch 546/1094 (49.9%)  | Super 172.247 (box 1.1313  cls 0.5874  dfl 0.9727)  | Base 172.224 (box 1.1267  cls 0.6027  dfl 0.9616)  | KD 15.166 (box 0.22614  cls 0.00915  dfl 0.00042  feat 0.00127)
  Epoch 42/100  Batch 655/1094 (59.9%)  | Super 176.594 (box 1.2153  cls 0.6061  dfl 0.9378)  | Base 179.286 (box 1.2344  cls 0.6238  dfl 0.9431)  | KD 16.837 (box 0.25275  cls 0.00859  dfl 0.00044  feat 0.00131)
  Epoch 42/100  Batch 764/1094 (69.8%)  | Super 179.729 (box 1.2224  cls 0.6311  dfl 0.9547)  | Base 184.872 (box 1.2639  cls 0.6618  dfl 0.9629)  | KD 18.694 (box 0.28277  cls 0.00748  dfl 0.00055  feat 0.00129)
  Epoch 42/100  Batch 873/1094 (79.8%)  | Super 172.711 (box 1.1693  cls 0.5671  dfl 0.9622)  | Base 174.391 (box 1.1754  cls 0.5908  dfl 0.9587)  | KD 15.781 (box 0.23699  cls 0.00775  dfl 0.00053  feat 0.00130)
  Epoch 42/100  Batch 982/1094 (89.8%)  | Super 184.656 (box 1.2290  cls 0.6235  dfl 1.0327)  | Base 188.676 (box 1.2594  cls 0.6556  dfl 1.0330)  | KD 16.262 (box 0.24597  cls 0.00641  dfl 0.00044  feat 0.00128)
  Epoch 42/100  Batch 1091/1094 (99.7%)  | Super 170.104 (box 1.1220  cls 0.5688  dfl 0.9671)  | Base 172.391 (box 1.1333  cls 0.5946  dfl 0.9658)  | KD 13.743 (box 0.20546  cls 0.00753  dfl 0.00045  feat 0.00129)

================================================================================
  [Validation] Super model (skip=False)  |  Epoch 42/100
================================================================================
[*] Validation input tensor shape: torch.Size([64, 3, 384, 672])
                 Class     Images  Instances      Box(P          R      mAP50  mAP50-95)
                   all      10000     185578      0.644        0.5      0.559      0.326

================================================================================
  [Validation] Base model  (skip=True)   |  Epoch 42/100
================================================================================
[*] Validation input tensor shape: torch.Size([64, 3, 384, 672])
                 Class     Images  Instances      Box(P          R      mAP50  mAP50-95)
                   all      10000     185578      0.672      0.508      0.558      0.328

           Epoch         GPU_mem          box_om          cls_om          dfl_om          box_oo          cls_oo          dfl_oo       Instances            Size
  Epoch 43/100  Batch 1/1094 (0.1%)  | Super 164.041 (box 1.0763  cls 0.5488  dfl 0.9380)  | Base 167.957 (box 1.1000  cls 0.5785  dfl 0.9459)  | KD 14.701 (box 0.21839  cls 0.00949  dfl 0.00050  feat 0.00133)
  Epoch 43/100  Batch 110/1094 (10.1%)  | Super 176.651 (box 1.1915  cls 0.5980  dfl 0.9707)  | Base 178.140 (box 1.1984  cls 0.6194  dfl 0.9657)  | KD 16.373 (box 0.24388  cls 0.01025  dfl 0.00047  feat 0.00124)
  Epoch 43/100  Batch 219/1094 (20.0%)  | Super 170.854 (box 1.1493  cls 0.5662  dfl 0.9541)  | Base 173.351 (box 1.1646  cls 0.5898  dfl 0.9542)  | KD 15.653 (box 0.23303  cls 0.00983  dfl 0.00048  feat 0.00124)
  Epoch 43/100  Batch 328/1094 (30.0%)  | Super 173.480 (box 1.1745  cls 0.5696  dfl 0.9666)  | Base 175.970 (box 1.1822  cls 0.5990  dfl 0.9683)  | KD 15.152 (box 0.22662  cls 0.00845  dfl 0.00043  feat 0.00126)
  Epoch 43/100  Batch 437/1094 (39.9%)  | Super 173.360 (box 1.1686  cls 0.5985  dfl 0.9417)  | Base 176.981 (box 1.1950  cls 0.6299  dfl 0.9403)  | KD 15.861 (box 0.23782  cls 0.00821  dfl 0.00040  feat 0.00138)
  Epoch 43/100  Batch 546/1094 (49.9%)  | Super 171.557 (box 1.1278  cls 0.5954  dfl 0.9574)  | Base 172.662 (box 1.1268  cls 0.6140  dfl 0.9570)  | KD 16.080 (box 0.23815  cls 0.01144  dfl 0.00047  feat 0.00119)
  Epoch 43/100  Batch 655/1094 (59.9%)  | Super 178.092 (box 1.2166  cls 0.6178  dfl 0.9483)  | Base 180.845 (box 1.2318  cls 0.6383  dfl 0.9556)  | KD 17.542 (box 0.26218  cls 0.00997  dfl 0.00055  feat 0.00140)
  Epoch 43/100  Batch 764/1094 (69.8%)  | Super 183.369 (box 1.2523  cls 0.6107  dfl 1.0021)  | Base 188.586 (box 1.2862  cls 0.6554  dfl 1.0051)  | KD 17.350 (box 0.26191  cls 0.00735  dfl 0.00053  feat 0.00131)
  Epoch 43/100  Batch 873/1094 (79.8%)  | Super 173.058 (box 1.1378  cls 0.6061  dfl 0.9601)  | Base 173.788 (box 1.1450  cls 0.6140  dfl 0.9564)  | KD 16.033 (box 0.23967  cls 0.00908  dfl 0.00047  feat 0.00129)
  Epoch 43/100  Batch 982/1094 (89.8%)  | Super 176.846 (box 1.1787  cls 0.6113  dfl 0.9733)  | Base 180.651 (box 1.2020  cls 0.6398  dfl 0.9808)  | KD 16.020 (box 0.23881  cls 0.00977  dfl 0.00048  feat 0.00125)
  Epoch 43/100  Batch 1091/1094 (99.7%)  | Super 166.340 (box 1.1044  cls 0.5542  dfl 0.9405)  | Base 167.577 (box 1.1144  cls 0.5735  dfl 0.9305)  | KD 13.255 (box 0.19556  cls 0.00992  dfl 0.00041  feat 0.00122)

================================================================================
  [Validation] Super model (skip=False)  |  Epoch 43/100
================================================================================
[*] Validation input tensor shape: torch.Size([64, 3, 384, 672])
                 Class     Images  Instances      Box(P          R      mAP50  mAP50-95)
                   all      10000     185578      0.647      0.498      0.558      0.325

================================================================================
  [Validation] Base model  (skip=True)   |  Epoch 43/100
================================================================================
[*] Validation input tensor shape: torch.Size([64, 3, 384, 672])
                 Class     Images  Instances      Box(P          R      mAP50  mAP50-95)
                   all      10000     185578      0.665      0.511      0.561      0.328

           Epoch         GPU_mem          box_om          cls_om          dfl_om          box_oo          cls_oo          dfl_oo       Instances            Size
  Epoch 44/100  Batch 1/1094 (0.1%)  | Super 164.596 (box 1.0862  cls 0.5448  dfl 0.9408)  | Base 166.559 (box 1.0873  cls 0.5748  dfl 0.9404)  | KD 14.265 (box 0.21340  cls 0.00775  dfl 0.00045  feat 0.00128)
  Epoch 44/100  Batch 110/1094 (10.1%)  | Super 171.263 (box 1.1526  cls 0.5744  dfl 0.9490)  | Base 173.549 (box 1.1735  cls 0.5944  dfl 0.9439)  | KD 15.763 (box 0.23472  cls 0.00991  dfl 0.00045  feat 0.00122)
  Epoch 44/100  Batch 219/1094 (20.0%)  | Super 170.290 (box 1.1400  cls 0.5712  dfl 0.9496)  | Base 172.567 (box 1.1535  cls 0.5982  dfl 0.9446)  | KD 15.349 (box 0.22813  cls 0.00993  dfl 0.00049  feat 0.00128)
  Epoch 44/100  Batch 328/1094 (30.0%)  | Super 177.268 (box 1.1738  cls 0.6020  dfl 0.9941)  | Base 178.674 (box 1.1796  cls 0.6276  dfl 0.9846)  | KD 15.339 (box 0.22501  cls 0.01283  dfl 0.00045  feat 0.00138)
  Epoch 44/100  Batch 437/1094 (39.9%)  | Super 179.866 (box 1.2285  cls 0.6235  dfl 0.9584)  | Base 181.457 (box 1.2354  cls 0.6392  dfl 0.9606)  | KD 15.678 (box 0.23384  cls 0.00930  dfl 0.00045  feat 0.00138)
  Epoch 44/100  Batch 546/1094 (49.9%)  | Super 168.623 (box 1.1144  cls 0.5826  dfl 0.9378)  | Base 171.238 (box 1.1301  cls 0.6072  dfl 0.9383)  | KD 14.040 (box 0.21053  cls 0.00711  dfl 0.00039  feat 0.00134)
  Epoch 44/100  Batch 655/1094 (59.9%)  | Super 180.747 (box 1.2397  cls 0.6305  dfl 0.9540)  | Base 182.121 (box 1.2456  cls 0.6497  dfl 0.9504)  | KD 17.154 (box 0.25504  cls 0.01112  dfl 0.00048  feat 0.00139)
  Epoch 44/100  Batch 764/1094 (69.8%)  | Super 182.588 (box 1.2387  cls 0.6497  dfl 0.9645)  | Base 185.918 (box 1.2627  cls 0.6753  dfl 0.9670)  | KD 16.591 (box 0.24923  cls 0.00843  dfl 0.00041  feat 0.00117)
  Epoch 44/100  Batch 873/1094 (79.8%)  | Super 177.421 (box 1.1889  cls 0.6282  dfl 0.9551)  | Base 179.726 (box 1.1974  cls 0.6525  dfl 0.9583)  | KD 17.453 (box 0.26085  cls 0.01007  dfl 0.00052  feat 0.00126)
  Epoch 44/100  Batch 982/1094 (89.8%)  | Super 180.306 (box 1.2161  cls 0.6032  dfl 0.9980)  | Base 182.736 (box 1.2278  cls 0.6198  dfl 1.0077)  | KD 18.472 (box 0.26782  cls 0.01905  dfl 0.00052  feat 0.00123)
  Epoch 44/100  Batch 1091/1094 (99.7%)  | Super 165.992 (box 1.0948  cls 0.5296  dfl 0.9693)  | Base 168.378 (box 1.1106  cls 0.5534  dfl 0.9669)  | KD 13.430 (box 0.20205  cls 0.00619  dfl 0.00041  feat 0.00119)

================================================================================
  [Validation] Super model (skip=False)  |  Epoch 44/100
================================================================================
[*] Validation input tensor shape: torch.Size([64, 3, 384, 672])
                 Class     Images  Instances      Box(P          R      mAP50  mAP50-95)
                   all      10000     185578      0.641      0.503      0.559      0.326

================================================================================
  [Validation] Base model  (skip=True)   |  Epoch 44/100
================================================================================
[*] Validation input tensor shape: torch.Size([64, 3, 384, 672])
                 Class     Images  Instances      Box(P          R      mAP50  mAP50-95)
                   all      10000     185578      0.665      0.512      0.559      0.327

           Epoch         GPU_mem          box_om          cls_om          dfl_om          box_oo          cls_oo          dfl_oo       Instances            Size
  Epoch 45/100  Batch 1/1094 (0.1%)  | Super 163.316 (box 1.0598  cls 0.5486  dfl 0.9434)  | Base 165.731 (box 1.0730  cls 0.5734  dfl 0.9431)  | KD 14.345 (box 0.21438  cls 0.00811  dfl 0.00046  feat 0.00119)
  Epoch 45/100  Batch 110/1094 (10.1%)  | Super 175.856 (box 1.1894  cls 0.5901  dfl 0.9683)  | Base 179.908 (box 1.2164  cls 0.6193  dfl 0.9754)  | KD 16.845 (box 0.23769  cls 0.02381  dfl 0.00045  feat 0.00125)
  Epoch 45/100  Batch 219/1094 (20.0%)  | Super 173.862 (box 1.1726  cls 0.5828  dfl 0.9612)  | Base 176.746 (box 1.1939  cls 0.6067  dfl 0.9610)  | KD 16.453 (box 0.24369  cls 0.01169  dfl 0.00046  feat 0.00124)
  Epoch 45/100  Batch 328/1094 (30.0%)  | Super 168.667 (box 1.0859  cls 0.5956  dfl 0.9540)  | Base 172.132 (box 1.1096  cls 0.6180  dfl 0.9620)  | KD 16.506 (box 0.24814  cls 0.00791  dfl 0.00058  feat 0.00126)
  Epoch 45/100  Batch 437/1094 (39.9%)  | Super 175.193 (box 1.1939  cls 0.5985  dfl 0.9450)  | Base 178.966 (box 1.2173  cls 0.6286  dfl 0.9504)  | KD 15.217 (box 0.22528  cls 0.01068  dfl 0.00044  feat 0.00135)
  Epoch 45/100  Batch 546/1094 (49.9%)  | Super 167.948 (box 1.1065  cls 0.5827  dfl 0.9350)  | Base 169.390 (box 1.1096  cls 0.6081  dfl 0.9290)  | KD 14.518 (box 0.21496  cls 0.01014  dfl 0.00043  feat 0.00132)
  Epoch 45/100  Batch 655/1094 (59.9%)  | Super 175.157 (box 1.1948  cls 0.6154  dfl 0.9267)  | Base 177.599 (box 1.2058  cls 0.6465  dfl 0.9228)  | KD 17.039 (box 0.25546  cls 0.00899  dfl 0.00045  feat 0.00134)
  Epoch 45/100  Batch 764/1094 (69.8%)  | Super 179.357 (box 1.2154  cls 0.6118  dfl 0.9752)  | Base 182.320 (box 1.2402  cls 0.6326  dfl 0.9759)  | KD 15.726 (box 0.23066  cls 0.01336  dfl 0.00044  feat 0.00125)
  Epoch 45/100  Batch 873/1094 (79.8%)  | Super 172.841 (box 1.1506  cls 0.5871  dfl 0.9630)  | Base 174.086 (box 1.1617  cls 0.5976  dfl 0.9608)  | KD 15.771 (box 0.23569  cls 0.00894  dfl 0.00048  feat 0.00130)
  Epoch 45/100  Batch 982/1094 (89.8%)  | Super 179.543 (box 1.1916  cls 0.6129  dfl 1.0009)  | Base 183.472 (box 1.2292  cls 0.6358  dfl 1.0018)  | KD 17.381 (box 0.25645  cls 0.01342  dfl 0.00045  feat 0.00126)
  Epoch 45/100  Batch 1091/1094 (99.7%)  | Super 163.414 (box 1.0743  cls 0.5326  dfl 0.9465)  | Base 165.312 (box 1.0794  cls 0.5582  dfl 0.9454)  | KD 13.884 (box 0.20343  cls 0.01187  dfl 0.00044  feat 0.00120)

================================================================================
  [Validation] Super model (skip=False)  |  Epoch 45/100
================================================================================
[*] Validation input tensor shape: torch.Size([64, 3, 384, 672])
                 Class     Images  Instances      Box(P          R      mAP50  mAP50-95)
                   all      10000     185578       0.64      0.504      0.559      0.326

================================================================================
  [Validation] Base model  (skip=True)   |  Epoch 45/100
================================================================================
[*] Validation input tensor shape: torch.Size([64, 3, 384, 672])
                 Class     Images  Instances      Box(P          R      mAP50  mAP50-95)
                   all      10000     185578      0.659      0.515      0.559      0.328

           Epoch         GPU_mem          box_om          cls_om          dfl_om          box_oo          cls_oo          dfl_oo       Instances            Size
  Epoch 46/100  Batch 1/1094 (0.1%)  | Super 164.499 (box 1.0899  cls 0.5280  dfl 0.9524)  | Base 165.073 (box 1.0883  cls 0.5457  dfl 0.9453)  | KD 13.550 (box 0.20098  cls 0.00902  dfl 0.00044  feat 0.00127)
  Epoch 46/100  Batch 110/1094 (10.1%)  | Super 169.862 (box 1.1452  cls 0.5601  dfl 0.9489)  | Base 173.434 (box 1.1718  cls 0.5865  dfl 0.9516)  | KD 16.030 (box 0.23608  cls 0.01268  dfl 0.00046  feat 0.00124)
  Epoch 46/100  Batch 219/1094 (20.0%)  | Super 169.812 (box 1.1585  cls 0.5478  dfl 0.9470)  | Base 172.850 (box 1.1761  cls 0.5792  dfl 0.9455)  | KD 15.819 (box 0.23116  cls 0.01423  dfl 0.00050  feat 0.00127)
  Epoch 46/100  Batch 328/1094 (30.0%)  | Super 163.976 (box 1.0717  cls 0.5453  dfl 0.9451)  | Base 165.885 (box 1.0801  cls 0.5655  dfl 0.9464)  | KD 15.272 (box 0.22842  cls 0.00842  dfl 0.00047  feat 0.00130)
  Epoch 46/100  Batch 437/1094 (39.9%)  | Super 171.506 (box 1.1613  cls 0.5733  dfl 0.9452)  | Base 174.993 (box 1.1815  cls 0.5947  dfl 0.9581)  | KD 15.086 (box 0.22010  cls 0.01388  dfl 0.00042  feat 0.00132)
  Epoch 46/100  Batch 546/1094 (49.9%)  | Super 171.695 (box 1.1362  cls 0.5852  dfl 0.9614)  | Base 173.160 (box 1.1431  cls 0.6104  dfl 0.9521)  | KD 15.450 (box 0.22094  cls 0.01875  dfl 0.00045  feat 0.00127)
  Epoch 46/100  Batch 655/1094 (59.9%)  | Super 178.967 (box 1.2162  cls 0.6122  dfl 0.9680)  | Base 181.361 (box 1.2277  cls 0.6427  dfl 0.9633)  | KD 17.470 (box 0.26343  cls 0.00757  dfl 0.00052  feat 0.00146)
  Epoch 46/100  Batch 764/1094 (69.8%)  | Super 178.539 (box 1.2143  cls 0.6258  dfl 0.9496)  | Base 181.767 (box 1.2395  cls 0.6453  dfl 0.9553)  | KD 16.480 (box 0.24858  cls 0.00706  dfl 0.00051  feat 0.00135)
  Epoch 46/100  Batch 873/1094 (79.8%)  | Super 178.243 (box 1.1818  cls 0.6117  dfl 0.9915)  | Base 180.966 (box 1.2002  cls 0.6363  dfl 0.9911)  | KD 16.882 (box 0.24934  cls 0.01263  dfl 0.00054  feat 0.00128)
  Epoch 46/100  Batch 982/1094 (89.8%)  | Super 175.482 (box 1.1761  cls 0.6019  dfl 0.9639)  | Base 179.380 (box 1.2141  cls 0.6198  dfl 0.9689)  | KD 16.897 (box 0.25497  cls 0.00740  dfl 0.00049  feat 0.00116)
  Epoch 46/100  Batch 1091/1094 (99.7%)  | Super 169.606 (box 1.1263  cls 0.5648  dfl 0.9590)  | Base 170.339 (box 1.1190  cls 0.5933  dfl 0.9492)  | KD 14.108 (box 0.20979  cls 0.00880  dfl 0.00049  feat 0.00135)

================================================================================
  [Validation] Super model (skip=False)  |  Epoch 46/100
================================================================================
[*] Validation input tensor shape: torch.Size([64, 3, 384, 672])
                 Class     Images  Instances      Box(P          R      mAP50  mAP50-95)
                   all      10000     185578      0.641      0.504       0.56      0.327

================================================================================
  [Validation] Base model  (skip=True)   |  Epoch 46/100
================================================================================
[*] Validation input tensor shape: torch.Size([64, 3, 384, 672])
                 Class     Images  Instances      Box(P          R      mAP50  mAP50-95)
                   all      10000     185578      0.656      0.516      0.556      0.325

           Epoch         GPU_mem          box_om          cls_om          dfl_om          box_oo          cls_oo          dfl_oo       Instances            Size
  Epoch 47/100  Batch 1/1094 (0.1%)  | Super 164.598 (box 1.0801  cls 0.5343  dfl 0.9574)  | Base 167.722 (box 1.0993  cls 0.5693  dfl 0.9520)  | KD 14.236 (box 0.21283  cls 0.00781  dfl 0.00041  feat 0.00139)
  Epoch 47/100  Batch 110/1094 (10.1%)  | Super 178.787 (box 1.2219  cls 0.6054  dfl 0.9663)  | Base 181.051 (box 1.2389  cls 0.6252  dfl 0.9649)  | KD 18.458 (box 0.27573  cls 0.01087  dfl 0.00050  feat 0.00130)
  Epoch 47/100  Batch 219/1094 (20.0%)  | Super 167.782 (box 1.1324  cls 0.5351  dfl 0.9541)  | Base 171.962 (box 1.1460  cls 0.5826  dfl 0.9583)  | KD 15.196 (box 0.22256  cls 0.01298  dfl 0.00049  feat 0.00140)
  Epoch 47/100  Batch 328/1094 (30.0%)  | Super 174.032 (box 1.1465  cls 0.5818  dfl 0.9909)  | Base 175.983 (box 1.1573  cls 0.5997  dfl 0.9927)  | KD 16.400 (box 0.23781  cls 0.01638  dfl 0.00057  feat 0.00148)
  Epoch 47/100  Batch 437/1094 (39.9%)  | Super 175.318 (box 1.2105  cls 0.5908  dfl 0.9381)  | Base 178.007 (box 1.2227  cls 0.6179  dfl 0.9408)  | KD 16.441 (box 0.24191  cls 0.01316  dfl 0.00053  feat 0.00129)
  Epoch 47/100  Batch 546/1094 (49.9%)  | Super 176.037 (box 1.1847  cls 0.5997  dfl 0.9662)  | Base 178.252 (box 1.1874  cls 0.6324  dfl 0.9654)  | KD 14.792 (box 0.21531  cls 0.01414  dfl 0.00043  feat 0.00124)
  Epoch 47/100  Batch 655/1094 (59.9%)  | Super 178.947 (box 1.2236  cls 0.6157  dfl 0.9568)  | Base 183.254 (box 1.2555  cls 0.6461  dfl 0.9617)  | KD 17.100 (box 0.25728  cls 0.00798  dfl 0.00045  feat 0.00148)
  Epoch 47/100  Batch 764/1094 (69.8%)  | Super 180.238 (box 1.2323  cls 0.6291  dfl 0.9548)  | Base 183.298 (box 1.2612  cls 0.6407  dfl 0.9621)  | KD 18.163 (box 0.26913  cls 0.01280  dfl 0.00058  feat 0.00129)
  Epoch 47/100  Batch 873/1094 (79.8%)  | Super 178.034 (box 1.1916  cls 0.6163  dfl 0.9739)  | Base 179.479 (box 1.2066  cls 0.6270  dfl 0.9708)  | KD 17.983 (box 0.27280  cls 0.00627  dfl 0.00065  feat 0.00127)
  Epoch 47/100  Batch 982/1094 (89.8%)  | Super 180.918 (box 1.2038  cls 0.6185  dfl 1.0046)  | Base 182.434 (box 1.2187  cls 0.6367  dfl 0.9952)  | KD 16.942 (box 0.25375  cls 0.00936  dfl 0.00041  feat 0.00121)
  Epoch 47/100  Batch 1091/1094 (99.7%)  | Super 170.079 (box 1.1274  cls 0.5680  dfl 0.9621)  | Base 172.082 (box 1.1410  cls 0.5870  dfl 0.9608)  | KD 13.505 (box 0.20063  cls 0.00872  dfl 0.00042  feat 0.00125)

================================================================================
  [Validation] Super model (skip=False)  |  Epoch 47/100
================================================================================
[*] Validation input tensor shape: torch.Size([64, 3, 384, 672])
                 Class     Images  Instances      Box(P          R      mAP50  mAP50-95)
                   all      10000     185578      0.641      0.505       0.56      0.327

================================================================================
  [Validation] Base model  (skip=True)   |  Epoch 47/100
================================================================================
[*] Validation input tensor shape: torch.Size([64, 3, 384, 672])
                 Class     Images  Instances      Box(P          R      mAP50  mAP50-95)
                   all      10000     185578      0.661      0.511      0.556      0.325

           Epoch         GPU_mem          box_om          cls_om          dfl_om          box_oo          cls_oo          dfl_oo       Instances            Size
  Epoch 48/100  Batch 1/1094 (0.1%)  | Super 164.898 (box 1.0890  cls 0.5241  dfl 0.9634)  | Base 167.794 (box 1.1051  cls 0.5451  dfl 0.9716)  | KD 13.759 (box 0.20399  cls 0.00924  dfl 0.00046  feat 0.00130)
  Epoch 48/100  Batch 110/1094 (10.1%)  | Super 173.891 (box 1.1674  cls 0.5844  dfl 0.9653)  | Base 176.316 (box 1.1825  cls 0.6127  dfl 0.9597)  | KD 16.287 (box 0.24027  cls 0.01260  dfl 0.00045  feat 0.00117)
  Epoch 48/100  Batch 219/1094 (20.0%)  | Super 171.391 (box 1.1739  cls 0.5542  dfl 0.9499)  | Base 175.012 (box 1.1910  cls 0.5942  dfl 0.9493)  | KD 15.700 (box 0.22755  cls 0.01592  dfl 0.00049  feat 0.00135)
  Epoch 48/100  Batch 328/1094 (30.0%)  | Super 170.065 (box 1.1178  cls 0.5778  dfl 0.9617)  | Base 171.614 (box 1.1265  cls 0.5969  dfl 0.9580)  | KD 14.547 (box 0.21623  cls 0.00941  dfl 0.00040  feat 0.00126)
  Epoch 48/100  Batch 437/1094 (39.9%)  | Super 176.293 (box 1.1956  cls 0.6014  dfl 0.9576)  | Base 181.048 (box 1.2241  cls 0.6382  dfl 0.9666)  | KD 16.058 (box 0.24210  cls 0.00715  dfl 0.00045  feat 0.00121)
  Epoch 48/100  Batch 546/1094 (49.9%)  | Super 169.795 (box 1.1100  cls 0.5868  dfl 0.9563)  | Base 172.515 (box 1.1275  cls 0.6154  dfl 0.9526)  | KD 15.210 (box 0.22729  cls 0.00862  dfl 0.00039  feat 0.00134)
  Epoch 48/100  Batch 655/1094 (59.9%)  | Super 177.457 (box 1.2207  cls 0.6106  dfl 0.9414)  | Base 180.380 (box 1.2408  cls 0.6326  dfl 0.9450)  | KD 16.856 (box 0.25224  cls 0.00922  dfl 0.00050  feat 0.00142)
  Epoch 48/100  Batch 764/1094 (69.8%)  | Super 181.194 (box 1.2408  cls 0.6161  dfl 0.9742)  | Base 184.003 (box 1.2593  cls 0.6365  dfl 0.9793)  | KD 18.496 (box 0.28072  cls 0.00632  dfl 0.00055  feat 0.00140)
  Epoch 48/100  Batch 873/1094 (79.8%)  | Super 179.307 (box 1.2029  cls 0.6275  dfl 0.9712)  | Base 180.166 (box 1.2078  cls 0.6353  dfl 0.9720)  | KD 16.959 (box 0.25389  cls 0.00929  dfl 0.00051  feat 0.00129)
  Epoch 48/100  Batch 982/1094 (89.8%)  | Super 181.641 (box 1.2055  cls 0.6316  dfl 1.0010)  | Base 184.224 (box 1.2323  cls 0.6435  dfl 1.0027)  | KD 16.923 (box 0.25271  cls 0.00994  dfl 0.00050  feat 0.00127)
  Epoch 48/100  Batch 1091/1094 (99.7%)  | Super 165.170 (box 1.0892  cls 0.5221  dfl 0.9694)  | Base 168.843 (box 1.1089  cls 0.5550  dfl 0.9743)  | KD 13.848 (box 0.20640  cls 0.00826  dfl 0.00043  feat 0.00128)

================================================================================
  [Validation] Super model (skip=False)  |  Epoch 48/100
================================================================================
[*] Validation input tensor shape: torch.Size([64, 3, 384, 672])
                 Class     Images  Instances      Box(P          R      mAP50  mAP50-95)
                   all      10000     185578       0.64      0.504      0.559      0.326

================================================================================
  [Validation] Base model  (skip=True)   |  Epoch 48/100
================================================================================
[*] Validation input tensor shape: torch.Size([64, 3, 384, 672])
                 Class     Images  Instances      Box(P          R      mAP50  mAP50-95)
                   all      10000     185578      0.661      0.513      0.556      0.325

           Epoch         GPU_mem          box_om          cls_om          dfl_om          box_oo          cls_oo          dfl_oo       Instances            Size
  Epoch 49/100  Batch 1/1094 (0.1%)  | Super 161.085 (box 1.0401  cls 0.5187  dfl 0.9581)  | Base 162.047 (box 1.0386  cls 0.5407  dfl 0.9527)  | KD 13.430 (box 0.20015  cls 0.00797  dfl 0.00038  feat 0.00134)
  Epoch 49/100  Batch 110/1094 (10.1%)  | Super 177.053 (box 1.1972  cls 0.6079  dfl 0.9614)  | Base 183.044 (box 1.2332  cls 0.6498  dfl 0.9771)  | KD 19.105 (box 0.27068  cls 0.02603  dfl 0.00052  feat 0.00128)
  Epoch 49/100  Batch 219/1094 (20.0%)  | Super 165.873 (box 1.1155  cls 0.5484  dfl 0.9278)  | Base 168.976 (box 1.1327  cls 0.5777  dfl 0.9299)  | KD 15.581 (box 0.22592  cls 0.01569  dfl 0.00049  feat 0.00134)
  Epoch 49/100  Batch 328/1094 (30.0%)  | Super 174.243 (box 1.1620  cls 0.5847  dfl 0.9758)  | Base 176.187 (box 1.1701  cls 0.6075  dfl 0.9753)  | KD 15.342 (box 0.22875  cls 0.00921  dfl 0.00048  feat 0.00129)
  Epoch 49/100  Batch 437/1094 (39.9%)  | Super 174.139 (box 1.1875  cls 0.5884  dfl 0.9451)  | Base 178.023 (box 1.2173  cls 0.6096  dfl 0.9548)  | KD 16.976 (box 0.25111  cls 0.01233  dfl 0.00047  feat 0.00134)
  Epoch 49/100  Batch 546/1094 (49.9%)  | Super 173.020 (box 1.1390  cls 0.5989  dfl 0.9655)  | Base 174.067 (box 1.1486  cls 0.6146  dfl 0.9566)  | KD 15.686 (box 0.23625  cls 0.00709  dfl 0.00047  feat 0.00129)
  Epoch 49/100  Batch 655/1094 (59.9%)  | Super 177.237 (box 1.2293  cls 0.6060  dfl 0.9340)  | Base 179.141 (box 1.2374  cls 0.6295  dfl 0.9322)  | KD 17.241 (box 0.25748  cls 0.01018  dfl 0.00045  feat 0.00129)
  Epoch 49/100  Batch 764/1094 (69.8%)  | Super 184.211 (box 1.2580  cls 0.6247  dfl 0.9956)  | Base 187.606 (box 1.2860  cls 0.6494  dfl 0.9959)  | KD 17.528 (box 0.26358  cls 0.00847  dfl 0.00043  feat 0.00138)
  Epoch 49/100  Batch 873/1094 (79.8%)  | Super 180.463 (box 1.2033  cls 0.6189  dfl 0.9975)  | Base 183.167 (box 1.2210  cls 0.6413  dfl 0.9997)  | KD 17.087 (box 0.25290  cls 0.01224  dfl 0.00049  feat 0.00136)
  Epoch 49/100  Batch 982/1094 (89.8%)  | Super 175.683 (box 1.1786  cls 0.5800  dfl 0.9864)  | Base 178.663 (box 1.2064  cls 0.6008  dfl 0.9844)  | KD 16.664 (box 0.24555  cls 0.01309  dfl 0.00045  feat 0.00128)
  Epoch 49/100  Batch 1091/1094 (99.7%)  | Super 161.641 (box 1.0662  cls 0.5240  dfl 0.9355)  | Base 165.456 (box 1.0821  cls 0.5581  dfl 0.9450)  | KD 13.194 (box 0.19529  cls 0.00909  dfl 0.00047  feat 0.00131)

================================================================================
  [Validation] Super model (skip=False)  |  Epoch 49/100
================================================================================
[*] Validation input tensor shape: torch.Size([64, 3, 384, 672])
                 Class     Images  Instances      Box(P          R      mAP50  mAP50-95)
                   all      10000     185578      0.638      0.506      0.559      0.326

================================================================================
  [Validation] Base model  (skip=True)   |  Epoch 49/100
================================================================================
[*] Validation input tensor shape: torch.Size([64, 3, 384, 672])
                 Class     Images  Instances      Box(P          R      mAP50  mAP50-95)
                   all      10000     185578      0.662      0.512      0.556      0.325

           Epoch         GPU_mem          box_om          cls_om          dfl_om          box_oo          cls_oo          dfl_oo       Instances            Size
  Epoch 50/100  Batch 1/1094 (0.1%)  | Super 168.393 (box 1.1036  cls 0.5557  dfl 0.9718)  | Base 169.564 (box 1.1133  cls 0.5706  dfl 0.9655)  | KD 14.524 (box 0.21626  cls 0.00885  dfl 0.00044  feat 0.00139)
  Epoch 50/100  Batch 110/1094 (10.1%)  | Super 174.016 (box 1.1827  cls 0.5655  dfl 0.9708)  | Base 176.663 (box 1.1849  cls 0.5978  dfl 0.9776)  | KD 16.849 (box 0.24838  cls 0.01301  dfl 0.00051  feat 0.00137)
  Epoch 50/100  Batch 219/1094 (20.0%)  | Super 170.743 (box 1.1462  cls 0.5635  dfl 0.9582)  | Base 173.188 (box 1.1621  cls 0.5891  dfl 0.9549)  | KD 17.155 (box 0.25209  cls 0.01409  dfl 0.00055  feat 0.00131)
  Epoch 50/100  Batch 328/1094 (30.0%)  | Super 164.781 (box 1.0816  cls 0.5702  dfl 0.9230)  | Base 167.265 (box 1.0959  cls 0.5891  dfl 0.9286)  | KD 15.356 (box 0.22757  cls 0.01049  dfl 0.00055  feat 0.00132)
  Epoch 50/100  Batch 437/1094 (39.9%)  | Super 175.304 (box 1.2041  cls 0.5867  dfl 0.9483)  | Base 178.998 (box 1.2120  cls 0.6391  dfl 0.9457)  | KD 17.031 (box 0.23162  cls 0.03278  dfl 0.00044  feat 0.00127)
  Epoch 50/100  Batch 546/1094 (49.9%)  | Super 169.351 (box 1.1192  cls 0.6003  dfl 0.9265)  | Base 171.576 (box 1.1288  cls 0.6249  dfl 0.9272)  | KD 16.367 (box 0.23981  cls 0.01406  dfl 0.00054  feat 0.00134)
  Epoch 50/100  Batch 655/1094 (59.9%)  | Super 177.640 (box 1.2233  cls 0.6111  dfl 0.9412)  | Base 179.336 (box 1.2296  cls 0.6283  dfl 0.9441)  | KD 17.138 (box 0.25066  cls 0.01533  dfl 0.00048  feat 0.00131)
  Epoch 50/100  Batch 764/1094 (69.8%)  | Super 181.599 (box 1.2334  cls 0.6148  dfl 0.9893)  | Base 185.931 (box 1.2488  cls 0.6621  dfl 0.9943)  | KD 17.610 (box 0.25952  cls 0.01377  dfl 0.00053  feat 0.00133)
  Epoch 50/100  Batch 873/1094 (79.8%)  | Super 174.851 (box 1.1686  cls 0.6021  dfl 0.9613)  | Base 178.287 (box 1.1960  cls 0.6276  dfl 0.9621)  | KD 16.414 (box 0.24249  cls 0.01218  dfl 0.00050  feat 0.00131)
  Epoch 50/100  Batch 982/1094 (89.8%)  | Super 177.592 (box 1.1795  cls 0.6034  dfl 0.9920)  | Base 180.442 (box 1.2034  cls 0.6282  dfl 0.9878)  | KD 16.646 (box 0.24917  cls 0.00924  dfl 0.00047  feat 0.00121)
  Epoch 50/100  Batch 1091/1094 (99.7%)  | Super 166.503 (box 1.1033  cls 0.5561  dfl 0.9422)  | Base 167.792 (box 1.0981  cls 0.5832  dfl 0.9404)  | KD 13.852 (box 0.20704  cls 0.00770  dfl 0.00042  feat 0.00128)

================================================================================
  [Validation] Super model (skip=False)  |  Epoch 50/100
================================================================================
[*] Validation input tensor shape: torch.Size([64, 3, 384, 672])
                 Class     Images  Instances      Box(P          R      mAP50  mAP50-95)
                   all      10000     185578      0.636      0.507       0.56      0.326

================================================================================
  [Validation] Base model  (skip=True)   |  Epoch 50/100
================================================================================
[*] Validation input tensor shape: torch.Size([64, 3, 384, 672])
                 Class     Images  Instances      Box(P          R      mAP50  mAP50-95)
                   all      10000     185578      0.665       0.51      0.556      0.325

           Epoch         GPU_mem          box_om          cls_om          dfl_om          box_oo          cls_oo          dfl_oo       Instances            Size
  Epoch 51/100  Batch 1/1094 (0.1%)  | Super 166.395 (box 1.0968  cls 0.5509  dfl 0.9522)  | Base 168.455 (box 1.1067  cls 0.5758  dfl 0.9496)  | KD 13.939 (box 0.20680  cls 0.00929  dfl 0.00040  feat 0.00130)
  Epoch 51/100  Batch 110/1094 (10.1%)  | Super 171.933 (box 1.1766  cls 0.5536  dfl 0.9562)  | Base 175.810 (box 1.1943  cls 0.5890  dfl 0.9637)  | KD 16.616 (box 0.24887  cls 0.00891  dfl 0.00050  feat 0.00134)
  Epoch 51/100  Batch 219/1094 (20.0%)  | Super 173.525 (box 1.1827  cls 0.5689  dfl 0.9597)  | Base 176.525 (box 1.1938  cls 0.6066  dfl 0.9579)  | KD 16.107 (box 0.23673  cls 0.01324  dfl 0.00049  feat 0.00121)
  Epoch 51/100  Batch 328/1094 (30.0%)  | Super 170.986 (box 1.1107  cls 0.5838  dfl 0.9772)  | Base 173.884 (box 1.1184  cls 0.6208  dfl 0.9777)  | KD 15.852 (box 0.23456  cls 0.01136  dfl 0.00046  feat 0.00131)
  Epoch 51/100  Batch 437/1094 (39.9%)  | Super 179.032 (box 1.2092  cls 0.6121  dfl 0.9760)  | Base 181.629 (box 1.2322  cls 0.6285  dfl 0.9772)  | KD 14.892 (box 0.22244  cls 0.00843  dfl 0.00043  feat 0.00138)
  Epoch 51/100  Batch 546/1094 (49.9%)  | Super 169.782 (box 1.1263  cls 0.5941  dfl 0.9325)  | Base 171.207 (box 1.1303  cls 0.6096  dfl 0.9352)  | KD 15.746 (box 0.23076  cls 0.01362  dfl 0.00047  feat 0.00119)
  Epoch 51/100  Batch 655/1094 (59.9%)  | Super 172.716 (box 1.1882  cls 0.5876  dfl 0.9229)  | Base 174.693 (box 1.2035  cls 0.6028  dfl 0.9233)  | KD 16.446 (box 0.24613  cls 0.00892  dfl 0.00049  feat 0.00142)
  Epoch 51/100  Batch 764/1094 (69.8%)  | Super 173.267 (box 1.1771  cls 0.6019  dfl 0.9283)  | Base 178.361 (box 1.2188  cls 0.6313  dfl 0.9368)  | KD 18.673 (box 0.28286  cls 0.00701  dfl 0.00058  feat 0.00132)
  Epoch 51/100  Batch 873/1094 (79.8%)  | Super 174.140 (box 1.1820  cls 0.5747  dfl 0.9642)  | Base 174.851 (box 1.1814  cls 0.5939  dfl 0.9567)  | KD 15.973 (box 0.23994  cls 0.00796  dfl 0.00044  feat 0.00124)
  Epoch 51/100  Batch 982/1094 (89.8%)  | Super 176.247 (box 1.1775  cls 0.5990  dfl 0.9773)  | Base 179.376 (box 1.1987  cls 0.6219  dfl 0.9821)  | KD 16.445 (box 0.24634  cls 0.00894  dfl 0.00044  feat 0.00124)
  Epoch 51/100  Batch 1091/1094 (99.7%)  | Super 162.138 (box 1.0624  cls 0.5304  dfl 0.9406)  | Base 164.009 (box 1.0750  cls 0.5425  dfl 0.9451)  | KD 13.495 (box 0.19946  cls 0.00971  dfl 0.00043  feat 0.00125)

================================================================================
  [Validation] Super model (skip=False)  |  Epoch 51/100
================================================================================
[*] Validation input tensor shape: torch.Size([64, 3, 384, 672])
                 Class     Images  Instances      Box(P          R      mAP50  mAP50-95)
                   all      10000     185578      0.636      0.508       0.56      0.326

================================================================================
  [Validation] Base model  (skip=True)   |  Epoch 51/100
================================================================================
[*] Validation input tensor shape: torch.Size([64, 3, 384, 672])
                 Class     Images  Instances      Box(P          R      mAP50  mAP50-95)
                   all      10000     185578      0.666       0.51      0.556      0.324

           Epoch         GPU_mem          box_om          cls_om          dfl_om          box_oo          cls_oo          dfl_oo       Instances            Size
  Epoch 52/100  Batch 1/1094 (0.1%)  | Super 165.253 (box 1.0879  cls 0.5398  dfl 0.9544)  | Base 167.452 (box 1.0927  cls 0.5725  dfl 0.9513)  | KD 13.952 (box 0.20395  cls 0.01226  dfl 0.00042  feat 0.00139)
  Epoch 52/100  Batch 110/1094 (10.1%)  | Super 171.943 (box 1.1731  cls 0.5497  dfl 0.9638)  | Base 175.794 (box 1.1839  cls 0.5958  dfl 0.9671)  | KD 17.671 (box 0.24913  cls 0.02523  dfl 0.00046  feat 0.00129)
  Epoch 52/100  Batch 219/1094 (20.0%)  | Super 173.348 (box 1.1680  cls 0.5756  dfl 0.9649)  | Base 175.012 (box 1.1750  cls 0.6012  dfl 0.9583)  | KD 15.797 (box 0.23361  cls 0.01139  dfl 0.00048  feat 0.00135)
  Epoch 52/100  Batch 328/1094 (30.0%)  | Super 174.186 (box 1.1463  cls 0.5854  dfl 0.9899)  | Base 177.312 (box 1.1737  cls 0.6075  dfl 0.9893)  | KD 15.685 (box 0.23736  cls 0.00581  dfl 0.00050  feat 0.00141)
  Epoch 52/100  Batch 437/1094 (39.9%)  | Super 170.159 (box 1.1655  cls 0.5577  dfl 0.9355)  | Base 170.782 (box 1.1680  cls 0.5639  dfl 0.9365)  | KD 15.641 (box 0.23401  cls 0.00859  dfl 0.00042  feat 0.00138)
  Epoch 52/100  Batch 546/1094 (49.9%)  | Super 170.742 (box 1.1423  cls 0.5759  dfl 0.9497)  | Base 171.032 (box 1.1343  cls 0.5928  dfl 0.9453)  | KD 14.289 (box 0.21207  cls 0.00958  dfl 0.00039  feat 0.00122)
  Epoch 52/100  Batch 655/1094 (59.9%)  | Super 181.333 (box 1.2495  cls 0.6208  dfl 0.9630)  | Base 184.283 (box 1.2685  cls 0.6419  dfl 0.9690)  | KD 16.720 (box 0.24897  cls 0.01037  dfl 0.00048  feat 0.00143)
  Epoch 52/100  Batch 764/1094 (69.8%)  | Super 179.043 (box 1.2355  cls 0.5886  dfl 0.9734)  | Base 181.960 (box 1.2543  cls 0.6109  dfl 0.9780)  | KD 16.152 (box 0.24021  cls 0.01044  dfl 0.00041  feat 0.00133)
  Epoch 52/100  Batch 873/1094 (79.8%)  | Super 177.008 (box 1.1845  cls 0.6003  dfl 0.9809)  | Base 178.946 (box 1.1999  cls 0.6190  dfl 0.9772)  | KD 16.635 (box 0.24577  cls 0.01231  dfl 0.00053  feat 0.00132)
  Epoch 52/100  Batch 982/1094 (89.8%)  | Super 178.242 (box 1.1948  cls 0.6192  dfl 0.9711)  | Base 180.654 (box 1.2107  cls 0.6400  dfl 0.9720)  | KD 19.016 (box 0.27262  cls 0.02277  dfl 0.00055  feat 0.00119)
  Epoch 52/100  Batch 1091/1094 (99.7%)  | Super 165.754 (box 1.0909  cls 0.5492  dfl 0.9498)  | Base 167.894 (box 1.1000  cls 0.5685  dfl 0.9549)  | KD 13.968 (box 0.20786  cls 0.00865  dfl 0.00043  feat 0.00131)

================================================================================
  [Validation] Super model (skip=False)  |  Epoch 52/100
================================================================================
[*] Validation input tensor shape: torch.Size([64, 3, 384, 672])
                 Class     Images  Instances      Box(P          R      mAP50  mAP50-95)
                   all      10000     185578      0.636      0.508       0.56      0.327

================================================================================
  [Validation] Base model  (skip=True)   |  Epoch 52/100
================================================================================
[*] Validation input tensor shape: torch.Size([64, 3, 384, 672])
                 Class     Images  Instances      Box(P          R      mAP50  mAP50-95)
                   all      10000     185578      0.662      0.512      0.556      0.325

           Epoch         GPU_mem          box_om          cls_om          dfl_om          box_oo          cls_oo          dfl_oo       Instances            Size
  Epoch 53/100  Batch 1/1094 (0.1%)  | Super 165.623 (box 1.0839  cls 0.5406  dfl 0.9633)  | Base 168.026 (box 1.1038  cls 0.5629  dfl 0.9587)  | KD 14.443 (box 0.21603  cls 0.00794  dfl 0.00041  feat 0.00130)
  Epoch 53/100  Batch 110/1094 (10.1%)  | Super 172.967 (box 1.1699  cls 0.5724  dfl 0.9603)  | Base 178.432 (box 1.2001  cls 0.6187  dfl 0.9692)  | KD 16.384 (box 0.24364  cls 0.01057  dfl 0.00045  feat 0.00134)
  Epoch 53/100  Batch 219/1094 (20.0%)  | Super 172.871 (box 1.1890  cls 0.5684  dfl 0.9437)  | Base 176.712 (box 1.2108  cls 0.6052  dfl 0.9451)  | KD 16.774 (box 0.24581  cls 0.01445  dfl 0.00048  feat 0.00135)
  Epoch 53/100  Batch 328/1094 (30.0%)  | Super 167.837 (box 1.1121  cls 0.5722  dfl 0.9381)  | Base 169.585 (box 1.1218  cls 0.5864  dfl 0.9416)  | KD 16.028 (box 0.23915  cls 0.00942  dfl 0.00053  feat 0.00134)
  Epoch 53/100  Batch 437/1094 (39.9%)  | Super 168.325 (box 1.1489  cls 0.5522  dfl 0.9290)  | Base 171.849 (box 1.1730  cls 0.5833  dfl 0.9288)  | KD 15.706 (box 0.23505  cls 0.00866  dfl 0.00044  feat 0.00125)
  Epoch 53/100  Batch 546/1094 (49.9%)  | Super 167.035 (box 1.0941  cls 0.5770  dfl 0.9388)  | Base 169.813 (box 1.1048  cls 0.6106  dfl 0.9379)  | KD 15.553 (box 0.20704  cls 0.03426  dfl 0.00041  feat 0.00130)
  Epoch 53/100  Batch 655/1094 (59.9%)  | Super 177.295 (box 1.2104  cls 0.6137  dfl 0.9461)  | Base 180.275 (box 1.2328  cls 0.6314  dfl 0.9526)  | KD 18.899 (box 0.27813  cls 0.01521  dfl 0.00059  feat 0.00136)
  Epoch 53/100  Batch 764/1094 (69.8%)  | Super 182.073 (box 1.2374  cls 0.6431  dfl 0.9644)  | Base 185.813 (box 1.2506  cls 0.6743  dfl 0.9784)  | KD 18.706 (box 0.28068  cls 0.00977  dfl 0.00056  feat 0.00128)
  Epoch 53/100  Batch 873/1094 (79.8%)  | Super 176.908 (box 1.2065  cls 0.5876  dfl 0.9700)  | Base 179.105 (box 1.2156  cls 0.6118  dfl 0.9710)  | KD 16.265 (box 0.24437  cls 0.00799  dfl 0.00049  feat 0.00130)
  Epoch 53/100  Batch 982/1094 (89.8%)  | Super 179.113 (box 1.1967  cls 0.5835  dfl 1.0184)  | Base 181.971 (box 1.2152  cls 0.6093  dfl 1.0188)  | KD 17.021 (box 0.25257  cls 0.01162  dfl 0.00047  feat 0.00129)
  Epoch 53/100  Batch 1091/1094 (99.7%)  | Super 166.854 (box 1.0926  cls 0.5525  dfl 0.9620)  | Base 169.742 (box 1.1091  cls 0.5818  dfl 0.9613)  | KD 15.005 (box 0.22355  cls 0.00923  dfl 0.00042  feat 0.00124)

================================================================================
  [Validation] Super model (skip=False)  |  Epoch 53/100
================================================================================
[*] Validation input tensor shape: torch.Size([64, 3, 384, 672])
                 Class     Images  Instances      Box(P          R      mAP50  mAP50-95)
                   all      10000     185578      0.632      0.511       0.56      0.326

================================================================================
  [Validation] Base model  (skip=True)   |  Epoch 53/100
================================================================================
[*] Validation input tensor shape: torch.Size([64, 3, 384, 672])
                 Class     Images  Instances      Box(P          R      mAP50  mAP50-95)
                   all      10000     185578      0.667      0.513      0.556      0.325

           Epoch         GPU_mem          box_om          cls_om          dfl_om          box_oo          cls_oo          dfl_oo       Instances            Size
  Epoch 54/100  Batch 1/1094 (0.1%)  | Super 162.331 (box 1.0687  cls 0.5264  dfl 0.9413)  | Base 163.662 (box 1.0752  cls 0.5447  dfl 0.9374)  | KD 14.175 (box 0.21228  cls 0.00750  dfl 0.00043  feat 0.00127)
  Epoch 54/100  Batch 110/1094 (10.1%)  | Super 175.175 (box 1.1884  cls 0.5704  dfl 0.9783)  | Base 178.716 (box 1.2112  cls 0.5982  dfl 0.9830)  | KD 17.243 (box 0.25600  cls 0.01157  dfl 0.00053  feat 0.00133)
  Epoch 54/100  Batch 219/1094 (20.0%)  | Super 175.821 (box 1.1956  cls 0.5810  dfl 0.9705)  | Base 178.302 (box 1.2204  cls 0.5952  dfl 0.9704)  | KD 17.584 (box 0.25288  cls 0.01996  dfl 0.00054  feat 0.00137)
  Epoch 54/100  Batch 328/1094 (30.0%)  | Super 172.314 (box 1.1509  cls 0.5792  dfl 0.9623)  | Base 174.136 (box 1.1687  cls 0.5899  dfl 0.9623)  | KD 16.071 (box 0.23525  cls 0.01415  dfl 0.00046  feat 0.00125)
  Epoch 54/100  Batch 437/1094 (39.9%)  | Super 173.500 (box 1.1847  cls 0.5755  dfl 0.9508)  | Base 175.503 (box 1.1991  cls 0.5970  dfl 0.9461)  | KD 15.131 (box 0.22696  cls 0.00772  dfl 0.00042  feat 0.00133)
  Epoch 54/100  Batch 546/1094 (49.9%)  | Super 166.838 (box 1.1056  cls 0.5645  dfl 0.9368)  | Base 170.540 (box 1.1246  cls 0.6028  dfl 0.9373)  | KD 15.478 (box 0.23214  cls 0.00792  dfl 0.00056  feat 0.00123)
  Epoch 54/100  Batch 655/1094 (59.9%)  | Super 172.229 (box 1.1939  cls 0.5837  dfl 0.9135)  | Base 175.467 (box 1.2094  cls 0.6137  dfl 0.9186)  | KD 15.695 (box 0.22837  cls 0.01509  dfl 0.00043  feat 0.00134)
  Epoch 54/100  Batch 764/1094 (69.8%)  | Super 182.286 (box 1.2587  cls 0.6133  dfl 0.9762)  | Base 186.418 (box 1.2951  cls 0.6424  dfl 0.9753)  | KD 18.460 (box 0.27813  cls 0.00843  dfl 0.00055  feat 0.00133)
  Epoch 54/100  Batch 873/1094 (79.8%)  | Super 171.516 (box 1.1481  cls 0.5677  dfl 0.9641)  | Base 174.267 (box 1.1634  cls 0.5990  dfl 0.9605)  | KD 16.272 (box 0.24456  cls 0.00787  dfl 0.00055  feat 0.00128)
  Epoch 54/100  Batch 982/1094 (89.8%)  | Super 180.948 (box 1.2099  cls 0.6089  dfl 1.0085)  | Base 183.712 (box 1.2320  cls 0.6319  dfl 1.0066)  | KD 17.243 (box 0.26031  cls 0.00733  dfl 0.00046  feat 0.00132)
  Epoch 54/100  Batch 1091/1094 (99.7%)  | Super 166.487 (box 1.0910  cls 0.5393  dfl 0.9710)  | Base 168.697 (box 1.1036  cls 0.5635  dfl 0.9687)  | KD 13.098 (box 0.19569  cls 0.00714  dfl 0.00043  feat 0.00140)

================================================================================
  [Validation] Super model (skip=False)  |  Epoch 54/100
================================================================================
[*] Validation input tensor shape: torch.Size([64, 3, 384, 672])
                 Class     Images  Instances      Box(P          R      mAP50  mAP50-95)
                   all      10000     185578      0.636      0.509      0.559      0.326

================================================================================
  [Validation] Base model  (skip=True)   |  Epoch 54/100
================================================================================
[*] Validation input tensor shape: torch.Size([64, 3, 384, 672])
                 Class     Images  Instances      Box(P          R      mAP50  mAP50-95)
                   all      10000     185578      0.666      0.514      0.557      0.325

           Epoch         GPU_mem          box_om          cls_om          dfl_om          box_oo          cls_oo          dfl_oo       Instances            Size
  Epoch 55/100  Batch 1/1094 (0.1%)  | Super 163.330 (box 1.0795  cls 0.5205  dfl 0.9520)  | Base 165.123 (box 1.0823  cls 0.5483  dfl 0.9495)  | KD 14.315 (box 0.21312  cls 0.00881  dfl 0.00044  feat 0.00130)
  Epoch 55/100  Batch 110/1094 (10.1%)  | Super 173.351 (box 1.1576  cls 0.5705  dfl 0.9805)  | Base 175.162 (box 1.1700  cls 0.5875  dfl 0.9794)  | KD 16.659 (box 0.24708  cls 0.01131  dfl 0.00046  feat 0.00144)
  Epoch 55/100  Batch 219/1094 (20.0%)  | Super 174.327 (box 1.1988  cls 0.5471  dfl 0.9780)  | Base 176.628 (box 1.2073  cls 0.5815  dfl 0.9710)  | KD 16.292 (box 0.23932  cls 0.01333  dfl 0.00057  feat 0.00135)
  Epoch 55/100  Batch 328/1094 (30.0%)  | Super 167.000 (box 1.1153  cls 0.5493  dfl 0.9448)  | Base 167.932 (box 1.1227  cls 0.5603  dfl 0.9410)  | KD 14.674 (box 0.21334  cls 0.01415  dfl 0.00043  feat 0.00136)
  Epoch 55/100  Batch 437/1094 (39.9%)  | Super 169.668 (box 1.1592  cls 0.5605  dfl 0.9314)  | Base 171.373 (box 1.1634  cls 0.5804  dfl 0.9339)  | KD 14.426 (box 0.21700  cls 0.00667  dfl 0.00038  feat 0.00135)
  Epoch 55/100  Batch 546/1094 (49.9%)  | Super 168.165 (box 1.1128  cls 0.5803  dfl 0.9345)  | Base 170.989 (box 1.1266  cls 0.6093  dfl 0.9358)  | KD 16.298 (box 0.24361  cls 0.00928  dfl 0.00053  feat 0.00124)
  Epoch 55/100  Batch 655/1094 (59.9%)  | Super 171.560 (box 1.1687  cls 0.5887  dfl 0.9232)  | Base 173.198 (box 1.1774  cls 0.6076  dfl 0.9212)  | KD 16.943 (box 0.25592  cls 0.00701  dfl 0.00045  feat 0.00136)
  Epoch 55/100  Batch 764/1094 (69.8%)  | Super 174.542 (box 1.1923  cls 0.5913  dfl 0.9435)  | Base 178.033 (box 1.2181  cls 0.6199  dfl 0.9438)  | KD 17.425 (box 0.26411  cls 0.00631  dfl 0.00053  feat 0.00133)
  Epoch 55/100  Batch 873/1094 (79.8%)  | Super 177.854 (box 1.2026  cls 0.6050  dfl 0.9713)  | Base 179.122 (box 1.2056  cls 0.6216  dfl 0.9716)  | KD 15.972 (box 0.23232  cls 0.01555  dfl 0.00044  feat 0.00126)
  Epoch 55/100  Batch 982/1094 (89.8%)  | Super 179.305 (box 1.2168  cls 0.5884  dfl 0.9964)  | Base 181.948 (box 1.2298  cls 0.6197  dfl 0.9934)  | KD 16.855 (box 0.25273  cls 0.00895  dfl 0.00047  feat 0.00121)
  Epoch 55/100  Batch 1091/1094 (99.7%)  | Super 161.961 (box 1.0693  cls 0.5178  dfl 0.9435)  | Base 164.401 (box 1.0806  cls 0.5463  dfl 0.9419)  | KD 14.643 (box 0.21390  cls 0.01304  dfl 0.00049  feat 0.00137)

================================================================================
  [Validation] Super model (skip=False)  |  Epoch 55/100
================================================================================
[*] Validation input tensor shape: torch.Size([64, 3, 384, 672])
                 Class     Images  Instances      Box(P          R      mAP50  mAP50-95)
                   all      10000     185578      0.603      0.534       0.56      0.327

================================================================================
  [Validation] Base model  (skip=True)   |  Epoch 55/100
================================================================================
[*] Validation input tensor shape: torch.Size([64, 3, 384, 672])
                 Class     Images  Instances      Box(P          R      mAP50  mAP50-95)
                   all      10000     185578      0.668      0.513      0.557      0.325

           Epoch         GPU_mem          box_om          cls_om          dfl_om          box_oo          cls_oo          dfl_oo       Instances            Size
  Epoch 56/100  Batch 1/1094 (0.1%)  | Super 164.452 (box 1.0778  cls 0.5352  dfl 0.9566)  | Base 168.925 (box 1.1077  cls 0.5803  dfl 0.9515)  | KD 15.844 (box 0.23548  cls 0.01010  dfl 0.00064  feat 0.00134)
  Epoch 56/100  Batch 110/1094 (10.1%)  | Super 174.029 (box 1.1780  cls 0.5738  dfl 0.9674)  | Base 176.443 (box 1.2013  cls 0.5836  dfl 0.9720)  | KD 16.744 (box 0.24568  cls 0.01410  dfl 0.00056  feat 0.00129)
  Epoch 56/100  Batch 219/1094 (20.0%)  | Super 164.656 (box 1.1130  cls 0.5433  dfl 0.9165)  | Base 167.267 (box 1.1260  cls 0.5628  dfl 0.9247)  | KD 15.527 (box 0.22999  cls 0.01085  dfl 0.00050  feat 0.00127)
  Epoch 56/100  Batch 328/1094 (30.0%)  | Super 168.561 (box 1.1172  cls 0.5888  dfl 0.9277)  | Base 172.555 (box 1.1453  cls 0.6143  dfl 0.9365)  | KD 16.687 (box 0.24550  cls 0.01330  dfl 0.00053  feat 0.00140)
  Epoch 56/100  Batch 437/1094 (39.9%)  | Super 178.515 (box 1.2113  cls 0.6063  dfl 0.9717)  | Base 181.757 (box 1.2363  cls 0.6318  dfl 0.9718)  | KD 16.609 (box 0.24704  cls 0.01068  dfl 0.00049  feat 0.00130)
  Epoch 56/100  Batch 546/1094 (49.9%)  | Super 171.005 (box 1.1230  cls 0.5921  dfl 0.9568)  | Base 173.698 (box 1.1377  cls 0.6179  dfl 0.9584)  | KD 15.271 (box 0.22652  cls 0.01015  dfl 0.00044  feat 0.00149)
  Epoch 56/100  Batch 655/1094 (59.9%)  | Super 175.190 (box 1.2151  cls 0.5977  dfl 0.9245)  | Base 177.921 (box 1.2356  cls 0.6146  dfl 0.9298)  | KD 17.991 (box 0.26804  cls 0.01128  dfl 0.00052  feat 0.00126)
  Epoch 56/100  Batch 764/1094 (69.8%)  | Super 179.204 (box 1.2196  cls 0.6061  dfl 0.9744)  | Base 182.180 (box 1.2339  cls 0.6339  dfl 0.9788)  | KD 19.885 (box 0.29940  cls 0.00938  dfl 0.00059  feat 0.00133)
  Epoch 56/100  Batch 873/1094 (79.8%)  | Super 173.837 (box 1.1662  cls 0.5802  dfl 0.9698)  | Base 176.047 (box 1.1833  cls 0.5966  dfl 0.9709)  | KD 16.298 (box 0.24560  cls 0.00728  dfl 0.00050  feat 0.00127)
  Epoch 56/100  Batch 982/1094 (89.8%)  | Super 175.348 (box 1.1570  cls 0.6013  dfl 0.9815)  | Base 177.059 (box 1.1643  cls 0.6217  dfl 0.9806)  | KD 18.649 (box 0.28102  cls 0.00862  dfl 0.00052  feat 0.00122)
  Epoch 56/100  Batch 1091/1094 (99.7%)  | Super 159.111 (box 1.0350  cls 0.5189  dfl 0.9322)  | Base 162.476 (box 1.0583  cls 0.5413  dfl 0.9391)  | KD 13.944 (box 0.20473  cls 0.01141  dfl 0.00044  feat 0.00129)

================================================================================
  [Validation] Super model (skip=False)  |  Epoch 56/100
================================================================================
[*] Validation input tensor shape: torch.Size([64, 3, 384, 672])
                 Class     Images  Instances      Box(P          R      mAP50  mAP50-95)
                   all      10000     185578      0.612       0.54       0.56      0.327

================================================================================
  [Validation] Base model  (skip=True)   |  Epoch 56/100
================================================================================
[*] Validation input tensor shape: torch.Size([64, 3, 384, 672])
                 Class     Images  Instances      Box(P          R      mAP50  mAP50-95)
                   all      10000     185578      0.671      0.512      0.558      0.325

           Epoch         GPU_mem          box_om          cls_om          dfl_om          box_oo          cls_oo          dfl_oo       Instances            Size
  Epoch 57/100  Batch 1/1094 (0.1%)  | Super 165.531 (box 1.1133  cls 0.5309  dfl 0.9422)  | Base 167.622 (box 1.1259  cls 0.5491  dfl 0.9441)  | KD 14.746 (box 0.22091  cls 0.00780  dfl 0.00045  feat 0.00124)
  Epoch 57/100  Batch 110/1094 (10.1%)  | Super 173.617 (box 1.1854  cls 0.5603  dfl 0.9671)  | Base 177.967 (box 1.2111  cls 0.5938  dfl 0.9758)  | KD 16.637 (box 0.24427  cls 0.01386  dfl 0.00047  feat 0.00135)
  Epoch 57/100  Batch 219/1094 (20.0%)  | Super 168.554 (box 1.1355  cls 0.5534  dfl 0.9447)  | Base 172.078 (box 1.1630  cls 0.5815  dfl 0.9442)  | KD 17.586 (box 0.25941  cls 0.01354  dfl 0.00058  feat 0.00125)
  Epoch 57/100  Batch 328/1094 (30.0%)  | Super 172.203 (box 1.1492  cls 0.5855  dfl 0.9560)  | Base 173.651 (box 1.1602  cls 0.6022  dfl 0.9509)  | KD 17.888 (box 0.26658  cls 0.01102  dfl 0.00053  feat 0.00137)
  Epoch 57/100  Batch 437/1094 (39.9%)  | Super 168.049 (box 1.1374  cls 0.5612  dfl 0.9272)  | Base 172.419 (box 1.1636  cls 0.5979  dfl 0.9326)  | KD 15.816 (box 0.22730  cls 0.01817  dfl 0.00046  feat 0.00121)
  Epoch 57/100  Batch 546/1094 (49.9%)  | Super 170.917 (box 1.1431  cls 0.5760  dfl 0.9514)  | Base 173.548 (box 1.1531  cls 0.6065  dfl 0.9521)  | KD 15.285 (box 0.23035  cls 0.00679  dfl 0.00048  feat 0.00121)
  Epoch 57/100  Batch 655/1094 (59.9%)  | Super 175.848 (box 1.2081  cls 0.6206  dfl 0.9189)  | Base 178.706 (box 1.2291  cls 0.6391  dfl 0.9241)  | KD 19.241 (box 0.27893  cls 0.01972  dfl 0.00063  feat 0.00137)
  Epoch 57/100  Batch 764/1094 (69.8%)  | Super 183.911 (box 1.2521  cls 0.6394  dfl 0.9822)  | Base 187.378 (box 1.2730  cls 0.6785  dfl 0.9763)  | KD 17.991 (box 0.27049  cls 0.00881  dfl 0.00049  feat 0.00132)
  Epoch 57/100  Batch 873/1094 (79.8%)  | Super 174.272 (box 1.1749  cls 0.5903  dfl 0.9578)  | Base 178.136 (box 1.1934  cls 0.6259  dfl 0.9641)  | KD 16.447 (box 0.24715  cls 0.00797  dfl 0.00052  feat 0.00135)
  Epoch 57/100  Batch 982/1094 (89.8%)  | Super 173.968 (box 1.1573  cls 0.5718  dfl 0.9891)  | Base 177.056 (box 1.1828  cls 0.5914  dfl 0.9924)  | KD 16.360 (box 0.24780  cls 0.00616  dfl 0.00044  feat 0.00123)
  Epoch 57/100  Batch 1091/1094 (99.7%)  | Super 163.138 (box 1.0740  cls 0.5300  dfl 0.9450)  | Base 166.004 (box 1.0826  cls 0.5671  dfl 0.9442)  | KD 14.471 (box 0.21639  cls 0.00794  dfl 0.00051  feat 0.00126)

================================================================================
  [Validation] Super model (skip=False)  |  Epoch 57/100
================================================================================
[*] Validation input tensor shape: torch.Size([64, 3, 384, 672])
                 Class     Images  Instances      Box(P          R      mAP50  mAP50-95)
                   all      10000     185578       0.61       0.54       0.56      0.327

================================================================================
  [Validation] Base model  (skip=True)   |  Epoch 57/100
================================================================================
[*] Validation input tensor shape: torch.Size([64, 3, 384, 672])
                 Class     Images  Instances      Box(P          R      mAP50  mAP50-95)
                   all      10000     185578       0.67      0.513      0.558      0.325

           Epoch         GPU_mem          box_om          cls_om          dfl_om          box_oo          cls_oo          dfl_oo       Instances            Size
  Epoch 58/100  Batch 1/1094 (0.1%)  | Super 161.290 (box 1.0598  cls 0.5145  dfl 0.9458)  | Base 162.484 (box 1.0548  cls 0.5405  dfl 0.9436)  | KD 14.773 (box 0.22124  cls 0.00766  dfl 0.00044  feat 0.00149)
  Epoch 58/100  Batch 110/1094 (10.1%)  | Super 171.739 (box 1.1618  cls 0.5499  dfl 0.9718)  | Base 175.976 (box 1.1863  cls 0.5875  dfl 0.9758)  | KD 18.305 (box 0.25764  cls 0.02644  dfl 0.00050  feat 0.00143)
  Epoch 58/100  Batch 219/1094 (20.0%)  | Super 172.178 (box 1.1692  cls 0.5673  dfl 0.9538)  | Base 175.309 (box 1.1864  cls 0.5973  dfl 0.9555)  | KD 16.795 (box 0.24422  cls 0.01638  dfl 0.00048  feat 0.00133)
  Epoch 58/100  Batch 328/1094 (30.0%)  | Super 172.926 (box 1.1303  cls 0.5879  dfl 0.9838)  | Base 174.326 (box 1.1354  cls 0.6031  dfl 0.9854)  | KD 16.848 (box 0.24902  cls 0.01229  dfl 0.00060  feat 0.00133)
  Epoch 58/100  Batch 437/1094 (39.9%)  | Super 173.283 (box 1.1842  cls 0.5781  dfl 0.9452)  | Base 176.687 (box 1.2092  cls 0.6016  dfl 0.9499)  | KD 15.644 (box 0.22459  cls 0.01803  dfl 0.00043  feat 0.00138)
  Epoch 58/100  Batch 546/1094 (49.9%)  | Super 167.429 (box 1.0976  cls 0.5831  dfl 0.9354)  | Base 170.797 (box 1.1225  cls 0.6041  dfl 0.9420)  | KD 15.625 (box 0.23204  cls 0.01034  dfl 0.00049  feat 0.00127)
  Epoch 58/100  Batch 655/1094 (59.9%)  | Super 171.834 (box 1.1823  cls 0.5862  dfl 0.9164)  | Base 173.529 (box 1.1967  cls 0.6014  dfl 0.9134)  | KD 18.689 (box 0.27230  cls 0.01781  dfl 0.00050  feat 0.00139)
  Epoch 58/100  Batch 764/1094 (69.8%)  | Super 184.420 (box 1.2600  cls 0.6359  dfl 0.9856)  | Base 187.517 (box 1.2815  cls 0.6640  dfl 0.9845)  | KD 18.804 (box 0.28116  cls 0.01095  dfl 0.00048  feat 0.00122)
  Epoch 58/100  Batch 873/1094 (79.8%)  | Super 180.503 (box 1.2140  cls 0.6295  dfl 0.9769)  | Base 182.793 (box 1.2249  cls 0.6500  dfl 0.9812)  | KD 17.535 (box 0.26288  cls 0.00922  dfl 0.00051  feat 0.00137)
  Epoch 58/100  Batch 982/1094 (89.8%)  | Super 172.445 (box 1.1570  cls 0.5856  dfl 0.9519)  | Base 174.098 (box 1.1638  cls 0.6034  dfl 0.9531)  | KD 17.419 (box 0.26231  cls 0.00811  dfl 0.00050  feat 0.00127)
  Epoch 58/100  Batch 1091/1094 (99.7%)  | Super 163.594 (box 1.0784  cls 0.5399  dfl 0.9378)  | Base 166.177 (box 1.0959  cls 0.5581  dfl 0.9425)  | KD 14.816 (box 0.21760  cls 0.01222  dfl 0.00042  feat 0.00127)

================================================================================
  [Validation] Super model (skip=False)  |  Epoch 58/100
================================================================================
[*] Validation input tensor shape: torch.Size([64, 3, 384, 672])
                 Class     Images  Instances      Box(P          R      mAP50  mAP50-95)
                   all      10000     185578      0.613      0.538       0.56      0.327

================================================================================
  [Validation] Base model  (skip=True)   |  Epoch 58/100
================================================================================
[*] Validation input tensor shape: torch.Size([64, 3, 384, 672])
                 Class     Images  Instances      Box(P          R      mAP50  mAP50-95)
                   all      10000     185578      0.673      0.511      0.557      0.325

           Epoch         GPU_mem          box_om          cls_om          dfl_om          box_oo          cls_oo          dfl_oo       Instances            Size
  Epoch 59/100  Batch 1/1094 (0.1%)  | Super 158.613 (box 1.0610  cls 0.4954  dfl 0.9219)  | Base 159.413 (box 1.0586  cls 0.5150  dfl 0.9173)  | KD 13.670 (box 0.20185  cls 0.00995  dfl 0.00038  feat 0.00142)
  Epoch 59/100  Batch 110/1094 (10.1%)  | Super 168.707 (box 1.1608  cls 0.5435  dfl 0.9318)  | Base 171.754 (box 1.1723  cls 0.5741  dfl 0.9373)  | KD 17.300 (box 0.25518  cls 0.01322  dfl 0.00060  feat 0.00131)
  Epoch 59/100  Batch 219/1094 (20.0%)  | Super 168.828 (box 1.1401  cls 0.5501  dfl 0.9477)  | Base 172.718 (box 1.1581  cls 0.5891  dfl 0.9515)  | KD 16.623 (box 0.23538  cls 0.02255  dfl 0.00053  feat 0.00127)
  Epoch 59/100  Batch 328/1094 (30.0%)  | Super 164.965 (box 1.0683  cls 0.5597  dfl 0.9496)  | Base 168.365 (box 1.0990  cls 0.5744  dfl 0.9574)  | KD 16.790 (box 0.25169  cls 0.00872  dfl 0.00061  feat 0.00133)
  Epoch 59/100  Batch 437/1094 (39.9%)  | Super 171.199 (box 1.1590  cls 0.5678  dfl 0.9482)  | Base 174.853 (box 1.1830  cls 0.5938  dfl 0.9553)  | KD 15.252 (box 0.22169  cls 0.01492  dfl 0.00045  feat 0.00126)
  Epoch 59/100  Batch 546/1094 (49.9%)  | Super 174.145 (box 1.1546  cls 0.6061  dfl 0.9603)  | Base 178.174 (box 1.1780  cls 0.6413  dfl 0.9646)  | KD 16.581 (box 0.24770  cls 0.00955  dfl 0.00049  feat 0.00133)
  Epoch 59/100  Batch 655/1094 (59.9%)  | Super 182.805 (box 1.2635  cls 0.6254  dfl 0.9674)  | Base 186.079 (box 1.2862  cls 0.6497  dfl 0.9716)  | KD 18.804 (box 0.27139  cls 0.02062  dfl 0.00050  feat 0.00131)
  Epoch 59/100  Batch 764/1094 (69.8%)  | Super 181.745 (box 1.2449  cls 0.6254  dfl 0.9695)  | Base 184.937 (box 1.2693  cls 0.6455  dfl 0.9748)  | KD 18.501 (box 0.27744  cls 0.00970  dfl 0.00060  feat 0.00134)
  Epoch 59/100  Batch 873/1094 (79.8%)  | Super 175.336 (box 1.1815  cls 0.5884  dfl 0.9697)  | Base 179.181 (box 1.2020  cls 0.6169  dfl 0.9807)  | KD 16.971 (box 0.25425  cls 0.00905  dfl 0.00054  feat 0.00132)
  Epoch 59/100  Batch 982/1094 (89.8%)  | Super 178.630 (box 1.1976  cls 0.5978  dfl 0.9957)  | Base 182.916 (box 1.2293  cls 0.6291  dfl 0.9996)  | KD 18.259 (box 0.26589  cls 0.01757  dfl 0.00049  feat 0.00135)
  Epoch 59/100  Batch 1091/1094 (99.7%)  | Super 166.305 (box 1.0963  cls 0.5345  dfl 0.9677)  | Base 168.217 (box 1.1002  cls 0.5687  dfl 0.9595)  | KD 13.448 (box 0.20159  cls 0.00678  dfl 0.00040  feat 0.00137)

================================================================================
  [Validation] Super model (skip=False)  |  Epoch 59/100
================================================================================
[*] Validation input tensor shape: torch.Size([64, 3, 384, 672])
                 Class     Images  Instances      Box(P          R      mAP50  mAP50-95)
                   all      10000     185578      0.625      0.532       0.56      0.327

================================================================================
  [Validation] Base model  (skip=True)   |  Epoch 59/100
================================================================================
[*] Validation input tensor shape: torch.Size([64, 3, 384, 672])
                 Class     Images  Instances      Box(P          R      mAP50  mAP50-95)
                   all      10000     185578      0.669      0.512      0.557      0.325

           Epoch         GPU_mem          box_om          cls_om          dfl_om          box_oo          cls_oo          dfl_oo       Instances            Size
  Epoch 60/100  Batch 1/1094 (0.1%)  | Super 162.897 (box 1.0685  cls 0.5274  dfl 0.9493)  | Base 163.782 (box 1.0699  cls 0.5495  dfl 0.9397)  | KD 14.631 (box 0.21882  cls 0.00804  dfl 0.00042  feat 0.00134)
  Epoch 60/100  Batch 110/1094 (10.1%)  | Super 174.825 (box 1.1987  cls 0.5712  dfl 0.9617)  | Base 177.459 (box 1.2161  cls 0.5923  dfl 0.9643)  | KD 17.590 (box 0.26231  cls 0.01057  dfl 0.00054  feat 0.00143)
  Epoch 60/100  Batch 219/1094 (20.0%)  | Super 168.865 (box 1.1537  cls 0.5424  dfl 0.9424)  | Base 170.147 (box 1.1612  cls 0.5606  dfl 0.9368)  | KD 17.399 (box 0.25892  cls 0.01111  dfl 0.00054  feat 0.00129)
  Epoch 60/100  Batch 328/1094 (30.0%)  | Super 165.535 (box 1.0814  cls 0.5528  dfl 0.9523)  | Base 168.558 (box 1.0994  cls 0.5798  dfl 0.9545)  | KD 16.467 (box 0.24475  cls 0.01064  dfl 0.00052  feat 0.00137)
  Epoch 60/100  Batch 437/1094 (39.9%)  | Super 175.403 (box 1.2078  cls 0.5810  dfl 0.9518)  | Base 179.394 (box 1.2341  cls 0.6106  dfl 0.9583)  | KD 18.288 (box 0.26179  cls 0.02202  dfl 0.00047  feat 0.00147)
  Epoch 60/100  Batch 546/1094 (49.9%)  | Super 163.198 (box 1.0885  cls 0.5421  dfl 0.9194)  | Base 166.933 (box 1.1053  cls 0.5796  dfl 0.9235)  | KD 16.227 (box 0.22937  cls 0.02241  dfl 0.00050  feat 0.00127)
  Epoch 60/100  Batch 655/1094 (59.9%)  | Super 175.451 (box 1.1980  cls 0.5889  dfl 0.9546)  | Base 178.367 (box 1.2154  cls 0.6103  dfl 0.9613)  | KD 16.811 (box 0.25120  cls 0.00960  dfl 0.00050  feat 0.00137)
  Epoch 60/100  Batch 764/1094 (69.8%)  | Super 172.338 (box 1.1767  cls 0.5823  dfl 0.9337)  | Base 175.995 (box 1.1986  cls 0.6135  dfl 0.9378)  | KD 16.915 (box 0.25459  cls 0.00794  dfl 0.00048  feat 0.00129)
  Epoch 60/100  Batch 873/1094 (79.8%)  | Super 170.168 (box 1.1416  cls 0.5510  dfl 0.9663)  | Base 172.317 (box 1.1513  cls 0.5832  dfl 0.9580)  | KD 16.629 (box 0.24852  cls 0.00944  dfl 0.00051  feat 0.00135)
  Epoch 60/100  Batch 982/1094 (89.8%)  | Super 175.727 (box 1.1721  cls 0.5878  dfl 0.9858)  | Base 177.787 (box 1.1831  cls 0.6115  dfl 0.9833)  | KD 17.846 (box 0.26896  cls 0.00801  dfl 0.00048  feat 0.00138)
  Epoch 60/100  Batch 1091/1094 (99.7%)  | Super 164.236 (box 1.0959  cls 0.5108  dfl 0.9595)  | Base 166.347 (box 1.1008  cls 0.5349  dfl 0.9634)  | KD 13.373 (box 0.19967  cls 0.00764  dfl 0.00041  feat 0.00124)

================================================================================
  [Validation] Super model (skip=False)  |  Epoch 60/100
================================================================================
[*] Validation input tensor shape: torch.Size([64, 3, 384, 672])
                 Class     Images  Instances      Box(P          R      mAP50  mAP50-95)
                   all      10000     185578      0.634      0.525       0.56      0.327

================================================================================
  [Validation] Base model  (skip=True)   |  Epoch 60/100
================================================================================
[*] Validation input tensor shape: torch.Size([64, 3, 384, 672])
                 Class     Images  Instances      Box(P          R      mAP50  mAP50-95)
                   all      10000     185578      0.666      0.513      0.557      0.325

           Epoch         GPU_mem          box_om          cls_om          dfl_om          box_oo          cls_oo          dfl_oo       Instances            Size
  Epoch 61/100  Batch 1/1094 (0.1%)  | Super 161.965 (box 1.0624  cls 0.5289  dfl 0.9393)  | Base 164.205 (box 1.0731  cls 0.5509  dfl 0.9417)  | KD 14.713 (box 0.21836  cls 0.00976  dfl 0.00044  feat 0.00133)
  Epoch 61/100  Batch 110/1094 (10.1%)  | Super 174.321 (box 1.1841  cls 0.5870  dfl 0.9526)  | Base 178.130 (box 1.2062  cls 0.6226  dfl 0.9544)  | KD 17.325 (box 0.25724  cls 0.01154  dfl 0.00053  feat 0.00138)
  Epoch 61/100  Batch 219/1094 (20.0%)  | Super 167.130 (box 1.1395  cls 0.5323  dfl 0.9396)  | Base 170.482 (box 1.1499  cls 0.5708  dfl 0.9431)  | KD 14.923 (box 0.21874  cls 0.01272  dfl 0.00047  feat 0.00123)
  Epoch 61/100  Batch 328/1094 (30.0%)  | Super 169.346 (box 1.1230  cls 0.5712  dfl 0.9518)  | Base 171.178 (box 1.1360  cls 0.5819  dfl 0.9568)  | KD 15.464 (box 0.22785  cls 0.01196  dfl 0.00045  feat 0.00136)
  Epoch 61/100  Batch 437/1094 (39.9%)  | Super 167.424 (box 1.1462  cls 0.5547  dfl 0.9151)  | Base 170.108 (box 1.1627  cls 0.5726  dfl 0.9226)  | KD 15.107 (box 0.22477  cls 0.00957  dfl 0.00040  feat 0.00130)
  Epoch 61/100  Batch 546/1094 (49.9%)  | Super 170.505 (box 1.1326  cls 0.5804  dfl 0.9512)  | Base 173.317 (box 1.1472  cls 0.6084  dfl 0.9525)  | KD 15.085 (box 0.22437  cls 0.00957  dfl 0.00046  feat 0.00131)
  Epoch 61/100  Batch 655/1094 (59.9%)  | Super 173.542 (box 1.1913  cls 0.6084  dfl 0.9119)  | Base 176.974 (box 1.2139  cls 0.6324  dfl 0.9189)  | KD 18.143 (box 0.26687  cls 0.01462  dfl 0.00056  feat 0.00144)
  Epoch 61/100  Batch 764/1094 (69.8%)  | Super 183.119 (box 1.2481  cls 0.6227  dfl 0.9904)  | Base 184.498 (box 1.2528  cls 0.6372  dfl 0.9927)  | KD 18.436 (box 0.27835  cls 0.00781  dfl 0.00054  feat 0.00136)
  Epoch 61/100  Batch 873/1094 (79.8%)  | Super 176.923 (box 1.1920  cls 0.6242  dfl 0.9482)  | Base 179.782 (box 1.2150  cls 0.6415  dfl 0.9526)  | KD 18.138 (box 0.26777  cls 0.01380  dfl 0.00051  feat 0.00132)
  Epoch 61/100  Batch 982/1094 (89.8%)  | Super 177.616 (box 1.1711  cls 0.5978  dfl 1.0063)  | Base 180.062 (box 1.1912  cls 0.6209  dfl 1.0014)  | KD 17.967 (box 0.26820  cls 0.01079  dfl 0.00058  feat 0.00117)
  Epoch 61/100  Batch 1091/1094 (99.7%)  | Super 161.247 (box 1.0620  cls 0.5200  dfl 0.9374)  | Base 165.604 (box 1.0897  cls 0.5542  dfl 0.9437)  | KD 14.355 (box 0.21417  cls 0.00832  dfl 0.00043  feat 0.00138)

================================================================================
  [Validation] Super model (skip=False)  |  Epoch 61/100
================================================================================
[*] Validation input tensor shape: torch.Size([64, 3, 384, 672])
                 Class     Images  Instances      Box(P          R      mAP50  mAP50-95)
                   all      10000     185578      0.613      0.538      0.559      0.327

================================================================================
  [Validation] Base model  (skip=True)   |  Epoch 61/100
================================================================================
[*] Validation input tensor shape: torch.Size([64, 3, 384, 672])
                 Class     Images  Instances      Box(P          R      mAP50  mAP50-95)
                   all      10000     185578      0.675      0.511      0.557      0.325

           Epoch         GPU_mem          box_om          cls_om          dfl_om          box_oo          cls_oo          dfl_oo       Instances            Size
  Epoch 62/100  Batch 1/1094 (0.1%)  | Super 159.980 (box 1.0464  cls 0.5243  dfl 0.9290)  | Base 162.264 (box 1.0610  cls 0.5433  dfl 0.9310)  | KD 15.126 (box 0.22325  cls 0.01128  dfl 0.00043  feat 0.00138)
  Epoch 62/100  Batch 110/1094 (10.1%)  | Super 172.257 (box 1.1852  cls 0.5478  dfl 0.9585)  | Base 174.052 (box 1.1924  cls 0.5737  dfl 0.9535)  | KD 16.332 (box 0.24357  cls 0.00987  dfl 0.00049  feat 0.00125)
  Epoch 62/100  Batch 219/1094 (20.0%)  | Super 166.263 (box 1.1271  cls 0.5269  dfl 0.9438)  | Base 169.438 (box 1.1442  cls 0.5592  dfl 0.9441)  | KD 16.868 (box 0.23552  cls 0.02624  dfl 0.00048  feat 0.00131)
  Epoch 62/100  Batch 328/1094 (30.0%)  | Super 164.430 (box 1.1046  cls 0.5495  dfl 0.9152)  | Base 170.090 (box 1.1424  cls 0.5841  dfl 0.9312)  | KD 18.154 (box 0.26577  cls 0.01608  dfl 0.00053  feat 0.00128)
  Epoch 62/100  Batch 437/1094 (39.9%)  | Super 175.574 (box 1.1934  cls 0.6039  dfl 0.9460)  | Base 178.261 (box 1.2163  cls 0.6234  dfl 0.9457)  | KD 16.376 (box 0.24109  cls 0.01287  dfl 0.00043  feat 0.00148)
  Epoch 62/100  Batch 546/1094 (49.9%)  | Super 168.271 (box 1.1167  cls 0.5741  dfl 0.9384)  | Base 171.125 (box 1.1217  cls 0.6153  dfl 0.9368)  | KD 16.346 (box 0.23689  cls 0.01676  dfl 0.00047  feat 0.00127)
  Epoch 62/100  Batch 655/1094 (59.9%)  | Super 174.895 (box 1.2027  cls 0.5862  dfl 0.9438)  | Base 178.302 (box 1.2197  cls 0.6167  dfl 0.9496)  | KD 18.681 (box 0.27942  cls 0.01057  dfl 0.00056  feat 0.00134)
  Epoch 62/100  Batch 764/1094 (69.8%)  | Super 175.610 (box 1.1909  cls 0.5900  dfl 0.9630)  | Base 179.513 (box 1.2101  cls 0.6299  dfl 0.9649)  | KD 17.120 (box 0.25596  cls 0.00964  dfl 0.00055  feat 0.00134)
  Epoch 62/100  Batch 873/1094 (79.8%)  | Super 180.128 (box 1.2010  cls 0.6224  dfl 0.9911)  | Base 183.402 (box 1.2144  cls 0.6566  dfl 0.9946)  | KD 18.403 (box 0.27750  cls 0.00820  dfl 0.00052  feat 0.00133)
  Epoch 62/100  Batch 982/1094 (89.8%)  | Super 175.818 (box 1.1747  cls 0.5858  dfl 0.9867)  | Base 179.210 (box 1.1942  cls 0.6110  dfl 0.9949)  | KD 18.500 (box 0.27377  cls 0.01347  dfl 0.00051  feat 0.00130)
  Epoch 62/100  Batch 1091/1094 (99.7%)  | Super 160.447 (box 1.0436  cls 0.5293  dfl 0.9341)  | Base 162.524 (box 1.0580  cls 0.5416  dfl 0.9398)  | KD 14.516 (box 0.20923  cls 0.01589  dfl 0.00044  feat 0.00126)

================================================================================
  [Validation] Super model (skip=False)  |  Epoch 62/100
================================================================================
[*] Validation input tensor shape: torch.Size([64, 3, 384, 672])
                 Class     Images  Instances      Box(P          R      mAP50  mAP50-95)
                   all      10000     185578      0.615      0.537      0.559      0.327

================================================================================
  [Validation] Base model  (skip=True)   |  Epoch 62/100
================================================================================
[*] Validation input tensor shape: torch.Size([64, 3, 384, 672])
                 Class     Images  Instances      Box(P          R      mAP50  mAP50-95)
                   all      10000     185578      0.668      0.511      0.557      0.325

           Epoch         GPU_mem          box_om          cls_om          dfl_om          box_oo          cls_oo          dfl_oo       Instances            Size
  Epoch 63/100  Batch 1/1094 (0.1%)  | Super 164.320 (box 1.0733  cls 0.5374  dfl 0.9568)  | Base 166.410 (box 1.0883  cls 0.5575  dfl 0.9543)  | KD 14.710 (box 0.22248  cls 0.00564  dfl 0.00043  feat 0.00130)
  Epoch 63/100  Batch 110/1094 (10.1%)  | Super 172.071 (box 1.1754  cls 0.5524  dfl 0.9609)  | Base 175.618 (box 1.1884  cls 0.5921  dfl 0.9635)  | KD 17.570 (box 0.25739  cls 0.01542  dfl 0.00048  feat 0.00125)
  Epoch 63/100  Batch 219/1094 (20.0%)  | Super 165.770 (box 1.1237  cls 0.5510  dfl 0.9155)  | Base 168.895 (box 1.1430  cls 0.5745  dfl 0.9215)  | KD 16.951 (box 0.24760  cls 0.01540  dfl 0.00051  feat 0.00135)
  Epoch 63/100  Batch 328/1094 (30.0%)  | Super 168.861 (box 1.1087  cls 0.5666  dfl 0.9631)  | Base 172.596 (box 1.1330  cls 0.5947  dfl 0.9691)  | KD 16.740 (box 0.25090  cls 0.00882  dfl 0.00053  feat 0.00132)
  Epoch 63/100  Batch 437/1094 (39.9%)  | Super 164.984 (box 1.1041  cls 0.5490  dfl 0.9248)  | Base 169.203 (box 1.1364  cls 0.5754  dfl 0.9320)  | KD 14.605 (box 0.21900  cls 0.00750  dfl 0.00041  feat 0.00130)
  Epoch 63/100  Batch 546/1094 (49.9%)  | Super 167.825 (box 1.1214  cls 0.5777  dfl 0.9232)  | Base 169.865 (box 1.1214  cls 0.6095  dfl 0.9233)  | KD 18.085 (box 0.24855  cls 0.03227  dfl 0.00052  feat 0.00125)
  Epoch 63/100  Batch 655/1094 (59.9%)  | Super 171.212 (box 1.1748  cls 0.5748  dfl 0.9256)  | Base 174.663 (box 1.1932  cls 0.6079  dfl 0.9280)  | KD 16.688 (box 0.24879  cls 0.01020  dfl 0.00044  feat 0.00133)
  Epoch 63/100  Batch 764/1094 (69.8%)  | Super 177.928 (box 1.2303  cls 0.5887  dfl 0.9611)  | Base 181.106 (box 1.2547  cls 0.6125  dfl 0.9625)  | KD 19.138 (box 0.28279  cls 0.01433  dfl 0.00051  feat 0.00139)
  Epoch 63/100  Batch 873/1094 (79.8%)  | Super 178.547 (box 1.2097  cls 0.5850  dfl 0.9951)  | Base 182.295 (box 1.2310  cls 0.6274  dfl 0.9900)  | KD 18.391 (box 0.27522  cls 0.01018  dfl 0.00055  feat 0.00143)
  Epoch 63/100  Batch 982/1094 (89.8%)  | Super 181.772 (box 1.2192  cls 0.6176  dfl 1.0034)  | Base 184.661 (box 1.2390  cls 0.6382  dfl 1.0081)  | KD 17.623 (box 0.26012  cls 0.01347  dfl 0.00049  feat 0.00127)
  Epoch 63/100  Batch 1091/1094 (99.7%)  | Super 156.158 (box 1.0120  cls 0.5212  dfl 0.9067)  | Base 157.340 (box 1.0167  cls 0.5338  dfl 0.9079)  | KD 14.164 (box 0.19760  cls 0.02202  dfl 0.00043  feat 0.00125)

================================================================================
  [Validation] Super model (skip=False)  |  Epoch 63/100
================================================================================
[*] Validation input tensor shape: torch.Size([64, 3, 384, 672])
                 Class     Images  Instances      Box(P          R      mAP50  mAP50-95)
                   all      10000     185578       0.61      0.532       0.56      0.327

================================================================================
  [Validation] Base model  (skip=True)   |  Epoch 63/100
================================================================================
[*] Validation input tensor shape: torch.Size([64, 3, 384, 672])
                 Class     Images  Instances      Box(P          R      mAP50  mAP50-95)
                   all      10000     185578      0.656      0.514      0.557      0.325

           Epoch         GPU_mem          box_om          cls_om          dfl_om          box_oo          cls_oo          dfl_oo       Instances            Size
  Epoch 64/100  Batch 1/1094 (0.1%)  | Super 166.129 (box 1.1038  cls 0.5402  dfl 0.9518)  | Base 168.565 (box 1.1130  cls 0.5705  dfl 0.9502)  | KD 15.298 (box 0.23008  cls 0.00722  dfl 0.00049  feat 0.00124)
  Epoch 64/100  Batch 110/1094 (10.1%)  | Super 170.373 (box 1.1669  cls 0.5600  dfl 0.9352)  | Base 171.294 (box 1.1744  cls 0.5738  dfl 0.9283)  | KD 17.405 (box 0.25736  cls 0.01278  dfl 0.00048  feat 0.00133)
  Epoch 64/100  Batch 219/1094 (20.0%)  | Super 167.992 (box 1.1395  cls 0.5404  dfl 0.9450)  | Base 172.052 (box 1.1598  cls 0.5882  dfl 0.9403)  | KD 17.362 (box 0.25074  cls 0.01856  dfl 0.00060  feat 0.00138)
  Epoch 64/100  Batch 328/1094 (30.0%)  | Super 173.369 (box 1.1388  cls 0.5890  dfl 0.9811)  | Base 175.917 (box 1.1581  cls 0.6101  dfl 0.9805)  | KD 17.473 (box 0.26137  cls 0.00969  dfl 0.00055  feat 0.00142)
  Epoch 64/100  Batch 437/1094 (39.9%)  | Super 168.678 (box 1.1479  cls 0.5661  dfl 0.9215)  | Base 172.069 (box 1.1697  cls 0.5878  dfl 0.9310)  | KD 15.703 (box 0.23393  cls 0.00964  dfl 0.00041  feat 0.00138)
  Epoch 64/100  Batch 546/1094 (49.9%)  | Super 168.594 (box 1.1222  cls 0.5705  dfl 0.9416)  | Base 171.293 (box 1.1291  cls 0.6065  dfl 0.9408)  | KD 16.902 (box 0.24430  cls 0.01795  dfl 0.00047  feat 0.00137)
  Epoch 64/100  Batch 655/1094 (59.9%)  | Super 173.462 (box 1.1966  cls 0.5948  dfl 0.9190)  | Base 174.702 (box 1.1958  cls 0.6165  dfl 0.9174)  | KD 17.276 (box 0.25880  cls 0.00927  dfl 0.00055  feat 0.00130)
  Epoch 64/100  Batch 764/1094 (69.8%)  | Super 177.390 (box 1.2057  cls 0.5925  dfl 0.9735)  | Base 182.021 (box 1.2383  cls 0.6211  dfl 0.9847)  | KD 18.285 (box 0.27295  cls 0.01089  dfl 0.00050  feat 0.00136)
  Epoch 64/100  Batch 873/1094 (79.8%)  | Super 180.246 (box 1.2198  cls 0.5805  dfl 1.0160)  | Base 184.756 (box 1.2494  cls 0.6172  dfl 1.0202)  | KD 17.615 (box 0.26246  cls 0.01100  dfl 0.00047  feat 0.00130)
  Epoch 64/100  Batch 982/1094 (89.8%)  | Super 175.374 (box 1.1776  cls 0.5684  dfl 0.9943)  | Base 178.080 (box 1.1902  cls 0.6033  dfl 0.9890)  | KD 17.844 (box 0.26453  cls 0.01249  dfl 0.00050  feat 0.00127)
  Epoch 64/100  Batch 1091/1094 (99.7%)  | Super 160.265 (box 1.0612  cls 0.5063  dfl 0.9366)  | Base 164.144 (box 1.0785  cls 0.5436  dfl 0.9426)  | KD 14.726 (box 0.21705  cls 0.01131  dfl 0.00046  feat 0.00126)

================================================================================
  [Validation] Super model (skip=False)  |  Epoch 64/100
================================================================================
[*] Validation input tensor shape: torch.Size([64, 3, 384, 672])
                 Class     Images  Instances      Box(P          R      mAP50  mAP50-95)
                   all      10000     185578      0.607      0.528       0.56      0.327

================================================================================
  [Validation] Base model  (skip=True)   |  Epoch 64/100
================================================================================
[*] Validation input tensor shape: torch.Size([64, 3, 384, 672])
                 Class     Images  Instances      Box(P          R      mAP50  mAP50-95)
                   all      10000     185578      0.656      0.513      0.557      0.325

           Epoch         GPU_mem          box_om          cls_om          dfl_om          box_oo          cls_oo          dfl_oo       Instances            Size
  Epoch 65/100  Batch 1/1094 (0.1%)  | Super 160.158 (box 1.0522  cls 0.5137  dfl 0.9365)  | Base 160.880 (box 1.0497  cls 0.5286  dfl 0.9355)  | KD 14.290 (box 0.21399  cls 0.00751  dfl 0.00044  feat 0.00135)
  Epoch 65/100  Batch 110/1094 (10.1%)  | Super 169.674 (box 1.1530  cls 0.5593  dfl 0.9388)  | Base 173.707 (box 1.1822  cls 0.5836  dfl 0.9484)  | KD 17.887 (box 0.26260  cls 0.01509  dfl 0.00047  feat 0.00133)
  Epoch 65/100  Batch 219/1094 (20.0%)  | Super 172.154 (box 1.1822  cls 0.5423  dfl 0.9653)  | Base 172.952 (box 1.1725  cls 0.5685  dfl 0.9613)  | KD 16.935 (box 0.24706  cls 0.01559  dfl 0.00059  feat 0.00137)
  Epoch 65/100  Batch 328/1094 (30.0%)  | Super 166.770 (box 1.1190  cls 0.5382  dfl 0.9486)  | Base 168.971 (box 1.1289  cls 0.5640  dfl 0.9473)  | KD 15.647 (box 0.23093  cls 0.01179  dfl 0.00043  feat 0.00133)
  Epoch 65/100  Batch 437/1094 (39.9%)  | Super 172.409 (box 1.1819  cls 0.5708  dfl 0.9412)  | Base 176.814 (box 1.2085  cls 0.6082  dfl 0.9460)  | KD 15.620 (box 0.23289  cls 0.00937  dfl 0.00043  feat 0.00138)
  Epoch 65/100  Batch 546/1094 (49.9%)  | Super 166.937 (box 1.1019  cls 0.5813  dfl 0.9251)  | Base 170.103 (box 1.1176  cls 0.6137  dfl 0.9266)  | KD 16.797 (box 0.23486  cls 0.02588  dfl 0.00047  feat 0.00125)
  Epoch 65/100  Batch 655/1094 (59.9%)  | Super 170.550 (box 1.1684  cls 0.5816  dfl 0.9148)  | Base 173.914 (box 1.1801  cls 0.6170  dfl 0.9203)  | KD 19.244 (box 0.28278  cls 0.01594  dfl 0.00057  feat 0.00139)
  Epoch 65/100  Batch 764/1094 (69.8%)  | Super 175.103 (box 1.1855  cls 0.6120  dfl 0.9384)  | Base 180.690 (box 1.2318  cls 0.6419  dfl 0.9496)  | KD 19.012 (box 0.28149  cls 0.01367  dfl 0.00055  feat 0.00136)
  Epoch 65/100  Batch 873/1094 (79.8%)  | Super 174.508 (box 1.1884  cls 0.5823  dfl 0.9560)  | Base 178.394 (box 1.2130  cls 0.6145  dfl 0.9598)  | KD 18.196 (box 0.27015  cls 0.01226  dfl 0.00059  feat 0.00130)
  Epoch 65/100  Batch 982/1094 (89.8%)  | Super 169.654 (box 1.1203  cls 0.5571  dfl 0.9734)  | Base 173.430 (box 1.1447  cls 0.5887  dfl 0.9764)  | KD 18.421 (box 0.27168  cls 0.01438  dfl 0.00050  feat 0.00128)
  Epoch 65/100  Batch 1091/1094 (99.7%)  | Super 156.891 (box 1.0269  cls 0.5169  dfl 0.9076)  | Base 160.560 (box 1.0468  cls 0.5509  dfl 0.9110)  | KD 15.414 (box 0.21667  cls 0.02247  dfl 0.00043  feat 0.00127)

================================================================================
  [Validation] Super model (skip=False)  |  Epoch 65/100
================================================================================
[*] Validation input tensor shape: torch.Size([64, 3, 384, 672])
                 Class     Images  Instances      Box(P          R      mAP50  mAP50-95)
                   all      10000     185578      0.619      0.526       0.56      0.327

================================================================================
  [Validation] Base model  (skip=True)   |  Epoch 65/100
================================================================================
[*] Validation input tensor shape: torch.Size([64, 3, 384, 672])
                 Class     Images  Instances      Box(P          R      mAP50  mAP50-95)
                   all      10000     185578      0.652      0.515      0.557      0.325

           Epoch         GPU_mem          box_om          cls_om          dfl_om          box_oo          cls_oo          dfl_oo       Instances            Size
  Epoch 66/100  Batch 1/1094 (0.1%)  | Super 157.289 (box 1.0230  cls 0.5118  dfl 0.9229)  | Base 159.670 (box 1.0358  cls 0.5364  dfl 0.9226)  | KD 15.425 (box 0.22922  cls 0.01004  dfl 0.00045  feat 0.00131)
  Epoch 66/100  Batch 110/1094 (10.1%)  | Super 172.558 (box 1.1651  cls 0.5718  dfl 0.9593)  | Base 176.154 (box 1.1924  cls 0.6001  dfl 0.9599)  | KD 17.755 (box 0.25365  cls 0.02189  dfl 0.00051  feat 0.00136)
  Epoch 66/100  Batch 219/1094 (20.0%)  | Super 166.375 (box 1.1360  cls 0.5405  dfl 0.9231)  | Base 169.128 (box 1.1512  cls 0.5702  dfl 0.9212)  | KD 17.174 (box 0.25455  cls 0.01192  dfl 0.00050  feat 0.00138)
  Epoch 66/100  Batch 328/1094 (30.0%)  | Super 166.433 (box 1.1131  cls 0.5445  dfl 0.9429)  | Base 168.805 (box 1.1325  cls 0.5590  dfl 0.9461)  | KD 16.082 (box 0.24140  cls 0.00815  dfl 0.00045  feat 0.00128)
  Epoch 66/100  Batch 437/1094 (39.9%)  | Super 169.473 (box 1.1513  cls 0.5528  dfl 0.9440)  | Base 171.833 (box 1.1641  cls 0.5759  dfl 0.9449)  | KD 16.133 (box 0.24134  cls 0.00899  dfl 0.00045  feat 0.00130)
  Epoch 66/100  Batch 546/1094 (49.9%)  | Super 172.433 (box 1.1583  cls 0.5780  dfl 0.9580)  | Base 174.574 (box 1.1639  cls 0.6087  dfl 0.9551)  | KD 17.937 (box 0.26046  cls 0.01800  dfl 0.00046  feat 0.00135)
  Epoch 66/100  Batch 655/1094 (59.9%)  | Super 173.350 (box 1.1880  cls 0.5797  dfl 0.9408)  | Base 176.984 (box 1.2177  cls 0.6020  dfl 0.9457)  | KD 17.276 (box 0.26029  cls 0.00783  dfl 0.00049  feat 0.00133)
  Epoch 66/100  Batch 764/1094 (69.8%)  | Super 179.397 (box 1.2451  cls 0.5866  dfl 0.9714)  | Base 183.131 (box 1.2642  cls 0.6251  dfl 0.9721)  | KD 18.345 (box 0.27796  cls 0.00681  dfl 0.00053  feat 0.00134)
  Epoch 66/100  Batch 873/1094 (79.8%)  | Super 176.229 (box 1.1676  cls 0.5899  dfl 0.9960)  | Base 180.308 (box 1.2026  cls 0.6180  dfl 0.9967)  | KD 18.098 (box 0.26667  cls 0.01416  dfl 0.00057  feat 0.00138)
  Epoch 66/100  Batch 982/1094 (89.8%)  | Super 178.332 (box 1.1927  cls 0.5981  dfl 0.9956)  | Base 180.914 (box 1.2100  cls 0.6219  dfl 0.9949)  | KD 18.140 (box 0.27496  cls 0.00672  dfl 0.00051  feat 0.00125)
  Epoch 66/100  Batch 1091/1094 (99.7%)  | Super 158.952 (box 1.0435  cls 0.5094  dfl 0.9307)  | Base 161.270 (box 1.0535  cls 0.5343  dfl 0.9321)  | KD 13.759 (box 0.19937  cls 0.01383  dfl 0.00045  feat 0.00134)

================================================================================
  [Validation] Super model (skip=False)  |  Epoch 66/100
================================================================================
[*] Validation input tensor shape: torch.Size([64, 3, 384, 672])
                 Class     Images  Instances      Box(P          R      mAP50  mAP50-95)
                   all      10000     185578       0.62      0.526       0.56      0.327

================================================================================
  [Validation] Base model  (skip=True)   |  Epoch 66/100
================================================================================
[*] Validation input tensor shape: torch.Size([64, 3, 384, 672])
                 Class     Images  Instances      Box(P          R      mAP50  mAP50-95)
                   all      10000     185578       0.65      0.515      0.557      0.325

           Epoch         GPU_mem          box_om          cls_om          dfl_om          box_oo          cls_oo          dfl_oo       Instances            Size
  Epoch 67/100  Batch 1/1094 (0.1%)  | Super 159.308 (box 1.0489  cls 0.4961  dfl 0.9442)  | Base 162.212 (box 1.0693  cls 0.5218  dfl 0.9434)  | KD 14.547 (box 0.21506  cls 0.01049  dfl 0.00044  feat 0.00130)
  Epoch 67/100  Batch 110/1094 (10.1%)  | Super 173.025 (box 1.1933  cls 0.5484  dfl 0.9618)  | Base 176.513 (box 1.2152  cls 0.5812  dfl 0.9616)  | KD 18.135 (box 0.26990  cls 0.01151  dfl 0.00054  feat 0.00140)
  Epoch 67/100  Batch 219/1094 (20.0%)  | Super 164.456 (box 1.1003  cls 0.5226  dfl 0.9467)  | Base 167.873 (box 1.1130  cls 0.5675  dfl 0.9425)  | KD 15.837 (box 0.22425  cls 0.02131  dfl 0.00045  feat 0.00143)
  Epoch 67/100  Batch 328/1094 (30.0%)  | Super 165.789 (box 1.1046  cls 0.5430  dfl 0.9429)  | Base 167.814 (box 1.1151  cls 0.5573  dfl 0.9497)  | KD 15.950 (box 0.23964  cls 0.00765  dfl 0.00060  feat 0.00133)
  Epoch 67/100  Batch 437/1094 (39.9%)  | Super 170.498 (box 1.1724  cls 0.5508  dfl 0.9408)  | Base 175.094 (box 1.2028  cls 0.5860  dfl 0.9471)  | KD 17.893 (box 0.25770  cls 0.02006  dfl 0.00052  feat 0.00129)
  Epoch 67/100  Batch 546/1094 (49.9%)  | Super 165.016 (box 1.0908  cls 0.5582  dfl 0.9293)  | Base 167.106 (box 1.0999  cls 0.5825  dfl 0.9287)  | KD 16.069 (box 0.23530  cls 0.01401  dfl 0.00047  feat 0.00130)
  Epoch 67/100  Batch 655/1094 (59.9%)  | Super 176.702 (box 1.2211  cls 0.6023  dfl 0.9375)  | Base 177.294 (box 1.2255  cls 0.6092  dfl 0.9356)  | KD 18.771 (box 0.27631  cls 0.01509  dfl 0.00048  feat 0.00141)
  Epoch 67/100  Batch 764/1094 (69.8%)  | Super 175.596 (box 1.2025  cls 0.5896  dfl 0.9516)  | Base 178.143 (box 1.2178  cls 0.6121  dfl 0.9535)  | KD 18.669 (box 0.28006  cls 0.00973  dfl 0.00056  feat 0.00135)
  Epoch 67/100  Batch 873/1094 (79.8%)  | Super 173.850 (box 1.1711  cls 0.5757  dfl 0.9696)  | Base 175.723 (box 1.1764  cls 0.5985  dfl 0.9708)  | KD 17.722 (box 0.26269  cls 0.01231  dfl 0.00048  feat 0.00143)
  Epoch 67/100  Batch 982/1094 (89.8%)  | Super 174.839 (box 1.1791  cls 0.5773  dfl 0.9755)  | Base 178.576 (box 1.2042  cls 0.6078  dfl 0.9782)  | KD 17.083 (box 0.25450  cls 0.01059  dfl 0.00051  feat 0.00132)
  Epoch 67/100  Batch 1091/1094 (99.7%)  | Super 158.929 (box 1.0441  cls 0.4989  dfl 0.9402)  | Base 160.976 (box 1.0580  cls 0.5306  dfl 0.9267)  | KD 13.713 (box 0.20011  cls 0.01239  dfl 0.00040  feat 0.00137)

================================================================================
  [Validation] Super model (skip=False)  |  Epoch 67/100
================================================================================
[*] Validation input tensor shape: torch.Size([64, 3, 384, 672])
                 Class     Images  Instances      Box(P          R      mAP50  mAP50-95)
                   all      10000     185578      0.621      0.527       0.56      0.327

================================================================================
  [Validation] Base model  (skip=True)   |  Epoch 67/100
================================================================================
[*] Validation input tensor shape: torch.Size([64, 3, 384, 672])
                 Class     Images  Instances      Box(P          R      mAP50  mAP50-95)
                   all      10000     185578      0.648      0.515      0.557      0.325

           Epoch         GPU_mem          box_om          cls_om          dfl_om          box_oo          cls_oo          dfl_oo       Instances            Size
  Epoch 68/100  Batch 1/1094 (0.1%)  | Super 165.183 (box 1.0889  cls 0.5359  dfl 0.9562)  | Base 166.732 (box 1.0940  cls 0.5570  dfl 0.9542)  | KD 14.781 (box 0.22289  cls 0.00625  dfl 0.00044  feat 0.00138)
  Epoch 68/100  Batch 110/1094 (10.1%)  | Super 168.901 (box 1.1470  cls 0.5414  dfl 0.9507)  | Base 171.664 (box 1.1617  cls 0.5683  dfl 0.9523)  | KD 17.017 (box 0.25448  cls 0.00950  dfl 0.00055  feat 0.00136)
  Epoch 68/100  Batch 219/1094 (20.0%)  | Super 167.901 (box 1.1501  cls 0.5289  dfl 0.9445)  | Base 171.069 (box 1.1651  cls 0.5611  dfl 0.9467)  | KD 17.475 (box 0.25811  cls 0.01295  dfl 0.00058  feat 0.00139)
  Epoch 68/100  Batch 328/1094 (30.0%)  | Super 164.244 (box 1.0957  cls 0.5288  dfl 0.9418)  | Base 168.707 (box 1.1204  cls 0.5669  dfl 0.9488)  | KD 17.899 (box 0.26004  cls 0.01779  dfl 0.00053  feat 0.00130)
  Epoch 68/100  Batch 437/1094 (39.9%)  | Super 171.548 (box 1.1674  cls 0.5727  dfl 0.9403)  | Base 175.006 (box 1.1851  cls 0.6065  dfl 0.9429)  | KD 17.118 (box 0.25509  cls 0.01058  dfl 0.00049  feat 0.00132)
  Epoch 68/100  Batch 546/1094 (49.9%)  | Super 166.441 (box 1.0931  cls 0.5508  dfl 0.9568)  | Base 169.092 (box 1.1034  cls 0.5810  dfl 0.9576)  | KD 15.936 (box 0.22584  cls 0.02133  dfl 0.00042  feat 0.00140)
  Epoch 68/100  Batch 655/1094 (59.9%)  | Super 173.184 (box 1.1958  cls 0.5863  dfl 0.9239)  | Base 176.271 (box 1.2120  cls 0.6141  dfl 0.9282)  | KD 19.560 (box 0.28594  cls 0.01772  dfl 0.00049  feat 0.00148)
  Epoch 68/100  Batch 764/1094 (69.8%)  | Super 174.225 (box 1.1853  cls 0.5943  dfl 0.9427)  | Base 176.792 (box 1.2031  cls 0.6149  dfl 0.9443)  | KD 18.805 (box 0.27977  cls 0.01226  dfl 0.00048  feat 0.00132)
  Epoch 68/100  Batch 873/1094 (79.8%)  | Super 171.649 (box 1.1488  cls 0.5766  dfl 0.9566)  | Base 177.034 (box 1.1921  cls 0.6098  dfl 0.9642)  | KD 20.753 (box 0.30403  cls 0.01809  dfl 0.00078  feat 0.00137)
  Epoch 68/100  Batch 982/1094 (89.8%)  | Super 180.168 (box 1.2154  cls 0.5928  dfl 1.0070)  | Base 180.392 (box 1.2156  cls 0.6112  dfl 0.9919)  | KD 18.047 (box 0.27053  cls 0.00965  dfl 0.00048  feat 0.00133)
  Epoch 68/100  Batch 1091/1094 (99.7%)  | Super 160.980 (box 1.0652  cls 0.5141  dfl 0.9360)  | Base 162.356 (box 1.0668  cls 0.5384  dfl 0.9315)  | KD 14.438 (box 0.21442  cls 0.00934  dfl 0.00044  feat 0.00140)

================================================================================
  [Validation] Super model (skip=False)  |  Epoch 68/100
================================================================================
[*] Validation input tensor shape: torch.Size([64, 3, 384, 672])
                 Class     Images  Instances      Box(P          R      mAP50  mAP50-95)
                   all      10000     185578      0.621      0.527       0.56      0.327

================================================================================
  [Validation] Base model  (skip=True)   |  Epoch 68/100
================================================================================
[*] Validation input tensor shape: torch.Size([64, 3, 384, 672])
                 Class     Images  Instances      Box(P          R      mAP50  mAP50-95)
                   all      10000     185578      0.649      0.514      0.557      0.325

           Epoch         GPU_mem          box_om          cls_om          dfl_om          box_oo          cls_oo          dfl_oo       Instances            Size
  Epoch 69/100  Batch 1/1094 (0.1%)  | Super 159.955 (box 1.0540  cls 0.5092  dfl 0.9360)  | Base 164.316 (box 1.0903  cls 0.5342  dfl 0.9429)  | KD 16.163 (box 0.23604  cls 0.01456  dfl 0.00053  feat 0.00142)
  Epoch 69/100  Batch 110/1094 (10.1%)  | Super 173.408 (box 1.1860  cls 0.5711  dfl 0.9524)  | Base 177.879 (box 1.2120  cls 0.6059  dfl 0.9614)  | KD 17.328 (box 0.25667  cls 0.01214  dfl 0.00052  feat 0.00142)
  Epoch 69/100  Batch 219/1094 (20.0%)  | Super 163.689 (box 1.1138  cls 0.5111  dfl 0.9327)  | Base 167.831 (box 1.1403  cls 0.5464  dfl 0.9356)  | KD 17.184 (box 0.25540  cls 0.01119  dfl 0.00058  feat 0.00133)
  Epoch 69/100  Batch 328/1094 (30.0%)  | Super 164.423 (box 1.0916  cls 0.5419  dfl 0.9356)  | Base 166.579 (box 1.1023  cls 0.5614  dfl 0.9392)  | KD 16.493 (box 0.24096  cls 0.01495  dfl 0.00047  feat 0.00133)
  Epoch 69/100  Batch 437/1094 (39.9%)  | Super 173.217 (box 1.1679  cls 0.5941  dfl 0.9445)  | Base 175.761 (box 1.1799  cls 0.6188  dfl 0.9476)  | KD 17.013 (box 0.25277  cls 0.01103  dfl 0.00052  feat 0.00152)
  Epoch 69/100  Batch 546/1094 (49.9%)  | Super 169.192 (box 1.1253  cls 0.5577  dfl 0.9606)  | Base 170.766 (box 1.1304  cls 0.5813  dfl 0.9565)  | KD 16.774 (box 0.24129  cls 0.01891  dfl 0.00049  feat 0.00140)
  Epoch 69/100  Batch 655/1094 (59.9%)  | Super 170.737 (box 1.1744  cls 0.5787  dfl 0.9147)  | Base 173.109 (box 1.1840  cls 0.6039  dfl 0.9169)  | KD 17.966 (box 0.26727  cls 0.01158  dfl 0.00048  feat 0.00139)
  Epoch 69/100  Batch 764/1094 (69.8%)  | Super 179.079 (box 1.2108  cls 0.6150  dfl 0.9723)  | Base 182.262 (box 1.2376  cls 0.6324  dfl 0.9778)  | KD 20.813 (box 0.30724  cls 0.01602  dfl 0.00064  feat 0.00130)
  Epoch 69/100  Batch 873/1094 (79.8%)  | Super 177.114 (box 1.1633  cls 0.6091  dfl 0.9950)  | Base 180.231 (box 1.1892  cls 0.6329  dfl 0.9939)  | KD 19.839 (box 0.29630  cls 0.01163  dfl 0.00065  feat 0.00140)
  Epoch 69/100  Batch 982/1094 (89.8%)  | Super 176.492 (box 1.1766  cls 0.5919  dfl 0.9892)  | Base 178.633 (box 1.1909  cls 0.6066  dfl 0.9936)  | KD 18.516 (box 0.27722  cls 0.01027  dfl 0.00046  feat 0.00136)
  Epoch 69/100  Batch 1091/1094 (99.7%)  | Super 163.655 (box 1.0807  cls 0.5218  dfl 0.9546)  | Base 166.105 (box 1.0936  cls 0.5513  dfl 0.9505)  | KD 14.388 (box 0.21199  cls 0.01099  dfl 0.00046  feat 0.00138)

================================================================================
  [Validation] Super model (skip=False)  |  Epoch 69/100
================================================================================
[*] Validation input tensor shape: torch.Size([64, 3, 384, 672])
                 Class     Images  Instances      Box(P          R      mAP50  mAP50-95)
                   all      10000     185578      0.621      0.527       0.56      0.327

================================================================================
  [Validation] Base model  (skip=True)   |  Epoch 69/100
================================================================================
[*] Validation input tensor shape: torch.Size([64, 3, 384, 672])
                 Class     Images  Instances      Box(P          R      mAP50  mAP50-95)
                   all      10000     185578      0.647      0.515      0.557      0.325

           Epoch         GPU_mem          box_om          cls_om          dfl_om          box_oo          cls_oo          dfl_oo       Instances            Size
  Epoch 70/100  Batch 1/1094 (0.1%)  | Super 164.764 (box 1.0767  cls 0.5253  dfl 0.9725)  | Base 167.128 (box 1.0881  cls 0.5519  dfl 0.9713)  | KD 16.221 (box 0.24149  cls 0.00986  dfl 0.00055  feat 0.00155)
  Epoch 70/100  Batch 110/1094 (10.1%)  | Super 170.203 (box 1.1412  cls 0.5529  dfl 0.9653)  | Base 171.896 (box 1.1613  cls 0.5718  dfl 0.9528)  | KD 17.879 (box 0.25651  cls 0.02095  dfl 0.00050  feat 0.00141)
  Epoch 70/100  Batch 219/1094 (20.0%)  | Super 167.469 (box 1.1391  cls 0.5496  dfl 0.9281)  | Base 172.633 (box 1.1743  cls 0.5863  dfl 0.9368)  | KD 17.740 (box 0.26015  cls 0.01517  dfl 0.00055  feat 0.00131)
  Epoch 70/100  Batch 328/1094 (30.0%)  | Super 165.256 (box 1.1108  cls 0.5424  dfl 0.9289)  | Base 170.219 (box 1.1461  cls 0.5703  dfl 0.9433)  | KD 17.846 (box 0.26878  cls 0.00816  dfl 0.00063  feat 0.00129)
  Epoch 70/100  Batch 437/1094 (39.9%)  | Super 171.194 (box 1.1624  cls 0.5640  dfl 0.9485)  | Base 174.560 (box 1.1845  cls 0.5942  dfl 0.9488)  | KD 14.915 (box 0.22210  cls 0.00905  dfl 0.00043  feat 0.00146)
  Epoch 70/100  Batch 546/1094 (49.9%)  | Super 167.587 (box 1.1066  cls 0.5708  dfl 0.9411)  | Base 170.124 (box 1.1139  cls 0.6124  dfl 0.9319)  | KD 18.932 (box 0.26399  cls 0.03008  dfl 0.00047  feat 0.00127)
  Epoch 70/100  Batch 655/1094 (59.9%)  | Super 171.529 (box 1.1641  cls 0.5820  dfl 0.9341)  | Base 173.189 (box 1.1759  cls 0.6005  dfl 0.9297)  | KD 19.727 (box 0.28669  cls 0.01965  dfl 0.00054  feat 0.00136)
  Epoch 70/100  Batch 764/1094 (69.8%)  | Super 173.600 (box 1.1731  cls 0.5977  dfl 0.9416)  | Base 176.526 (box 1.1935  cls 0.6252  dfl 0.9395)  | KD 18.611 (box 0.26944  cls 0.01950  dfl 0.00047  feat 0.00139)
  Epoch 70/100  Batch 873/1094 (79.8%)  | Super 175.644 (box 1.1814  cls 0.5752  dfl 0.9878)  | Base 177.542 (box 1.1887  cls 0.5994  dfl 0.9860)  | KD 17.515 (box 0.26326  cls 0.00848  dfl 0.00051  feat 0.00142)
  Epoch 70/100  Batch 982/1094 (89.8%)  | Super 176.786 (box 1.1818  cls 0.5979  dfl 0.9826)  | Base 179.309 (box 1.2009  cls 0.6160  dfl 0.9848)  | KD 17.449 (box 0.26231  cls 0.00855  dfl 0.00046  feat 0.00133)
  Epoch 70/100  Batch 1091/1094 (99.7%)  | Super 161.090 (box 1.0562  cls 0.5200  dfl 0.9408)  | Base 164.186 (box 1.0681  cls 0.5567  dfl 0.9406)  | KD 14.398 (box 0.21266  cls 0.01053  dfl 0.00043  feat 0.00135)

================================================================================
  [Validation] Super model (skip=False)  |  Epoch 70/100
================================================================================
[*] Validation input tensor shape: torch.Size([64, 3, 384, 672])
                 Class     Images  Instances      Box(P          R      mAP50  mAP50-95)
                   all      10000     185578       0.62      0.527       0.56      0.327

================================================================================
  [Validation] Base model  (skip=True)   |  Epoch 70/100
================================================================================
[*] Validation input tensor shape: torch.Size([64, 3, 384, 672])
                 Class     Images  Instances      Box(P          R      mAP50  mAP50-95)
                   all      10000     185578      0.649      0.514      0.557      0.325

           Epoch         GPU_mem          box_om          cls_om          dfl_om          box_oo          cls_oo          dfl_oo       Instances            Size
  Epoch 71/100  Batch 1/1094 (0.1%)  | Super 159.706 (box 1.0572  cls 0.4950  dfl 0.9432)  | Base 160.446 (box 1.0508  cls 0.5228  dfl 0.9333)  | KD 15.952 (box 0.23587  cls 0.01148  dfl 0.00050  feat 0.00141)
  Epoch 71/100  Batch 110/1094 (10.1%)  | Super 168.852 (box 1.1590  cls 0.5318  dfl 0.9475)  | Base 171.468 (box 1.1681  cls 0.5666  dfl 0.9444)  | KD 17.864 (box 0.26455  cls 0.01262  dfl 0.00060  feat 0.00135)
  Epoch 71/100  Batch 219/1094 (20.0%)  | Super 174.017 (box 1.1722  cls 0.5597  dfl 0.9871)  | Base 176.371 (box 1.1816  cls 0.5923  dfl 0.9819)  | KD 18.065 (box 0.26674  cls 0.01361  dfl 0.00057  feat 0.00134)
  Epoch 71/100  Batch 328/1094 (30.0%)  | Super 168.996 (box 1.1202  cls 0.5529  dfl 0.9675)  | Base 172.125 (box 1.1422  cls 0.5794  dfl 0.9678)  | KD 18.741 (box 0.27572  cls 0.01513  dfl 0.00060  feat 0.00137)
  Epoch 71/100  Batch 437/1094 (39.9%)  | Super 162.724 (box 1.1036  cls 0.5456  dfl 0.8933)  | Base 167.843 (box 1.1339  cls 0.5831  dfl 0.9055)  | KD 16.706 (box 0.25019  cls 0.00893  dfl 0.00053  feat 0.00138)
  Epoch 71/100  Batch 546/1094 (49.9%)  | Super 163.970 (box 1.0973  cls 0.5590  dfl 0.9057)  | Base 165.849 (box 1.1068  cls 0.5739  dfl 0.9107)  | KD 17.010 (box 0.25002  cls 0.01399  dfl 0.00049  feat 0.00128)
  Epoch 71/100  Batch 655/1094 (59.9%)  | Super 171.253 (box 1.1697  cls 0.5886  dfl 0.9176)  | Base 174.547 (box 1.1921  cls 0.6140  dfl 0.9212)  | KD 19.400 (box 0.28953  cls 0.01170  dfl 0.00049  feat 0.00140)
  Epoch 71/100  Batch 764/1094 (69.8%)  | Super 177.889 (box 1.2231  cls 0.5971  dfl 0.9593)  | Base 180.515 (box 1.2446  cls 0.6155  dfl 0.9604)  | KD 19.686 (box 0.29375  cls 0.01179  dfl 0.00055  feat 0.00151)
  Epoch 71/100  Batch 873/1094 (79.8%)  | Super 161.362 (box 1.0805  cls 0.5291  dfl 0.9117)  | Base 166.265 (box 1.1153  cls 0.5641  dfl 0.9185)  | KD 18.339 (box 0.27666  cls 0.00797  dfl 0.00060  feat 0.00132)
  Epoch 71/100  Batch 982/1094 (89.8%)  | Super 180.716 (box 1.2067  cls 0.6004  dfl 1.0165)  | Base 182.196 (box 1.2196  cls 0.6158  dfl 1.0114)  | KD 18.184 (box 0.27297  cls 0.00920  dfl 0.00054  feat 0.00141)
  Epoch 71/100  Batch 1091/1094 (99.7%)  | Super 163.545 (box 1.0971  cls 0.5158  dfl 0.9425)  | Base 165.980 (box 1.0992  cls 0.5557  dfl 0.9385)  | KD 15.241 (box 0.22875  cls 0.00746  dfl 0.00051  feat 0.00141)

================================================================================
  [Validation] Super model (skip=False)  |  Epoch 71/100
================================================================================
[*] Validation input tensor shape: torch.Size([64, 3, 384, 672])
                 Class     Images  Instances      Box(P          R      mAP50  mAP50-95)
                   all      10000     185578      0.619      0.527       0.56      0.327

================================================================================
  [Validation] Base model  (skip=True)   |  Epoch 71/100
================================================================================
[*] Validation input tensor shape: torch.Size([64, 3, 384, 672])
                 Class     Images  Instances      Box(P          R      mAP50  mAP50-95)
                   all      10000     185578      0.649      0.514       0.56      0.328

           Epoch         GPU_mem          box_om          cls_om          dfl_om          box_oo          cls_oo          dfl_oo       Instances            Size
  Epoch 72/100  Batch 1/1094 (0.1%)  | Super 156.622 (box 1.0257  cls 0.4939  dfl 0.9276)  | Base 159.720 (box 1.0421  cls 0.5230  dfl 0.9305)  | KD 16.253 (box 0.24257  cls 0.00952  dfl 0.00053  feat 0.00133)
  Epoch 72/100  Batch 110/1094 (10.1%)  | Super 169.790 (box 1.1674  cls 0.5254  dfl 0.9602)  | Base 173.160 (box 1.1865  cls 0.5532  dfl 0.9660)  | KD 17.436 (box 0.25970  cls 0.01077  dfl 0.00054  feat 0.00143)
  Epoch 72/100  Batch 219/1094 (20.0%)  | Super 170.513 (box 1.1587  cls 0.5519  dfl 0.9536)  | Base 173.885 (box 1.1767  cls 0.5897  dfl 0.9506)  | KD 19.130 (box 0.27748  cls 0.01945  dfl 0.00062  feat 0.00135)
  Epoch 72/100  Batch 328/1094 (30.0%)  | Super 164.221 (box 1.0991  cls 0.5283  dfl 0.9386)  | Base 165.574 (box 1.1051  cls 0.5484  dfl 0.9336)  | KD 16.866 (box 0.25051  cls 0.01110  dfl 0.00046  feat 0.00146)
  Epoch 72/100  Batch 437/1094 (39.9%)  | Super 175.880 (box 1.2039  cls 0.5786  dfl 0.9657)  | Base 179.555 (box 1.2253  cls 0.6135  dfl 0.9667)  | KD 17.902 (box 0.25197  cls 0.02586  dfl 0.00046  feat 0.00144)
  Epoch 72/100  Batch 546/1094 (49.9%)  | Super 166.095 (box 1.1036  cls 0.5692  dfl 0.9224)  | Base 170.225 (box 1.1195  cls 0.6182  dfl 0.9220)  | KD 17.923 (box 0.25778  cls 0.02045  dfl 0.00047  feat 0.00133)
  Epoch 72/100  Batch 655/1094 (59.9%)  | Super 169.043 (box 1.1705  cls 0.5712  dfl 0.8996)  | Base 172.877 (box 1.1913  cls 0.6066  dfl 0.9034)  | KD 20.107 (box 0.30140  cls 0.01066  dfl 0.00065  feat 0.00147)
  Epoch 72/100  Batch 764/1094 (69.8%)  | Super 173.871 (box 1.1959  cls 0.5740  dfl 0.9468)  | Base 177.346 (box 1.2148  cls 0.6097  dfl 0.9465)  | KD 18.387 (box 0.27640  cls 0.00894  dfl 0.00056  feat 0.00138)
  Epoch 72/100  Batch 873/1094 (79.8%)  | Super 174.366 (box 1.1699  cls 0.5722  dfl 0.9824)  | Base 178.364 (box 1.2010  cls 0.5967  dfl 0.9892)  | KD 18.717 (box 0.27642  cls 0.01404  dfl 0.00061  feat 0.00139)
  Epoch 72/100  Batch 982/1094 (89.8%)  | Super 176.129 (box 1.1826  cls 0.5715  dfl 0.9980)  | Base 179.021 (box 1.1957  cls 0.5955  dfl 1.0060)  | KD 18.729 (box 0.28399  cls 0.00683  dfl 0.00057  feat 0.00124)
  Epoch 72/100  Batch 1091/1094 (99.7%)  | Super 164.204 (box 1.1051  cls 0.5234  dfl 0.9371)  | Base 166.029 (box 1.1115  cls 0.5457  dfl 0.9370)  | KD 15.985 (box 0.23246  cls 0.01546  dfl 0.00047  feat 0.00138)

================================================================================
  [Validation] Super model (skip=False)  |  Epoch 72/100
================================================================================
[*] Validation input tensor shape: torch.Size([64, 3, 384, 672])
                 Class     Images  Instances      Box(P          R      mAP50  mAP50-95)
                   all      10000     185578      0.621      0.525       0.56      0.327

================================================================================
  [Validation] Base model  (skip=True)   |  Epoch 72/100
================================================================================
[*] Validation input tensor shape: torch.Size([64, 3, 384, 672])
                 Class     Images  Instances      Box(P          R      mAP50  mAP50-95)
                   all      10000     185578      0.649      0.514       0.56      0.328

           Epoch         GPU_mem          box_om          cls_om          dfl_om          box_oo          cls_oo          dfl_oo       Instances            Size
  Epoch 73/100  Batch 1/1094 (0.1%)  | Super 160.631 (box 1.0618  cls 0.5062  dfl 0.9418)  | Base 163.990 (box 1.0830  cls 0.5353  dfl 0.9440)  | KD 16.353 (box 0.24526  cls 0.00845  dfl 0.00051  feat 0.00130)
  Epoch 73/100  Batch 110/1094 (10.1%)  | Super 172.922 (box 1.1626  cls 0.5586  dfl 0.9807)  | Base 176.203 (box 1.1792  cls 0.5912  dfl 0.9828)  | KD 18.145 (box 0.26836  cls 0.01307  dfl 0.00054  feat 0.00153)
  Epoch 73/100  Batch 219/1094 (20.0%)  | Super 165.559 (box 1.1099  cls 0.5463  dfl 0.9306)  | Base 168.959 (box 1.1266  cls 0.5750  dfl 0.9384)  | KD 18.752 (box 0.26834  cls 0.02277  dfl 0.00060  feat 0.00130)
  Epoch 73/100  Batch 328/1094 (30.0%)  | Super 168.133 (box 1.1136  cls 0.5564  dfl 0.9571)  | Base 170.267 (box 1.1145  cls 0.5883  dfl 0.9577)  | KD 17.533 (box 0.26021  cls 0.01182  dfl 0.00049  feat 0.00144)
  Epoch 73/100  Batch 437/1094 (39.9%)  | Super 172.953 (box 1.1619  cls 0.5845  dfl 0.9561)  | Base 177.736 (box 1.1922  cls 0.6227  dfl 0.9622)  | KD 16.621 (box 0.24782  cls 0.01008  dfl 0.00045  feat 0.00135)
  Epoch 73/100  Batch 546/1094 (49.9%)  | Super 168.081 (box 1.1171  cls 0.5620  dfl 0.9472)  | Base 172.317 (box 1.1420  cls 0.6009  dfl 0.9496)  | KD 18.021 (box 0.25520  cls 0.02449  dfl 0.00049  feat 0.00139)
  Epoch 73/100  Batch 655/1094 (59.9%)  | Super 167.607 (box 1.1441  cls 0.5561  dfl 0.9186)  | Base 172.213 (box 1.1750  cls 0.5935  dfl 0.9224)  | KD 19.368 (box 0.28142  cls 0.01930  dfl 0.00050  feat 0.00140)
  Epoch 73/100  Batch 764/1094 (69.8%)  | Super 178.499 (box 1.2166  cls 0.5973  dfl 0.9752)  | Base 181.750 (box 1.2388  cls 0.6234  dfl 0.9776)  | KD 18.729 (box 0.28135  cls 0.00934  dfl 0.00057  feat 0.00138)
  Epoch 73/100  Batch 873/1094 (79.8%)  | Super 169.599 (box 1.1456  cls 0.5540  dfl 0.9504)  | Base 171.907 (box 1.1524  cls 0.5881  dfl 0.9455)  | KD 17.914 (box 0.26947  cls 0.00856  dfl 0.00055  feat 0.00132)
  Epoch 73/100  Batch 982/1094 (89.8%)  | Super 176.111 (box 1.1722  cls 0.5825  dfl 0.9970)  | Base 178.526 (box 1.1818  cls 0.6158  dfl 0.9918)  | KD 19.913 (box 0.29982  cls 0.00921  dfl 0.00058  feat 0.00152)
  Epoch 73/100  Batch 1091/1094 (99.7%)  | Super 154.691 (box 1.0211  cls 0.4963  dfl 0.8997)  | Base 155.300 (box 1.0166  cls 0.5133  dfl 0.8967)  | KD 14.688 (box 0.21871  cls 0.00905  dfl 0.00043  feat 0.00131)

================================================================================
  [Validation] Super model (skip=False)  |  Epoch 73/100
================================================================================
[*] Validation input tensor shape: torch.Size([64, 3, 384, 672])
                 Class     Images  Instances      Box(P          R      mAP50  mAP50-95)
                   all      10000     185578      0.639       0.51       0.56      0.327

================================================================================
  [Validation] Base model  (skip=True)   |  Epoch 73/100
================================================================================
[*] Validation input tensor shape: torch.Size([64, 3, 384, 672])
                 Class     Images  Instances      Box(P          R      mAP50  mAP50-95)
                   all      10000     185578      0.649      0.514       0.56      0.328

           Epoch         GPU_mem          box_om          cls_om          dfl_om          box_oo          cls_oo          dfl_oo       Instances            Size
  Epoch 74/100  Batch 1/1094 (0.1%)  | Super 163.794 (box 1.0720  cls 0.5388  dfl 0.9484)  | Base 169.270 (box 1.1113  cls 0.5739  dfl 0.9597)  | KD 15.500 (box 0.23029  cls 0.01003  dfl 0.00044  feat 0.00143)
  Epoch 74/100  Batch 110/1094 (10.1%)  | Super 173.541 (box 1.1971  cls 0.5522  dfl 0.9623)  | Base 177.787 (box 1.2251  cls 0.5871  dfl 0.9657)  | KD 19.393 (box 0.29032  cls 0.01062  dfl 0.00059  feat 0.00148)
  Epoch 74/100  Batch 219/1094 (20.0%)  | Super 165.463 (box 1.1332  cls 0.5258  dfl 0.9263)  | Base 169.132 (box 1.1485  cls 0.5694  dfl 0.9248)  | KD 19.698 (box 0.28870  cls 0.01709  dfl 0.00061  feat 0.00137)
  Epoch 74/100  Batch 328/1094 (30.0%)  | Super 170.302 (box 1.1377  cls 0.5602  dfl 0.9630)  | Base 172.556 (box 1.1462  cls 0.5835  dfl 0.9664)  | KD 17.800 (box 0.25450  cls 0.02172  dfl 0.00046  feat 0.00145)
  Epoch 74/100  Batch 437/1094 (39.9%)  | Super 171.355 (box 1.1741  cls 0.5790  dfl 0.9243)  | Base 176.649 (box 1.2124  cls 0.6108  dfl 0.9369)  | KD 19.154 (box 0.27600  cls 0.02125  dfl 0.00060  feat 0.00144)
  Epoch 74/100  Batch 546/1094 (49.9%)  | Super 163.682 (box 1.1036  cls 0.5442  dfl 0.9097)  | Base 166.692 (box 1.1138  cls 0.5775  dfl 0.9132)  | KD 18.722 (box 0.26310  cls 0.02758  dfl 0.00051  feat 0.00134)
  Epoch 74/100  Batch 655/1094 (59.9%)  | Super 171.079 (box 1.1812  cls 0.5669  dfl 0.9250)  | Base 175.141 (box 1.2068  cls 0.6017  dfl 0.9281)  | KD 18.452 (box 0.26918  cls 0.01730  dfl 0.00044  feat 0.00139)
  Epoch 74/100  Batch 764/1094 (69.8%)  | Super 178.202 (box 1.2127  cls 0.6121  dfl 0.9596)  | Base 181.499 (box 1.2427  cls 0.6265  dfl 0.9667)  | KD 19.693 (box 0.29729  cls 0.00826  dfl 0.00062  feat 0.00153)
  Epoch 74/100  Batch 873/1094 (79.8%)  | Super 174.617 (box 1.1871  cls 0.5715  dfl 0.9698)  | Base 178.457 (box 1.2088  cls 0.5994  dfl 0.9802)  | KD 19.558 (box 0.28662  cls 0.01704  dfl 0.00055  feat 0.00138)
  Epoch 74/100  Batch 982/1094 (89.8%)  | Super 180.471 (box 1.2201  cls 0.5970  dfl 1.0027)  | Base 183.301 (box 1.2403  cls 0.6126  dfl 1.0111)  | KD 18.979 (box 0.28151  cls 0.01311  dfl 0.00056  feat 0.00137)
  Epoch 74/100  Batch 1091/1094 (99.7%)  | Super 164.424 (box 1.1051  cls 0.5124  dfl 0.9516)  | Base 166.587 (box 1.1133  cls 0.5414  dfl 0.9483)  | KD 15.292 (box 0.22465  cls 0.01244  dfl 0.00050  feat 0.00135)

================================================================================
  [Validation] Super model (skip=False)  |  Epoch 74/100
================================================================================
[*] Validation input tensor shape: torch.Size([64, 3, 384, 672])
                 Class     Images  Instances      Box(P          R      mAP50  mAP50-95)
                   all      10000     185578      0.641      0.508      0.559      0.326

================================================================================
  [Validation] Base model  (skip=True)   |  Epoch 74/100
================================================================================
[*] Validation input tensor shape: torch.Size([64, 3, 384, 672])
                 Class     Images  Instances      Box(P          R      mAP50  mAP50-95)
                   all      10000     185578      0.651      0.514       0.56      0.328

           Epoch         GPU_mem          box_om          cls_om          dfl_om          box_oo          cls_oo          dfl_oo       Instances            Size
  Epoch 75/100  Batch 1/1094 (0.1%)  | Super 163.320 (box 1.0721  cls 0.5259  dfl 0.9539)  | Base 166.732 (box 1.0946  cls 0.5599  dfl 0.9507)  | KD 15.969 (box 0.23939  cls 0.00820  dfl 0.00048  feat 0.00145)
  Epoch 75/100  Batch 110/1094 (10.1%)  | Super 169.183 (box 1.1408  cls 0.5311  dfl 0.9716)  | Base 171.827 (box 1.1527  cls 0.5586  dfl 0.9735)  | KD 17.365 (box 0.25963  cls 0.00978  dfl 0.00052  feat 0.00141)
  Epoch 75/100  Batch 219/1094 (20.0%)  | Super 167.539 (box 1.1403  cls 0.5424  dfl 0.9350)  | Base 172.642 (box 1.1733  cls 0.5829  dfl 0.9414)  | KD 19.005 (box 0.27695  cls 0.01799  dfl 0.00058  feat 0.00144)
  Epoch 75/100  Batch 328/1094 (30.0%)  | Super 163.269 (box 1.0845  cls 0.5139  dfl 0.9527)  | Base 166.347 (box 1.1023  cls 0.5365  dfl 0.9603)  | KD 16.190 (box 0.24126  cls 0.00971  dfl 0.00051  feat 0.00149)
  Epoch 75/100  Batch 437/1094 (39.9%)  | Super 165.472 (box 1.1407  cls 0.5467  dfl 0.8981)  | Base 168.241 (box 1.1637  cls 0.5652  dfl 0.8999)  | KD 16.733 (box 0.24498  cls 0.01465  dfl 0.00044  feat 0.00139)
  Epoch 75/100  Batch 546/1094 (49.9%)  | Super 167.529 (box 1.1141  cls 0.5731  dfl 0.9304)  | Base 172.747 (box 1.1387  cls 0.6260  dfl 0.9345)  | KD 18.361 (box 0.24987  cls 0.03518  dfl 0.00046  feat 0.00139)
  Epoch 75/100  Batch 655/1094 (59.9%)  | Super 174.322 (box 1.2120  cls 0.5739  dfl 0.9379)  | Base 176.117 (box 1.2283  cls 0.5878  dfl 0.9356)  | KD 19.407 (box 0.29298  cls 0.00828  dfl 0.00056  feat 0.00141)
  Epoch 75/100  Batch 764/1094 (69.8%)  | Super 176.103 (box 1.2088  cls 0.5874  dfl 0.9554)  | Base 181.271 (box 1.2332  cls 0.6329  dfl 0.9663)  | KD 19.435 (box 0.29225  cls 0.00945  dfl 0.00061  feat 0.00136)
  Epoch 75/100  Batch 873/1094 (79.8%)  | Super 169.262 (box 1.1603  cls 0.5477  dfl 0.9367)  | Base 172.423 (box 1.1808  cls 0.5730  dfl 0.9403)  | KD 18.163 (box 0.27187  cls 0.01006  dfl 0.00049  feat 0.00137)
  Epoch 75/100  Batch 982/1094 (89.8%)  | Super 178.428 (box 1.2081  cls 0.5922  dfl 0.9877)  | Base 181.967 (box 1.2296  cls 0.6189  dfl 0.9948)  | KD 19.517 (box 0.29124  cls 0.01180  dfl 0.00054  feat 0.00137)
  Epoch 75/100  Batch 1091/1094 (99.7%)  | Super 161.636 (box 1.0464  cls 0.5369  dfl 0.9423)  | Base 163.965 (box 1.0653  cls 0.5564  dfl 0.9403)  | KD 15.560 (box 0.22424  cls 0.01710  dfl 0.00051  feat 0.00128)

================================================================================
  [Validation] Super model (skip=False)  |  Epoch 75/100
================================================================================
[*] Validation input tensor shape: torch.Size([64, 3, 384, 672])
                 Class     Images  Instances      Box(P          R      mAP50  mAP50-95)
                   all      10000     185578       0.64      0.508      0.559      0.326

================================================================================
  [Validation] Base model  (skip=True)   |  Epoch 75/100
================================================================================
[*] Validation input tensor shape: torch.Size([64, 3, 384, 672])
                 Class     Images  Instances      Box(P          R      mAP50  mAP50-95)
                   all      10000     185578      0.648      0.514       0.56      0.328

           Epoch         GPU_mem          box_om          cls_om          dfl_om          box_oo          cls_oo          dfl_oo       Instances            Size
  Epoch 76/100  Batch 1/1094 (0.1%)  | Super 159.773 (box 1.0465  cls 0.5244  dfl 0.9255)  | Base 162.500 (box 1.0668  cls 0.5455  dfl 0.9267)  | KD 17.728 (box 0.26318  cls 0.01183  dfl 0.00059  feat 0.00141)
  Epoch 76/100  Batch 110/1094 (10.1%)  | Super 172.531 (box 1.1759  cls 0.5574  dfl 0.9625)  | Base 173.880 (box 1.1780  cls 0.5810  dfl 0.9578)  | KD 19.282 (box 0.27994  cls 0.01943  dfl 0.00056  feat 0.00135)
  Epoch 76/100  Batch 219/1094 (20.0%)  | Super 160.875 (box 1.0844  cls 0.5113  dfl 0.9180)  | Base 165.425 (box 1.1043  cls 0.5556  dfl 0.9249)  | KD 19.292 (box 0.27610  cls 0.02341  dfl 0.00061  feat 0.00132)
  Epoch 76/100  Batch 328/1094 (30.0%)  | Super 165.539 (box 1.0920  cls 0.5341  dfl 0.9605)  | Base 170.363 (box 1.1271  cls 0.5700  dfl 0.9648)  | KD 17.798 (box 0.26406  cls 0.01201  dfl 0.00054  feat 0.00148)
  Epoch 76/100  Batch 437/1094 (39.9%)  | Super 172.957 (box 1.1747  cls 0.5720  dfl 0.9557)  | Base 176.586 (box 1.2027  cls 0.5971  dfl 0.9593)  | KD 16.900 (box 0.25187  cls 0.01032  dfl 0.00048  feat 0.00140)
  Epoch 76/100  Batch 546/1094 (49.9%)  | Super 164.021 (box 1.0760  cls 0.5670  dfl 0.9198)  | Base 167.068 (box 1.0904  cls 0.5992  dfl 0.9208)  | KD 17.067 (box 0.25388  cls 0.01094  dfl 0.00055  feat 0.00129)
  Epoch 76/100  Batch 655/1094 (59.9%)  | Super 172.312 (box 1.1960  cls 0.5580  dfl 0.9385)  | Base 175.117 (box 1.2092  cls 0.5916  dfl 0.9354)  | KD 18.061 (box 0.27033  cls 0.00998  dfl 0.00046  feat 0.00144)
  Epoch 76/100  Batch 764/1094 (69.8%)  | Super 179.955 (box 1.2240  cls 0.6180  dfl 0.9698)  | Base 184.516 (box 1.2569  cls 0.6528  dfl 0.9733)  | KD 20.801 (box 0.31133  cls 0.01149  dfl 0.00071  feat 0.00149)
  Epoch 76/100  Batch 873/1094 (79.8%)  | Super 168.892 (box 1.1236  cls 0.5557  dfl 0.9597)  | Base 171.841 (box 1.1364  cls 0.5889  dfl 0.9597)  | KD 17.529 (box 0.25764  cls 0.01437  dfl 0.00055  feat 0.00132)
  Epoch 76/100  Batch 982/1094 (89.8%)  | Super 176.415 (box 1.1634  cls 0.6053  dfl 0.9877)  | Base 178.997 (box 1.1851  cls 0.6243  dfl 0.9875)  | KD 18.818 (box 0.28046  cls 0.01173  dfl 0.00050  feat 0.00135)
  Epoch 76/100  Batch 1091/1094 (99.7%)  | Super 162.173 (box 1.0662  cls 0.5238  dfl 0.9439)  | Base 163.847 (box 1.0727  cls 0.5481  dfl 0.9393)  | KD 14.508 (box 0.21462  cls 0.01034  dfl 0.00044  feat 0.00128)

================================================================================
  [Validation] Super model (skip=False)  |  Epoch 76/100
================================================================================
[*] Validation input tensor shape: torch.Size([64, 3, 384, 672])
                 Class     Images  Instances      Box(P          R      mAP50  mAP50-95)
                   all      10000     185578      0.639      0.508      0.559      0.326

================================================================================
  [Validation] Base model  (skip=True)   |  Epoch 76/100
================================================================================
[*] Validation input tensor shape: torch.Size([64, 3, 384, 672])
                 Class     Images  Instances      Box(P          R      mAP50  mAP50-95)
                   all      10000     185578      0.649      0.514       0.56      0.328

           Epoch         GPU_mem          box_om          cls_om          dfl_om          box_oo          cls_oo          dfl_oo       Instances            Size
  Epoch 77/100  Batch 1/1094 (0.1%)  | Super 158.258 (box 1.0262  cls 0.5042  dfl 0.9424)  | Base 161.469 (box 1.0510  cls 0.5238  dfl 0.9482)  | KD 16.284 (box 0.24227  cls 0.01022  dfl 0.00057  feat 0.00137)
  Epoch 77/100  Batch 110/1094 (10.1%)  | Super 169.702 (box 1.1507  cls 0.5443  dfl 0.9566)  | Base 173.354 (box 1.1731  cls 0.5805  dfl 0.9551)  | KD 18.719 (box 0.27300  cls 0.01753  dfl 0.00057  feat 0.00138)
  Epoch 77/100  Batch 219/1094 (20.0%)  | Super 168.788 (box 1.1465  cls 0.5372  dfl 0.9536)  | Base 172.189 (box 1.1665  cls 0.5746  dfl 0.9493)  | KD 18.046 (box 0.26543  cls 0.01471  dfl 0.00058  feat 0.00125)
  Epoch 77/100  Batch 328/1094 (30.0%)  | Super 166.988 (box 1.1210  cls 0.5483  dfl 0.9399)  | Base 169.338 (box 1.1418  cls 0.5557  dfl 0.9484)  | KD 16.607 (box 0.24779  cls 0.00986  dfl 0.00051  feat 0.00134)
  Epoch 77/100  Batch 437/1094 (39.9%)  | Super 172.608 (box 1.1768  cls 0.5677  dfl 0.9525)  | Base 175.671 (box 1.1862  cls 0.5979  dfl 0.9607)  | KD 18.823 (box 0.28115  cls 0.01097  dfl 0.00055  feat 0.00144)
  Epoch 77/100  Batch 546/1094 (49.9%)  | Super 163.120 (box 1.0756  cls 0.5383  dfl 0.9348)  | Base 166.818 (box 1.1002  cls 0.5692  dfl 0.9371)  | KD 16.696 (box 0.24426  cls 0.01483  dfl 0.00050  feat 0.00129)
  Epoch 77/100  Batch 655/1094 (59.9%)  | Super 170.481 (box 1.1691  cls 0.5780  dfl 0.9167)  | Base 172.641 (box 1.1787  cls 0.6060  dfl 0.9129)  | KD 19.159 (box 0.27694  cls 0.02043  dfl 0.00055  feat 0.00144)
  Epoch 77/100  Batch 764/1094 (69.8%)  | Super 175.904 (box 1.2028  cls 0.5908  dfl 0.9549)  | Base 176.755 (box 1.2067  cls 0.6073  dfl 0.9478)  | KD 18.726 (box 0.28025  cls 0.01033  dfl 0.00055  feat 0.00147)
  Epoch 77/100  Batch 873/1094 (79.8%)  | Super 179.569 (box 1.2097  cls 0.5861  dfl 1.0100)  | Base 182.723 (box 1.2298  cls 0.6162  dfl 1.0091)  | KD 18.069 (box 0.26607  cls 0.01419  dfl 0.00056  feat 0.00151)
  Epoch 77/100  Batch 982/1094 (89.8%)  | Super 176.685 (box 1.1802  cls 0.5867  dfl 0.9939)  | Base 178.563 (box 1.1894  cls 0.6069  dfl 0.9937)  | KD 19.092 (box 0.28406  cls 0.01243  dfl 0.00056  feat 0.00126)
  Epoch 77/100  Batch 1091/1094 (99.7%)  | Super 164.165 (box 1.0973  cls 0.5180  dfl 0.9497)  | Base 166.101 (box 1.0976  cls 0.5511  dfl 0.9466)  | KD 15.405 (box 0.22436  cls 0.01454  dfl 0.00046  feat 0.00133)

================================================================================
  [Validation] Super model (skip=False)  |  Epoch 77/100
================================================================================
[*] Validation input tensor shape: torch.Size([64, 3, 384, 672])
                 Class     Images  Instances      Box(P          R      mAP50  mAP50-95)
                   all      10000     185578       0.64      0.508      0.559      0.326

================================================================================
  [Validation] Base model  (skip=True)   |  Epoch 77/100
================================================================================
[*] Validation input tensor shape: torch.Size([64, 3, 384, 672])
                 Class     Images  Instances      Box(P          R      mAP50  mAP50-95)
                   all      10000     185578      0.648      0.514       0.56      0.328

           Epoch         GPU_mem          box_om          cls_om          dfl_om          box_oo          cls_oo          dfl_oo       Instances            Size
  Epoch 78/100  Batch 1/1094 (0.1%)  | Super 159.436 (box 1.0362  cls 0.5089  dfl 0.9461)  | Base 162.390 (box 1.0427  cls 0.5494  dfl 0.9452)  | KD 16.897 (box 0.23995  cls 0.02223  dfl 0.00050  feat 0.00134)
  Epoch 78/100  Batch 110/1094 (10.1%)  | Super 169.819 (box 1.1592  cls 0.5508  dfl 0.9434)  | Base 173.461 (box 1.1770  cls 0.5827  dfl 0.9507)  | KD 18.011 (box 0.26907  cls 0.01030  dfl 0.00059  feat 0.00146)
  Epoch 78/100  Batch 219/1094 (20.0%)  | Super 165.646 (box 1.1249  cls 0.5237  dfl 0.9396)  | Base 171.001 (box 1.1570  cls 0.5714  dfl 0.9435)  | KD 18.778 (box 0.28257  cls 0.00876  dfl 0.00066  feat 0.00141)
  Epoch 78/100  Batch 328/1094 (30.0%)  | Super 167.884 (box 1.1167  cls 0.5460  dfl 0.9605)  | Base 170.232 (box 1.1348  cls 0.5643  dfl 0.9608)  | KD 18.029 (box 0.27189  cls 0.00795  dfl 0.00056  feat 0.00129)
  Epoch 78/100  Batch 437/1094 (39.9%)  | Super 172.624 (box 1.1994  cls 0.5504  dfl 0.9474)  | Base 175.256 (box 1.2149  cls 0.5778  dfl 0.9457)  | KD 16.967 (box 0.25481  cls 0.00838  dfl 0.00047  feat 0.00144)
  Epoch 78/100  Batch 546/1094 (49.9%)  | Super 165.319 (box 1.1004  cls 0.5586  dfl 0.9241)  | Base 168.411 (box 1.1192  cls 0.5881  dfl 0.9241)  | KD 17.617 (box 0.25369  cls 0.01978  dfl 0.00050  feat 0.00130)
  Epoch 78/100  Batch 655/1094 (59.9%)  | Super 170.618 (box 1.1711  cls 0.5665  dfl 0.9282)  | Base 174.404 (box 1.1941  cls 0.5994  dfl 0.9315)  | KD 18.481 (box 0.27584  cls 0.01104  dfl 0.00052  feat 0.00138)
  Epoch 78/100  Batch 764/1094 (69.8%)  | Super 178.469 (box 1.2385  cls 0.6001  dfl 0.9500)  | Base 180.885 (box 1.2497  cls 0.6227  dfl 0.9539)  | KD 18.965 (box 0.28636  cls 0.00804  dfl 0.00055  feat 0.00138)
  Epoch 78/100  Batch 873/1094 (79.8%)  | Super 166.905 (box 1.1293  cls 0.5221  dfl 0.9566)  | Base 169.160 (box 1.1397  cls 0.5464  dfl 0.9570)  | KD 17.300 (box 0.25417  cls 0.01425  dfl 0.00052  feat 0.00137)
  Epoch 78/100  Batch 982/1094 (89.8%)  | Super 176.807 (box 1.1731  cls 0.5991  dfl 0.9904)  | Base 181.812 (box 1.2132  cls 0.6247  dfl 1.0029)  | KD 20.833 (box 0.30449  cls 0.01896  dfl 0.00069  feat 0.00136)
  Epoch 78/100  Batch 1091/1094 (99.7%)  | Super 160.755 (box 1.0545  cls 0.5214  dfl 0.9359)  | Base 163.853 (box 1.0740  cls 0.5442  dfl 0.9419)  | KD 15.815 (box 0.23461  cls 0.01072  dfl 0.00051  feat 0.00127)

================================================================================
  [Validation] Super model (skip=False)  |  Epoch 78/100
================================================================================
[*] Validation input tensor shape: torch.Size([64, 3, 384, 672])
                 Class     Images  Instances      Box(P          R      mAP50  mAP50-95)
                   all      10000     185578      0.631      0.513      0.559      0.326

================================================================================
  [Validation] Base model  (skip=True)   |  Epoch 78/100
================================================================================
[*] Validation input tensor shape: torch.Size([64, 3, 384, 672])
                 Class     Images  Instances      Box(P          R      mAP50  mAP50-95)
                   all      10000     185578      0.646      0.515       0.56      0.328

           Epoch         GPU_mem          box_om          cls_om          dfl_om          box_oo          cls_oo          dfl_oo       Instances            Size
  Epoch 79/100  Batch 1/1094 (0.1%)  | Super 164.383 (box 1.0900  cls 0.5223  dfl 0.9561)  | Base 165.959 (box 1.0932  cls 0.5432  dfl 0.9567)  | KD 17.397 (box 0.25743  cls 0.01240  dfl 0.00060  feat 0.00140)
  Epoch 79/100  Batch 110/1094 (10.1%)  | Super 167.515 (box 1.1416  cls 0.5356  dfl 0.9402)  | Base 170.927 (box 1.1611  cls 0.5690  dfl 0.9407)  | KD 18.820 (box 0.27276  cls 0.01947  dfl 0.00055  feat 0.00128)
  Epoch 79/100  Batch 219/1094 (20.0%)  | Super 171.740 (box 1.1706  cls 0.5575  dfl 0.9553)  | Base 172.952 (box 1.1766  cls 0.5749  dfl 0.9509)  | KD 18.748 (box 0.27222  cls 0.01875  dfl 0.00056  feat 0.00141)
  Epoch 79/100  Batch 328/1094 (30.0%)  | Super 165.393 (box 1.1044  cls 0.5289  dfl 0.9510)  | Base 168.527 (box 1.1144  cls 0.5592  dfl 0.9596)  | KD 17.516 (box 0.25990  cls 0.01188  dfl 0.00051  feat 0.00140)
  Epoch 79/100  Batch 437/1094 (39.9%)  | Super 168.368 (box 1.1433  cls 0.5568  dfl 0.9306)  | Base 173.600 (box 1.1848  cls 0.5925  dfl 0.9352)  | KD 18.129 (box 0.26224  cls 0.01899  dfl 0.00051  feat 0.00153)
  Epoch 79/100  Batch 546/1094 (49.9%)  | Super 168.194 (box 1.1288  cls 0.5555  dfl 0.9438)  | Base 170.917 (box 1.1476  cls 0.5881  dfl 0.9349)  | KD 17.410 (box 0.25466  cls 0.01552  dfl 0.00045  feat 0.00139)
  Epoch 79/100  Batch 655/1094 (59.9%)  | Super 177.362 (box 1.2277  cls 0.5873  dfl 0.9563)  | Base 181.361 (box 1.2543  cls 0.6159  dfl 0.9636)  | KD 19.786 (box 0.29521  cls 0.01202  dfl 0.00056  feat 0.00137)
  Epoch 79/100  Batch 764/1094 (69.8%)  | Super 169.487 (box 1.1482  cls 0.5644  dfl 0.9357)  | Base 173.798 (box 1.1825  cls 0.5932  dfl 0.9399)  | KD 19.353 (box 0.29110  cls 0.00930  dfl 0.00057  feat 0.00143)
  Epoch 79/100  Batch 873/1094 (79.8%)  | Super 173.049 (box 1.1632  cls 0.5763  dfl 0.9643)  | Base 178.082 (box 1.1953  cls 0.6128  dfl 0.9744)  | KD 19.439 (box 0.28738  cls 0.01433  dfl 0.00063  feat 0.00140)
  Epoch 79/100  Batch 982/1094 (89.8%)  | Super 173.920 (box 1.1577  cls 0.5765  dfl 0.9834)  | Base 178.751 (box 1.1942  cls 0.6068  dfl 0.9920)  | KD 20.469 (box 0.30634  cls 0.01151  dfl 0.00064  feat 0.00133)
  Epoch 79/100  Batch 1091/1094 (99.7%)  | Super 162.297 (box 1.0743  cls 0.5096  dfl 0.9520)  | Base 165.732 (box 1.0962  cls 0.5464  dfl 0.9470)  | KD 15.186 (box 0.22343  cls 0.01193  dfl 0.00044  feat 0.00149)

================================================================================
  [Validation] Super model (skip=False)  |  Epoch 79/100
================================================================================
[*] Validation input tensor shape: torch.Size([64, 3, 384, 672])
                 Class     Images  Instances      Box(P          R      mAP50  mAP50-95)
                   all      10000     185578      0.631      0.514      0.558      0.326

================================================================================
  [Validation] Base model  (skip=True)   |  Epoch 79/100
================================================================================
[*] Validation input tensor shape: torch.Size([64, 3, 384, 672])
                 Class     Images  Instances      Box(P          R      mAP50  mAP50-95)
                   all      10000     185578       0.65      0.513       0.56      0.327

           Epoch         GPU_mem          box_om          cls_om          dfl_om          box_oo          cls_oo          dfl_oo       Instances            Size
  Epoch 80/100  Batch 1/1094 (0.1%)  | Super 161.220 (box 1.0833  cls 0.5065  dfl 0.9293)  | Base 164.353 (box 1.1062  cls 0.5315  dfl 0.9304)  | KD 16.284 (box 0.24174  cls 0.01076  dfl 0.00051  feat 0.00142)
  Epoch 80/100  Batch 110/1094 (10.1%)  | Super 172.610 (box 1.1724  cls 0.5660  dfl 0.9586)  | Base 177.096 (box 1.2000  cls 0.6018  dfl 0.9654)  | KD 19.030 (box 0.27658  cls 0.01869  dfl 0.00055  feat 0.00151)
  Epoch 80/100  Batch 219/1094 (20.0%)  | Super 169.074 (box 1.1524  cls 0.5452  dfl 0.9441)  | Base 172.380 (box 1.1698  cls 0.5798  dfl 0.9439)  | KD 21.322 (box 0.30845  cls 0.02270  dfl 0.00067  feat 0.00132)
  Epoch 80/100  Batch 328/1094 (30.0%)  | Super 167.647 (box 1.1133  cls 0.5420  dfl 0.9642)  | Base 171.711 (box 1.1363  cls 0.5736  dfl 0.9731)  | KD 18.611 (box 0.27539  cls 0.01337  dfl 0.00062  feat 0.00142)
  Epoch 80/100  Batch 437/1094 (39.9%)  | Super 171.211 (box 1.1639  cls 0.5679  dfl 0.9433)  | Base 174.378 (box 1.1893  cls 0.5914  dfl 0.9439)  | KD 18.248 (box 0.27501  cls 0.00810  dfl 0.00051  feat 0.00150)
  Epoch 80/100  Batch 546/1094 (49.9%)  | Super 164.229 (box 1.0772  cls 0.5596  dfl 0.9293)  | Base 167.633 (box 1.0927  cls 0.5931  dfl 0.9335)  | KD 19.620 (box 0.27987  cls 0.02492  dfl 0.00052  feat 0.00125)
  Epoch 80/100  Batch 655/1094 (59.9%)  | Super 176.582 (box 1.2135  cls 0.5917  dfl 0.9539)  | Base 178.589 (box 1.2192  cls 0.6186  dfl 0.9526)  | KD 20.921 (box 0.30688  cls 0.01809  dfl 0.00057  feat 0.00136)
  Epoch 80/100  Batch 764/1094 (69.8%)  | Super 177.880 (box 1.2071  cls 0.5926  dfl 0.9797)  | Base 183.947 (box 1.2388  cls 0.6497  dfl 0.9857)  | KD 20.236 (box 0.29930  cls 0.01481  dfl 0.00061  feat 0.00147)
  Epoch 80/100  Batch 873/1094 (79.8%)  | Super 170.236 (box 1.1354  cls 0.5608  dfl 0.9637)  | Base 175.741 (box 1.1679  cls 0.5998  dfl 0.9783)  | KD 18.332 (box 0.27282  cls 0.01154  dfl 0.00057  feat 0.00150)
  Epoch 80/100  Batch 982/1094 (89.8%)  | Super 177.452 (box 1.1810  cls 0.5875  dfl 1.0042)  | Base 180.543 (box 1.1982  cls 0.6238  dfl 0.9990)  | KD 20.244 (box 0.29570  cls 0.01871  dfl 0.00059  feat 0.00131)
  Epoch 80/100  Batch 1091/1094 (99.7%)  | Super 162.256 (box 1.0694  cls 0.5132  dfl 0.9526)  | Base 164.329 (box 1.0846  cls 0.5348  dfl 0.9482)  | KD 15.754 (box 0.23012  cls 0.01422  dfl 0.00049  feat 0.00133)

================================================================================
  [Validation] Super model (skip=False)  |  Epoch 80/100
================================================================================
[*] Validation input tensor shape: torch.Size([64, 3, 384, 672])
                 Class     Images  Instances      Box(P          R      mAP50  mAP50-95)
                   all      10000     185578      0.632      0.515      0.558      0.326

================================================================================
  [Validation] Base model  (skip=True)   |  Epoch 80/100
================================================================================
[*] Validation input tensor shape: torch.Size([64, 3, 384, 672])
                 Class     Images  Instances      Box(P          R      mAP50  mAP50-95)
                   all      10000     185578      0.648      0.513      0.559      0.327

           Epoch         GPU_mem          box_om          cls_om          dfl_om          box_oo          cls_oo          dfl_oo       Instances            Size
  Epoch 81/100  Batch 1/1094 (0.1%)  | Super 161.673 (box 1.0705  cls 0.5037  dfl 0.9519)  | Base 165.039 (box 1.0914  cls 0.5344  dfl 0.9530)  | KD 16.543 (box 0.24263  cls 0.01398  dfl 0.00050  feat 0.00138)
  Epoch 81/100  Batch 110/1094 (10.1%)  | Super 173.654 (box 1.1739  cls 0.5733  dfl 0.9662)  | Base 177.601 (box 1.1970  cls 0.6060  dfl 0.9719)  | KD 18.776 (box 0.27868  cls 0.01267  dfl 0.00058  feat 0.00145)
  Epoch 81/100  Batch 219/1094 (20.0%)  | Super 177.515 (box 1.2022  cls 0.5772  dfl 0.9942)  | Base 181.553 (box 1.2280  cls 0.6122  dfl 0.9965)  | KD 20.724 (box 0.29823  cls 0.02348  dfl 0.00066  feat 0.00145)
  Epoch 81/100  Batch 328/1094 (30.0%)  | Super 165.877 (box 1.1142  cls 0.5239  dfl 0.9537)  | Base 169.365 (box 1.1355  cls 0.5533  dfl 0.9575)  | KD 19.519 (box 0.29259  cls 0.01046  dfl 0.00055  feat 0.00138)
  Epoch 81/100  Batch 437/1094 (39.9%)  | Super 172.975 (box 1.1664  cls 0.5725  dfl 0.9639)  | Base 174.631 (box 1.1658  cls 0.6107  dfl 0.9522)  | KD 19.141 (box 0.28059  cls 0.01638  dfl 0.00063  feat 0.00146)
  Epoch 81/100  Batch 546/1094 (49.9%)  | Super 168.480 (box 1.1191  cls 0.5781  dfl 0.9353)  | Base 169.965 (box 1.1229  cls 0.6052  dfl 0.9276)  | KD 18.695 (box 0.27510  cls 0.01501  dfl 0.00049  feat 0.00151)
  Epoch 81/100  Batch 655/1094 (59.9%)  | Super 173.524 (box 1.1879  cls 0.5903  dfl 0.9331)  | Base 175.863 (box 1.2066  cls 0.6046  dfl 0.9366)  | KD 19.858 (box 0.29445  cls 0.01382  dfl 0.00057  feat 0.00144)
  Epoch 81/100  Batch 764/1094 (69.8%)  | Super 177.104 (box 1.2080  cls 0.5987  dfl 0.9606)  | Base 181.911 (box 1.2419  cls 0.6393  dfl 0.9612)  | KD 21.156 (box 0.32191  cls 0.00661  dfl 0.00065  feat 0.00139)
  Epoch 81/100  Batch 873/1094 (79.8%)  | Super 176.012 (box 1.1992  cls 0.5909  dfl 0.9600)  | Base 181.293 (box 1.2365  cls 0.6284  dfl 0.9678)  | KD 20.130 (box 0.29622  cls 0.01630  dfl 0.00062  feat 0.00140)
  Epoch 81/100  Batch 982/1094 (89.8%)  | Super 177.338 (box 1.1904  cls 0.5866  dfl 0.9940)  | Base 180.978 (box 1.2215  cls 0.6142  dfl 0.9921)  | KD 19.097 (box 0.28637  cls 0.00999  dfl 0.00052  feat 0.00152)
  Epoch 81/100  Batch 1091/1094 (99.7%)  | Super 157.705 (box 1.0255  cls 0.5143  dfl 0.9243)  | Base 159.872 (box 1.0353  cls 0.5427  dfl 0.9199)  | KD 15.150 (box 0.22242  cls 0.01258  dfl 0.00042  feat 0.00130)

================================================================================
  [Validation] Super model (skip=False)  |  Epoch 81/100
================================================================================
[*] Validation input tensor shape: torch.Size([64, 3, 384, 672])
                 Class     Images  Instances      Box(P          R      mAP50  mAP50-95)
                   all      10000     185578       0.64      0.505      0.558      0.326

================================================================================
  [Validation] Base model  (skip=True)   |  Epoch 81/100
================================================================================
[*] Validation input tensor shape: torch.Size([64, 3, 384, 672])
                 Class     Images  Instances      Box(P          R      mAP50  mAP50-95)
                   all      10000     185578       0.65      0.513       0.56      0.327

           Epoch         GPU_mem          box_om          cls_om          dfl_om          box_oo          cls_oo          dfl_oo       Instances            Size
  Epoch 82/100  Batch 1/1094 (0.1%)  | Super 157.213 (box 1.0292  cls 0.5013  dfl 0.9259)  | Base 159.979 (box 1.0455  cls 0.5263  dfl 0.9280)  | KD 15.712 (box 0.23595  cls 0.00777  dfl 0.00043  feat 0.00135)
  Epoch 82/100  Batch 110/1094 (10.1%)  | Super 168.419 (box 1.1496  cls 0.5295  dfl 0.9524)  | Base 172.236 (box 1.1669  cls 0.5715  dfl 0.9528)  | KD 18.500 (box 0.26984  cls 0.01728  dfl 0.00058  feat 0.00137)
  Epoch 82/100  Batch 219/1094 (20.0%)  | Super 164.996 (box 1.1079  cls 0.5365  dfl 0.9336)  | Base 169.383 (box 1.1330  cls 0.5751  dfl 0.9385)  | KD 18.973 (box 0.27830  cls 0.01619  dfl 0.00063  feat 0.00133)
  Epoch 82/100  Batch 328/1094 (30.0%)  | Super 163.381 (box 1.0795  cls 0.5298  dfl 0.9434)  | Base 167.615 (box 1.1119  cls 0.5483  dfl 0.9588)  | KD 18.413 (box 0.27282  cls 0.01279  dfl 0.00065  feat 0.00144)
  Epoch 82/100  Batch 437/1094 (39.9%)  | Super 170.157 (box 1.1643  cls 0.5428  dfl 0.9516)  | Base 176.089 (box 1.2013  cls 0.5928  dfl 0.9573)  | KD 18.911 (box 0.27067  cls 0.02287  dfl 0.00054  feat 0.00140)
  Epoch 82/100  Batch 546/1094 (49.9%)  | Super 167.115 (box 1.1211  cls 0.5622  dfl 0.9278)  | Base 169.756 (box 1.1314  cls 0.5928  dfl 0.9282)  | KD 20.201 (box 0.27625  cls 0.03755  dfl 0.00057  feat 0.00128)
  Epoch 82/100  Batch 655/1094 (59.9%)  | Super 173.912 (box 1.2031  cls 0.5862  dfl 0.9281)  | Base 176.924 (box 1.2248  cls 0.6051  dfl 0.9346)  | KD 20.484 (box 0.30686  cls 0.01125  dfl 0.00059  feat 0.00137)
  Epoch 82/100  Batch 764/1094 (69.8%)  | Super 174.715 (box 1.2037  cls 0.5808  dfl 0.9454)  | Base 178.939 (box 1.2306  cls 0.6115  dfl 0.9538)  | KD 20.294 (box 0.30724  cls 0.00780  dfl 0.00067  feat 0.00139)
  Epoch 82/100  Batch 873/1094 (79.8%)  | Super 175.638 (box 1.2029  cls 0.5695  dfl 0.9719)  | Base 179.287 (box 1.2228  cls 0.6054  dfl 0.9732)  | KD 19.816 (box 0.29686  cls 0.01061  dfl 0.00066  feat 0.00150)
  Epoch 82/100  Batch 982/1094 (89.8%)  | Super 173.041 (box 1.1685  cls 0.5616  dfl 0.9736)  | Base 175.386 (box 1.1844  cls 0.5832  dfl 0.9728)  | KD 18.826 (box 0.28048  cls 0.01186  dfl 0.00051  feat 0.00130)
  Epoch 82/100  Batch 1091/1094 (99.7%)  | Super 163.214 (box 1.0804  cls 0.5158  dfl 0.9540)  | Base 166.759 (box 1.1017  cls 0.5540  dfl 0.9500)  | KD 17.103 (box 0.23821  cls 0.02716  dfl 0.00050  feat 0.00137)

================================================================================
  [Validation] Super model (skip=False)  |  Epoch 82/100
================================================================================
[*] Validation input tensor shape: torch.Size([64, 3, 384, 672])
                 Class     Images  Instances      Box(P          R      mAP50  mAP50-95)
                   all      10000     185578      0.641      0.505      0.558      0.326

================================================================================
  [Validation] Base model  (skip=True)   |  Epoch 82/100
================================================================================
[*] Validation input tensor shape: torch.Size([64, 3, 384, 672])
                 Class     Images  Instances      Box(P          R      mAP50  mAP50-95)
                   all      10000     185578      0.647      0.514      0.559      0.327

           Epoch         GPU_mem          box_om          cls_om          dfl_om          box_oo          cls_oo          dfl_oo       Instances            Size
  Epoch 83/100  Batch 1/1094 (0.1%)  | Super 157.691 (box 1.0360  cls 0.4984  dfl 0.9295)  | Base 161.867 (box 1.0600  cls 0.5320  dfl 0.9372)  | KD 16.576 (box 0.24514  cls 0.01188  dfl 0.00054  feat 0.00143)
  Epoch 83/100  Batch 110/1094 (10.1%)  | Super 168.253 (box 1.1397  cls 0.5571  dfl 0.9322)  | Base 171.910 (box 1.1668  cls 0.5823  dfl 0.9370)  | KD 19.378 (box 0.28663  cls 0.01415  dfl 0.00056  feat 0.00144)
  Epoch 83/100  Batch 219/1094 (20.0%)  | Super 168.430 (box 1.1605  cls 0.5293  dfl 0.9419)  | Base 173.037 (box 1.1880  cls 0.5731  dfl 0.9427)  | KD 18.939 (box 0.27658  cls 0.01740  dfl 0.00058  feat 0.00136)
  Epoch 83/100  Batch 328/1094 (30.0%)  | Super 166.977 (box 1.0975  cls 0.5540  dfl 0.9575)  | Base 170.302 (box 1.1152  cls 0.5796  dfl 0.9662)  | KD 17.015 (box 0.25699  cls 0.00683  dfl 0.00054  feat 0.00151)
  Epoch 83/100  Batch 437/1094 (39.9%)  | Super 167.976 (box 1.1524  cls 0.5448  dfl 0.9274)  | Base 170.912 (box 1.1720  cls 0.5687  dfl 0.9298)  | KD 17.743 (box 0.25770  cls 0.01769  dfl 0.00045  feat 0.00140)
  Epoch 83/100  Batch 546/1094 (49.9%)  | Super 171.974 (box 1.1493  cls 0.5847  dfl 0.9531)  | Base 174.732 (box 1.1653  cls 0.6191  dfl 0.9458)  | KD 21.130 (box 0.30788  cls 0.02038  dfl 0.00059  feat 0.00131)
  Epoch 83/100  Batch 655/1094 (59.9%)  | Super 169.853 (box 1.1609  cls 0.5739  dfl 0.9191)  | Base 173.080 (box 1.1806  cls 0.5983  dfl 0.9255)  | KD 21.814 (box 0.31836  cls 0.02037  dfl 0.00067  feat 0.00143)
  Epoch 83/100  Batch 764/1094 (69.8%)  | Super 172.546 (box 1.1882  cls 0.5742  dfl 0.9336)  | Base 176.326 (box 1.2119  cls 0.6076  dfl 0.9356)  | KD 19.360 (box 0.29393  cls 0.00666  dfl 0.00055  feat 0.00136)
  Epoch 83/100  Batch 873/1094 (79.8%)  | Super 170.013 (box 1.1136  cls 0.5722  dfl 0.9707)  | Base 173.727 (box 1.1374  cls 0.6030  dfl 0.9741)  | KD 18.456 (box 0.26878  cls 0.01761  dfl 0.00055  feat 0.00144)
  Epoch 83/100  Batch 982/1094 (89.8%)  | Super 176.251 (box 1.1762  cls 0.5858  dfl 0.9919)  | Base 179.845 (box 1.1950  cls 0.6209  dfl 0.9942)  | KD 19.690 (box 0.29372  cls 0.01207  dfl 0.00059  feat 0.00127)
  Epoch 83/100  Batch 1091/1094 (99.7%)  | Super 161.677 (box 1.0634  cls 0.5158  dfl 0.9470)  | Base 164.883 (box 1.0862  cls 0.5445  dfl 0.9457)  | KD 14.888 (box 0.21900  cls 0.01173  dfl 0.00046  feat 0.00143)

================================================================================
  [Validation] Super model (skip=False)  |  Epoch 83/100
================================================================================
[*] Validation input tensor shape: torch.Size([64, 3, 384, 672])
                 Class     Images  Instances      Box(P          R      mAP50  mAP50-95)
                   all      10000     185578      0.641      0.505      0.557      0.326

================================================================================
  [Validation] Base model  (skip=True)   |  Epoch 83/100
================================================================================
[*] Validation input tensor shape: torch.Size([64, 3, 384, 672])
                 Class     Images  Instances      Box(P          R      mAP50  mAP50-95)
                   all      10000     185578      0.644      0.516      0.559      0.327

           Epoch         GPU_mem          box_om          cls_om          dfl_om          box_oo          cls_oo          dfl_oo       Instances            Size
  Epoch 84/100  Batch 1/1094 (0.1%)  | Super 161.427 (box 1.0509  cls 0.5160  dfl 0.9554)  | Base 164.220 (box 1.0707  cls 0.5335  dfl 0.9617)  | KD 16.896 (box 0.25336  cls 0.00854  dfl 0.00062  feat 0.00147)
  Epoch 84/100  Batch 110/1094 (10.1%)  | Super 173.253 (box 1.1673  cls 0.5624  dfl 0.9774)  | Base 175.074 (box 1.1787  cls 0.5784  dfl 0.9784)  | KD 19.571 (box 0.27830  cls 0.02537  dfl 0.00063  feat 0.00149)
  Epoch 84/100  Batch 219/1094 (20.0%)  | Super 160.165 (box 1.0797  cls 0.4944  dfl 0.9285)  | Base 164.665 (box 1.1070  cls 0.5300  dfl 0.9359)  | KD 18.208 (box 0.26569  cls 0.01683  dfl 0.00059  feat 0.00139)
  Epoch 84/100  Batch 328/1094 (30.0%)  | Super 170.439 (box 1.1219  cls 0.5743  dfl 0.9669)  | Base 173.855 (box 1.1441  cls 0.6048  dfl 0.9676)  | KD 20.497 (box 0.29620  cls 0.02188  dfl 0.00074  feat 0.00143)
  Epoch 84/100  Batch 437/1094 (39.9%)  | Super 166.278 (box 1.1330  cls 0.5333  dfl 0.9318)  | Base 170.525 (box 1.1593  cls 0.5677  dfl 0.9374)  | KD 17.836 (box 0.26923  cls 0.00746  dfl 0.00059  feat 0.00141)
  Epoch 84/100  Batch 546/1094 (49.9%)  | Super 166.771 (box 1.1203  cls 0.5406  dfl 0.9449)  | Base 169.799 (box 1.1259  cls 0.5812  dfl 0.9460)  | KD 18.289 (box 0.26849  cls 0.01534  dfl 0.00057  feat 0.00135)
  Epoch 84/100  Batch 655/1094 (59.9%)  | Super 174.773 (box 1.1951  cls 0.5905  dfl 0.9452)  | Base 179.763 (box 1.2259  cls 0.6332  dfl 0.9496)  | KD 21.224 (box 0.30782  cls 0.02170  dfl 0.00059  feat 0.00152)
  Epoch 84/100  Batch 764/1094 (69.8%)  | Super 173.379 (box 1.1902  cls 0.5614  dfl 0.9575)  | Base 177.510 (box 1.2101  cls 0.5992  dfl 0.9643)  | KD 21.252 (box 0.31532  cls 0.01469  dfl 0.00065  feat 0.00140)
  Epoch 84/100  Batch 873/1094 (79.8%)  | Super 172.188 (box 1.1444  cls 0.5778  dfl 0.9683)  | Base 175.378 (box 1.1663  cls 0.6062  dfl 0.9678)  | KD 20.437 (box 0.30754  cls 0.00968  dfl 0.00065  feat 0.00146)
  Epoch 84/100  Batch 982/1094 (89.8%)  | Super 174.132 (box 1.1615  cls 0.5796  dfl 0.9798)  | Base 177.655 (box 1.1882  cls 0.5976  dfl 0.9900)  | KD 19.822 (box 0.29931  cls 0.00848  dfl 0.00060  feat 0.00132)
  Epoch 84/100  Batch 1091/1094 (99.7%)  | Super 159.936 (box 1.0602  cls 0.4859  dfl 0.9529)  | Base 163.718 (box 1.0777  cls 0.5250  dfl 0.9553)  | KD 17.020 (box 0.24777  cls 0.01630  dfl 0.00051  feat 0.00137)

================================================================================
  [Validation] Super model (skip=False)  |  Epoch 84/100
================================================================================
[*] Validation input tensor shape: torch.Size([64, 3, 384, 672])
                 Class     Images  Instances      Box(P          R      mAP50  mAP50-95)
                   all      10000     185578      0.641      0.505      0.557      0.325

================================================================================
  [Validation] Base model  (skip=True)   |  Epoch 84/100
================================================================================
[*] Validation input tensor shape: torch.Size([64, 3, 384, 672])
                 Class     Images  Instances      Box(P          R      mAP50  mAP50-95)
                   all      10000     185578      0.646      0.515      0.559      0.327

           Epoch         GPU_mem          box_om          cls_om          dfl_om          box_oo          cls_oo          dfl_oo       Instances            Size
  Epoch 85/100  Batch 1/1094 (0.1%)  | Super 157.349 (box 1.0273  cls 0.4964  dfl 0.9349)  | Base 160.167 (box 1.0492  cls 0.5143  dfl 0.9392)  | KD 16.471 (box 0.24437  cls 0.01112  dfl 0.00050  feat 0.00137)
  Epoch 85/100  Batch 110/1094 (10.1%)  | Super 165.715 (box 1.1275  cls 0.5112  dfl 0.9505)  | Base 170.697 (box 1.1549  cls 0.5546  dfl 0.9577)  | KD 19.512 (box 0.27986  cls 0.02296  dfl 0.00057  feat 0.00149)
  Epoch 85/100  Batch 219/1094 (20.0%)  | Super 166.485 (box 1.1254  cls 0.5232  dfl 0.9527)  | Base 170.052 (box 1.1380  cls 0.5654  dfl 0.9536)  | KD 20.445 (box 0.29188  cls 0.02558  dfl 0.00064  feat 0.00136)
  Epoch 85/100  Batch 328/1094 (30.0%)  | Super 163.974 (box 1.0758  cls 0.5242  dfl 0.9621)  | Base 167.130 (box 1.1025  cls 0.5454  dfl 0.9635)  | KD 17.447 (box 0.25735  cls 0.01327  dfl 0.00055  feat 0.00144)
  Epoch 85/100  Batch 437/1094 (39.9%)  | Super 170.419 (box 1.1652  cls 0.5527  dfl 0.9449)  | Base 174.633 (box 1.1908  cls 0.5860  dfl 0.9518)  | KD 18.190 (box 0.26964  cls 0.01257  dfl 0.00060  feat 0.00140)
  Epoch 85/100  Batch 546/1094 (49.9%)  | Super 171.215 (box 1.1612  cls 0.5694  dfl 0.9446)  | Base 175.316 (box 1.1884  cls 0.6064  dfl 0.9445)  | KD 21.308 (box 0.30015  cls 0.03087  dfl 0.00057  feat 0.00135)
  Epoch 85/100  Batch 655/1094 (59.9%)  | Super 168.302 (box 1.1548  cls 0.5602  dfl 0.9147)  | Base 171.434 (box 1.1688  cls 0.5939  dfl 0.9160)  | KD 19.788 (box 0.29394  cls 0.01322  dfl 0.00053  feat 0.00150)
  Epoch 85/100  Batch 764/1094 (69.8%)  | Super 176.140 (box 1.1990  cls 0.5906  dfl 0.9625)  | Base 180.752 (box 1.2344  cls 0.6241  dfl 0.9658)  | KD 20.961 (box 0.31406  cls 0.01135  dfl 0.00071  feat 0.00140)
  Epoch 85/100  Batch 873/1094 (79.8%)  | Super 172.933 (box 1.1544  cls 0.5776  dfl 0.9701)  | Base 177.557 (box 1.1890  cls 0.6183  dfl 0.9670)  | KD 21.310 (box 0.31582  cls 0.01508  dfl 0.00062  feat 0.00145)
  Epoch 85/100  Batch 982/1094 (89.8%)  | Super 176.595 (box 1.1815  cls 0.5904  dfl 0.9873)  | Base 178.567 (box 1.1942  cls 0.6103  dfl 0.9856)  | KD 20.881 (box 0.31322  cls 0.01102  dfl 0.00060  feat 0.00144)
  Epoch 85/100  Batch 1091/1094 (99.7%)  | Super 158.907 (box 1.0372  cls 0.5135  dfl 0.9322)  | Base 161.916 (box 1.0527  cls 0.5415  dfl 0.9357)  | KD 15.969 (box 0.23368  cls 0.01398  dfl 0.00054  feat 0.00132)

================================================================================
  [Validation] Super model (skip=False)  |  Epoch 85/100
================================================================================
[*] Validation input tensor shape: torch.Size([64, 3, 384, 672])
                 Class     Images  Instances      Box(P          R      mAP50  mAP50-95)
                   all      10000     185578      0.641      0.505      0.558      0.325

================================================================================
  [Validation] Base model  (skip=True)   |  Epoch 85/100
================================================================================
[*] Validation input tensor shape: torch.Size([64, 3, 384, 672])
                 Class     Images  Instances      Box(P          R      mAP50  mAP50-95)
                   all      10000     185578      0.645      0.515      0.559      0.327

           Epoch         GPU_mem          box_om          cls_om          dfl_om          box_oo          cls_oo          dfl_oo       Instances            Size
  Epoch 86/100  Batch 1/1094 (0.1%)  | Super 161.235 (box 1.0588  cls 0.5159  dfl 0.9446)  | Base 165.441 (box 1.0859  cls 0.5488  dfl 0.9503)  | KD 17.826 (box 0.26380  cls 0.01272  dfl 0.00055  feat 0.00146)
  Epoch 86/100  Batch 110/1094 (10.1%)  | Super 171.263 (box 1.1641  cls 0.5428  dfl 0.9691)  | Base 175.157 (box 1.1934  cls 0.5759  dfl 0.9676)  | KD 19.559 (box 0.27999  cls 0.02349  dfl 0.00056  feat 0.00157)
  Epoch 86/100  Batch 219/1094 (20.0%)  | Super 170.565 (box 1.1424  cls 0.5754  dfl 0.9473)  | Base 172.930 (box 1.1683  cls 0.5903  dfl 0.9435)  | KD 20.505 (box 0.30291  cls 0.01532  dfl 0.00068  feat 0.00148)
  Epoch 86/100  Batch 328/1094 (30.0%)  | Super 165.590 (box 1.0911  cls 0.5636  dfl 0.9327)  | Base 169.767 (box 1.1189  cls 0.5940  dfl 0.9397)  | KD 19.836 (box 0.27994  cls 0.02800  dfl 0.00055  feat 0.00144)
  Epoch 86/100  Batch 437/1094 (39.9%)  | Super 172.130 (box 1.1678  cls 0.5759  dfl 0.9458)  | Base 178.252 (box 1.2136  cls 0.6096  dfl 0.9620)  | KD 19.420 (box 0.28196  cls 0.01934  dfl 0.00058  feat 0.00157)
  Epoch 86/100  Batch 546/1094 (49.9%)  | Super 165.597 (box 1.1042  cls 0.5458  dfl 0.9375)  | Base 170.057 (box 1.1347  cls 0.5828  dfl 0.9397)  | KD 20.815 (box 0.28792  cls 0.03540  dfl 0.00056  feat 0.00135)
  Epoch 86/100  Batch 655/1094 (59.9%)  | Super 172.926 (box 1.1863  cls 0.5728  dfl 0.9429)  | Base 176.493 (box 1.2043  cls 0.6098  dfl 0.9437)  | KD 19.961 (box 0.29361  cls 0.01618  dfl 0.00057  feat 0.00153)
  Epoch 86/100  Batch 764/1094 (69.8%)  | Super 174.012 (box 1.1861  cls 0.5747  dfl 0.9582)  | Base 178.565 (box 1.2271  cls 0.5999  dfl 0.9631)  | KD 19.643 (box 0.29435  cls 0.01044  dfl 0.00066  feat 0.00146)
  Epoch 86/100  Batch 873/1094 (79.8%)  | Super 173.082 (box 1.1647  cls 0.5509  dfl 0.9889)  | Base 176.549 (box 1.1881  cls 0.5822  dfl 0.9883)  | KD 19.543 (box 0.29387  cls 0.00946  dfl 0.00055  feat 0.00147)
  Epoch 86/100  Batch 982/1094 (89.8%)  | Super 175.380 (box 1.1670  cls 0.5963  dfl 0.9771)  | Base 178.390 (box 1.1858  cls 0.6198  dfl 0.9818)  | KD 19.671 (box 0.29334  cls 0.01203  dfl 0.00058  feat 0.00142)
  Epoch 86/100  Batch 1091/1094 (99.7%)  | Super 159.321 (box 1.0455  cls 0.5130  dfl 0.9309)  | Base 163.456 (box 1.0728  cls 0.5438  dfl 0.9374)  | KD 15.901 (box 0.23570  cls 0.01082  dfl 0.00050  feat 0.00143)

================================================================================
  [Validation] Super model (skip=False)  |  Epoch 86/100
================================================================================
[*] Validation input tensor shape: torch.Size([64, 3, 384, 672])
                 Class     Images  Instances      Box(P          R      mAP50  mAP50-95)
                   all      10000     185578      0.641      0.506      0.558      0.325

================================================================================
  [Validation] Base model  (skip=True)   |  Epoch 86/100
================================================================================
[*] Validation input tensor shape: torch.Size([64, 3, 384, 672])
                 Class     Images  Instances      Box(P          R      mAP50  mAP50-95)
                   all      10000     185578      0.649      0.513       0.56      0.328

           Epoch         GPU_mem          box_om          cls_om          dfl_om          box_oo          cls_oo          dfl_oo       Instances            Size
  Epoch 87/100  Batch 1/1094 (0.1%)  | Super 157.391 (box 1.0320  cls 0.4920  dfl 0.9352)  | Base 161.126 (box 1.0566  cls 0.5227  dfl 0.9383)  | KD 16.717 (box 0.24915  cls 0.01007  dfl 0.00056  feat 0.00142)
  Epoch 87/100  Batch 110/1094 (10.1%)  | Super 174.232 (box 1.1834  cls 0.5417  dfl 0.9973)  | Base 176.353 (box 1.1956  cls 0.5655  dfl 0.9944)  | KD 18.841 (box 0.28010  cls 0.01227  dfl 0.00058  feat 0.00145)
  Epoch 87/100  Batch 219/1094 (20.0%)  | Super 166.648 (box 1.1459  cls 0.5291  dfl 0.9289)  | Base 170.311 (box 1.1677  cls 0.5616  dfl 0.9318)  | KD 20.728 (box 0.29752  cls 0.02431  dfl 0.00068  feat 0.00138)
  Epoch 87/100  Batch 328/1094 (30.0%)  | Super 160.903 (box 1.0469  cls 0.5234  dfl 0.9438)  | Base 167.711 (box 1.0893  cls 0.5800  dfl 0.9512)  | KD 20.488 (box 0.30265  cls 0.01528  dfl 0.00076  feat 0.00144)
  Epoch 87/100  Batch 437/1094 (39.9%)  | Super 162.958 (box 1.1055  cls 0.5320  dfl 0.9087)  | Base 167.780 (box 1.1340  cls 0.5737  dfl 0.9139)  | KD 18.989 (box 0.28366  cls 0.01104  dfl 0.00052  feat 0.00148)
  Epoch 87/100  Batch 546/1094 (49.9%)  | Super 168.531 (box 1.1085  cls 0.5671  dfl 0.9577)  | Base 172.325 (box 1.1240  cls 0.6097  dfl 0.9589)  | KD 21.212 (box 0.27852  cls 0.05093  dfl 0.00061  feat 0.00139)
  Epoch 87/100  Batch 655/1094 (59.9%)  | Super 169.828 (box 1.1574  cls 0.5729  dfl 0.9233)  | Base 172.151 (box 1.1742  cls 0.5943  dfl 0.9214)  | KD 19.676 (box 0.28571  cls 0.01989  dfl 0.00049  feat 0.00135)
  Epoch 87/100  Batch 764/1094 (69.8%)  | Super 172.915 (box 1.1836  cls 0.5800  dfl 0.9383)  | Base 177.955 (box 1.2238  cls 0.6077  dfl 0.9490)  | KD 20.411 (box 0.30705  cls 0.00992  dfl 0.00059  feat 0.00136)
  Epoch 87/100  Batch 873/1094 (79.8%)  | Super 170.129 (box 1.1357  cls 0.5771  dfl 0.9455)  | Base 173.558 (box 1.1566  cls 0.6058  dfl 0.9495)  | KD 19.598 (box 0.28899  cls 0.01516  dfl 0.00064  feat 0.00142)
  Epoch 87/100  Batch 982/1094 (89.8%)  | Super 177.638 (box 1.1860  cls 0.5857  dfl 1.0039)  | Base 182.379 (box 1.2232  cls 0.6117  dfl 1.0148)  | KD 20.038 (box 0.30167  cls 0.00952  dfl 0.00059  feat 0.00131)
  Epoch 87/100  Batch 1091/1094 (99.7%)  | Super 164.354 (box 1.0804  cls 0.5344  dfl 0.9532)  | Base 167.790 (box 1.0973  cls 0.5693  dfl 0.9551)  | KD 17.893 (box 0.26175  cls 0.01574  dfl 0.00056  feat 0.00153)

================================================================================
  [Validation] Super model (skip=False)  |  Epoch 87/100
================================================================================
[*] Validation input tensor shape: torch.Size([64, 3, 384, 672])
                 Class     Images  Instances      Box(P          R      mAP50  mAP50-95)
                   all      10000     185578       0.64      0.506      0.557      0.325

================================================================================
  [Validation] Base model  (skip=True)   |  Epoch 87/100
================================================================================
[*] Validation input tensor shape: torch.Size([64, 3, 384, 672])
                 Class     Images  Instances      Box(P          R      mAP50  mAP50-95)
                   all      10000     185578      0.648      0.513       0.56      0.328

           Epoch         GPU_mem          box_om          cls_om          dfl_om          box_oo          cls_oo          dfl_oo       Instances            Size
  Epoch 88/100  Batch 1/1094 (0.1%)  | Super 155.023 (box 1.0121  cls 0.4971  dfl 0.9130)  | Base 157.199 (box 1.0240  cls 0.5184  dfl 0.9138)  | KD 18.141 (box 0.26704  cls 0.01440  dfl 0.00061  feat 0.00141)
  Epoch 88/100  Batch 110/1094 (10.1%)  | Super 168.798 (box 1.1476  cls 0.5390  dfl 0.9508)  | Base 172.186 (box 1.1689  cls 0.5645  dfl 0.9571)  | KD 19.279 (box 0.28557  cls 0.01374  dfl 0.00054  feat 0.00139)
  Epoch 88/100  Batch 219/1094 (20.0%)  | Super 169.951 (box 1.1380  cls 0.5439  dfl 0.9736)  | Base 172.875 (box 1.1512  cls 0.5785  dfl 0.9715)  | KD 18.992 (box 0.28254  cls 0.01217  dfl 0.00065  feat 0.00138)
  Epoch 88/100  Batch 328/1094 (30.0%)  | Super 163.852 (box 1.0887  cls 0.5324  dfl 0.9390)  | Base 166.647 (box 1.1069  cls 0.5551  dfl 0.9419)  | KD 19.141 (box 0.28285  cls 0.01417  dfl 0.00058  feat 0.00147)
  Epoch 88/100  Batch 437/1094 (39.9%)  | Super 169.257 (box 1.1446  cls 0.5659  dfl 0.9342)  | Base 172.199 (box 1.1675  cls 0.5869  dfl 0.9362)  | KD 19.226 (box 0.27094  cls 0.02750  dfl 0.00052  feat 0.00143)
  Epoch 88/100  Batch 546/1094 (49.9%)  | Super 166.090 (box 1.1228  cls 0.5332  dfl 0.9392)  | Base 167.729 (box 1.1250  cls 0.5615  dfl 0.9343)  | KD 17.929 (box 0.26839  cls 0.00986  dfl 0.00055  feat 0.00134)
  Epoch 88/100  Batch 655/1094 (59.9%)  | Super 172.851 (box 1.1853  cls 0.5749  dfl 0.9406)  | Base 175.711 (box 1.2065  cls 0.5937  dfl 0.9453)  | KD 21.304 (box 0.31594  cls 0.01487  dfl 0.00064  feat 0.00142)
  Epoch 88/100  Batch 764/1094 (69.8%)  | Super 173.166 (box 1.1877  cls 0.5610  dfl 0.9570)  | Base 177.432 (box 1.2133  cls 0.5978  dfl 0.9612)  | KD 21.323 (box 0.31352  cls 0.01771  dfl 0.00059  feat 0.00134)
  Epoch 88/100  Batch 873/1094 (79.8%)  | Super 171.617 (box 1.1434  cls 0.5669  dfl 0.9713)  | Base 175.698 (box 1.1705  cls 0.6091  dfl 0.9657)  | KD 19.963 (box 0.29715  cls 0.01281  dfl 0.00056  feat 0.00139)
  Epoch 88/100  Batch 982/1094 (89.8%)  | Super 172.818 (box 1.1486  cls 0.5685  dfl 0.9832)  | Base 176.922 (box 1.1732  cls 0.6036  dfl 0.9875)  | KD 21.059 (box 0.31807  cls 0.00905  dfl 0.00061  feat 0.00132)
  Epoch 88/100  Batch 1091/1094 (99.7%)  | Super 162.492 (box 1.0797  cls 0.5119  dfl 0.9473)  | Base 164.524 (box 1.0913  cls 0.5359  dfl 0.9435)  | KD 17.548 (box 0.25099  cls 0.02122  dfl 0.00053  feat 0.00145)

================================================================================
  [Validation] Super model (skip=False)  |  Epoch 88/100
================================================================================
[*] Validation input tensor shape: torch.Size([64, 3, 384, 672])
                 Class     Images  Instances      Box(P          R      mAP50  mAP50-95)
                   all      10000     185578       0.64      0.507      0.557      0.325

================================================================================
  [Validation] Base model  (skip=True)   |  Epoch 88/100
================================================================================
[*] Validation input tensor shape: torch.Size([64, 3, 384, 672])
                 Class     Images  Instances      Box(P          R      mAP50  mAP50-95)
                   all      10000     185578      0.648      0.513      0.559      0.327

           Epoch         GPU_mem          box_om          cls_om          dfl_om          box_oo          cls_oo          dfl_oo       Instances            Size
  Epoch 89/100  Batch 1/1094 (0.1%)  | Super 160.089 (box 1.0286  cls 0.5320  dfl 0.9408)  | Base 162.894 (box 1.0453  cls 0.5620  dfl 0.9379)  | KD 17.509 (box 0.26392  cls 0.00767  dfl 0.00059  feat 0.00140)
  Epoch 89/100  Batch 110/1094 (10.1%)  | Super 169.478 (box 1.1607  cls 0.5476  dfl 0.9397)  | Base 173.178 (box 1.1769  cls 0.5801  dfl 0.9489)  | KD 21.838 (box 0.31938  cls 0.01980  dfl 0.00066  feat 0.00138)
  Epoch 89/100  Batch 219/1094 (20.0%)  | Super 166.721 (box 1.1298  cls 0.5260  dfl 0.9492)  | Base 171.450 (box 1.1675  cls 0.5583  dfl 0.9531)  | KD 18.941 (box 0.28169  cls 0.01216  dfl 0.00060  feat 0.00149)
  Epoch 89/100  Batch 328/1094 (30.0%)  | Super 170.784 (box 1.1348  cls 0.5562  dfl 0.9775)  | Base 173.690 (box 1.1581  cls 0.5800  dfl 0.9758)  | KD 19.369 (box 0.29013  cls 0.01055  dfl 0.00055  feat 0.00141)
  Epoch 89/100  Batch 437/1094 (39.9%)  | Super 170.565 (box 1.1667  cls 0.5632  dfl 0.9351)  | Base 174.345 (box 1.1949  cls 0.5864  dfl 0.9428)  | KD 17.698 (box 0.26559  cls 0.00885  dfl 0.00047  feat 0.00162)
  Epoch 89/100  Batch 546/1094 (49.9%)  | Super 165.429 (box 1.0952  cls 0.5562  dfl 0.9334)  | Base 169.733 (box 1.1162  cls 0.5945  dfl 0.9414)  | KD 19.471 (box 0.28129  cls 0.02099  dfl 0.00053  feat 0.00142)
  Epoch 89/100  Batch 655/1094 (59.9%)  | Super 175.812 (box 1.2057  cls 0.5888  dfl 0.9526)  | Base 179.698 (box 1.2355  cls 0.6181  dfl 0.9541)  | KD 20.487 (box 0.30183  cls 0.01627  dfl 0.00055  feat 0.00146)
  Epoch 89/100  Batch 764/1094 (69.8%)  | Super 178.429 (box 1.2177  cls 0.5856  dfl 0.9847)  | Base 183.754 (box 1.2549  cls 0.6249  dfl 0.9913)  | KD 22.612 (box 0.32842  cls 0.02282  dfl 0.00066  feat 0.00143)
  Epoch 89/100  Batch 873/1094 (79.8%)  | Super 172.116 (box 1.1589  cls 0.5730  dfl 0.9574)  | Base 176.877 (box 1.1919  cls 0.6038  dfl 0.9680)  | KD 21.290 (box 0.31968  cls 0.01089  dfl 0.00067  feat 0.00141)
  Epoch 89/100  Batch 982/1094 (89.8%)  | Super 174.903 (box 1.1637  cls 0.5838  dfl 0.9854)  | Base 181.860 (box 1.2151  cls 0.6221  dfl 1.0044)  | KD 22.057 (box 0.33076  cls 0.01178  dfl 0.00069  feat 0.00140)
  Epoch 89/100  Batch 1091/1094 (99.7%)  | Super 161.618 (box 1.0518  cls 0.5229  dfl 0.9506)  | Base 165.325 (box 1.0747  cls 0.5555  dfl 0.9530)  | KD 15.900 (box 0.22958  cls 0.01706  dfl 0.00048  feat 0.00132)

================================================================================
  [Validation] Super model (skip=False)  |  Epoch 89/100
================================================================================
[*] Validation input tensor shape: torch.Size([64, 3, 384, 672])
                 Class     Images  Instances      Box(P          R      mAP50  mAP50-95)
                   all      10000     185578       0.64      0.507      0.557      0.324

================================================================================
  [Validation] Base model  (skip=True)   |  Epoch 89/100
================================================================================
[*] Validation input tensor shape: torch.Size([64, 3, 384, 672])
                 Class     Images  Instances      Box(P          R      mAP50  mAP50-95)
                   all      10000     185578      0.648      0.513      0.559      0.327

           Epoch         GPU_mem          box_om          cls_om          dfl_om          box_oo          cls_oo          dfl_oo       Instances            Size
  Epoch 90/100  Batch 1/1094 (0.1%)  | Super 161.273 (box 1.0505  cls 0.5270  dfl 0.9424)  | Base 162.308 (box 1.0626  cls 0.5391  dfl 0.9344)  | KD 17.164 (box 0.25792  cls 0.00840  dfl 0.00047  feat 0.00139)
  Epoch 90/100  Batch 110/1094 (10.1%)  | Super 168.156 (box 1.1353  cls 0.5345  dfl 0.9576)  | Base 172.033 (box 1.1579  cls 0.5704  dfl 0.9597)  | KD 19.958 (box 0.28011  cls 0.02972  dfl 0.00058  feat 0.00144)
  Epoch 90/100  Batch 219/1094 (20.0%)  | Super 165.565 (box 1.1375  cls 0.5294  dfl 0.9200)  | Base 170.616 (box 1.1732  cls 0.5619  dfl 0.9308)  | KD 20.217 (box 0.29645  cls 0.01742  dfl 0.00062  feat 0.00141)
  Epoch 90/100  Batch 328/1094 (30.0%)  | Super 161.404 (box 1.0575  cls 0.5201  dfl 0.9443)  | Base 166.808 (box 1.0984  cls 0.5503  dfl 0.9577)  | KD 19.143 (box 0.28735  cls 0.00972  dfl 0.00064  feat 0.00140)
  Epoch 90/100  Batch 437/1094 (39.9%)  | Super 165.724 (box 1.1252  cls 0.5352  dfl 0.9291)  | Base 170.937 (box 1.1582  cls 0.5785  dfl 0.9342)  | KD 18.515 (box 0.27231  cls 0.01504  dfl 0.00052  feat 0.00142)
  Epoch 90/100  Batch 546/1094 (49.9%)  | Super 163.378 (box 1.0829  cls 0.5287  dfl 0.9413)  | Base 166.803 (box 1.1016  cls 0.5642  dfl 0.9405)  | KD 19.297 (box 0.27185  cls 0.02765  dfl 0.00052  feat 0.00151)
  Epoch 90/100  Batch 655/1094 (59.9%)  | Super 167.075 (box 1.1375  cls 0.5617  dfl 0.9113)  | Base 170.936 (box 1.1656  cls 0.5901  dfl 0.9151)  | KD 21.693 (box 0.32484  cls 0.01206  dfl 0.00064  feat 0.00141)
  Epoch 90/100  Batch 764/1094 (69.8%)  | Super 174.969 (box 1.1924  cls 0.5691  dfl 0.9723)  | Base 177.330 (box 1.2184  cls 0.5886  dfl 0.9638)  | KD 21.169 (box 0.32137  cls 0.00738  dfl 0.00060  feat 0.00142)
  Epoch 90/100  Batch 873/1094 (79.8%)  | Super 171.300 (box 1.1435  cls 0.5615  dfl 0.9715)  | Base 174.507 (box 1.1698  cls 0.5890  dfl 0.9679)  | KD 20.775 (box 0.30964  cls 0.01285  dfl 0.00062  feat 0.00149)
  Epoch 90/100  Batch 982/1094 (89.8%)  | Super 180.811 (box 1.2120  cls 0.5945  dfl 1.0187)  | Base 185.903 (box 1.2472  cls 0.6299  dfl 1.0276)  | KD 22.148 (box 0.33147  cls 0.01240  dfl 0.00069  feat 0.00150)
  Epoch 90/100  Batch 1091/1094 (99.7%)  | Super 159.415 (box 1.0607  cls 0.5089  dfl 0.9212)  | Base 161.780 (box 1.0745  cls 0.5315  dfl 0.9218)  | KD 16.050 (box 0.23793  cls 0.01103  dfl 0.00049  feat 0.00133)

================================================================================
  [Validation] Super model (skip=False)  |  Epoch 90/100
================================================================================
[*] Validation input tensor shape: torch.Size([64, 3, 384, 672])
                 Class     Images  Instances      Box(P          R      mAP50  mAP50-95)
                   all      10000     185578      0.641      0.507      0.557      0.324

================================================================================
  [Validation] Base model  (skip=True)   |  Epoch 90/100
================================================================================
[*] Validation input tensor shape: torch.Size([64, 3, 384, 672])
                 Class     Images  Instances      Box(P          R      mAP50  mAP50-95)
                   all      10000     185578      0.649      0.513      0.559      0.327

           Epoch         GPU_mem          box_om          cls_om          dfl_om          box_oo          cls_oo          dfl_oo       Instances            Size
  Epoch 91/100  Batch 1/1094 (0.1%)  | Super 159.431 (box 1.0462  cls 0.5181  dfl 0.9268)  | Base 163.802 (box 1.0742  cls 0.5517  dfl 0.9335)  | KD 18.276 (box 0.27259  cls 0.01099  dfl 0.00059  feat 0.00140)
  Epoch 91/100  Batch 110/1094 (10.1%)  | Super 175.174 (box 1.1921  cls 0.5614  dfl 0.9836)  | Base 178.088 (box 1.2085  cls 0.5923  dfl 0.9819)  | KD 19.729 (box 0.29239  cls 0.01381  dfl 0.00062  feat 0.00145)
  Epoch 91/100  Batch 219/1094 (20.0%)  | Super 162.377 (box 1.1191  cls 0.4911  dfl 0.9270)  | Base 166.731 (box 1.1350  cls 0.5370  dfl 0.9331)  | KD 18.238 (box 0.26512  cls 0.01788  dfl 0.00058  feat 0.00139)
  Epoch 91/100  Batch 328/1094 (30.0%)  | Super 167.271 (box 1.0982  cls 0.5609  dfl 0.9545)  | Base 169.468 (box 1.1155  cls 0.5867  dfl 0.9458)  | KD 19.722 (box 0.29065  cls 0.01547  dfl 0.00063  feat 0.00140)
  Epoch 91/100  Batch 437/1094 (39.9%)  | Super 166.833 (box 1.1267  cls 0.5380  dfl 0.9420)  | Base 170.197 (box 1.1548  cls 0.5637  dfl 0.9408)  | KD 18.018 (box 0.26695  cls 0.01265  dfl 0.00054  feat 0.00139)
  Epoch 91/100  Batch 546/1094 (49.9%)  | Super 160.575 (box 1.0528  cls 0.5295  dfl 0.9266)  | Base 163.896 (box 1.0695  cls 0.5603  dfl 0.9311)  | KD 18.431 (box 0.27019  cls 0.01580  dfl 0.00052  feat 0.00147)
  Epoch 91/100  Batch 655/1094 (59.9%)  | Super 177.660 (box 1.2307  cls 0.5920  dfl 0.9532)  | Base 181.153 (box 1.2432  cls 0.6310  dfl 0.9563)  | KD 21.723 (box 0.31860  cls 0.01876  dfl 0.00062  feat 0.00145)
  Epoch 91/100  Batch 764/1094 (69.8%)  | Super 173.625 (box 1.1777  cls 0.5763  dfl 0.9588)  | Base 178.357 (box 1.2170  cls 0.6020  dfl 0.9678)  | KD 20.774 (box 0.31209  cls 0.01046  dfl 0.00068  feat 0.00136)
  Epoch 91/100  Batch 873/1094 (79.8%)  | Super 171.510 (box 1.1557  cls 0.5826  dfl 0.9416)  | Base 176.319 (box 1.1859  cls 0.6216  dfl 0.9475)  | KD 20.377 (box 0.30409  cls 0.01227  dfl 0.00061  feat 0.00142)
  Epoch 91/100  Batch 982/1094 (89.8%)  | Super 177.330 (box 1.1708  cls 0.5990  dfl 1.0010)  | Base 181.869 (box 1.2051  cls 0.6263  dfl 1.0103)  | KD 20.543 (box 0.30470  cls 0.01431  dfl 0.00060  feat 0.00138)
  Epoch 91/100  Batch 1091/1094 (99.7%)  | Super 163.194 (box 1.0678  cls 0.5193  dfl 0.9628)  | Base 166.821 (box 1.0879  cls 0.5552  dfl 0.9635)  | KD 16.543 (box 0.24670  cls 0.00975  dfl 0.00052  feat 0.00152)

================================================================================
  [Validation] Super model (skip=False)  |  Epoch 91/100
================================================================================
[*] Validation input tensor shape: torch.Size([64, 3, 384, 672])
                 Class     Images  Instances      Box(P          R      mAP50  mAP50-95)
                   all      10000     185578      0.638      0.508      0.557      0.324

================================================================================
  [Validation] Base model  (skip=True)   |  Epoch 91/100
================================================================================
[*] Validation input tensor shape: torch.Size([64, 3, 384, 672])
                 Class     Images  Instances      Box(P          R      mAP50  mAP50-95)
                   all      10000     185578      0.652      0.511      0.559      0.327

           Epoch         GPU_mem          box_om          cls_om          dfl_om          box_oo          cls_oo          dfl_oo       Instances            Size
  Epoch 92/100  Batch 1/1094 (0.1%)  | Super 160.599 (box 1.0510  cls 0.5186  dfl 0.9398)  | Base 163.824 (box 1.0726  cls 0.5390  dfl 0.9481)  | KD 17.800 (box 0.25799  cls 0.01816  dfl 0.00051  feat 0.00145)
  Epoch 92/100  Batch 110/1094 (10.1%)  | Super 172.281 (box 1.1750  cls 0.5301  dfl 0.9868)  | Base 176.792 (box 1.1958  cls 0.5728  dfl 0.9937)  | KD 19.045 (box 0.27822  cls 0.01736  dfl 0.00055  feat 0.00145)
  Epoch 92/100  Batch 219/1094 (20.0%)  | Super 167.243 (box 1.1379  cls 0.5347  dfl 0.9406)  | Base 173.448 (box 1.1809  cls 0.5805  dfl 0.9488)  | KD 18.625 (box 0.27211  cls 0.01688  dfl 0.00056  feat 0.00147)
  Epoch 92/100  Batch 328/1094 (30.0%)  | Super 164.670 (box 1.1064  cls 0.5223  dfl 0.9443)  | Base 167.497 (box 1.1248  cls 0.5457  dfl 0.9466)  | KD 19.138 (box 0.28763  cls 0.00935  dfl 0.00063  feat 0.00142)
  Epoch 92/100  Batch 437/1094 (39.9%)  | Super 166.225 (box 1.1205  cls 0.5488  dfl 0.9280)  | Base 170.309 (box 1.1559  cls 0.5800  dfl 0.9252)  | KD 20.459 (box 0.30249  cls 0.01507  dfl 0.00054  feat 0.00157)
  Epoch 92/100  Batch 546/1094 (49.9%)  | Super 166.039 (box 1.1117  cls 0.5339  dfl 0.9487)  | Base 169.231 (box 1.1246  cls 0.5715  dfl 0.9481)  | KD 19.136 (box 0.28043  cls 0.01651  dfl 0.00060  feat 0.00146)
  Epoch 92/100  Batch 655/1094 (59.9%)  | Super 176.360 (box 1.2021  cls 0.6022  dfl 0.9514)  | Base 181.274 (box 1.2464  cls 0.6251  dfl 0.9610)  | KD 22.329 (box 0.33630  cls 0.01029  dfl 0.00073  feat 0.00158)
  Epoch 92/100  Batch 764/1094 (69.8%)  | Super 171.916 (box 1.1809  cls 0.5584  dfl 0.9469)  | Base 177.261 (box 1.2130  cls 0.5978  dfl 0.9589)  | KD 23.661 (box 0.35774  cls 0.00953  dfl 0.00100  feat 0.00143)
  Epoch 92/100  Batch 873/1094 (79.8%)  | Super 170.975 (box 1.1509  cls 0.5414  dfl 0.9792)  | Base 176.610 (box 1.1868  cls 0.5910  dfl 0.9817)  | KD 20.869 (box 0.31446  cls 0.00952  dfl 0.00068  feat 0.00142)
  Epoch 92/100  Batch 982/1094 (89.8%)  | Super 175.650 (box 1.1846  cls 0.5794  dfl 0.9805)  | Base 179.857 (box 1.2122  cls 0.6128  dfl 0.9853)  | KD 21.148 (box 0.31664  cls 0.01184  dfl 0.00058  feat 0.00137)
  Epoch 92/100  Batch 1091/1094 (99.7%)  | Super 157.740 (box 1.0435  cls 0.4936  dfl 0.9276)  | Base 160.386 (box 1.0630  cls 0.5154  dfl 0.9277)  | KD 18.887 (box 0.28184  cls 0.01135  dfl 0.00062  feat 0.00129)

================================================================================
  [Validation] Super model (skip=False)  |  Epoch 92/100
================================================================================
[*] Validation input tensor shape: torch.Size([64, 3, 384, 672])
                 Class     Images  Instances      Box(P          R      mAP50  mAP50-95)
                   all      10000     185578      0.637      0.508      0.557      0.324

================================================================================
  [Validation] Base model  (skip=True)   |  Epoch 92/100
================================================================================
[*] Validation input tensor shape: torch.Size([64, 3, 384, 672])
                 Class     Images  Instances      Box(P          R      mAP50  mAP50-95)
                   all      10000     185578      0.652      0.511      0.559      0.327

           Epoch         GPU_mem          box_om          cls_om          dfl_om          box_oo          cls_oo          dfl_oo       Instances            Size
  Epoch 93/100  Batch 1/1094 (0.1%)  | Super 162.070 (box 1.0695  cls 0.5260  dfl 0.9369)  | Base 165.691 (box 1.0929  cls 0.5520  dfl 0.9440)  | KD 17.484 (box 0.25636  cls 0.01480  dfl 0.00062  feat 0.00139)
  Epoch 93/100  Batch 110/1094 (10.1%)  | Super 165.752 (box 1.1249  cls 0.5327  dfl 0.9323)  | Base 168.137 (box 1.1360  cls 0.5561  dfl 0.9351)  | KD 19.712 (box 0.28857  cls 0.01738  dfl 0.00057  feat 0.00149)
  Epoch 93/100  Batch 219/1094 (20.0%)  | Super 162.486 (box 1.0946  cls 0.4947  dfl 0.9495)  | Base 165.192 (box 1.1025  cls 0.5291  dfl 0.9495)  | KD 19.106 (box 0.28117  cls 0.01515  dfl 0.00070  feat 0.00152)
  Epoch 93/100  Batch 328/1094 (30.0%)  | Super 164.057 (box 1.0941  cls 0.5262  dfl 0.9431)  | Base 168.877 (box 1.1205  cls 0.5648  dfl 0.9534)  | KD 20.597 (box 0.29329  cls 0.02660  dfl 0.00060  feat 0.00134)
  Epoch 93/100  Batch 437/1094 (39.9%)  | Super 172.175 (box 1.1846  cls 0.5603  dfl 0.9454)  | Base 177.296 (box 1.2194  cls 0.5978  dfl 0.9530)  | KD 18.710 (box 0.27773  cls 0.01260  dfl 0.00053  feat 0.00149)
  Epoch 93/100  Batch 546/1094 (49.9%)  | Super 164.806 (box 1.0987  cls 0.5415  dfl 0.9349)  | Base 168.389 (box 1.1200  cls 0.5759  dfl 0.9352)  | KD 19.673 (box 0.28040  cls 0.02506  dfl 0.00056  feat 0.00137)
  Epoch 93/100  Batch 655/1094 (59.9%)  | Super 173.309 (box 1.1875  cls 0.5843  dfl 0.9362)  | Base 176.047 (box 1.2146  cls 0.5959  dfl 0.9403)  | KD 21.485 (box 0.32256  cls 0.01109  dfl 0.00063  feat 0.00142)
  Epoch 93/100  Batch 764/1094 (69.8%)  | Super 167.712 (box 1.1486  cls 0.5591  dfl 0.9127)  | Base 171.360 (box 1.1731  cls 0.5833  dfl 0.9212)  | KD 20.028 (box 0.30254  cls 0.00838  dfl 0.00056  feat 0.00145)
  Epoch 93/100  Batch 873/1094 (79.8%)  | Super 179.111 (box 1.2012  cls 0.6024  dfl 0.9951)  | Base 180.380 (box 1.2171  cls 0.6212  dfl 0.9801)  | KD 21.623 (box 0.30838  cls 0.02736  dfl 0.00068  feat 0.00143)
  Epoch 93/100  Batch 982/1094 (89.8%)  | Super 171.822 (box 1.1406  cls 0.5671  dfl 0.9771)  | Base 175.269 (box 1.1667  cls 0.5900  dfl 0.9818)  | KD 21.131 (box 0.31837  cls 0.00977  dfl 0.00066  feat 0.00138)
  Epoch 93/100  Batch 1091/1094 (99.7%)  | Super 163.785 (box 1.0790  cls 0.5219  dfl 0.9582)  | Base 166.494 (box 1.0942  cls 0.5453  dfl 0.9620)  | KD 18.934 (box 0.27727  cls 0.01659  dfl 0.00062  feat 0.00135)

================================================================================
  [Validation] Super model (skip=False)  |  Epoch 93/100
================================================================================
[*] Validation input tensor shape: torch.Size([64, 3, 384, 672])
                 Class     Images  Instances      Box(P          R      mAP50  mAP50-95)
                   all      10000     185578      0.639      0.507      0.557      0.324

================================================================================
  [Validation] Base model  (skip=True)   |  Epoch 93/100
================================================================================
[*] Validation input tensor shape: torch.Size([64, 3, 384, 672])
                 Class     Images  Instances      Box(P          R      mAP50  mAP50-95)
                   all      10000     185578      0.654       0.51      0.559      0.327

           Epoch         GPU_mem          box_om          cls_om          dfl_om          box_oo          cls_oo          dfl_oo       Instances            Size
  Epoch 94/100  Batch 1/1094 (0.1%)  | Super 155.374 (box 1.0340  cls 0.4736  dfl 0.9201)  | Base 159.194 (box 1.0576  cls 0.5071  dfl 0.9227)  | KD 18.926 (box 0.28184  cls 0.01187  dfl 0.00064  feat 0.00137)
  Epoch 94/100  Batch 110/1094 (10.1%)  | Super 171.527 (box 1.1769  cls 0.5332  dfl 0.9700)  | Base 174.076 (box 1.1911  cls 0.5555  dfl 0.9733)  | KD 18.891 (box 0.28094  cls 0.01207  dfl 0.00061  feat 0.00155)
  Epoch 94/100  Batch 219/1094 (20.0%)  | Super 167.988 (box 1.1465  cls 0.5269  dfl 0.9514)  | Base 173.885 (box 1.1795  cls 0.5764  dfl 0.9611)  | KD 19.676 (box 0.28636  cls 0.01888  dfl 0.00065  feat 0.00155)
  Epoch 94/100  Batch 328/1094 (30.0%)  | Super 173.336 (box 1.1470  cls 0.5717  dfl 0.9897)  | Base 174.612 (box 1.1453  cls 0.5957  dfl 0.9873)  | KD 19.449 (box 0.29176  cls 0.01002  dfl 0.00064  feat 0.00147)
  Epoch 94/100  Batch 437/1094 (39.9%)  | Super 166.751 (box 1.1273  cls 0.5483  dfl 0.9298)  | Base 171.253 (box 1.1505  cls 0.5880  dfl 0.9374)  | KD 19.886 (box 0.28144  cls 0.02732  dfl 0.00058  feat 0.00139)
  Epoch 94/100  Batch 546/1094 (49.9%)  | Super 166.739 (box 1.1129  cls 0.5556  dfl 0.9368)  | Base 171.360 (box 1.1438  cls 0.5962  dfl 0.9374)  | KD 19.893 (box 0.28985  cls 0.01884  dfl 0.00062  feat 0.00151)
  Epoch 94/100  Batch 655/1094 (59.9%)  | Super 169.152 (box 1.1490  cls 0.5658  dfl 0.9283)  | Base 174.983 (box 1.1909  cls 0.6044  dfl 0.9387)  | KD 20.237 (box 0.29919  cls 0.01487  dfl 0.00062  feat 0.00153)
  Epoch 94/100  Batch 764/1094 (69.8%)  | Super 173.223 (box 1.1763  cls 0.5755  dfl 0.9547)  | Base 177.185 (box 1.2062  cls 0.6082  dfl 0.9540)  | KD 21.936 (box 0.33130  cls 0.00933  dfl 0.00064  feat 0.00148)
  Epoch 94/100  Batch 873/1094 (79.8%)  | Super 172.416 (box 1.1595  cls 0.5655  dfl 0.9690)  | Base 177.662 (box 1.2020  cls 0.5955  dfl 0.9785)  | KD 19.687 (box 0.29640  cls 0.00920  dfl 0.00060  feat 0.00141)
  Epoch 94/100  Batch 982/1094 (89.8%)  | Super 178.161 (box 1.1779  cls 0.5822  dfl 1.0236)  | Base 182.392 (box 1.2054  cls 0.6193  dfl 1.0252)  | KD 21.912 (box 0.33091  cls 0.00934  dfl 0.00065  feat 0.00147)
  Epoch 94/100  Batch 1091/1094 (99.7%)  | Super 160.182 (box 1.0585  cls 0.5135  dfl 0.9308)  | Base 163.912 (box 1.0716  cls 0.5556  dfl 0.9339)  | KD 16.759 (box 0.24676  cls 0.01321  dfl 0.00053  feat 0.00136)

================================================================================
  [Validation] Super model (skip=False)  |  Epoch 94/100
================================================================================
[*] Validation input tensor shape: torch.Size([64, 3, 384, 672])
                 Class     Images  Instances      Box(P          R      mAP50  mAP50-95)
                   all      10000     185578      0.642      0.505      0.556      0.324

================================================================================
  [Validation] Base model  (skip=True)   |  Epoch 94/100
================================================================================
[*] Validation input tensor shape: torch.Size([64, 3, 384, 672])
                 Class     Images  Instances      Box(P          R      mAP50  mAP50-95)
                   all      10000     185578      0.654       0.51      0.559      0.327

           Epoch         GPU_mem          box_om          cls_om          dfl_om          box_oo          cls_oo          dfl_oo       Instances            Size
  Epoch 95/100  Batch 1/1094 (0.1%)  | Super 160.669 (box 1.0616  cls 0.4948  dfl 0.9540)  | Base 164.099 (box 1.0819  cls 0.5305  dfl 0.9517)  | KD 17.435 (box 0.26203  cls 0.00836  dfl 0.00058  feat 0.00145)
  Epoch 95/100  Batch 110/1094 (10.1%)  | Super 167.576 (box 1.1416  cls 0.5340  dfl 0.9427)  | Base 170.508 (box 1.1592  cls 0.5588  dfl 0.9462)  | KD 19.122 (box 0.27361  cls 0.02329  dfl 0.00055  feat 0.00132)
  Epoch 95/100  Batch 219/1094 (20.0%)  | Super 162.889 (box 1.1033  cls 0.5093  dfl 0.9326)  | Base 167.861 (box 1.1401  cls 0.5461  dfl 0.9366)  | KD 20.187 (box 0.29866  cls 0.01471  dfl 0.00060  feat 0.00145)
  Epoch 95/100  Batch 328/1094 (30.0%)  | Super 163.533 (box 1.0653  cls 0.5535  dfl 0.9363)  | Base 166.852 (box 1.0912  cls 0.5795  dfl 0.9364)  | KD 20.647 (box 0.30040  cls 0.02015  dfl 0.00064  feat 0.00142)
  Epoch 95/100  Batch 437/1094 (39.9%)  | Super 167.055 (box 1.1301  cls 0.5469  dfl 0.9332)  | Base 171.860 (box 1.1553  cls 0.5958  dfl 0.9342)  | KD 19.252 (box 0.27448  cls 0.02433  dfl 0.00053  feat 0.00147)
  Epoch 95/100  Batch 546/1094 (49.9%)  | Super 163.998 (box 1.0956  cls 0.5391  dfl 0.9278)  | Base 167.591 (box 1.1118  cls 0.5692  dfl 0.9376)  | KD 21.319 (box 0.30348  cls 0.02777  dfl 0.00060  feat 0.00126)
  Epoch 95/100  Batch 655/1094 (59.9%)  | Super 168.521 (box 1.1611  cls 0.5590  dfl 0.9131)  | Base 171.622 (box 1.1810  cls 0.5835  dfl 0.9171)  | KD 21.359 (box 0.30732  cls 0.02425  dfl 0.00070  feat 0.00146)
  Epoch 95/100  Batch 764/1094 (69.8%)  | Super 176.745 (box 1.2164  cls 0.5745  dfl 0.9707)  | Base 182.887 (box 1.2562  cls 0.6186  dfl 0.9827)  | KD 21.487 (box 0.31976  cls 0.01389  dfl 0.00070  feat 0.00139)
  Epoch 95/100  Batch 873/1094 (79.8%)  | Super 177.050 (box 1.1833  cls 0.5890  dfl 0.9941)  | Base 182.116 (box 1.2168  cls 0.6266  dfl 1.0021)  | KD 20.028 (box 0.29819  cls 0.01277  dfl 0.00058  feat 0.00140)
  Epoch 95/100  Batch 982/1094 (89.8%)  | Super 172.395 (box 1.1463  cls 0.5726  dfl 0.9748)  | Base 177.174 (box 1.1793  cls 0.6011  dfl 0.9879)  | KD 21.256 (box 0.30507  cls 0.02514  dfl 0.00061  feat 0.00131)
  Epoch 95/100  Batch 1091/1094 (99.7%)  | Super 161.063 (box 1.0566  cls 0.5223  dfl 0.9377)  | Base 164.975 (box 1.0830  cls 0.5562  dfl 0.9385)  | KD 17.115 (box 0.24704  cls 0.01840  dfl 0.00056  feat 0.00142)

================================================================================
  [Validation] Super model (skip=False)  |  Epoch 95/100
================================================================================
[*] Validation input tensor shape: torch.Size([64, 3, 384, 672])
                 Class     Images  Instances      Box(P          R      mAP50  mAP50-95)
                   all      10000     185578      0.637      0.508      0.556      0.324

================================================================================
  [Validation] Base model  (skip=True)   |  Epoch 95/100
================================================================================
[*] Validation input tensor shape: torch.Size([64, 3, 384, 672])
                 Class     Images  Instances      Box(P          R      mAP50  mAP50-95)
                   all      10000     185578      0.655      0.509      0.559      0.326

           Epoch         GPU_mem          box_om          cls_om          dfl_om          box_oo          cls_oo          dfl_oo       Instances            Size
  Epoch 96/100  Batch 1/1094 (0.1%)  | Super 162.372 (box 1.0649  cls 0.5084  dfl 0.9638)  | Base 165.927 (box 1.0923  cls 0.5428  dfl 0.9575)  | KD 18.116 (box 0.27269  cls 0.00839  dfl 0.00059  feat 0.00139)
  Epoch 96/100  Batch 110/1094 (10.1%)  | Super 173.032 (box 1.1862  cls 0.5538  dfl 0.9636)  | Base 177.062 (box 1.2090  cls 0.5879  dfl 0.9697)  | KD 20.919 (box 0.31319  cls 0.01171  dfl 0.00063  feat 0.00134)
  Epoch 96/100  Batch 219/1094 (20.0%)  | Super 162.453 (box 1.0913  cls 0.5114  dfl 0.9356)  | Base 166.652 (box 1.1156  cls 0.5499  dfl 0.9385)  | KD 18.844 (box 0.26770  cls 0.02468  dfl 0.00057  feat 0.00148)
  Epoch 96/100  Batch 328/1094 (30.0%)  | Super 162.710 (box 1.0906  cls 0.5188  dfl 0.9329)  | Base 166.920 (box 1.1168  cls 0.5547  dfl 0.9367)  | KD 20.776 (box 0.30358  cls 0.01896  dfl 0.00063  feat 0.00145)
  Epoch 96/100  Batch 437/1094 (39.9%)  | Super 160.310 (box 1.0928  cls 0.5160  dfl 0.8960)  | Base 163.877 (box 1.1137  cls 0.5521  dfl 0.8948)  | KD 19.464 (box 0.29107  cls 0.01101  dfl 0.00057  feat 0.00148)
  Epoch 96/100  Batch 546/1094 (49.9%)  | Super 163.880 (box 1.0832  cls 0.5505  dfl 0.9269)  | Base 167.442 (box 1.1073  cls 0.5782  dfl 0.9307)  | KD 20.207 (box 0.30176  cls 0.01189  dfl 0.00065  feat 0.00143)
  Epoch 96/100  Batch 655/1094 (59.9%)  | Super 167.175 (box 1.1338  cls 0.5664  dfl 0.9120)  | Base 172.088 (box 1.1668  cls 0.6011  dfl 0.9209)  | KD 20.741 (box 0.31021  cls 0.01186  dfl 0.00059  feat 0.00142)
  Epoch 96/100  Batch 764/1094 (69.8%)  | Super 166.106 (box 1.1212  cls 0.5545  dfl 0.9197)  | Base 170.006 (box 1.1482  cls 0.5776  dfl 0.9305)  | KD 20.265 (box 0.30598  cls 0.00867  dfl 0.00064  feat 0.00135)
  Epoch 96/100  Batch 873/1094 (79.8%)  | Super 169.649 (box 1.1332  cls 0.5581  dfl 0.9594)  | Base 173.162 (box 1.1563  cls 0.5918  dfl 0.9575)  | KD 20.116 (box 0.30157  cls 0.01066  dfl 0.00058  feat 0.00150)
  Epoch 96/100  Batch 982/1094 (89.8%)  | Super 178.578 (box 1.1931  cls 0.5930  dfl 1.0042)  | Base 180.943 (box 1.2014  cls 0.6221  dfl 1.0038)  | KD 21.361 (box 0.31941  cls 0.01225  dfl 0.00068  feat 0.00142)
  Epoch 96/100  Batch 1091/1094 (99.7%)  | Super 158.211 (box 1.0326  cls 0.5012  dfl 0.9382)  | Base 161.356 (box 1.0504  cls 0.5393  dfl 0.9315)  | KD 17.520 (box 0.24884  cls 0.02300  dfl 0.00050  feat 0.00140)

================================================================================
  [Validation] Super model (skip=False)  |  Epoch 96/100
================================================================================
[*] Validation input tensor shape: torch.Size([64, 3, 384, 672])
                 Class     Images  Instances      Box(P          R      mAP50  mAP50-95)
                   all      10000     185578      0.639      0.505      0.556      0.324

================================================================================
  [Validation] Base model  (skip=True)   |  Epoch 96/100
================================================================================
[*] Validation input tensor shape: torch.Size([64, 3, 384, 672])
                 Class     Images  Instances      Box(P          R      mAP50  mAP50-95)
                   all      10000     185578      0.655      0.509      0.559      0.326

           Epoch         GPU_mem          box_om          cls_om          dfl_om          box_oo          cls_oo          dfl_oo       Instances            Size
  Epoch 97/100  Batch 1/1094 (0.1%)  | Super 161.226 (box 1.0812  cls 0.4864  dfl 0.9516)  | Base 162.714 (box 1.0807  cls 0.5203  dfl 0.9414)  | KD 16.548 (box 0.24619  cls 0.01040  dfl 0.00057  feat 0.00140)
  Epoch 97/100  Batch 110/1094 (10.1%)  | Super 169.885 (box 1.1567  cls 0.5447  dfl 0.9531)  | Base 173.701 (box 1.1785  cls 0.5763  dfl 0.9592)  | KD 19.041 (box 0.28207  cls 0.01327  dfl 0.00059  feat 0.00159)
  Epoch 97/100  Batch 219/1094 (20.0%)  | Super 166.680 (box 1.1296  cls 0.5234  dfl 0.9514)  | Base 169.717 (box 1.1470  cls 0.5548  dfl 0.9500)  | KD 18.783 (box 0.28111  cls 0.01037  dfl 0.00061  feat 0.00139)
  Epoch 97/100  Batch 328/1094 (30.0%)  | Super 166.285 (box 1.0974  cls 0.5401  dfl 0.9607)  | Base 170.465 (box 1.1187  cls 0.5795  dfl 0.9653)  | KD 18.938 (box 0.27648  cls 0.01749  dfl 0.00055  feat 0.00138)
  Epoch 97/100  Batch 437/1094 (39.9%)  | Super 167.793 (box 1.1332  cls 0.5567  dfl 0.9319)  | Base 172.646 (box 1.1733  cls 0.5838  dfl 0.9405)  | KD 19.231 (box 0.28940  cls 0.00893  dfl 0.00063  feat 0.00153)
  Epoch 97/100  Batch 546/1094 (49.9%)  | Super 164.550 (box 1.0976  cls 0.5329  dfl 0.9405)  | Base 168.107 (box 1.1247  cls 0.5655  dfl 0.9366)  | KD 19.145 (box 0.26670  cls 0.03061  dfl 0.00050  feat 0.00134)
  Epoch 97/100  Batch 655/1094 (59.9%)  | Super 172.355 (box 1.1769  cls 0.5961  dfl 0.9201)  | Base 175.350 (box 1.2034  cls 0.6115  dfl 0.9249)  | KD 22.967 (box 0.34440  cls 0.01244  dfl 0.00064  feat 0.00139)
  Epoch 97/100  Batch 764/1094 (69.8%)  | Super 178.866 (box 1.2111  cls 0.6144  dfl 0.9692)  | Base 184.544 (box 1.2614  cls 0.6427  dfl 0.9793)  | KD 22.248 (box 0.33471  cls 0.01074  dfl 0.00065  feat 0.00154)
  Epoch 97/100  Batch 873/1094 (79.8%)  | Super 173.714 (box 1.1627  cls 0.5672  dfl 0.9844)  | Base 178.805 (box 1.1957  cls 0.6101  dfl 0.9880)  | KD 22.112 (box 0.32737  cls 0.01598  dfl 0.00077  feat 0.00138)
  Epoch 97/100  Batch 982/1094 (89.8%)  | Super 173.561 (box 1.1546  cls 0.5777  dfl 0.9796)  | Base 175.559 (box 1.1649  cls 0.6023  dfl 0.9759)  | KD 20.544 (box 0.31050  cls 0.00854  dfl 0.00055  feat 0.00141)
  Epoch 97/100  Batch 1091/1094 (99.7%)  | Super 159.905 (box 1.0577  cls 0.4990  dfl 0.9419)  | Base 163.587 (box 1.0879  cls 0.5213  dfl 0.9468)  | KD 16.245 (box 0.23147  cls 0.02044  dfl 0.00047  feat 0.00144)

================================================================================
  [Validation] Super model (skip=False)  |  Epoch 97/100
================================================================================
[*] Validation input tensor shape: torch.Size([64, 3, 384, 672])
                 Class     Images  Instances      Box(P          R      mAP50  mAP50-95)
                   all      10000     185578      0.639      0.506      0.556      0.323

================================================================================
  [Validation] Base model  (skip=True)   |  Epoch 97/100
================================================================================
[*] Validation input tensor shape: torch.Size([64, 3, 384, 672])
                 Class     Images  Instances      Box(P          R      mAP50  mAP50-95)
                   all      10000     185578      0.655      0.509      0.559      0.326

           Epoch         GPU_mem          box_om          cls_om          dfl_om          box_oo          cls_oo          dfl_oo       Instances            Size
  Epoch 98/100  Batch 1/1094 (0.1%)  | Super 160.322 (box 1.0582  cls 0.4953  dfl 0.9515)  | Base 163.705 (box 1.0778  cls 0.5294  dfl 0.9506)  | KD 18.306 (box 0.26902  cls 0.01496  dfl 0.00057  feat 0.00148)
  Epoch 98/100  Batch 110/1094 (10.1%)  | Super 173.733 (box 1.1813  cls 0.5394  dfl 0.9939)  | Base 176.535 (box 1.1986  cls 0.5718  dfl 0.9880)  | KD 20.463 (box 0.29380  cls 0.02372  dfl 0.00061  feat 0.00160)
  Epoch 98/100  Batch 219/1094 (20.0%)  | Super 165.775 (box 1.1092  cls 0.5199  dfl 0.9612)  | Base 170.818 (box 1.1466  cls 0.5609  dfl 0.9616)  | KD 20.606 (box 0.30438  cls 0.01550  dfl 0.00066  feat 0.00144)
  Epoch 98/100  Batch 328/1094 (30.0%)  | Super 164.397 (box 1.0870  cls 0.5177  dfl 0.9639)  | Base 167.808 (box 1.1169  cls 0.5423  dfl 0.9628)  | KD 19.610 (box 0.29174  cls 0.01258  dfl 0.00055  feat 0.00153)
  Epoch 98/100  Batch 437/1094 (39.9%)  | Super 166.607 (box 1.1367  cls 0.5496  dfl 0.9170)  | Base 170.764 (box 1.1626  cls 0.5875  dfl 0.9180)  | KD 19.088 (box 0.28614  cls 0.01019  dfl 0.00057  feat 0.00136)
  Epoch 98/100  Batch 546/1094 (49.9%)  | Super 169.244 (box 1.1258  cls 0.5602  dfl 0.9585)  | Base 172.240 (box 1.1470  cls 0.5819  dfl 0.9623)  | KD 19.332 (box 0.27322  cls 0.02695  dfl 0.00051  feat 0.00139)
  Epoch 98/100  Batch 655/1094 (59.9%)  | Super 173.411 (box 1.2118  cls 0.5650  dfl 0.9327)  | Base 177.619 (box 1.2376  cls 0.6053  dfl 0.9324)  | KD 19.315 (box 0.28699  cls 0.01285  dfl 0.00053  feat 0.00143)
  Epoch 98/100  Batch 764/1094 (69.8%)  | Super 172.771 (box 1.1702  cls 0.5927  dfl 0.9366)  | Base 177.755 (box 1.1984  cls 0.6377  dfl 0.9414)  | KD 23.533 (box 0.34908  cls 0.01657  dfl 0.00074  feat 0.00132)
  Epoch 98/100  Batch 873/1094 (79.8%)  | Super 175.460 (box 1.1828  cls 0.5813  dfl 0.9775)  | Base 178.438 (box 1.2095  cls 0.5986  dfl 0.9800)  | KD 20.455 (box 0.30239  cls 0.01519  dfl 0.00067  feat 0.00136)
  Epoch 98/100  Batch 982/1094 (89.8%)  | Super 174.357 (box 1.1787  cls 0.5742  dfl 0.9714)  | Base 176.717 (box 1.1956  cls 0.5955  dfl 0.9701)  | KD 21.096 (box 0.31608  cls 0.01167  dfl 0.00060  feat 0.00127)
  Epoch 98/100  Batch 1091/1094 (99.7%)  | Super 159.022 (box 1.0509  cls 0.5161  dfl 0.9177)  | Base 161.060 (box 1.0603  cls 0.5430  dfl 0.9133)  | KD 17.793 (box 0.26109  cls 0.01494  dfl 0.00056  feat 0.00142)

================================================================================
  [Validation] Super model (skip=False)  |  Epoch 98/100
================================================================================
[*] Validation input tensor shape: torch.Size([64, 3, 384, 672])
                 Class     Images  Instances      Box(P          R      mAP50  mAP50-95)
                   all      10000     185578      0.637      0.508      0.556      0.323

================================================================================
  [Validation] Base model  (skip=True)   |  Epoch 98/100
================================================================================
[*] Validation input tensor shape: torch.Size([64, 3, 384, 672])
                 Class     Images  Instances      Box(P          R      mAP50  mAP50-95)
                   all      10000     185578      0.654       0.51      0.559      0.327

           Epoch         GPU_mem          box_om          cls_om          dfl_om          box_oo          cls_oo          dfl_oo       Instances            Size
  Epoch 99/100  Batch 1/1094 (0.1%)  | Super 158.956 (box 1.0448  cls 0.5021  dfl 0.9368)  | Base 162.280 (box 1.0667  cls 0.5295  dfl 0.9395)  | KD 16.782 (box 0.24906  cls 0.01131  dfl 0.00050  feat 0.00136)
  Epoch 99/100  Batch 110/1094 (10.1%)  | Super 168.001 (box 1.1339  cls 0.5262  dfl 0.9649)  | Base 172.646 (box 1.1679  cls 0.5546  dfl 0.9751)  | KD 20.441 (box 0.29892  cls 0.01846  dfl 0.00062  feat 0.00138)
  Epoch 99/100  Batch 219/1094 (20.0%)  | Super 167.653 (box 1.1384  cls 0.5269  dfl 0.9543)  | Base 172.887 (box 1.1707  cls 0.5744  dfl 0.9563)  | KD 20.730 (box 0.29695  cls 0.02483  dfl 0.00064  feat 0.00147)
  Epoch 99/100  Batch 328/1094 (30.0%)  | Super 164.782 (box 1.1002  cls 0.5284  dfl 0.9461)  | Base 170.293 (box 1.1451  cls 0.5557  dfl 0.9600)  | KD 19.009 (box 0.28660  cls 0.00828  dfl 0.00062  feat 0.00151)
  Epoch 99/100  Batch 437/1094 (39.9%)  | Super 169.644 (box 1.1475  cls 0.5626  dfl 0.9406)  | Base 175.451 (box 1.1880  cls 0.6037  dfl 0.9497)  | KD 21.280 (box 0.31055  cls 0.01984  dfl 0.00061  feat 0.00150)
  Epoch 99/100  Batch 546/1094 (49.9%)  | Super 165.535 (box 1.0999  cls 0.5358  dfl 0.9508)  | Base 170.095 (box 1.1336  cls 0.5689  dfl 0.9552)  | KD 20.317 (box 0.28915  cls 0.02629  dfl 0.00057  feat 0.00144)
  Epoch 99/100  Batch 655/1094 (59.9%)  | Super 168.344 (box 1.1526  cls 0.5778  dfl 0.9000)  | Base 170.652 (box 1.1702  cls 0.5941  dfl 0.9021)  | KD 23.057 (box 0.33664  cls 0.02158  dfl 0.00070  feat 0.00135)
  Epoch 99/100  Batch 764/1094 (69.8%)  | Super 177.364 (box 1.2141  cls 0.5845  dfl 0.9727)  | Base 181.412 (box 1.2413  cls 0.6155  dfl 0.9778)  | KD 21.783 (box 0.32644  cls 0.01186  dfl 0.00065  feat 0.00141)
  Epoch 99/100  Batch 873/1094 (79.8%)  | Super 172.330 (box 1.1553  cls 0.5536  dfl 0.9838)  | Base 176.885 (box 1.1862  cls 0.5925  dfl 0.9851)  | KD 21.425 (box 0.31996  cls 0.01258  dfl 0.00063  feat 0.00160)
  Epoch 99/100  Batch 982/1094 (89.8%)  | Super 171.314 (box 1.1578  cls 0.5562  dfl 0.9628)  | Base 175.687 (box 1.1915  cls 0.5884  dfl 0.9652)  | KD 21.311 (box 0.31498  cls 0.01602  dfl 0.00064  feat 0.00134)
  Epoch 99/100  Batch 1091/1094 (99.7%)  | Super 160.890 (box 1.0607  cls 0.5119  dfl 0.9414)  | Base 164.635 (box 1.0804  cls 0.5470  dfl 0.9451)  | KD 17.983 (box 0.26861  cls 0.01020  dfl 0.00066  feat 0.00153)

================================================================================
  [Validation] Super model (skip=False)  |  Epoch 99/100
================================================================================
[*] Validation input tensor shape: torch.Size([64, 3, 384, 672])
                 Class     Images  Instances      Box(P          R      mAP50  mAP50-95)
                   all      10000     185578      0.637      0.507      0.556      0.323

================================================================================
  [Validation] Base model  (skip=True)   |  Epoch 99/100
================================================================================
[*] Validation input tensor shape: torch.Size([64, 3, 384, 672])
                 Class     Images  Instances      Box(P          R      mAP50  mAP50-95)
                   all      10000     185578      0.653       0.51      0.558      0.327

           Epoch         GPU_mem          box_om          cls_om          dfl_om          box_oo          cls_oo          dfl_oo       Instances            Size
  Epoch 100/100  Batch 1/1094 (0.1%)  | Super 160.729 (box 1.0413  cls 0.5111  dfl 0.9590)  | Base 163.142 (box 1.0569  cls 0.5346  dfl 0.9576)  | KD 18.463 (box 0.27651  cls 0.00993  dfl 0.00060  feat 0.00145)
  Epoch 100/100  Batch 110/1094 (10.1%)  | Super 168.754 (box 1.1463  cls 0.5265  dfl 0.9640)  | Base 172.533 (box 1.1549  cls 0.5737  dfl 0.9673)  | KD 20.691 (box 0.30804  cls 0.01312  dfl 0.00069  feat 0.00144)
  Epoch 100/100  Batch 219/1094 (20.0%)  | Super 169.225 (box 1.1454  cls 0.5544  dfl 0.9443)  | Base 173.038 (box 1.1718  cls 0.5835  dfl 0.9484)  | KD 21.056 (box 0.31135  cls 0.01560  dfl 0.00067  feat 0.00138)
  Epoch 100/100  Batch 328/1094 (30.0%)  | Super 163.565 (box 1.0848  cls 0.5191  dfl 0.9518)  | Base 168.257 (box 1.1162  cls 0.5527  dfl 0.9602)  | KD 21.134 (box 0.31043  cls 0.01772  dfl 0.00070  feat 0.00138)
  Epoch 100/100  Batch 437/1094 (39.9%)  | Super 163.152 (box 1.0969  cls 0.5496  dfl 0.9028)  | Base 166.627 (box 1.1244  cls 0.5714  dfl 0.9077)  | KD 18.862 (box 0.27901  cls 0.01362  dfl 0.00061  feat 0.00149)
  Epoch 100/100  Batch 546/1094 (49.9%)  | Super 164.095 (box 1.1002  cls 0.5281  dfl 0.9356)  | Base 167.478 (box 1.1266  cls 0.5568  dfl 0.9335)  | KD 19.771 (box 0.28424  cls 0.02272  dfl 0.00058  feat 0.00139)
  Epoch 100/100  Batch 655/1094 (59.9%)  | Super 172.327 (box 1.1801  cls 0.5750  dfl 0.9375)  | Base 175.943 (box 1.1969  cls 0.6073  dfl 0.9449)  | KD 18.962 (box 0.27718  cls 0.01705  dfl 0.00053  feat 0.00152)
  Epoch 100/100  Batch 764/1094 (69.8%)  | Super 172.257 (box 1.1858  cls 0.5587  dfl 0.9470)  | Base 176.439 (box 1.2183  cls 0.5870  dfl 0.9516)  | KD 20.992 (box 0.31362  cls 0.01237  dfl 0.00063  feat 0.00139)
  Epoch 100/100  Batch 873/1094 (79.8%)  | Super 171.007 (box 1.1331  cls 0.5593  dfl 0.9796)  | Base 174.559 (box 1.1529  cls 0.5981  dfl 0.9764)  | KD 21.356 (box 0.31659  cls 0.01499  dfl 0.00065  feat 0.00146)
  Epoch 100/100  Batch 982/1094 (89.8%)  | Super 176.977 (box 1.1868  cls 0.5738  dfl 1.0046)  | Base 183.437 (box 1.2298  cls 0.6164  dfl 1.0200)  | KD 22.450 (box 0.33525  cls 0.01341  dfl 0.00069  feat 0.00143)
  Epoch 100/100  Batch 1091/1094 (99.7%)  | Super 164.149 (box 1.0830  cls 0.5270  dfl 0.9548)  | Base 167.918 (box 1.1029  cls 0.5603  dfl 0.9605)  | KD 17.020 (box 0.24800  cls 0.01607  dfl 0.00052  feat 0.00134)

================================================================================
  [Validation] Super model (skip=False)  |  Epoch 100/100
================================================================================
[*] Validation input tensor shape: torch.Size([64, 3, 384, 672])
                 Class     Images  Instances      Box(P          R      mAP50  mAP50-95)
                   all      10000     185578      0.637      0.507      0.556      0.323

================================================================================
  [Validation] Base model  (skip=True)   |  Epoch 100/100
================================================================================
[*] Validation input tensor shape: torch.Size([64, 3, 384, 672])
                 Class     Images  Instances      Box(P          R      mAP50  mAP50-95)
                   all      10000     185578      0.653       0.51      0.558      0.326

100 epochs completed in 13.970 hours.
Optimizer stripped from runs/bdd100k/detect/anydepth-yolov12l/train/weights/last.pt, 55.7MB
Optimizer stripped from runs/bdd100k/detect/anydepth-yolov12l/train/weights/best.pt, 55.7MB

Validating runs/bdd100k/detect/anydepth-yolov12l/train/weights/best.pt...
Ultralytics 8.3.63 🚀 Python-3.11.13 torch-2.2.2+cu121 CUDA:0 (NVIDIA RTX 6000 Ada Generation, 48509MiB)
                                                       CUDA:1 (NVIDIA RTX 6000 Ada Generation, 48509MiB)
YOLO-ad-v12l summary: 917 layers, 27,272,558 parameters, 0 gradients, 82.6 GFLOPs

[*] FLOPs calculated at resolution: 384x672
| module                 | #parameters or shape   | #flops   |
|:-----------------------|:-----------------------|:---------|
| base_model.model.model | 27.273M                | 25.94G   |
| 0.conv                 | 1.792K                 | 0.111G   |
| 0.conv.weight          | (64, 3, 3, 3)          |          |
| 0.conv.bias            | (64,)                  |          |
| 1.conv                 | 36.992K                | 0.595G   |
| 1.conv.weight          | (128, 32, 3, 3)        |          |
| 1.conv.bias            | (128,)                 |          |
| 2                      | 0.175M                 | 2.799G   |
| 2.cv1                  | 16.896K                | 0.268G   |
| 2.cv1.conv             | 16.384K                | 0.264G   |
| 2.cv1.bn               | 0.256K                 | 4.129M   |
| 2.cv1.bn_skip          | 0.256K                 |          |
| 2.cv2                  | 66.56K                 | 1.065G   |
| 2.cv2.conv             | 65.536K                | 1.057G   |
| 2.cv2.bn               | 0.512K                 | 8.258M   |
| 2.cv2.bn_skip          | 0.512K                 |          |
| 2.m                    | 91.776K                | 1.466G   |
| 2.m.0                  | 45.888K                | 0.733G   |
| 2.m.1                  | 45.888K                | 0.733G   |
| 3                      | 0.148M                 | 0.597G   |
| 3.conv                 | 0.147M                 | 0.595G   |
| 3.conv.weight          | (256, 64, 3, 3)        |          |
| 3.bn                   | 0.512K                 | 2.064M   |
| 3.bn.weight            | (256,)                 |          |
| 3.bn.bias              | (256,)                 |          |
| 3.bn_skip              | 0.512K                 |          |
| 3.bn_skip.weight       | (256,)                 |          |
| 3.bn_skip.bias         | (256,)                 |          |
| 4                      | 0.695M                 | 2.787G   |
| 4.cv1                  | 66.56K                 | 0.266G   |
| 4.cv1.conv             | 65.536K                | 0.264G   |
| 4.cv1.bn               | 0.512K                 | 2.064M   |
| 4.cv1.bn_skip          | 0.512K                 |          |
| 4.cv2                  | 0.264M                 | 1.061G   |
| 4.cv2.conv             | 0.262M                 | 1.057G   |
| 4.cv2.bn               | 1.024K                 | 4.129M   |
| 4.cv2.bn_skip          | 1.024K                 |          |
| 4.m                    | 0.364M                 | 1.46G    |
| 4.m.0                  | 0.182M                 | 0.73G    |
| 4.m.1                  | 0.182M                 | 0.73G    |
| 5                      | 2.361M                 | 2.379G   |
| 5.conv                 | 2.359M                 | 2.378G   |
| 5.conv.weight          | (512, 512, 3, 3)       |          |
| 5.bn                   | 1.024K                 | 1.032M   |
| 5.bn.weight            | (512,)                 |          |
| 5.bn.bias              | (512,)                 |          |
| 5.bn_skip              | 1.024K                 |          |
| 5.bn_skip.weight       | (512,)                 |          |
| 5.bn_skip.bias         | (512,)                 |          |
| 6                      | 4.943M                 | 4.561G   |
| 6.gamma                | (512,)                 |          |
| 6.cv1                  | 0.132M                 | 0.133G   |
| 6.cv1.conv             | 0.131M                 | 0.132G   |
| 6.cv1.bn               | 0.512K                 | 0.516M   |
| 6.cv1.bn_skip          | 0.512K                 |          |
| 6.cv2                  | 1.051M                 | 0.662G   |
| 6.cv2.conv             | 0.655M                 | 0.661G   |
| 6.cv2.bn               | 1.024K                 | 1.032M   |
| 6.cv2.bn_skip          | 1.024K                 |          |
| 6.cv2.conv_skip        | 0.393M                 |          |
| 6.m                    | 3.76M                  | 3.766G   |
| 6.m.0                  | 0.946M                 | 0.945G   |
| 6.m.1                  | 0.946M                 | 0.945G   |
| 6.m.2                  | 0.934M                 | 0.938G   |
| 6.m.3                  | 0.934M                 | 0.938G   |
| 7                      | 2.361M                 | 0.595G   |
| 7.conv                 | 2.359M                 | 0.595G   |
| 7.conv.weight          | (512, 512, 3, 3)       |          |
| 7.bn                   | 1.024K                 | 0.258M   |
| 7.bn.weight            | (512,)                 |          |
| 7.bn.bias              | (512,)                 |          |
| 7.bn_skip              | 1.024K                 |          |
| 7.bn_skip.weight       | (512,)                 |          |
| 7.bn_skip.bias         | (512,)                 |          |
| 8                      | 4.943M                 | 1.14G    |
| 8.gamma                | (512,)                 |          |
| 8.cv1                  | 0.132M                 | 33.159M  |
| 8.cv1.conv             | 0.131M                 | 33.03M   |
| 8.cv1.bn               | 0.512K                 | 0.129M   |
| 8.cv1.bn_skip          | 0.512K                 |          |
| 8.cv2                  | 1.051M                 | 0.165G   |
| 8.cv2.conv             | 0.655M                 | 0.165G   |
| 8.cv2.bn               | 1.024K                 | 0.258M   |
| 8.cv2.bn_skip          | 1.024K                 |          |
| 8.cv2.conv_skip        | 0.393M                 |          |
| 8.m                    | 3.76M                  | 0.942G   |
| 8.m.0                  | 0.946M                 | 0.236G   |
| 8.m.1                  | 0.946M                 | 0.236G   |
| 8.m.2                  | 0.934M                 | 0.234G   |
| 8.m.3                  | 0.934M                 | 0.234G   |
| 11                     | 2.105M                 | 2.118G   |
| 11.cv1                 | 0.263M                 | 0.265G   |
| 11.cv1.conv            | 0.262M                 | 0.264G   |
| 11.cv1.bn              | 0.512K                 | 0.516M   |
| 11.cv1.bn_skip         | 0.512K                 |          |
| 11.cv2                 | 0.395M                 | 0.397G   |
| 11.cv2.conv            | 0.393M                 | 0.396G   |
| 11.cv2.bn              | 1.024K                 | 1.032M   |
| 11.cv2.bn_skip         | 1.024K                 |          |
| 11.m                   | 1.447M                 | 1.455G   |
| 11.m.0                 | 0.725M                 | 0.729G   |
| 11.m.1                 | 0.722M                 | 0.727G   |
| 14                     | 0.594M                 | 2.385G   |
| 14.cv1                 | 0.132M                 | 0.53G    |
| 14.cv1.conv            | 0.131M                 | 0.528G   |
| 14.cv1.bn              | 0.256K                 | 1.032M   |
| 14.cv1.bn_skip         | 0.256K                 |          |
| 14.cv2                 | 99.328K                | 0.398G   |
| 14.cv2.conv            | 98.304K                | 0.396G   |
| 14.cv2.bn              | 0.512K                 | 2.064M   |
| 14.cv2.bn_skip         | 0.512K                 |          |
| 14.m                   | 0.363M                 | 1.457G   |
| 14.m.0                 | 0.182M                 | 0.731G   |
| 14.m.1                 | 0.181M                 | 0.727G   |
| 15                     | 0.591M                 | 0.595G   |
| 15.conv                | 0.59M                  | 0.595G   |
| 15.conv.weight         | (256, 256, 3, 3)       |          |
| 15.bn                  | 0.512K                 | 0.516M   |
| 15.bn.weight           | (256,)                 |          |
| 15.bn.bias             | (256,)                 |          |
| 15.bn_skip             | 0.512K                 |          |
| 15.bn_skip.weight      | (256,)                 |          |
| 15.bn_skip.bias        | (256,)                 |          |
| 17                     | 2.04M                  | 2.051G   |
| 17.cv1                 | 0.198M                 | 0.199G   |
| 17.cv1.conv            | 0.197M                 | 0.198G   |
| 17.cv1.bn              | 0.512K                 | 0.516M   |
| 17.cv1.bn_skip         | 0.512K                 |          |
| 17.cv2                 | 0.395M                 | 0.397G   |
| 17.cv2.conv            | 0.393M                 | 0.396G   |
| 17.cv2.bn              | 1.024K                 | 1.032M   |
| 17.cv2.bn_skip         | 1.024K                 |          |
| 17.m                   | 1.447M                 | 1.455G   |
| 17.m.0                 | 0.725M                 | 0.729G   |
| 17.m.1                 | 0.722M                 | 0.727G   |
| 18                     | 2.361M                 | 0.595G   |
| 18.conv                | 2.359M                 | 0.595G   |
| 18.conv.weight         | (512, 512, 3, 3)       |          |
| 18.bn                  | 1.024K                 | 0.258M   |
| 18.bn.weight           | (512,)                 |          |
| 18.bn.bias             | (512,)                 |          |
| 18.bn_skip             | 1.024K                 |          |
| 18.bn_skip.weight      | (512,)                 |          |
| 18.bn_skip.bias        | (512,)                 |          |
| 20                     | 2.501M                 | 0.629G   |
| 20.cv1                 | 0.526M                 | 0.132G   |
| 20.cv1.conv            | 0.524M                 | 0.132G   |
| 20.cv1.bn              | 1.024K                 | 0.258M   |
| 20.cv1.bn_skip         | 1.024K                 |          |
| 20.cv2                 | 0.526M                 | 0.132G   |
| 20.cv2.conv            | 0.524M                 | 0.132G   |
| 20.cv2.bn              | 1.024K                 | 0.258M   |
| 20.cv2.bn_skip         | 1.024K                 |          |
| 20.m                   | 1.448M                 | 0.364G   |
| 20.m.0                 | 0.724M                 | 0.182G   |
| 20.m.1                 | 0.724M                 | 0.182G   |
| 21                     | 1.415M                 | 2G       |
| 21.cv2                 | 0.861M                 | 1.183G   |
| 21.cv2.0               | 0.189M                 | 0.76G    |
| 21.cv2.1               | 0.336M                 | 0.339G   |
| 21.cv2.2               | 0.336M                 | 84.64M   |
| 21.cv3                 | 0.554M                 | 0.817G   |
| 21.cv3.0               | 0.139M                 | 0.557G   |
| 21.cv3.1               | 0.207M                 | 0.208G   |
| 21.cv3.2               | 0.207M                 | 51.932M  |
| 21.dfl.conv            | 16                     | 0.339M   |
| 21.dfl.conv.weight     | (1, 16, 1, 1)          |          |
| 9                      |                        | 0.516M   |
| 12                     |                        | 2.064M   |
  MACs  : 25.94 GMACs
  FLOPs : 51.88 GFLOPs
[*] Validation input tensor shape: torch.Size([64, 3, 384, 672])
                 Class     Images  Instances      Box(P          R      mAP50  mAP50-95)
                   all      10000     185578      0.649      0.524      0.561      0.328
                person       3220      13265      0.714      0.609      0.666      0.349
                 rider        515        649      0.709      0.445      0.497      0.265
                   car       9879     102540      0.777      0.736      0.792        0.5
                   bus       1242       1597      0.649      0.584      0.651      0.507
                 truck       2689       4247      0.616      0.637      0.653      0.485
                  bike        578       1007      0.578      0.524      0.516       0.27
                 motor        334        452      0.676      0.473      0.497       0.26
         traffic light       5653      26891      0.706       0.54      0.598      0.233
          traffic sign       8221      34915      0.706       0.62      0.669       0.36
                 train         14         15      0.357      0.076     0.0764     0.0496
Speed: 0.0ms preprocess, 1.5ms inference, 0.0ms loss, 0.3ms postprocess per image
Results saved to [1mruns/bdd100k/detect/anydepth-yolov12l/train[0m
WARNING: Plotting error for runs/bdd100k/detect/anydepth-yolov12l/train/results.csv: could not convert string to float: 'super'
/home/hslee/context-anydepth-det/anydepth-yolov12/ultralytics/utils/plotting.py:1231: UserWarning: No artists with labels found to put in legend.  Note that artists whose label start with an underscore are ignored when legend() is called with no argument.
  ax[1].legend()
