WARNING:__main__:
*****************************************
Setting OMP_NUM_THREADS environment variable for each process to be 1 in default, to avoid your system being overloaded, please further tune the variable for optimal performance in your application as needed. 
*****************************************
[*] Image size: 640
[*] Starting new training using weight: ./pretrained/yolo-ad-exp8_105_epoch539_0.539_0.520.pt
task: detectLoading YOLOv12 Any-Depth model from
 ultralytics/cfg/models/v12/yolo-ad-v12l.yaml
Loading YOLOv12 Any-Depth model from ultralytics/cfg/models/v12/yolo-ad-v12l.yaml
Found YOLOv12 Any-Depth model scale: l
Found YOLOv12 Any-Depth model scale: l
Transferred 1943/1943 items from pretrained weights
Ultralytics 8.3.63 🚀 Python-3.11.13 torch-2.2.2+cu121 CUDA:0 (NVIDIA RTX 6000 Ada Generation, 48509MiB)
                                                       CUDA:1 (NVIDIA RTX 6000 Ada Generation, 48509MiB)
Overriding model.yaml nc=80 with nc=10
Transferred 1937/1943 items from pretrained weights
Not transferred items (6):
  - [Shape Mismatch] model.21.cv3.0.2.bias: model [10] != pretrained [80]
  - [Shape Mismatch] model.21.cv3.0.2.weight: model [10, 256, 1, 1] != pretrained [80, 256, 1, 1]
  - [Shape Mismatch] model.21.cv3.1.2.bias: model [10] != pretrained [80]
  - [Shape Mismatch] model.21.cv3.1.2.weight: model [10, 256, 1, 1] != pretrained [80, 256, 1, 1]
  - [Shape Mismatch] model.21.cv3.2.2.bias: model [10] != pretrained [80]
  - [Shape Mismatch] model.21.cv3.2.2.weight: model [10, 256, 1, 1] != pretrained [80, 256, 1, 1]
Freezing layer 'model.21.dfl.conv.weight'
[34m[1mAMP: [0mrunning Automatic Mixed Precision (AMP) checks...
task: None
[34m[1mAMP: [0mchecks passed ✅
[34m[1mtrain: [0mScanning /media/data/bdd100k_yolo/train/labels.cache... 70000 images, 0 backgrounds, 0 corrupt: 100%|██████████| 70000/70000 [00:00<?, ?it/s][34m[1mtrain: [0mScanning /media/data/bdd100k_yolo/train/labels.cache... 70000 images, 0 backgrounds, 0 corrupt: 100%|██████████| 70000/70000 [00:00<?, ?it/s]
[34m[1mtrain: [0mWARNING ⚠️ /media/data/bdd100k_yolo/train/images/75055858-7d04a650.jpg: 1 duplicate labels removed
/home/hslee/anaconda3/envs/yolov12/lib/python3.11/site-packages/albumentations/__init__.py:28: UserWarning: A new version of Albumentations is available: '2.0.8' (you have '2.0.4'). Upgrade using: pip install -U albumentations. To disable automatic update checks, set the environment variable NO_ALBUMENTATIONS_UPDATE to 1.
  check_for_updates()
[34m[1malbumentations: [0mBlur(p=0.01, blur_limit=(3, 7)), MedianBlur(p=0.01, blur_limit=(3, 7)), ToGray(p=0.01, num_output_channels=3, method='weighted_average'), CLAHE(p=0.01, clip_limit=(1.0, 4.0), tile_grid_size=(8, 8))
WARNING ⚠️ 'rect=True' is incompatible with DataLoader shuffle, setting shuffle=False
[34m[1mval: [0mScanning /media/data/bdd100k_yolo/val/labels.cache... 10000 images, 0 backgrounds, 0 corrupt: 100%|██████████| 10000/10000 [00:00<?, ?it/s][34m[1mval: [0mScanning /media/data/bdd100k_yolo/val/labels.cache... 10000 images, 0 backgrounds, 0 corrupt: 100%|██████████| 10000/10000 [00:00<?, ?it/s]
/home/hslee/anaconda3/envs/yolov12/lib/python3.11/site-packages/albumentations/__init__.py:28: UserWarning: A new version of Albumentations is available: '2.0.8' (you have '2.0.4'). Upgrade using: pip install -U albumentations. To disable automatic update checks, set the environment variable NO_ALBUMENTATIONS_UPDATE to 1.
  check_for_updates()
Plotting labels to runs/bdd100k/detect/anydepth-yolov12l/train/labels.jpg... 
[34m[1moptimizer:[0m SGD(lr=0.001, momentum=0.9) with parameter groups 341 weight(decay=0.0), 232 weight(decay=0.0005), 347 bias(decay=0.0)
DistributedDataParallel(
  (module): DetectionModelAnyDepth(
    (model): Sequential(
      (0): Conv(
        (conv): Conv2d(3, 64, kernel_size=(3, 3), stride=(2, 2), padding=(1, 1), bias=False)
        (bn): BatchNorm2d(64, eps=0.001, momentum=0.03, affine=True, track_running_stats=True)
        (act): SiLU(inplace=True)
      )
      (1): Conv(
        (conv): Conv2d(64, 128, kernel_size=(3, 3), stride=(2, 2), padding=(1, 1), groups=2, bias=False)
        (bn): BatchNorm2d(128, eps=0.001, momentum=0.03, affine=True, track_running_stats=True)
        (act): SiLU(inplace=True)
      )
      (2): SwitchableC3k2(
        (cv1): SwitchableConv(
          (conv): Conv2d(128, 128, kernel_size=(1, 1), stride=(1, 1), bias=False)
          (bn): BatchNorm2d(128, eps=0.001, momentum=0.03, affine=True, track_running_stats=True)
          (bn_skip): BatchNorm2d(128, eps=0.001, momentum=0.03, affine=True, track_running_stats=True)
          (act): SiLU(inplace=True)
        )
        (cv2): SwitchableConv(
          (conv): Conv2d(256, 256, kernel_size=(1, 1), stride=(1, 1), bias=False)
          (bn): BatchNorm2d(256, eps=0.001, momentum=0.03, affine=True, track_running_stats=True)
          (bn_skip): BatchNorm2d(256, eps=0.001, momentum=0.03, affine=True, track_running_stats=True)
          (act): SiLU(inplace=True)
        )
        (m): ModuleList(
          (0-1): 2 x SkippableC3k(
            (cv1): SwitchableConv(
              (conv): Conv2d(64, 32, kernel_size=(1, 1), stride=(1, 1), bias=False)
              (bn): BatchNorm2d(32, eps=0.001, momentum=0.03, affine=True, track_running_stats=True)
              (bn_skip): BatchNorm2d(32, eps=0.001, momentum=0.03, affine=True, track_running_stats=True)
              (act): SiLU(inplace=True)
            )
            (cv2): SwitchableConv(
              (conv): Conv2d(64, 32, kernel_size=(1, 1), stride=(1, 1), bias=False)
              (bn): BatchNorm2d(32, eps=0.001, momentum=0.03, affine=True, track_running_stats=True)
              (bn_skip): BatchNorm2d(32, eps=0.001, momentum=0.03, affine=True, track_running_stats=True)
              (act): SiLU(inplace=True)
            )
            (cv3): SwitchableConv(
              (conv): Conv2d(64, 64, kernel_size=(1, 1), stride=(1, 1), bias=False)
              (bn): BatchNorm2d(64, eps=0.001, momentum=0.03, affine=True, track_running_stats=True)
              (bn_skip): BatchNorm2d(64, eps=0.001, momentum=0.03, affine=True, track_running_stats=True)
              (act): SiLU(inplace=True)
            )
            (m): SkippableSequential(
              (0): Bottleneck(
                (cv1): SwitchableConv(
                  (conv): Conv2d(32, 32, kernel_size=(3, 3), stride=(1, 1), padding=(1, 1), bias=False)
                  (bn): BatchNorm2d(32, eps=0.001, momentum=0.03, affine=True, track_running_stats=True)
                  (bn_skip): BatchNorm2d(32, eps=0.001, momentum=0.03, affine=True, track_running_stats=True)
                  (act): SiLU(inplace=True)
                )
                (cv2): SwitchableConv(
                  (conv): Conv2d(32, 32, kernel_size=(3, 3), stride=(1, 1), padding=(1, 1), bias=False)
                  (bn): BatchNorm2d(32, eps=0.001, momentum=0.03, affine=True, track_running_stats=True)
                  (bn_skip): BatchNorm2d(32, eps=0.001, momentum=0.03, affine=True, track_running_stats=True)
                  (act): SiLU(inplace=True)
                )
              )
              (1): Bottleneck(
                (cv1): Conv(
                  (conv): Conv2d(32, 32, kernel_size=(3, 3), stride=(1, 1), padding=(1, 1), bias=False)
                  (bn): BatchNorm2d(32, eps=0.001, momentum=0.03, affine=True, track_running_stats=True)
                  (act): SiLU(inplace=True)
                )
                (cv2): Conv(
                  (conv): Conv2d(32, 32, kernel_size=(3, 3), stride=(1, 1), padding=(1, 1), bias=False)
                  (bn): BatchNorm2d(32, eps=0.001, momentum=0.03, affine=True, track_running_stats=True)
                  (act): SiLU(inplace=True)
                )
              )
            )
          )
        )
      )
      (3): SwitchableConv(
        (conv): Conv2d(256, 256, kernel_size=(3, 3), stride=(2, 2), padding=(1, 1), groups=4, bias=False)
        (bn): BatchNorm2d(256, eps=0.001, momentum=0.03, affine=True, track_running_stats=True)
        (bn_skip): BatchNorm2d(256, eps=0.001, momentum=0.03, affine=True, track_running_stats=True)
        (act): SiLU(inplace=True)
      )
      (4): SwitchableC3k2(
        (cv1): SwitchableConv(
          (conv): Conv2d(256, 256, kernel_size=(1, 1), stride=(1, 1), bias=False)
          (bn): BatchNorm2d(256, eps=0.001, momentum=0.03, affine=True, track_running_stats=True)
          (bn_skip): BatchNorm2d(256, eps=0.001, momentum=0.03, affine=True, track_running_stats=True)
          (act): SiLU(inplace=True)
        )
        (cv2): SwitchableConv(
          (conv): Conv2d(512, 512, kernel_size=(1, 1), stride=(1, 1), bias=False)
          (bn): BatchNorm2d(512, eps=0.001, momentum=0.03, affine=True, track_running_stats=True)
          (bn_skip): BatchNorm2d(512, eps=0.001, momentum=0.03, affine=True, track_running_stats=True)
          (act): SiLU(inplace=True)
        )
        (m): ModuleList(
          (0-1): 2 x SkippableC3k(
            (cv1): SwitchableConv(
              (conv): Conv2d(128, 64, kernel_size=(1, 1), stride=(1, 1), bias=False)
              (bn): BatchNorm2d(64, eps=0.001, momentum=0.03, affine=True, track_running_stats=True)
              (bn_skip): BatchNorm2d(64, eps=0.001, momentum=0.03, affine=True, track_running_stats=True)
              (act): SiLU(inplace=True)
            )
            (cv2): SwitchableConv(
              (conv): Conv2d(128, 64, kernel_size=(1, 1), stride=(1, 1), bias=False)
              (bn): BatchNorm2d(64, eps=0.001, momentum=0.03, affine=True, track_running_stats=True)
              (bn_skip): BatchNorm2d(64, eps=0.001, momentum=0.03, affine=True, track_running_stats=True)
              (act): SiLU(inplace=True)
            )
            (cv3): SwitchableConv(
              (conv): Conv2d(128, 128, kernel_size=(1, 1), stride=(1, 1), bias=False)
              (bn): BatchNorm2d(128, eps=0.001, momentum=0.03, affine=True, track_running_stats=True)
              (bn_skip): BatchNorm2d(128, eps=0.001, momentum=0.03, affine=True, track_running_stats=True)
              (act): SiLU(inplace=True)
            )
            (m): SkippableSequential(
              (0): Bottleneck(
                (cv1): SwitchableConv(
                  (conv): Conv2d(64, 64, kernel_size=(3, 3), stride=(1, 1), padding=(1, 1), bias=False)
                  (bn): BatchNorm2d(64, eps=0.001, momentum=0.03, affine=True, track_running_stats=True)
                  (bn_skip): BatchNorm2d(64, eps=0.001, momentum=0.03, affine=True, track_running_stats=True)
                  (act): SiLU(inplace=True)
                )
                (cv2): SwitchableConv(
                  (conv): Conv2d(64, 64, kernel_size=(3, 3), stride=(1, 1), padding=(1, 1), bias=False)
                  (bn): BatchNorm2d(64, eps=0.001, momentum=0.03, affine=True, track_running_stats=True)
                  (bn_skip): BatchNorm2d(64, eps=0.001, momentum=0.03, affine=True, track_running_stats=True)
                  (act): SiLU(inplace=True)
                )
              )
              (1): Bottleneck(
                (cv1): Conv(
                  (conv): Conv2d(64, 64, kernel_size=(3, 3), stride=(1, 1), padding=(1, 1), bias=False)
                  (bn): BatchNorm2d(64, eps=0.001, momentum=0.03, affine=True, track_running_stats=True)
                  (act): SiLU(inplace=True)
                )
                (cv2): Conv(
                  (conv): Conv2d(64, 64, kernel_size=(3, 3), stride=(1, 1), padding=(1, 1), bias=False)
                  (bn): BatchNorm2d(64, eps=0.001, momentum=0.03, affine=True, track_running_stats=True)
                  (act): SiLU(inplace=True)
                )
              )
            )
          )
        )
      )
      (5): SwitchableConv(
        (conv): Conv2d(512, 512, kernel_size=(3, 3), stride=(2, 2), padding=(1, 1), bias=False)
        (bn): BatchNorm2d(512, eps=0.001, momentum=0.03, affine=True, track_running_stats=True)
        (bn_skip): BatchNorm2d(512, eps=0.001, momentum=0.03, affine=True, track_running_stats=True)
        (act): SiLU(inplace=True)
      )
      (6): SkippableA2C2f(
        (cv1): SwitchableConv(
          (conv): Conv2d(512, 256, kernel_size=(1, 1), stride=(1, 1), bias=False)
          (bn): BatchNorm2d(256, eps=0.001, momentum=0.03, affine=True, track_running_stats=True)
          (bn_skip): BatchNorm2d(256, eps=0.001, momentum=0.03, affine=True, track_running_stats=True)
          (act): SiLU(inplace=True)
        )
        (cv2): SwitchableConv(
          (conv): Conv2d(1280, 512, kernel_size=(1, 1), stride=(1, 1), bias=False)
          (bn): BatchNorm2d(512, eps=0.001, momentum=0.03, affine=True, track_running_stats=True)
          (bn_skip): BatchNorm2d(512, eps=0.001, momentum=0.03, affine=True, track_running_stats=True)
          (conv_skip): Conv2d(768, 512, kernel_size=(1, 1), stride=(1, 1), bias=False)
          (act): SiLU(inplace=True)
        )
        (m): ModuleList(
          (0-1): 2 x SwitchableSequential(
            (0): ABlock(
              (attn): SwitchableAAttn(
                (qk): SwitchableConv(
                  (conv): Conv2d(256, 512, kernel_size=(1, 1), stride=(1, 1), bias=False)
                  (bn): BatchNorm2d(512, eps=0.001, momentum=0.03, affine=True, track_running_stats=True)
                  (bn_skip): BatchNorm2d(512, eps=0.001, momentum=0.03, affine=True, track_running_stats=True)
                  (act): Identity()
                )
                (v): SwitchableConv(
                  (conv): Conv2d(256, 256, kernel_size=(1, 1), stride=(1, 1), bias=False)
                  (bn): BatchNorm2d(256, eps=0.001, momentum=0.03, affine=True, track_running_stats=True)
                  (bn_skip): BatchNorm2d(256, eps=0.001, momentum=0.03, affine=True, track_running_stats=True)
                  (act): Identity()
                )
                (proj): SwitchableConv(
                  (conv): Conv2d(256, 256, kernel_size=(1, 1), stride=(1, 1), bias=False)
                  (bn): BatchNorm2d(256, eps=0.001, momentum=0.03, affine=True, track_running_stats=True)
                  (bn_skip): BatchNorm2d(256, eps=0.001, momentum=0.03, affine=True, track_running_stats=True)
                  (act): Identity()
                )
                (pe): SwitchableConv(
                  (conv): Conv2d(256, 256, kernel_size=(5, 5), stride=(1, 1), padding=(2, 2), groups=256, bias=False)
                  (bn): BatchNorm2d(256, eps=0.001, momentum=0.03, affine=True, track_running_stats=True)
                  (bn_skip): BatchNorm2d(256, eps=0.001, momentum=0.03, affine=True, track_running_stats=True)
                  (act): Identity()
                )
              )
              (mlp): SwitchableSequential(
                (0): SwitchableConv(
                  (conv): Conv2d(256, 384, kernel_size=(1, 1), stride=(1, 1), bias=False)
                  (bn): BatchNorm2d(384, eps=0.001, momentum=0.03, affine=True, track_running_stats=True)
                  (bn_skip): BatchNorm2d(384, eps=0.001, momentum=0.03, affine=True, track_running_stats=True)
                  (act): SiLU(inplace=True)
                )
                (1): SwitchableConv(
                  (conv): Conv2d(384, 256, kernel_size=(1, 1), stride=(1, 1), bias=False)
                  (bn): BatchNorm2d(256, eps=0.001, momentum=0.03, affine=True, track_running_stats=True)
                  (bn_skip): BatchNorm2d(256, eps=0.001, momentum=0.03, affine=True, track_running_stats=True)
                  (act): Identity()
                )
              )
            )
            (1): ABlock(
              (attn): SwitchableAAttn(
                (qk): SwitchableConv(
                  (conv): Conv2d(256, 512, kernel_size=(1, 1), stride=(1, 1), bias=False)
                  (bn): BatchNorm2d(512, eps=0.001, momentum=0.03, affine=True, track_running_stats=True)
                  (bn_skip): BatchNorm2d(512, eps=0.001, momentum=0.03, affine=True, track_running_stats=True)
                  (act): Identity()
                )
                (v): SwitchableConv(
                  (conv): Conv2d(256, 256, kernel_size=(1, 1), stride=(1, 1), bias=False)
                  (bn): BatchNorm2d(256, eps=0.001, momentum=0.03, affine=True, track_running_stats=True)
                  (bn_skip): BatchNorm2d(256, eps=0.001, momentum=0.03, affine=True, track_running_stats=True)
                  (act): Identity()
                )
                (proj): SwitchableConv(
                  (conv): Conv2d(256, 256, kernel_size=(1, 1), stride=(1, 1), bias=False)
                  (bn): BatchNorm2d(256, eps=0.001, momentum=0.03, affine=True, track_running_stats=True)
                  (bn_skip): BatchNorm2d(256, eps=0.001, momentum=0.03, affine=True, track_running_stats=True)
                  (act): Identity()
                )
                (pe): SwitchableConv(
                  (conv): Conv2d(256, 256, kernel_size=(5, 5), stride=(1, 1), padding=(2, 2), groups=256, bias=False)
                  (bn): BatchNorm2d(256, eps=0.001, momentum=0.03, affine=True, track_running_stats=True)
                  (bn_skip): BatchNorm2d(256, eps=0.001, momentum=0.03, affine=True, track_running_stats=True)
                  (act): Identity()
                )
              )
              (mlp): SwitchableSequential(
                (0): SwitchableConv(
                  (conv): Conv2d(256, 384, kernel_size=(1, 1), stride=(1, 1), bias=False)
                  (bn): BatchNorm2d(384, eps=0.001, momentum=0.03, affine=True, track_running_stats=True)
                  (bn_skip): BatchNorm2d(384, eps=0.001, momentum=0.03, affine=True, track_running_stats=True)
                  (act): SiLU(inplace=True)
                )
                (1): SwitchableConv(
                  (conv): Conv2d(384, 256, kernel_size=(1, 1), stride=(1, 1), bias=False)
                  (bn): BatchNorm2d(256, eps=0.001, momentum=0.03, affine=True, track_running_stats=True)
                  (bn_skip): BatchNorm2d(256, eps=0.001, momentum=0.03, affine=True, track_running_stats=True)
                  (act): Identity()
                )
              )
            )
          )
          (2-3): 2 x Sequential(
            (0): ABlock(
              (attn): AAttn(
                (qk): Conv(
                  (conv): Conv2d(256, 512, kernel_size=(1, 1), stride=(1, 1), bias=False)
                  (bn): BatchNorm2d(512, eps=0.001, momentum=0.03, affine=True, track_running_stats=True)
                  (act): Identity()
                )
                (v): Conv(
                  (conv): Conv2d(256, 256, kernel_size=(1, 1), stride=(1, 1), bias=False)
                  (bn): BatchNorm2d(256, eps=0.001, momentum=0.03, affine=True, track_running_stats=True)
                  (act): Identity()
                )
                (proj): Conv(
                  (conv): Conv2d(256, 256, kernel_size=(1, 1), stride=(1, 1), bias=False)
                  (bn): BatchNorm2d(256, eps=0.001, momentum=0.03, affine=True, track_running_stats=True)
                  (act): Identity()
                )
                (pe): Conv(
                  (conv): Conv2d(256, 256, kernel_size=(5, 5), stride=(1, 1), padding=(2, 2), groups=256, bias=False)
                  (bn): BatchNorm2d(256, eps=0.001, momentum=0.03, affine=True, track_running_stats=True)
                  (act): Identity()
                )
              )
              (mlp): Sequential(
                (0): Conv(
                  (conv): Conv2d(256, 384, kernel_size=(1, 1), stride=(1, 1), bias=False)
                  (bn): BatchNorm2d(384, eps=0.001, momentum=0.03, affine=True, track_running_stats=True)
                  (act): SiLU(inplace=True)
                )
                (1): Conv(
                  (conv): Conv2d(384, 256, kernel_size=(1, 1), stride=(1, 1), bias=False)
                  (bn): BatchNorm2d(256, eps=0.001, momentum=0.03, affine=True, track_running_stats=True)
                  (act): Identity()
                )
              )
            )
            (1): ABlock(
              (attn): AAttn(
                (qk): Conv(
                  (conv): Conv2d(256, 512, kernel_size=(1, 1), stride=(1, 1), bias=False)
                  (bn): BatchNorm2d(512, eps=0.001, momentum=0.03, affine=True, track_running_stats=True)
                  (act): Identity()
                )
                (v): Conv(
                  (conv): Conv2d(256, 256, kernel_size=(1, 1), stride=(1, 1), bias=False)
                  (bn): BatchNorm2d(256, eps=0.001, momentum=0.03, affine=True, track_running_stats=True)
                  (act): Identity()
                )
                (proj): Conv(
                  (conv): Conv2d(256, 256, kernel_size=(1, 1), stride=(1, 1), bias=False)
                  (bn): BatchNorm2d(256, eps=0.001, momentum=0.03, affine=True, track_running_stats=True)
                  (act): Identity()
                )
                (pe): Conv(
                  (conv): Conv2d(256, 256, kernel_size=(5, 5), stride=(1, 1), padding=(2, 2), groups=256, bias=False)
                  (bn): BatchNorm2d(256, eps=0.001, momentum=0.03, affine=True, track_running_stats=True)
                  (act): Identity()
                )
              )
              (mlp): Sequential(
                (0): Conv(
                  (conv): Conv2d(256, 384, kernel_size=(1, 1), stride=(1, 1), bias=False)
                  (bn): BatchNorm2d(384, eps=0.001, momentum=0.03, affine=True, track_running_stats=True)
                  (act): SiLU(inplace=True)
                )
                (1): Conv(
                  (conv): Conv2d(384, 256, kernel_size=(1, 1), stride=(1, 1), bias=False)
                  (bn): BatchNorm2d(256, eps=0.001, momentum=0.03, affine=True, track_running_stats=True)
                  (act): Identity()
                )
              )
            )
          )
        )
      )
      (7): SwitchableConv(
        (conv): Conv2d(512, 512, kernel_size=(3, 3), stride=(2, 2), padding=(1, 1), bias=False)
        (bn): BatchNorm2d(512, eps=0.001, momentum=0.03, affine=True, track_running_stats=True)
        (bn_skip): BatchNorm2d(512, eps=0.001, momentum=0.03, affine=True, track_running_stats=True)
        (act): SiLU(inplace=True)
      )
      (8): SkippableA2C2f(
        (cv1): SwitchableConv(
          (conv): Conv2d(512, 256, kernel_size=(1, 1), stride=(1, 1), bias=False)
          (bn): BatchNorm2d(256, eps=0.001, momentum=0.03, affine=True, track_running_stats=True)
          (bn_skip): BatchNorm2d(256, eps=0.001, momentum=0.03, affine=True, track_running_stats=True)
          (act): SiLU(inplace=True)
        )
        (cv2): SwitchableConv(
          (conv): Conv2d(1280, 512, kernel_size=(1, 1), stride=(1, 1), bias=False)
          (bn): BatchNorm2d(512, eps=0.001, momentum=0.03, affine=True, track_running_stats=True)
          (bn_skip): BatchNorm2d(512, eps=0.001, momentum=0.03, affine=True, track_running_stats=True)
          (conv_skip): Conv2d(768, 512, kernel_size=(1, 1), stride=(1, 1), bias=False)
          (act): SiLU(inplace=True)
        )
        (m): ModuleList(
          (0-1): 2 x SwitchableSequential(
            (0): ABlock(
              (attn): SwitchableAAttn(
                (qk): SwitchableConv(
                  (conv): Conv2d(256, 512, kernel_size=(1, 1), stride=(1, 1), bias=False)
                  (bn): BatchNorm2d(512, eps=0.001, momentum=0.03, affine=True, track_running_stats=True)
                  (bn_skip): BatchNorm2d(512, eps=0.001, momentum=0.03, affine=True, track_running_stats=True)
                  (act): Identity()
                )
                (v): SwitchableConv(
                  (conv): Conv2d(256, 256, kernel_size=(1, 1), stride=(1, 1), bias=False)
                  (bn): BatchNorm2d(256, eps=0.001, momentum=0.03, affine=True, track_running_stats=True)
                  (bn_skip): BatchNorm2d(256, eps=0.001, momentum=0.03, affine=True, track_running_stats=True)
                  (act): Identity()
                )
                (proj): SwitchableConv(
                  (conv): Conv2d(256, 256, kernel_size=(1, 1), stride=(1, 1), bias=False)
                  (bn): BatchNorm2d(256, eps=0.001, momentum=0.03, affine=True, track_running_stats=True)
                  (bn_skip): BatchNorm2d(256, eps=0.001, momentum=0.03, affine=True, track_running_stats=True)
                  (act): Identity()
                )
                (pe): SwitchableConv(
                  (conv): Conv2d(256, 256, kernel_size=(5, 5), stride=(1, 1), padding=(2, 2), groups=256, bias=False)
                  (bn): BatchNorm2d(256, eps=0.001, momentum=0.03, affine=True, track_running_stats=True)
                  (bn_skip): BatchNorm2d(256, eps=0.001, momentum=0.03, affine=True, track_running_stats=True)
                  (act): Identity()
                )
              )
              (mlp): SwitchableSequential(
                (0): SwitchableConv(
                  (conv): Conv2d(256, 384, kernel_size=(1, 1), stride=(1, 1), bias=False)
                  (bn): BatchNorm2d(384, eps=0.001, momentum=0.03, affine=True, track_running_stats=True)
                  (bn_skip): BatchNorm2d(384, eps=0.001, momentum=0.03, affine=True, track_running_stats=True)
                  (act): SiLU(inplace=True)
                )
                (1): SwitchableConv(
                  (conv): Conv2d(384, 256, kernel_size=(1, 1), stride=(1, 1), bias=False)
                  (bn): BatchNorm2d(256, eps=0.001, momentum=0.03, affine=True, track_running_stats=True)
                  (bn_skip): BatchNorm2d(256, eps=0.001, momentum=0.03, affine=True, track_running_stats=True)
                  (act): Identity()
                )
              )
            )
            (1): ABlock(
              (attn): SwitchableAAttn(
                (qk): SwitchableConv(
                  (conv): Conv2d(256, 512, kernel_size=(1, 1), stride=(1, 1), bias=False)
                  (bn): BatchNorm2d(512, eps=0.001, momentum=0.03, affine=True, track_running_stats=True)
                  (bn_skip): BatchNorm2d(512, eps=0.001, momentum=0.03, affine=True, track_running_stats=True)
                  (act): Identity()
                )
                (v): SwitchableConv(
                  (conv): Conv2d(256, 256, kernel_size=(1, 1), stride=(1, 1), bias=False)
                  (bn): BatchNorm2d(256, eps=0.001, momentum=0.03, affine=True, track_running_stats=True)
                  (bn_skip): BatchNorm2d(256, eps=0.001, momentum=0.03, affine=True, track_running_stats=True)
                  (act): Identity()
                )
                (proj): SwitchableConv(
                  (conv): Conv2d(256, 256, kernel_size=(1, 1), stride=(1, 1), bias=False)
                  (bn): BatchNorm2d(256, eps=0.001, momentum=0.03, affine=True, track_running_stats=True)
                  (bn_skip): BatchNorm2d(256, eps=0.001, momentum=0.03, affine=True, track_running_stats=True)
                  (act): Identity()
                )
                (pe): SwitchableConv(
                  (conv): Conv2d(256, 256, kernel_size=(5, 5), stride=(1, 1), padding=(2, 2), groups=256, bias=False)
                  (bn): BatchNorm2d(256, eps=0.001, momentum=0.03, affine=True, track_running_stats=True)
                  (bn_skip): BatchNorm2d(256, eps=0.001, momentum=0.03, affine=True, track_running_stats=True)
                  (act): Identity()
                )
              )
              (mlp): SwitchableSequential(
                (0): SwitchableConv(
                  (conv): Conv2d(256, 384, kernel_size=(1, 1), stride=(1, 1), bias=False)
                  (bn): BatchNorm2d(384, eps=0.001, momentum=0.03, affine=True, track_running_stats=True)
                  (bn_skip): BatchNorm2d(384, eps=0.001, momentum=0.03, affine=True, track_running_stats=True)
                  (act): SiLU(inplace=True)
                )
                (1): SwitchableConv(
                  (conv): Conv2d(384, 256, kernel_size=(1, 1), stride=(1, 1), bias=False)
                  (bn): BatchNorm2d(256, eps=0.001, momentum=0.03, affine=True, track_running_stats=True)
                  (bn_skip): BatchNorm2d(256, eps=0.001, momentum=0.03, affine=True, track_running_stats=True)
                  (act): Identity()
                )
              )
            )
          )
          (2-3): 2 x Sequential(
            (0): ABlock(
              (attn): AAttn(
                (qk): Conv(
                  (conv): Conv2d(256, 512, kernel_size=(1, 1), stride=(1, 1), bias=False)
                  (bn): BatchNorm2d(512, eps=0.001, momentum=0.03, affine=True, track_running_stats=True)
                  (act): Identity()
                )
                (v): Conv(
                  (conv): Conv2d(256, 256, kernel_size=(1, 1), stride=(1, 1), bias=False)
                  (bn): BatchNorm2d(256, eps=0.001, momentum=0.03, affine=True, track_running_stats=True)
                  (act): Identity()
                )
                (proj): Conv(
                  (conv): Conv2d(256, 256, kernel_size=(1, 1), stride=(1, 1), bias=False)
                  (bn): BatchNorm2d(256, eps=0.001, momentum=0.03, affine=True, track_running_stats=True)
                  (act): Identity()
                )
                (pe): Conv(
                  (conv): Conv2d(256, 256, kernel_size=(5, 5), stride=(1, 1), padding=(2, 2), groups=256, bias=False)
                  (bn): BatchNorm2d(256, eps=0.001, momentum=0.03, affine=True, track_running_stats=True)
                  (act): Identity()
                )
              )
              (mlp): Sequential(
                (0): Conv(
                  (conv): Conv2d(256, 384, kernel_size=(1, 1), stride=(1, 1), bias=False)
                  (bn): BatchNorm2d(384, eps=0.001, momentum=0.03, affine=True, track_running_stats=True)
                  (act): SiLU(inplace=True)
                )
                (1): Conv(
                  (conv): Conv2d(384, 256, kernel_size=(1, 1), stride=(1, 1), bias=False)
                  (bn): BatchNorm2d(256, eps=0.001, momentum=0.03, affine=True, track_running_stats=True)
                  (act): Identity()
                )
              )
            )
            (1): ABlock(
              (attn): AAttn(
                (qk): Conv(
                  (conv): Conv2d(256, 512, kernel_size=(1, 1), stride=(1, 1), bias=False)
                  (bn): BatchNorm2d(512, eps=0.001, momentum=0.03, affine=True, track_running_stats=True)
                  (act): Identity()
                )
                (v): Conv(
                  (conv): Conv2d(256, 256, kernel_size=(1, 1), stride=(1, 1), bias=False)
                  (bn): BatchNorm2d(256, eps=0.001, momentum=0.03, affine=True, track_running_stats=True)
                  (act): Identity()
                )
                (proj): Conv(
                  (conv): Conv2d(256, 256, kernel_size=(1, 1), stride=(1, 1), bias=False)
                  (bn): BatchNorm2d(256, eps=0.001, momentum=0.03, affine=True, track_running_stats=True)
                  (act): Identity()
                )
                (pe): Conv(
                  (conv): Conv2d(256, 256, kernel_size=(5, 5), stride=(1, 1), padding=(2, 2), groups=256, bias=False)
                  (bn): BatchNorm2d(256, eps=0.001, momentum=0.03, affine=True, track_running_stats=True)
                  (act): Identity()
                )
              )
              (mlp): Sequential(
                (0): Conv(
                  (conv): Conv2d(256, 384, kernel_size=(1, 1), stride=(1, 1), bias=False)
                  (bn): BatchNorm2d(384, eps=0.001, momentum=0.03, affine=True, track_running_stats=True)
                  (act): SiLU(inplace=True)
                )
                (1): Conv(
                  (conv): Conv2d(384, 256, kernel_size=(1, 1), stride=(1, 1), bias=False)
                  (bn): BatchNorm2d(256, eps=0.001, momentum=0.03, affine=True, track_running_stats=True)
                  (act): Identity()
                )
              )
            )
          )
        )
      )
      (9): Upsample(scale_factor=2.0, mode='nearest')
      (10): Concat()
      (11): SkippableA2C2f(
        (cv1): SwitchableConv(
          (conv): Conv2d(1024, 256, kernel_size=(1, 1), stride=(1, 1), bias=False)
          (bn): BatchNorm2d(256, eps=0.001, momentum=0.03, affine=True, track_running_stats=True)
          (bn_skip): BatchNorm2d(256, eps=0.001, momentum=0.03, affine=True, track_running_stats=True)
          (act): SiLU(inplace=True)
        )
        (cv2): SwitchableConv(
          (conv): Conv2d(768, 512, kernel_size=(1, 1), stride=(1, 1), bias=False)
          (bn): BatchNorm2d(512, eps=0.001, momentum=0.03, affine=True, track_running_stats=True)
          (bn_skip): BatchNorm2d(512, eps=0.001, momentum=0.03, affine=True, track_running_stats=True)
          (act): SiLU(inplace=True)
        )
        (m): ModuleList(
          (0): C3k(
            (cv1): SwitchableConv(
              (conv): Conv2d(256, 128, kernel_size=(1, 1), stride=(1, 1), bias=False)
              (bn): BatchNorm2d(128, eps=0.001, momentum=0.03, affine=True, track_running_stats=True)
              (bn_skip): BatchNorm2d(128, eps=0.001, momentum=0.03, affine=True, track_running_stats=True)
              (act): SiLU(inplace=True)
            )
            (cv2): SwitchableConv(
              (conv): Conv2d(256, 128, kernel_size=(1, 1), stride=(1, 1), bias=False)
              (bn): BatchNorm2d(128, eps=0.001, momentum=0.03, affine=True, track_running_stats=True)
              (bn_skip): BatchNorm2d(128, eps=0.001, momentum=0.03, affine=True, track_running_stats=True)
              (act): SiLU(inplace=True)
            )
            (cv3): SwitchableConv(
              (conv): Conv2d(256, 256, kernel_size=(1, 1), stride=(1, 1), bias=False)
              (bn): BatchNorm2d(256, eps=0.001, momentum=0.03, affine=True, track_running_stats=True)
              (bn_skip): BatchNorm2d(256, eps=0.001, momentum=0.03, affine=True, track_running_stats=True)
              (act): SiLU(inplace=True)
            )
            (m): SwitchableSequential(
              (0): Bottleneck(
                (cv1): SwitchableConv(
                  (conv): Conv2d(128, 128, kernel_size=(3, 3), stride=(1, 1), padding=(1, 1), bias=False)
                  (bn): BatchNorm2d(128, eps=0.001, momentum=0.03, affine=True, track_running_stats=True)
                  (bn_skip): BatchNorm2d(128, eps=0.001, momentum=0.03, affine=True, track_running_stats=True)
                  (act): SiLU(inplace=True)
                )
                (cv2): SwitchableConv(
                  (conv): Conv2d(128, 128, kernel_size=(3, 3), stride=(1, 1), padding=(1, 1), bias=False)
                  (bn): BatchNorm2d(128, eps=0.001, momentum=0.03, affine=True, track_running_stats=True)
                  (bn_skip): BatchNorm2d(128, eps=0.001, momentum=0.03, affine=True, track_running_stats=True)
                  (act): SiLU(inplace=True)
                )
              )
              (1): Bottleneck(
                (cv1): SwitchableConv(
                  (conv): Conv2d(128, 128, kernel_size=(3, 3), stride=(1, 1), padding=(1, 1), bias=False)
                  (bn): BatchNorm2d(128, eps=0.001, momentum=0.03, affine=True, track_running_stats=True)
                  (bn_skip): BatchNorm2d(128, eps=0.001, momentum=0.03, affine=True, track_running_stats=True)
                  (act): SiLU(inplace=True)
                )
                (cv2): SwitchableConv(
                  (conv): Conv2d(128, 128, kernel_size=(3, 3), stride=(1, 1), padding=(1, 1), bias=False)
                  (bn): BatchNorm2d(128, eps=0.001, momentum=0.03, affine=True, track_running_stats=True)
                  (bn_skip): BatchNorm2d(128, eps=0.001, momentum=0.03, affine=True, track_running_stats=True)
                  (act): SiLU(inplace=True)
                )
              )
            )
          )
          (1): C3k(
            (cv1): Conv(
              (conv): Conv2d(256, 128, kernel_size=(1, 1), stride=(1, 1), bias=False)
              (bn): BatchNorm2d(128, eps=0.001, momentum=0.03, affine=True, track_running_stats=True)
              (act): SiLU(inplace=True)
            )
            (cv2): Conv(
              (conv): Conv2d(256, 128, kernel_size=(1, 1), stride=(1, 1), bias=False)
              (bn): BatchNorm2d(128, eps=0.001, momentum=0.03, affine=True, track_running_stats=True)
              (act): SiLU(inplace=True)
            )
            (cv3): Conv(
              (conv): Conv2d(256, 256, kernel_size=(1, 1), stride=(1, 1), bias=False)
              (bn): BatchNorm2d(256, eps=0.001, momentum=0.03, affine=True, track_running_stats=True)
              (act): SiLU(inplace=True)
            )
            (m): Sequential(
              (0): Bottleneck(
                (cv1): Conv(
                  (conv): Conv2d(128, 128, kernel_size=(3, 3), stride=(1, 1), padding=(1, 1), bias=False)
                  (bn): BatchNorm2d(128, eps=0.001, momentum=0.03, affine=True, track_running_stats=True)
                  (act): SiLU(inplace=True)
                )
                (cv2): Conv(
                  (conv): Conv2d(128, 128, kernel_size=(3, 3), stride=(1, 1), padding=(1, 1), bias=False)
                  (bn): BatchNorm2d(128, eps=0.001, momentum=0.03, affine=True, track_running_stats=True)
                  (act): SiLU(inplace=True)
                )
              )
              (1): Bottleneck(
                (cv1): Conv(
                  (conv): Conv2d(128, 128, kernel_size=(3, 3), stride=(1, 1), padding=(1, 1), bias=False)
                  (bn): BatchNorm2d(128, eps=0.001, momentum=0.03, affine=True, track_running_stats=True)
                  (act): SiLU(inplace=True)
                )
                (cv2): Conv(
                  (conv): Conv2d(128, 128, kernel_size=(3, 3), stride=(1, 1), padding=(1, 1), bias=False)
                  (bn): BatchNorm2d(128, eps=0.001, momentum=0.03, affine=True, track_running_stats=True)
                  (act): SiLU(inplace=True)
                )
              )
            )
          )
        )
      )
      (12): Upsample(scale_factor=2.0, mode='nearest')
      (13): Concat()
      (14): SkippableA2C2f(
        (cv1): SwitchableConv(
          (conv): Conv2d(1024, 128, kernel_size=(1, 1), stride=(1, 1), bias=False)
          (bn): BatchNorm2d(128, eps=0.001, momentum=0.03, affine=True, track_running_stats=True)
          (bn_skip): BatchNorm2d(128, eps=0.001, momentum=0.03, affine=True, track_running_stats=True)
          (act): SiLU(inplace=True)
        )
        (cv2): SwitchableConv(
          (conv): Conv2d(384, 256, kernel_size=(1, 1), stride=(1, 1), bias=False)
          (bn): BatchNorm2d(256, eps=0.001, momentum=0.03, affine=True, track_running_stats=True)
          (bn_skip): BatchNorm2d(256, eps=0.001, momentum=0.03, affine=True, track_running_stats=True)
          (act): SiLU(inplace=True)
        )
        (m): ModuleList(
          (0): C3k(
            (cv1): SwitchableConv(
              (conv): Conv2d(128, 64, kernel_size=(1, 1), stride=(1, 1), bias=False)
              (bn): BatchNorm2d(64, eps=0.001, momentum=0.03, affine=True, track_running_stats=True)
              (bn_skip): BatchNorm2d(64, eps=0.001, momentum=0.03, affine=True, track_running_stats=True)
              (act): SiLU(inplace=True)
            )
            (cv2): SwitchableConv(
              (conv): Conv2d(128, 64, kernel_size=(1, 1), stride=(1, 1), bias=False)
              (bn): BatchNorm2d(64, eps=0.001, momentum=0.03, affine=True, track_running_stats=True)
              (bn_skip): BatchNorm2d(64, eps=0.001, momentum=0.03, affine=True, track_running_stats=True)
              (act): SiLU(inplace=True)
            )
            (cv3): SwitchableConv(
              (conv): Conv2d(128, 128, kernel_size=(1, 1), stride=(1, 1), bias=False)
              (bn): BatchNorm2d(128, eps=0.001, momentum=0.03, affine=True, track_running_stats=True)
              (bn_skip): BatchNorm2d(128, eps=0.001, momentum=0.03, affine=True, track_running_stats=True)
              (act): SiLU(inplace=True)
            )
            (m): SwitchableSequential(
              (0): Bottleneck(
                (cv1): SwitchableConv(
                  (conv): Conv2d(64, 64, kernel_size=(3, 3), stride=(1, 1), padding=(1, 1), bias=False)
                  (bn): BatchNorm2d(64, eps=0.001, momentum=0.03, affine=True, track_running_stats=True)
                  (bn_skip): BatchNorm2d(64, eps=0.001, momentum=0.03, affine=True, track_running_stats=True)
                  (act): SiLU(inplace=True)
                )
                (cv2): SwitchableConv(
                  (conv): Conv2d(64, 64, kernel_size=(3, 3), stride=(1, 1), padding=(1, 1), bias=False)
                  (bn): BatchNorm2d(64, eps=0.001, momentum=0.03, affine=True, track_running_stats=True)
                  (bn_skip): BatchNorm2d(64, eps=0.001, momentum=0.03, affine=True, track_running_stats=True)
                  (act): SiLU(inplace=True)
                )
              )
              (1): Bottleneck(
                (cv1): SwitchableConv(
                  (conv): Conv2d(64, 64, kernel_size=(3, 3), stride=(1, 1), padding=(1, 1), bias=False)
                  (bn): BatchNorm2d(64, eps=0.001, momentum=0.03, affine=True, track_running_stats=True)
                  (bn_skip): BatchNorm2d(64, eps=0.001, momentum=0.03, affine=True, track_running_stats=True)
                  (act): SiLU(inplace=True)
                )
                (cv2): SwitchableConv(
                  (conv): Conv2d(64, 64, kernel_size=(3, 3), stride=(1, 1), padding=(1, 1), bias=False)
                  (bn): BatchNorm2d(64, eps=0.001, momentum=0.03, affine=True, track_running_stats=True)
                  (bn_skip): BatchNorm2d(64, eps=0.001, momentum=0.03, affine=True, track_running_stats=True)
                  (act): SiLU(inplace=True)
                )
              )
            )
          )
          (1): C3k(
            (cv1): Conv(
              (conv): Conv2d(128, 64, kernel_size=(1, 1), stride=(1, 1), bias=False)
              (bn): BatchNorm2d(64, eps=0.001, momentum=0.03, affine=True, track_running_stats=True)
              (act): SiLU(inplace=True)
            )
            (cv2): Conv(
              (conv): Conv2d(128, 64, kernel_size=(1, 1), stride=(1, 1), bias=False)
              (bn): BatchNorm2d(64, eps=0.001, momentum=0.03, affine=True, track_running_stats=True)
              (act): SiLU(inplace=True)
            )
            (cv3): Conv(
              (conv): Conv2d(128, 128, kernel_size=(1, 1), stride=(1, 1), bias=False)
              (bn): BatchNorm2d(128, eps=0.001, momentum=0.03, affine=True, track_running_stats=True)
              (act): SiLU(inplace=True)
            )
            (m): Sequential(
              (0): Bottleneck(
                (cv1): Conv(
                  (conv): Conv2d(64, 64, kernel_size=(3, 3), stride=(1, 1), padding=(1, 1), bias=False)
                  (bn): BatchNorm2d(64, eps=0.001, momentum=0.03, affine=True, track_running_stats=True)
                  (act): SiLU(inplace=True)
                )
                (cv2): Conv(
                  (conv): Conv2d(64, 64, kernel_size=(3, 3), stride=(1, 1), padding=(1, 1), bias=False)
                  (bn): BatchNorm2d(64, eps=0.001, momentum=0.03, affine=True, track_running_stats=True)
                  (act): SiLU(inplace=True)
                )
              )
              (1): Bottleneck(
                (cv1): Conv(
                  (conv): Conv2d(64, 64, kernel_size=(3, 3), stride=(1, 1), padding=(1, 1), bias=False)
                  (bn): BatchNorm2d(64, eps=0.001, momentum=0.03, affine=True, track_running_stats=True)
                  (act): SiLU(inplace=True)
                )
                (cv2): Conv(
                  (conv): Conv2d(64, 64, kernel_size=(3, 3), stride=(1, 1), padding=(1, 1), bias=False)
                  (bn): BatchNorm2d(64, eps=0.001, momentum=0.03, affine=True, track_running_stats=True)
                  (act): SiLU(inplace=True)
                )
              )
            )
          )
        )
      )
      (15): SwitchableConv(
        (conv): Conv2d(256, 256, kernel_size=(3, 3), stride=(2, 2), padding=(1, 1), bias=False)
        (bn): BatchNorm2d(256, eps=0.001, momentum=0.03, affine=True, track_running_stats=True)
        (bn_skip): BatchNorm2d(256, eps=0.001, momentum=0.03, affine=True, track_running_stats=True)
        (act): SiLU(inplace=True)
      )
      (16): Concat()
      (17): SkippableA2C2f(
        (cv1): SwitchableConv(
          (conv): Conv2d(768, 256, kernel_size=(1, 1), stride=(1, 1), bias=False)
          (bn): BatchNorm2d(256, eps=0.001, momentum=0.03, affine=True, track_running_stats=True)
          (bn_skip): BatchNorm2d(256, eps=0.001, momentum=0.03, affine=True, track_running_stats=True)
          (act): SiLU(inplace=True)
        )
        (cv2): SwitchableConv(
          (conv): Conv2d(768, 512, kernel_size=(1, 1), stride=(1, 1), bias=False)
          (bn): BatchNorm2d(512, eps=0.001, momentum=0.03, affine=True, track_running_stats=True)
          (bn_skip): BatchNorm2d(512, eps=0.001, momentum=0.03, affine=True, track_running_stats=True)
          (act): SiLU(inplace=True)
        )
        (m): ModuleList(
          (0): C3k(
            (cv1): SwitchableConv(
              (conv): Conv2d(256, 128, kernel_size=(1, 1), stride=(1, 1), bias=False)
              (bn): BatchNorm2d(128, eps=0.001, momentum=0.03, affine=True, track_running_stats=True)
              (bn_skip): BatchNorm2d(128, eps=0.001, momentum=0.03, affine=True, track_running_stats=True)
              (act): SiLU(inplace=True)
            )
            (cv2): SwitchableConv(
              (conv): Conv2d(256, 128, kernel_size=(1, 1), stride=(1, 1), bias=False)
              (bn): BatchNorm2d(128, eps=0.001, momentum=0.03, affine=True, track_running_stats=True)
              (bn_skip): BatchNorm2d(128, eps=0.001, momentum=0.03, affine=True, track_running_stats=True)
              (act): SiLU(inplace=True)
            )
            (cv3): SwitchableConv(
              (conv): Conv2d(256, 256, kernel_size=(1, 1), stride=(1, 1), bias=False)
              (bn): BatchNorm2d(256, eps=0.001, momentum=0.03, affine=True, track_running_stats=True)
              (bn_skip): BatchNorm2d(256, eps=0.001, momentum=0.03, affine=True, track_running_stats=True)
              (act): SiLU(inplace=True)
            )
            (m): SwitchableSequential(
              (0): Bottleneck(
                (cv1): SwitchableConv(
                  (conv): Conv2d(128, 128, kernel_size=(3, 3), stride=(1, 1), padding=(1, 1), bias=False)
                  (bn): BatchNorm2d(128, eps=0.001, momentum=0.03, affine=True, track_running_stats=True)
                  (bn_skip): BatchNorm2d(128, eps=0.001, momentum=0.03, affine=True, track_running_stats=True)
                  (act): SiLU(inplace=True)
                )
                (cv2): SwitchableConv(
                  (conv): Conv2d(128, 128, kernel_size=(3, 3), stride=(1, 1), padding=(1, 1), bias=False)
                  (bn): BatchNorm2d(128, eps=0.001, momentum=0.03, affine=True, track_running_stats=True)
                  (bn_skip): BatchNorm2d(128, eps=0.001, momentum=0.03, affine=True, track_running_stats=True)
                  (act): SiLU(inplace=True)
                )
              )
              (1): Bottleneck(
                (cv1): SwitchableConv(
                  (conv): Conv2d(128, 128, kernel_size=(3, 3), stride=(1, 1), padding=(1, 1), bias=False)
                  (bn): BatchNorm2d(128, eps=0.001, momentum=0.03, affine=True, track_running_stats=True)
                  (bn_skip): BatchNorm2d(128, eps=0.001, momentum=0.03, affine=True, track_running_stats=True)
                  (act): SiLU(inplace=True)
                )
                (cv2): SwitchableConv(
                  (conv): Conv2d(128, 128, kernel_size=(3, 3), stride=(1, 1), padding=(1, 1), bias=False)
                  (bn): BatchNorm2d(128, eps=0.001, momentum=0.03, affine=True, track_running_stats=True)
                  (bn_skip): BatchNorm2d(128, eps=0.001, momentum=0.03, affine=True, track_running_stats=True)
                  (act): SiLU(inplace=True)
                )
              )
            )
          )
          (1): C3k(
            (cv1): Conv(
              (conv): Conv2d(256, 128, kernel_size=(1, 1), stride=(1, 1), bias=False)
              (bn): BatchNorm2d(128, eps=0.001, momentum=0.03, affine=True, track_running_stats=True)
              (act): SiLU(inplace=True)
            )
            (cv2): Conv(
              (conv): Conv2d(256, 128, kernel_size=(1, 1), stride=(1, 1), bias=False)
              (bn): BatchNorm2d(128, eps=0.001, momentum=0.03, affine=True, track_running_stats=True)
              (act): SiLU(inplace=True)
            )
            (cv3): Conv(
              (conv): Conv2d(256, 256, kernel_size=(1, 1), stride=(1, 1), bias=False)
              (bn): BatchNorm2d(256, eps=0.001, momentum=0.03, affine=True, track_running_stats=True)
              (act): SiLU(inplace=True)
            )
            (m): Sequential(
              (0): Bottleneck(
                (cv1): Conv(
                  (conv): Conv2d(128, 128, kernel_size=(3, 3), stride=(1, 1), padding=(1, 1), bias=False)
                  (bn): BatchNorm2d(128, eps=0.001, momentum=0.03, affine=True, track_running_stats=True)
                  (act): SiLU(inplace=True)
                )
                (cv2): Conv(
                  (conv): Conv2d(128, 128, kernel_size=(3, 3), stride=(1, 1), padding=(1, 1), bias=False)
                  (bn): BatchNorm2d(128, eps=0.001, momentum=0.03, affine=True, track_running_stats=True)
                  (act): SiLU(inplace=True)
                )
              )
              (1): Bottleneck(
                (cv1): Conv(
                  (conv): Conv2d(128, 128, kernel_size=(3, 3), stride=(1, 1), padding=(1, 1), bias=False)
                  (bn): BatchNorm2d(128, eps=0.001, momentum=0.03, affine=True, track_running_stats=True)
                  (act): SiLU(inplace=True)
                )
                (cv2): Conv(
                  (conv): Conv2d(128, 128, kernel_size=(3, 3), stride=(1, 1), padding=(1, 1), bias=False)
                  (bn): BatchNorm2d(128, eps=0.001, momentum=0.03, affine=True, track_running_stats=True)
                  (act): SiLU(inplace=True)
                )
              )
            )
          )
        )
      )
      (18): SwitchableConv(
        (conv): Conv2d(512, 512, kernel_size=(3, 3), stride=(2, 2), padding=(1, 1), bias=False)
        (bn): BatchNorm2d(512, eps=0.001, momentum=0.03, affine=True, track_running_stats=True)
        (bn_skip): BatchNorm2d(512, eps=0.001, momentum=0.03, affine=True, track_running_stats=True)
        (act): SiLU(inplace=True)
      )
      (19): Concat()
      (20): SwitchableC3k2(
        (cv1): SwitchableConv(
          (conv): Conv2d(1024, 512, kernel_size=(1, 1), stride=(1, 1), bias=False)
          (bn): BatchNorm2d(512, eps=0.001, momentum=0.03, affine=True, track_running_stats=True)
          (bn_skip): BatchNorm2d(512, eps=0.001, momentum=0.03, affine=True, track_running_stats=True)
          (act): SiLU(inplace=True)
        )
        (cv2): SwitchableConv(
          (conv): Conv2d(1024, 512, kernel_size=(1, 1), stride=(1, 1), bias=False)
          (bn): BatchNorm2d(512, eps=0.001, momentum=0.03, affine=True, track_running_stats=True)
          (bn_skip): BatchNorm2d(512, eps=0.001, momentum=0.03, affine=True, track_running_stats=True)
          (act): SiLU(inplace=True)
        )
        (m): ModuleList(
          (0-1): 2 x SkippableC3k(
            (cv1): SwitchableConv(
              (conv): Conv2d(256, 128, kernel_size=(1, 1), stride=(1, 1), bias=False)
              (bn): BatchNorm2d(128, eps=0.001, momentum=0.03, affine=True, track_running_stats=True)
              (bn_skip): BatchNorm2d(128, eps=0.001, momentum=0.03, affine=True, track_running_stats=True)
              (act): SiLU(inplace=True)
            )
            (cv2): SwitchableConv(
              (conv): Conv2d(256, 128, kernel_size=(1, 1), stride=(1, 1), bias=False)
              (bn): BatchNorm2d(128, eps=0.001, momentum=0.03, affine=True, track_running_stats=True)
              (bn_skip): BatchNorm2d(128, eps=0.001, momentum=0.03, affine=True, track_running_stats=True)
              (act): SiLU(inplace=True)
            )
            (cv3): SwitchableConv(
              (conv): Conv2d(256, 256, kernel_size=(1, 1), stride=(1, 1), bias=False)
              (bn): BatchNorm2d(256, eps=0.001, momentum=0.03, affine=True, track_running_stats=True)
              (bn_skip): BatchNorm2d(256, eps=0.001, momentum=0.03, affine=True, track_running_stats=True)
              (act): SiLU(inplace=True)
            )
            (m): SkippableSequential(
              (0): Bottleneck(
                (cv1): SwitchableConv(
                  (conv): Conv2d(128, 128, kernel_size=(3, 3), stride=(1, 1), padding=(1, 1), bias=False)
                  (bn): BatchNorm2d(128, eps=0.001, momentum=0.03, affine=True, track_running_stats=True)
                  (bn_skip): BatchNorm2d(128, eps=0.001, momentum=0.03, affine=True, track_running_stats=True)
                  (act): SiLU(inplace=True)
                )
                (cv2): SwitchableConv(
                  (conv): Conv2d(128, 128, kernel_size=(3, 3), stride=(1, 1), padding=(1, 1), bias=False)
                  (bn): BatchNorm2d(128, eps=0.001, momentum=0.03, affine=True, track_running_stats=True)
                  (bn_skip): BatchNorm2d(128, eps=0.001, momentum=0.03, affine=True, track_running_stats=True)
                  (act): SiLU(inplace=True)
                )
              )
              (1): Bottleneck(
                (cv1): Conv(
                  (conv): Conv2d(128, 128, kernel_size=(3, 3), stride=(1, 1), padding=(1, 1), bias=False)
                  (bn): BatchNorm2d(128, eps=0.001, momentum=0.03, affine=True, track_running_stats=True)
                  (act): SiLU(inplace=True)
                )
                (cv2): Conv(
                  (conv): Conv2d(128, 128, kernel_size=(3, 3), stride=(1, 1), padding=(1, 1), bias=False)
                  (bn): BatchNorm2d(128, eps=0.001, momentum=0.03, affine=True, track_running_stats=True)
                  (act): SiLU(inplace=True)
                )
              )
            )
          )
        )
      )
      (21): Detect(
        (cv2): ModuleList(
          (0): Sequential(
            (0): Conv(
              (conv): Conv2d(256, 64, kernel_size=(3, 3), stride=(1, 1), padding=(1, 1), bias=False)
              (bn): BatchNorm2d(64, eps=0.001, momentum=0.03, affine=True, track_running_stats=True)
              (act): SiLU(inplace=True)
            )
            (1): Conv(
              (conv): Conv2d(64, 64, kernel_size=(3, 3), stride=(1, 1), padding=(1, 1), bias=False)
              (bn): BatchNorm2d(64, eps=0.001, momentum=0.03, affine=True, track_running_stats=True)
              (act): SiLU(inplace=True)
            )
            (2): Conv2d(64, 64, kernel_size=(1, 1), stride=(1, 1))
          )
          (1-2): 2 x Sequential(
            (0): Conv(
              (conv): Conv2d(512, 64, kernel_size=(3, 3), stride=(1, 1), padding=(1, 1), bias=False)
              (bn): BatchNorm2d(64, eps=0.001, momentum=0.03, affine=True, track_running_stats=True)
              (act): SiLU(inplace=True)
            )
            (1): Conv(
              (conv): Conv2d(64, 64, kernel_size=(3, 3), stride=(1, 1), padding=(1, 1), bias=False)
              (bn): BatchNorm2d(64, eps=0.001, momentum=0.03, affine=True, track_running_stats=True)
              (act): SiLU(inplace=True)
            )
            (2): Conv2d(64, 64, kernel_size=(1, 1), stride=(1, 1))
          )
        )
        (cv3): ModuleList(
          (0): Sequential(
            (0): Sequential(
              (0): DWConv(
                (conv): Conv2d(256, 256, kernel_size=(3, 3), stride=(1, 1), padding=(1, 1), groups=256, bias=False)
                (bn): BatchNorm2d(256, eps=0.001, momentum=0.03, affine=True, track_running_stats=True)
                (act): SiLU(inplace=True)
              )
              (1): Conv(
                (conv): Conv2d(256, 256, kernel_size=(1, 1), stride=(1, 1), bias=False)
                (bn): BatchNorm2d(256, eps=0.001, momentum=0.03, affine=True, track_running_stats=True)
                (act): SiLU(inplace=True)
              )
            )
            (1): Sequential(
              (0): DWConv(
                (conv): Conv2d(256, 256, kernel_size=(3, 3), stride=(1, 1), padding=(1, 1), groups=256, bias=False)
                (bn): BatchNorm2d(256, eps=0.001, momentum=0.03, affine=True, track_running_stats=True)
                (act): SiLU(inplace=True)
              )
              (1): Conv(
                (conv): Conv2d(256, 256, kernel_size=(1, 1), stride=(1, 1), bias=False)
                (bn): BatchNorm2d(256, eps=0.001, momentum=0.03, affine=True, track_running_stats=True)
                (act): SiLU(inplace=True)
              )
            )
            (2): Conv2d(256, 10, kernel_size=(1, 1), stride=(1, 1))
          )
          (1-2): 2 x Sequential(
            (0): Sequential(
              (0): DWConv(
                (conv): Conv2d(512, 512, kernel_size=(3, 3), stride=(1, 1), padding=(1, 1), groups=512, bias=False)
                (bn): BatchNorm2d(512, eps=0.001, momentum=0.03, affine=True, track_running_stats=True)
                (act): SiLU(inplace=True)
              )
              (1): Conv(
                (conv): Conv2d(512, 256, kernel_size=(1, 1), stride=(1, 1), bias=False)
                (bn): BatchNorm2d(256, eps=0.001, momentum=0.03, affine=True, track_running_stats=True)
                (act): SiLU(inplace=True)
              )
            )
            (1): Sequential(
              (0): DWConv(
                (conv): Conv2d(256, 256, kernel_size=(3, 3), stride=(1, 1), padding=(1, 1), groups=256, bias=False)
                (bn): BatchNorm2d(256, eps=0.001, momentum=0.03, affine=True, track_running_stats=True)
                (act): SiLU(inplace=True)
              )
              (1): Conv(
                (conv): Conv2d(256, 256, kernel_size=(1, 1), stride=(1, 1), bias=False)
                (bn): BatchNorm2d(256, eps=0.001, momentum=0.03, affine=True, track_running_stats=True)
                (act): SiLU(inplace=True)
              )
            )
            (2): Conv2d(256, 10, kernel_size=(1, 1), stride=(1, 1))
          )
        )
        (dfl): DFL(
          (conv): Conv2d(16, 1, kernel_size=(1, 1), stride=(1, 1), bias=False)
        )
      )
    )
  )
)
Image sizes 640 train, 640 val
Using 16 dataloader workers
Logging results to [1mruns/bdd100k/detect/anydepth-yolov12l/train[0m
Starting training for 50 epochs...

[FLOPs] Super model (skip=False) @ 384x640:
| module             | #parameters or shape   | #flops   |
|:-------------------|:-----------------------|:---------|
| base_model.model   | 27.296M                | 24.761G  |
| 0                  | 1.856K                 | 0.114G   |
| 0.conv             | 1.728K                 | 0.106G   |
| 0.conv.weight      | (64, 3, 3, 3)          |          |
| 0.bn               | 0.128K                 | 7.864M   |
| 0.bn.weight        | (64,)                  |          |
| 0.bn.bias          | (64,)                  |          |
| 1                  | 37.12K                 | 0.57G    |
| 1.conv             | 36.864K                | 0.566G   |
| 1.conv.weight      | (128, 32, 3, 3)        |          |
| 1.bn               | 0.256K                 | 3.932M   |
| 1.bn.weight        | (128,)                 |          |
| 1.bn.bias          | (128,)                 |          |
| 2                  | 0.175M                 | 2.67G    |
| 2.cv1              | 16.896K                | 0.256G   |
| 2.cv1.conv         | 16.384K                | 0.252G   |
| 2.cv1.bn           | 0.256K                 | 3.932M   |
| 2.cv1.bn_skip      | 0.256K                 |          |
| 2.cv2              | 66.56K                 | 1.014G   |
| 2.cv2.conv         | 65.536K                | 1.007G   |
| 2.cv2.bn           | 0.512K                 | 7.864M   |
| 2.cv2.bn_skip      | 0.512K                 |          |
| 2.m                | 91.904K                | 1.4G     |
| 2.m.0              | 45.952K                | 0.7G     |
| 2.m.1              | 45.952K                | 0.7G     |
| 3                  | 0.148M                 | 0.568G   |
| 3.conv             | 0.147M                 | 0.566G   |
| 3.conv.weight      | (256, 64, 3, 3)        |          |
| 3.bn               | 0.512K                 | 1.966M   |
| 3.bn.weight        | (256,)                 |          |
| 3.bn.bias          | (256,)                 |          |
| 3.bn_skip          | 0.512K                 |          |
| 3.bn_skip.weight   | (256,)                 |          |
| 3.bn_skip.bias     | (256,)                 |          |
| 4                  | 0.695M                 | 2.656G   |
| 4.cv1              | 66.56K                 | 0.254G   |
| 4.cv1.conv         | 65.536K                | 0.252G   |
| 4.cv1.bn           | 0.512K                 | 1.966M   |
| 4.cv1.bn_skip      | 0.512K                 |          |
| 4.cv2              | 0.264M                 | 1.011G   |
| 4.cv2.conv         | 0.262M                 | 1.007G   |
| 4.cv2.bn           | 1.024K                 | 3.932M   |
| 4.cv2.bn_skip      | 1.024K                 |          |
| 4.m                | 0.364M                 | 1.392G   |
| 4.m.0              | 0.182M                 | 0.696G   |
| 4.m.1              | 0.182M                 | 0.696G   |
| 5                  | 2.361M                 | 2.266G   |
| 5.conv             | 2.359M                 | 2.265G   |
| 5.conv.weight      | (512, 512, 3, 3)       |          |
| 5.bn               | 1.024K                 | 0.983M   |
| 5.bn.weight        | (512,)                 |          |
| 5.bn.bias          | (512,)                 |          |
| 5.bn_skip          | 1.024K                 |          |
| 5.bn_skip.weight   | (512,)                 |          |
| 5.bn_skip.bias     | (512,)                 |          |
| 6                  | 4.951M                 | 4.358G   |
| 6.gamma            | (512,)                 |          |
| 6.cv1              | 0.132M                 | 0.126G   |
| 6.cv1.conv         | 0.131M                 | 0.126G   |
| 6.cv1.bn           | 0.512K                 | 0.492M   |
| 6.cv1.bn_skip      | 0.512K                 |          |
| 6.cv2              | 1.051M                 | 0.63G    |
| 6.cv2.conv         | 0.655M                 | 0.629G   |
| 6.cv2.bn           | 1.024K                 | 0.983M   |
| 6.cv2.bn_skip      | 1.024K                 |          |
| 6.cv2.conv_skip    | 0.393M                 |          |
| 6.m                | 3.767M                 | 3.602G   |
| 6.m.0              | 0.946M                 | 0.9G     |
| 6.m.1              | 0.946M                 | 0.9G     |
| 6.m.2              | 0.938M                 | 0.9G     |
| 6.m.3              | 0.938M                 | 0.9G     |
| 7                  | 2.361M                 | 0.566G   |
| 7.conv             | 2.359M                 | 0.566G   |
| 7.conv.weight      | (512, 512, 3, 3)       |          |
| 7.bn               | 1.024K                 | 0.246M   |
| 7.bn.weight        | (512,)                 |          |
| 7.bn.bias          | (512,)                 |          |
| 7.bn_skip          | 1.024K                 |          |
| 7.bn_skip.weight   | (512,)                 |          |
| 7.bn_skip.bias     | (512,)                 |          |
| 8                  | 4.951M                 | 1.09G    |
| 8.gamma            | (512,)                 |          |
| 8.cv1              | 0.132M                 | 31.58M   |
| 8.cv1.conv         | 0.131M                 | 31.457M  |
| 8.cv1.bn           | 0.512K                 | 0.123M   |
| 8.cv1.bn_skip      | 0.512K                 |          |
| 8.cv2              | 1.051M                 | 0.158G   |
| 8.cv2.conv         | 0.655M                 | 0.157G   |
| 8.cv2.bn           | 1.024K                 | 0.246M   |
| 8.cv2.bn_skip      | 1.024K                 |          |
| 8.cv2.conv_skip    | 0.393M                 |          |
| 8.m                | 3.767M                 | 0.9G     |
| 8.m.0              | 0.946M                 | 0.225G   |
| 8.m.1              | 0.946M                 | 0.225G   |
| 8.m.2              | 0.938M                 | 0.225G   |
| 8.m.3              | 0.938M                 | 0.225G   |
| 11                 | 2.106M                 | 2.019G   |
| 11.cv1             | 0.263M                 | 0.252G   |
| 11.cv1.conv        | 0.262M                 | 0.252G   |
| 11.cv1.bn          | 0.512K                 | 0.492M   |
| 11.cv1.bn_skip     | 0.512K                 |          |
| 11.cv2             | 0.395M                 | 0.378G   |
| 11.cv2.conv        | 0.393M                 | 0.377G   |
| 11.cv2.bn          | 1.024K                 | 0.983M   |
| 11.cv2.bn_skip     | 1.024K                 |          |
| 11.m               | 1.448M                 | 1.388G   |
| 11.m.0             | 0.725M                 | 0.694G   |
| 11.m.1             | 0.723M                 | 0.694G   |
| 14                 | 0.594M                 | 2.276G   |
| 14.cv1             | 0.132M                 | 0.504G   |
| 14.cv1.conv        | 0.131M                 | 0.503G   |
| 14.cv1.bn          | 0.256K                 | 0.983M   |
| 14.cv1.bn_skip     | 0.256K                 |          |
| 14.cv2             | 99.328K                | 0.379G   |
| 14.cv2.conv        | 98.304K                | 0.377G   |
| 14.cv2.bn          | 0.512K                 | 1.966M   |
| 14.cv2.bn_skip     | 0.512K                 |          |
| 14.m               | 0.364M                 | 1.392G   |
| 14.m.0             | 0.182M                 | 0.696G   |
| 14.m.1             | 0.181M                 | 0.696G   |
| 15                 | 0.591M                 | 0.567G   |
| 15.conv            | 0.59M                  | 0.566G   |
| 15.conv.weight     | (256, 256, 3, 3)       |          |
| 15.bn              | 0.512K                 | 0.492M   |
| 15.bn.weight       | (256,)                 |          |
| 15.bn.bias         | (256,)                 |          |
| 15.bn_skip         | 0.512K                 |          |
| 15.bn_skip.weight  | (256,)                 |          |
| 15.bn_skip.bias    | (256,)                 |          |
| 17                 | 2.041M                 | 1.956G   |
| 17.cv1             | 0.198M                 | 0.189G   |
| 17.cv1.conv        | 0.197M                 | 0.189G   |
| 17.cv1.bn          | 0.512K                 | 0.492M   |
| 17.cv1.bn_skip     | 0.512K                 |          |
| 17.cv2             | 0.395M                 | 0.378G   |
| 17.cv2.conv        | 0.393M                 | 0.377G   |
| 17.cv2.bn          | 1.024K                 | 0.983M   |
| 17.cv2.bn_skip     | 1.024K                 |          |
| 17.m               | 1.448M                 | 1.388G   |
| 17.m.0             | 0.725M                 | 0.694G   |
| 17.m.1             | 0.723M                 | 0.694G   |
| 18                 | 2.361M                 | 0.566G   |
| 18.conv            | 2.359M                 | 0.566G   |
| 18.conv.weight     | (512, 512, 3, 3)       |          |
| 18.bn              | 1.024K                 | 0.246M   |
| 18.bn.weight       | (512,)                 |          |
| 18.bn.bias         | (512,)                 |          |
| 18.bn_skip         | 1.024K                 |          |
| 18.bn_skip.weight  | (512,)                 |          |
| 18.bn_skip.bias    | (512,)                 |          |
| 20                 | 2.502M                 | 0.599G   |
| 20.cv1             | 0.526M                 | 0.126G   |
| 20.cv1.conv        | 0.524M                 | 0.126G   |
| 20.cv1.bn          | 1.024K                 | 0.246M   |
| 20.cv1.bn_skip     | 1.024K                 |          |
| 20.cv2             | 0.526M                 | 0.126G   |
| 20.cv2.conv        | 0.524M                 | 0.126G   |
| 20.cv2.bn          | 1.024K                 | 0.246M   |
| 20.cv2.bn_skip     | 1.024K                 |          |
| 20.m               | 1.449M                 | 0.347G   |
| 20.m.0             | 0.724M                 | 0.174G   |
| 20.m.1             | 0.724M                 | 0.174G   |
| 21                 | 1.419M                 | 1.917G   |
| 21.cv2             | 0.861M                 | 1.128G   |
| 21.cv2.0           | 0.189M                 | 0.725G   |
| 21.cv2.1           | 0.336M                 | 0.323G   |
| 21.cv2.2           | 0.336M                 | 80.671M  |
| 21.cv3             | 0.558M                 | 0.789G   |
| 21.cv3.0           | 0.14M                  | 0.539G   |
| 21.cv3.1           | 0.209M                 | 0.2G     |
| 21.cv3.2           | 0.209M                 | 50.074M  |
| 21.dfl.conv        | 16                     | 0.323M   |
| 21.dfl.conv.weight | (1, 16, 1, 1)          |          |
| 9                  |                        | 0.492M   |
| 12                 |                        | 1.966M   |
  MACs  (super): 24.76 GMACs
  FLOPs (super): 49.52 GFLOPs

[FLOPs] Base model (skip=True) @ 384x640:
| module             | #parameters or shape   | #flops   |
|:-------------------|:-----------------------|:---------|
| base_model.model   | 27.296M                | 18.454G  |
| 0                  | 1.856K                 | 0.114G   |
| 0.conv             | 1.728K                 | 0.106G   |
| 0.conv.weight      | (64, 3, 3, 3)          |          |
| 0.bn               | 0.128K                 | 7.864M   |
| 0.bn.weight        | (64,)                  |          |
| 0.bn.bias          | (64,)                  |          |
| 1                  | 37.12K                 | 0.57G    |
| 1.conv             | 36.864K                | 0.566G   |
| 1.conv.weight      | (128, 32, 3, 3)        |          |
| 1.bn               | 0.256K                 | 3.932M   |
| 1.bn.weight        | (128,)                 |          |
| 1.bn.bias          | (128,)                 |          |
| 2                  | 0.175M                 | 2.1G     |
| 2.cv1              | 16.896K                | 0.256G   |
| 2.cv1.conv         | 16.384K                | 0.252G   |
| 2.cv1.bn           | 0.256K                 |          |
| 2.cv1.bn_skip      | 0.256K                 | 3.932M   |
| 2.cv2              | 66.56K                 | 1.014G   |
| 2.cv2.conv         | 65.536K                | 1.007G   |
| 2.cv2.bn           | 0.512K                 |          |
| 2.cv2.bn_skip      | 0.512K                 | 7.864M   |
| 2.m                | 91.904K                | 0.83G    |
| 2.m.0              | 45.952K                | 0.415G   |
| 2.m.1              | 45.952K                | 0.415G   |
| 3                  | 0.148M                 | 0.568G   |
| 3.conv             | 0.147M                 | 0.566G   |
| 3.conv.weight      | (256, 64, 3, 3)        |          |
| 3.bn               | 0.512K                 |          |
| 3.bn.weight        | (256,)                 |          |
| 3.bn.bias          | (256,)                 |          |
| 3.bn_skip          | 0.512K                 | 1.966M   |
| 3.bn_skip.weight   | (256,)                 |          |
| 3.bn_skip.bias     | (256,)                 |          |
| 4                  | 0.695M                 | 2.088G   |
| 4.cv1              | 66.56K                 | 0.254G   |
| 4.cv1.conv         | 65.536K                | 0.252G   |
| 4.cv1.bn           | 0.512K                 |          |
| 4.cv1.bn_skip      | 0.512K                 | 1.966M   |
| 4.cv2              | 0.264M                 | 1.011G   |
| 4.cv2.conv         | 0.262M                 | 1.007G   |
| 4.cv2.bn           | 1.024K                 |          |
| 4.cv2.bn_skip      | 1.024K                 | 3.932M   |
| 4.m                | 0.364M                 | 0.824G   |
| 4.m.0              | 0.182M                 | 0.412G   |
| 4.m.1              | 0.182M                 | 0.412G   |
| 5                  | 2.361M                 | 2.266G   |
| 5.conv             | 2.359M                 | 2.265G   |
| 5.conv.weight      | (512, 512, 3, 3)       |          |
| 5.bn               | 1.024K                 |          |
| 5.bn.weight        | (512,)                 |          |
| 5.bn.bias          | (512,)                 |          |
| 5.bn_skip          | 1.024K                 | 0.983M   |
| 5.bn_skip.weight   | (512,)                 |          |
| 5.bn_skip.bias     | (512,)                 |          |
| 6                  | 4.951M                 | 2.306G   |
| 6.gamma            | (512,)                 |          |
| 6.cv1              | 0.132M                 | 0.126G   |
| 6.cv1.conv         | 0.131M                 | 0.126G   |
| 6.cv1.bn           | 0.512K                 |          |
| 6.cv1.bn_skip      | 0.512K                 | 0.492M   |
| 6.cv2              | 1.051M                 | 0.378G   |
| 6.cv2.conv         | 0.655M                 |          |
| 6.cv2.bn           | 1.024K                 |          |
| 6.cv2.bn_skip      | 1.024K                 | 0.983M   |
| 6.cv2.conv_skip    | 0.393M                 | 0.377G   |
| 6.m                | 3.767M                 | 1.801G   |
| 6.m.0              | 0.946M                 | 0.9G     |
| 6.m.1              | 0.946M                 | 0.9G     |
| 6.m.2              | 0.938M                 |          |
| 6.m.3              | 0.938M                 |          |
| 7                  | 2.361M                 | 0.566G   |
| 7.conv             | 2.359M                 | 0.566G   |
| 7.conv.weight      | (512, 512, 3, 3)       |          |
| 7.bn               | 1.024K                 |          |
| 7.bn.weight        | (512,)                 |          |
| 7.bn.bias          | (512,)                 |          |
| 7.bn_skip          | 1.024K                 | 0.246M   |
| 7.bn_skip.weight   | (512,)                 |          |
| 7.bn_skip.bias     | (512,)                 |          |
| 8                  | 4.951M                 | 0.576G   |
| 8.gamma            | (512,)                 |          |
| 8.cv1              | 0.132M                 | 31.58M   |
| 8.cv1.conv         | 0.131M                 | 31.457M  |
| 8.cv1.bn           | 0.512K                 |          |
| 8.cv1.bn_skip      | 0.512K                 | 0.123M   |
| 8.cv2              | 1.051M                 | 94.618M  |
| 8.cv2.conv         | 0.655M                 |          |
| 8.cv2.bn           | 1.024K                 |          |
| 8.cv2.bn_skip      | 1.024K                 | 0.246M   |
| 8.cv2.conv_skip    | 0.393M                 | 94.372M  |
| 8.m                | 3.767M                 | 0.45G    |
| 8.m.0              | 0.946M                 | 0.225G   |
| 8.m.1              | 0.946M                 | 0.225G   |
| 8.m.2              | 0.938M                 |          |
| 8.m.3              | 0.938M                 |          |
| 11                 | 2.106M                 | 1.199G   |
| 11.cv1             | 0.263M                 | 0.252G   |
| 11.cv1.conv        | 0.262M                 | 0.252G   |
| 11.cv1.bn          | 0.512K                 |          |
| 11.cv1.bn_skip     | 0.512K                 | 0.492M   |
| 11.cv2             | 0.395M                 | 0.253G   |
| 11.cv2.conv        | 0.393M                 |          |
| 11.cv2.bn          | 1.024K                 |          |
| 11.cv2.bn_skip     | 1.024K                 | 0.983M   |
| 11.m               | 1.448M                 | 0.694G   |
| 11.m.0             | 0.725M                 | 0.694G   |
| 11.m.1             | 0.723M                 |          |
| 14                 | 0.594M                 | 1.454G   |
| 14.cv1             | 0.132M                 | 0.504G   |
| 14.cv1.conv        | 0.131M                 | 0.503G   |
| 14.cv1.bn          | 0.256K                 |          |
| 14.cv1.bn_skip     | 0.256K                 | 0.983M   |
| 14.cv2             | 99.328K                | 0.254G   |
| 14.cv2.conv        | 98.304K                |          |
| 14.cv2.bn          | 0.512K                 |          |
| 14.cv2.bn_skip     | 0.512K                 | 1.966M   |
| 14.m               | 0.364M                 | 0.696G   |
| 14.m.0             | 0.182M                 | 0.696G   |
| 14.m.1             | 0.181M                 |          |
| 15                 | 0.591M                 | 0.567G   |
| 15.conv            | 0.59M                  | 0.566G   |
| 15.conv.weight     | (256, 256, 3, 3)       |          |
| 15.bn              | 0.512K                 |          |
| 15.bn.weight       | (256,)                 |          |
| 15.bn.bias         | (256,)                 |          |
| 15.bn_skip         | 0.512K                 | 0.492M   |
| 15.bn_skip.weight  | (256,)                 |          |
| 15.bn_skip.bias    | (256,)                 |          |
| 17                 | 2.041M                 | 1.136G   |
| 17.cv1             | 0.198M                 | 0.189G   |
| 17.cv1.conv        | 0.197M                 | 0.189G   |
| 17.cv1.bn          | 0.512K                 |          |
| 17.cv1.bn_skip     | 0.512K                 | 0.492M   |
| 17.cv2             | 0.395M                 | 0.253G   |
| 17.cv2.conv        | 0.393M                 |          |
| 17.cv2.bn          | 1.024K                 |          |
| 17.cv2.bn_skip     | 1.024K                 | 0.983M   |
| 17.m               | 1.448M                 | 0.694G   |
| 17.m.0             | 0.725M                 | 0.694G   |
| 17.m.1             | 0.723M                 |          |
| 18                 | 2.361M                 | 0.566G   |
| 18.conv            | 2.359M                 | 0.566G   |
| 18.conv.weight     | (512, 512, 3, 3)       |          |
| 18.bn              | 1.024K                 |          |
| 18.bn.weight       | (512,)                 |          |
| 18.bn.bias         | (512,)                 |          |
| 18.bn_skip         | 1.024K                 | 0.246M   |
| 18.bn_skip.weight  | (512,)                 |          |
| 18.bn_skip.bias    | (512,)                 |          |
| 20                 | 2.502M                 | 0.457G   |
| 20.cv1             | 0.526M                 | 0.126G   |
| 20.cv1.conv        | 0.524M                 | 0.126G   |
| 20.cv1.bn          | 1.024K                 |          |
| 20.cv1.bn_skip     | 1.024K                 | 0.246M   |
| 20.cv2             | 0.526M                 | 0.126G   |
| 20.cv2.conv        | 0.524M                 | 0.126G   |
| 20.cv2.bn          | 1.024K                 |          |
| 20.cv2.bn_skip     | 1.024K                 | 0.246M   |
| 20.m               | 1.449M                 | 0.205G   |
| 20.m.0             | 0.724M                 | 0.103G   |
| 20.m.1             | 0.724M                 | 0.103G   |
| 21                 | 1.419M                 | 1.917G   |
| 21.cv2             | 0.861M                 | 1.128G   |
| 21.cv2.0           | 0.189M                 | 0.725G   |
| 21.cv2.1           | 0.336M                 | 0.323G   |
| 21.cv2.2           | 0.336M                 | 80.671M  |
| 21.cv3             | 0.558M                 | 0.789G   |
| 21.cv3.0           | 0.14M                  | 0.539G   |
| 21.cv3.1           | 0.209M                 | 0.2G     |
| 21.cv3.2           | 0.209M                 | 50.074M  |
| 21.dfl.conv        | 16                     | 0.323M   |
| 21.dfl.conv.weight | (1, 16, 1, 1)          |          |
| 9                  |                        | 0.492M   |
| 12                 |                        | 1.966M   |
  MACs  (base): 18.45 GMACs
  FLOPs (base): 36.91 GFLOPs

           Epoch         GPU_mem          box_om          cls_om          dfl_om          box_oo          cls_oo          dfl_oo       Instances            Size
/home/hslee/anaconda3/envs/yolov12/lib/python3.11/site-packages/torch/autograd/__init__.py:266: UserWarning: Grad strides do not match bucket view strides. This may indicate grad was not created according to the gradient layout contract, or that the param's strides changed since DDP was constructed.  This is not an error, but may impair performance.
grad.sizes() = [256, 256, 1, 1], strides() = [256, 1, 256, 256]
bucket_view.sizes() = [256, 256, 1, 1], strides() = [256, 1, 1, 1] (Triggered internally at ../torch/csrc/distributed/c10d/reducer.cpp:322.)
  Variable._execution_engine.run_backward(  # Calls into the C++ engine to run the backward pass
/home/hslee/anaconda3/envs/yolov12/lib/python3.11/site-packages/torch/autograd/__init__.py:266: UserWarning: Grad strides do not match bucket view strides. This may indicate grad was not created according to the gradient layout contract, or that the param's strides changed since DDP was constructed.  This is not an error, but may impair performance.
grad.sizes() = [256, 256, 1, 1], strides() = [256, 1, 256, 256]
bucket_view.sizes() = [256, 256, 1, 1], strides() = [256, 1, 1, 1] (Triggered internally at ../torch/csrc/distributed/c10d/reducer.cpp:322.)
  Variable._execution_engine.run_backward(  # Calls into the C++ engine to run the backward pass
  Epoch 1/50  Batch 1/1094 (0.1%)  | Super 368.307 (box 1.3357  cls 3.3354  dfl 1.0837)  | Base 376.622 (box 1.3696  cls 3.4263  dfl 1.0889)  | KD 42.529 (box 0.56147  cls 0.09950  dfl 0.00130  feat 0.00224)
  Epoch 1/50  Batch 110/1094 (10.1%)  | Super 290.971 (box 1.4012  cls 2.0311  dfl 1.1141)  | Base 297.388 (box 1.4292  cls 2.0945  dfl 1.1230)  | KD 35.955 (box 0.51246  cls 0.04613  dfl 0.00130  feat 0.00192)
  Epoch 1/50  Batch 219/1094 (20.0%)  | Super 239.279 (box 1.3275  cls 1.3554  dfl 1.0559)  | Base 245.042 (box 1.3601  cls 1.3960  dfl 1.0727)  | KD 29.644 (box 0.42608  cls 0.03403  dfl 0.00103  feat 0.00205)
  Epoch 1/50  Batch 328/1094 (30.0%)  | Super 222.222 (box 1.3351  cls 1.0571  dfl 1.0800)  | Base 224.945 (box 1.3256  cls 1.1284  dfl 1.0607)  | KD 26.988 (box 0.39368  cls 0.02514  dfl 0.00084  feat 0.00204)
  Epoch 1/50  Batch 437/1094 (39.9%)  | Super 222.478 (box 1.3893  cls 1.0432  dfl 1.0437)  | Base 229.098 (box 1.4244  cls 1.0925  dfl 1.0628)  | KD 27.146 (box 0.39354  cls 0.02769  dfl 0.00084  feat 0.00208)
  Epoch 1/50  Batch 546/1094 (49.9%)  | Super 198.025 (box 1.2373  cls 0.8608  dfl 0.9961)  | Base 202.283 (box 1.2545  cls 0.9047  dfl 1.0015)  | KD 23.495 (box 0.34221  cls 0.02205  dfl 0.00078  feat 0.00207)
  Epoch 1/50  Batch 655/1094 (59.9%)  | Super 211.517 (box 1.3544  cls 0.9315  dfl 1.0190)  | Base 216.285 (box 1.3778  cls 0.9819  dfl 1.0198)  | KD 27.037 (box 0.40229  cls 0.01708  dfl 0.00090  feat 0.00218)
  Epoch 1/50  Batch 764/1094 (69.8%)  | Super 222.982 (box 1.4523  cls 0.9540  dfl 1.0778)  | Base 227.942 (box 1.4616  cls 1.0193  dfl 1.0807)  | KD 29.069 (box 0.42986  cls 0.02119  dfl 0.00093  feat 0.00222)
  Epoch 1/50  Batch 873/1094 (79.8%)  | Super 203.123 (box 1.3077  cls 0.8504  dfl 1.0157)  | Base 207.759 (box 1.3313  cls 0.9004  dfl 1.0146)  | KD 23.111 (box 0.33607  cls 0.02242  dfl 0.00078  feat 0.00184)
  Epoch 1/50  Batch 982/1094 (89.8%)  | Super 208.944 (box 1.3416  cls 0.8433  dfl 1.0799)  | Base 215.440 (box 1.3647  cls 0.9138  dfl 1.0878)  | KD 25.644 (box 0.37866  cls 0.01927  dfl 0.00078  feat 0.00197)
  Epoch 1/50  Batch 1091/1094 (99.7%)  | Super 187.117 (box 1.1781  cls 0.7619  dfl 0.9837)  | Base 191.560 (box 1.1907  cls 0.8206  dfl 0.9819)  | KD 20.680 (box 0.30506  cls 0.01544  dfl 0.00072  feat 0.00189)

================================================================================
  [Validation] Super model (skip=False)  |  Epoch 1/50
================================================================================
[*] Validation input tensor shape: torch.Size([64, 3, 384, 672])
                 Class     Images  Instances      Box(P          R      mAP50  mAP50-95)
                   all      10000     185578      0.654      0.367      0.403      0.233

================================================================================
  [Validation] Base model  (skip=True)   |  Epoch 1/50
================================================================================
[*] Validation input tensor shape: torch.Size([64, 3, 384, 672])
                 Class     Images  Instances      Box(P          R      mAP50  mAP50-95)
                   all      10000     185578      0.646      0.353      0.387      0.224

           Epoch         GPU_mem          box_om          cls_om          dfl_om          box_oo          cls_oo          dfl_oo       Instances            Size
  Epoch 2/50  Batch 1/1094 (0.1%)  | Super 187.727 (box 1.1904  cls 0.7633  dfl 0.9794)  | Base 191.745 (box 1.2064  cls 0.8061  dfl 0.9835)  | KD 20.900 (box 0.30537  cls 0.01853  dfl 0.00076  feat 0.00191)
  Epoch 2/50  Batch 110/1094 (10.1%)  | Super 199.320 (box 1.3107  cls 0.8186  dfl 0.9851)  | Base 203.568 (box 1.3417  cls 0.8536  dfl 0.9854)  | KD 23.270 (box 0.34463  cls 0.01649  dfl 0.00071  feat 0.00176)
  Epoch 2/50  Batch 219/1094 (20.0%)  | Super 198.842 (box 1.2829  cls 0.7898  dfl 1.0342)  | Base 205.437 (box 1.3245  cls 0.8467  dfl 1.0388)  | KD 20.989 (box 0.30937  cls 0.01627  dfl 0.00065  feat 0.00167)
  Epoch 2/50  Batch 328/1094 (30.0%)  | Super 189.090 (box 1.2320  cls 0.7294  dfl 0.9931)  | Base 192.530 (box 1.2431  cls 0.7688  dfl 0.9963)  | KD 21.124 (box 0.31380  cls 0.01387  dfl 0.00068  feat 0.00171)
  Epoch 2/50  Batch 437/1094 (39.9%)  | Super 198.699 (box 1.3088  cls 0.7930  dfl 1.0028)  | Base 203.298 (box 1.3359  cls 0.8364  dfl 1.0042)  | KD 21.198 (box 0.31361  cls 0.01525  dfl 0.00067  feat 0.00169)
  Epoch 2/50  Batch 546/1094 (49.9%)  | Super 182.286 (box 1.1652  cls 0.7354  dfl 0.9476)  | Base 185.740 (box 1.1766  cls 0.7723  dfl 0.9532)  | KD 21.753 (box 0.32391  cls 0.01356  dfl 0.00072  feat 0.00170)
  Epoch 2/50  Batch 655/1094 (59.9%)  | Super 200.391 (box 1.3387  cls 0.7912  dfl 1.0012)  | Base 203.025 (box 1.3515  cls 0.8233  dfl 0.9975)  | KD 23.517 (box 0.34682  cls 0.01802  dfl 0.00085  feat 0.00177)
  Epoch 2/50  Batch 764/1094 (69.8%)  | Super 198.336 (box 1.3060  cls 0.7876  dfl 1.0054)  | Base 202.788 (box 1.3277  cls 0.8329  dfl 1.0080)  | KD 21.651 (box 0.32280  cls 0.01316  dfl 0.00068  feat 0.00165)
  Epoch 2/50  Batch 873/1094 (79.8%)  | Super 195.184 (box 1.2869  cls 0.7340  dfl 1.0288)  | Base 199.510 (box 1.3118  cls 0.7642  dfl 1.0413)  | KD 20.570 (box 0.30273  cls 0.01641  dfl 0.00066  feat 0.00161)
  Epoch 2/50  Batch 982/1094 (89.8%)  | Super 196.258 (box 1.2579  cls 0.7652  dfl 1.0435)  | Base 200.625 (box 1.2771  cls 0.8142  dfl 1.0435)  | KD 21.463 (box 0.32127  cls 0.01183  dfl 0.00065  feat 0.00161)
  Epoch 2/50  Batch 1091/1094 (99.7%)  | Super 180.204 (box 1.1781  cls 0.6583  dfl 0.9793)  | Base 183.675 (box 1.1899  cls 0.6956  dfl 0.9844)  | KD 17.229 (box 0.25568  cls 0.01119  dfl 0.00061  feat 0.00173)

================================================================================
  [Validation] Super model (skip=False)  |  Epoch 2/50
================================================================================
[*] Validation input tensor shape: torch.Size([64, 3, 384, 672])
                 Class     Images  Instances      Box(P          R      mAP50  mAP50-95)
                   all      10000     185578      0.696      0.425      0.473      0.272

================================================================================
  [Validation] Base model  (skip=True)   |  Epoch 2/50
================================================================================
[*] Validation input tensor shape: torch.Size([64, 3, 384, 672])
                 Class     Images  Instances      Box(P          R      mAP50  mAP50-95)
                   all      10000     185578      0.672      0.423      0.459      0.262

           Epoch         GPU_mem          box_om          cls_om          dfl_om          box_oo          cls_oo          dfl_oo       Instances            Size
  Epoch 3/50  Batch 1/1094 (0.1%)  | Super 181.751 (box 1.1603  cls 0.6857  dfl 0.9939)  | Base 186.007 (box 1.1854  cls 0.7278  dfl 0.9932)  | KD 19.267 (box 0.28643  cls 0.01213  dfl 0.00074  feat 0.00173)
  Epoch 3/50  Batch 110/1094 (10.1%)  | Super 197.783 (box 1.2994  cls 0.7475  dfl 1.0434)  | Base 201.550 (box 1.3263  cls 0.7863  dfl 1.0366)  | KD 22.409 (box 0.32979  cls 0.01785  dfl 0.00075  feat 0.00175)
  Epoch 3/50  Batch 219/1094 (20.0%)  | Super 192.834 (box 1.2941  cls 0.7142  dfl 1.0047)  | Base 197.729 (box 1.3255  cls 0.7491  dfl 1.0149)  | KD 20.325 (box 0.30290  cls 0.01231  dfl 0.00070  feat 0.00167)
  Epoch 3/50  Batch 328/1094 (30.0%)  | Super 183.225 (box 1.1710  cls 0.6948  dfl 0.9970)  | Base 185.927 (box 1.1868  cls 0.7223  dfl 0.9960)  | KD 18.986 (box 0.28357  cls 0.01090  dfl 0.00066  feat 0.00152)
  Epoch 3/50  Batch 437/1094 (39.9%)  | Super 187.720 (box 1.2428  cls 0.7371  dfl 0.9532)  | Base 192.382 (box 1.2717  cls 0.7757  dfl 0.9585)  | KD 20.509 (box 0.30678  cls 0.01157  dfl 0.00060  feat 0.00149)
  Epoch 3/50  Batch 546/1094 (49.9%)  | Super 182.994 (box 1.1955  cls 0.6706  dfl 0.9932)  | Base 185.103 (box 1.2053  cls 0.6981  dfl 0.9889)  | KD 18.006 (box 0.26756  cls 0.01164  dfl 0.00057  feat 0.00157)
  Epoch 3/50  Batch 655/1094 (59.9%)  | Super 192.190 (box 1.3021  cls 0.7218  dfl 0.9791)  | Base 196.943 (box 1.3370  cls 0.7519  dfl 0.9883)  | KD 21.570 (box 0.32232  cls 0.01258  dfl 0.00067  feat 0.00145)
  Epoch 3/50  Batch 764/1094 (69.8%)  | Super 204.008 (box 1.3459  cls 0.8063  dfl 1.0353)  | Base 208.328 (box 1.3711  cls 0.8437  dfl 1.0403)  | KD 21.391 (box 0.32207  cls 0.01002  dfl 0.00070  feat 0.00146)
  Epoch 3/50  Batch 873/1094 (79.8%)  | Super 190.018 (box 1.2580  cls 0.6914  dfl 1.0196)  | Base 195.470 (box 1.2912  cls 0.7313  dfl 1.0318)  | KD 20.735 (box 0.31028  cls 0.01142  dfl 0.00070  feat 0.00159)
  Epoch 3/50  Batch 982/1094 (89.8%)  | Super 188.791 (box 1.2336  cls 0.7260  dfl 0.9902)  | Base 191.752 (box 1.2508  cls 0.7521  dfl 0.9933)  | KD 19.973 (box 0.29742  cls 0.01252  dfl 0.00057  feat 0.00158)
  Epoch 3/50  Batch 1091/1094 (99.7%)  | Super 178.168 (box 1.1563  cls 0.6547  dfl 0.9729)  | Base 181.853 (box 1.1782  cls 0.6888  dfl 0.9745)  | KD 16.241 (box 0.24243  cls 0.00917  dfl 0.00056  feat 0.00161)

================================================================================
  [Validation] Super model (skip=False)  |  Epoch 3/50
================================================================================
[*] Validation input tensor shape: torch.Size([64, 3, 384, 672])
                 Class     Images  Instances      Box(P          R      mAP50  mAP50-95)
                   all      10000     185578        0.7      0.452      0.493      0.284

================================================================================
  [Validation] Base model  (skip=True)   |  Epoch 3/50
================================================================================
[*] Validation input tensor shape: torch.Size([64, 3, 384, 672])
                 Class     Images  Instances      Box(P          R      mAP50  mAP50-95)
                   all      10000     185578      0.696      0.439      0.481      0.275

           Epoch         GPU_mem          box_om          cls_om          dfl_om          box_oo          cls_oo          dfl_oo       Instances            Size
  Epoch 4/50  Batch 1/1094 (0.1%)  | Super 172.930 (box 1.1116  cls 0.6320  dfl 0.9585)  | Base 175.826 (box 1.1308  cls 0.6541  dfl 0.9623)  | KD 16.482 (box 0.24516  cls 0.01024  dfl 0.00058  feat 0.00154)
  Epoch 4/50  Batch 110/1094 (10.1%)  | Super 192.320 (box 1.2767  cls 0.7141  dfl 1.0142)  | Base 196.487 (box 1.3005  cls 0.7494  dfl 1.0202)  | KD 18.942 (box 0.28454  cls 0.00936  dfl 0.00061  feat 0.00146)
  Epoch 4/50  Batch 219/1094 (20.0%)  | Super 182.796 (box 1.2032  cls 0.6736  dfl 0.9794)  | Base 187.244 (box 1.2301  cls 0.7096  dfl 0.9860)  | KD 19.585 (box 0.28863  cls 0.01529  dfl 0.00061  feat 0.00149)
  Epoch 4/50  Batch 328/1094 (30.0%)  | Super 181.518 (box 1.1876  cls 0.6652  dfl 0.9834)  | Base 182.816 (box 1.1886  cls 0.6960  dfl 0.9719)  | KD 16.920 (box 0.25247  cls 0.00989  dfl 0.00048  feat 0.00153)
  Epoch 4/50  Batch 437/1094 (39.9%)  | Super 182.704 (box 1.2078  cls 0.6955  dfl 0.9515)  | Base 185.900 (box 1.2298  cls 0.7281  dfl 0.9468)  | KD 16.786 (box 0.25051  cls 0.00988  dfl 0.00054  feat 0.00136)
  Epoch 4/50  Batch 546/1094 (49.9%)  | Super 180.697 (box 1.1850  cls 0.6565  dfl 0.9819)  | Base 182.839 (box 1.1927  cls 0.6891  dfl 0.9751)  | KD 17.778 (box 0.26377  cls 0.01196  dfl 0.00053  feat 0.00152)
  Epoch 4/50  Batch 655/1094 (59.9%)  | Super 189.658 (box 1.2906  cls 0.7238  dfl 0.9490)  | Base 191.663 (box 1.3057  cls 0.7402  dfl 0.9488)  | KD 20.562 (box 0.30597  cls 0.01318  dfl 0.00068  feat 0.00146)
  Epoch 4/50  Batch 764/1094 (69.8%)  | Super 189.731 (box 1.2707  cls 0.7013  dfl 0.9926)  | Base 192.745 (box 1.2953  cls 0.7242  dfl 0.9922)  | KD 19.886 (box 0.29898  cls 0.00972  dfl 0.00057  feat 0.00146)
  Epoch 4/50  Batch 873/1094 (79.8%)  | Super 192.155 (box 1.2886  cls 0.7206  dfl 0.9933)  | Base 194.095 (box 1.3040  cls 0.7341  dfl 0.9946)  | KD 18.779 (box 0.28106  cls 0.01035  dfl 0.00058  feat 0.00142)
  Epoch 4/50  Batch 982/1094 (89.8%)  | Super 188.607 (box 1.2518  cls 0.7014  dfl 0.9937)  | Base 190.845 (box 1.2556  cls 0.7294  dfl 0.9969)  | KD 19.294 (box 0.28962  cls 0.00992  dfl 0.00054  feat 0.00138)
  Epoch 4/50  Batch 1091/1094 (99.7%)  | Super 175.789 (box 1.1381  cls 0.6391  dfl 0.9696)  | Base 178.262 (box 1.1417  cls 0.6687  dfl 0.9750)  | KD 15.790 (box 0.23721  cls 0.00759  dfl 0.00055  feat 0.00136)

================================================================================
  [Validation] Super model (skip=False)  |  Epoch 4/50
================================================================================
[*] Validation input tensor shape: torch.Size([64, 3, 384, 672])
                 Class     Images  Instances      Box(P          R      mAP50  mAP50-95)
                   all      10000     185578      0.613       0.46      0.507      0.293

================================================================================
  [Validation] Base model  (skip=True)   |  Epoch 4/50
================================================================================
[*] Validation input tensor shape: torch.Size([64, 3, 384, 672])
                 Class     Images  Instances      Box(P          R      mAP50  mAP50-95)
                   all      10000     185578      0.606      0.451      0.497      0.285

           Epoch         GPU_mem          box_om          cls_om          dfl_om          box_oo          cls_oo          dfl_oo       Instances            Size
  Epoch 5/50  Batch 1/1094 (0.1%)  | Super 173.898 (box 1.1242  cls 0.6379  dfl 0.9551)  | Base 176.045 (box 1.1394  cls 0.6573  dfl 0.9539)  | KD 16.349 (box 0.24295  cls 0.01053  dfl 0.00059  feat 0.00138)
  Epoch 5/50  Batch 110/1094 (10.1%)  | Super 188.267 (box 1.2626  cls 0.6855  dfl 0.9936)  | Base 190.428 (box 1.2670  cls 0.7165  dfl 0.9920)  | KD 19.278 (box 0.29092  cls 0.00825  dfl 0.00058  feat 0.00147)
  Epoch 5/50  Batch 219/1094 (20.0%)  | Super 179.853 (box 1.1758  cls 0.6580  dfl 0.9764)  | Base 185.845 (box 1.2217  cls 0.6933  dfl 0.9889)  | KD 17.731 (box 0.26389  cls 0.01114  dfl 0.00056  feat 0.00146)
  Epoch 5/50  Batch 328/1094 (30.0%)  | Super 182.421 (box 1.2091  cls 0.6484  dfl 0.9928)  | Base 182.981 (box 1.2045  cls 0.6731  dfl 0.9815)  | KD 16.549 (box 0.24899  cls 0.00769  dfl 0.00052  feat 0.00137)
  Epoch 5/50  Batch 437/1094 (39.9%)  | Super 183.076 (box 1.2333  cls 0.6809  dfl 0.9464)  | Base 187.681 (box 1.2631  cls 0.7130  dfl 0.9564)  | KD 17.446 (box 0.26256  cls 0.00827  dfl 0.00051  feat 0.00125)
  Epoch 5/50  Batch 546/1094 (49.9%)  | Super 180.746 (box 1.1687  cls 0.7033  dfl 0.9522)  | Base 184.778 (box 1.1988  cls 0.7359  dfl 0.9524)  | KD 17.680 (box 0.26647  cls 0.00778  dfl 0.00063  feat 0.00137)
  Epoch 5/50  Batch 655/1094 (59.9%)  | Super 193.237 (box 1.3009  cls 0.7444  dfl 0.9741)  | Base 198.137 (box 1.3437  cls 0.7650  dfl 0.9871)  | KD 20.513 (box 0.30681  cls 0.01164  dfl 0.00065  feat 0.00141)
  Epoch 5/50  Batch 764/1094 (69.8%)  | Super 195.105 (box 1.3391  cls 0.7170  dfl 0.9924)  | Base 200.280 (box 1.3706  cls 0.7500  dfl 1.0087)  | KD 20.578 (box 0.31231  cls 0.00724  dfl 0.00063  feat 0.00135)
  Epoch 5/50  Batch 873/1094 (79.8%)  | Super 190.698 (box 1.2528  cls 0.6930  dfl 1.0339)  | Base 190.256 (box 1.2540  cls 0.7166  dfl 1.0022)  | KD 19.027 (box 0.28559  cls 0.00977  dfl 0.00061  feat 0.00133)
  Epoch 5/50  Batch 982/1094 (89.8%)  | Super 197.180 (box 1.2736  cls 0.7451  dfl 1.0622)  | Base 199.055 (box 1.2950  cls 0.7519  dfl 1.0633)  | KD 19.413 (box 0.29092  cls 0.01060  dfl 0.00056  feat 0.00126)
  Epoch 5/50  Batch 1091/1094 (99.7%)  | Super 174.095 (box 1.1510  cls 0.6060  dfl 0.9633)  | Base 176.493 (box 1.1596  cls 0.6354  dfl 0.9627)  | KD 14.974 (box 0.22505  cls 0.00716  dfl 0.00050  feat 0.00126)

================================================================================
  [Validation] Super model (skip=False)  |  Epoch 5/50
================================================================================
[*] Validation input tensor shape: torch.Size([64, 3, 384, 672])
                 Class     Images  Instances      Box(P          R      mAP50  mAP50-95)
                   all      10000     185578      0.619      0.465      0.514      0.297

================================================================================
  [Validation] Base model  (skip=True)   |  Epoch 5/50
================================================================================
[*] Validation input tensor shape: torch.Size([64, 3, 384, 672])
                 Class     Images  Instances      Box(P          R      mAP50  mAP50-95)
                   all      10000     185578      0.614      0.452      0.503      0.288

           Epoch         GPU_mem          box_om          cls_om          dfl_om          box_oo          cls_oo          dfl_oo       Instances            Size
  Epoch 6/50  Batch 1/1094 (0.1%)  | Super 169.720 (box 1.1113  cls 0.5918  dfl 0.9488)  | Base 172.198 (box 1.1317  cls 0.6174  dfl 0.9415)  | KD 15.731 (box 0.23412  cls 0.00983  dfl 0.00051  feat 0.00134)
  Epoch 6/50  Batch 110/1094 (10.1%)  | Super 189.458 (box 1.2565  cls 0.6872  dfl 1.0166)  | Base 193.207 (box 1.2873  cls 0.7105  dfl 1.0210)  | KD 18.150 (box 0.27316  cls 0.00863  dfl 0.00053  feat 0.00128)
  Epoch 6/50  Batch 219/1094 (20.0%)  | Super 182.723 (box 1.2143  cls 0.6561  dfl 0.9847)  | Base 185.923 (box 1.2316  cls 0.6878  dfl 0.9856)  | KD 16.878 (box 0.25123  cls 0.01067  dfl 0.00053  feat 0.00129)
  Epoch 6/50  Batch 328/1094 (30.0%)  | Super 191.929 (box 1.2569  cls 0.7159  dfl 1.0261)  | Base 192.553 (box 1.2536  cls 0.7379  dfl 1.0171)  | KD 17.788 (box 0.26747  cls 0.00851  dfl 0.00064  feat 0.00133)
  Epoch 6/50  Batch 437/1094 (39.9%)  | Super 180.841 (box 1.2095  cls 0.6661  dfl 0.9500)  | Base 183.257 (box 1.2287  cls 0.6817  dfl 0.9530)  | KD 16.906 (box 0.25301  cls 0.00927  dfl 0.00053  feat 0.00134)
  Epoch 6/50  Batch 546/1094 (49.9%)  | Super 177.523 (box 1.1671  cls 0.6511  dfl 0.9556)  | Base 178.872 (box 1.1682  cls 0.6751  dfl 0.9517)  | KD 16.254 (box 0.24074  cls 0.01136  dfl 0.00053  feat 0.00134)
  Epoch 6/50  Batch 655/1094 (59.9%)  | Super 185.808 (box 1.2691  cls 0.6863  dfl 0.9479)  | Base 187.404 (box 1.2734  cls 0.7091  dfl 0.9457)  | KD 18.527 (box 0.27724  cls 0.01024  dfl 0.00055  feat 0.00147)
  Epoch 6/50  Batch 764/1094 (69.8%)  | Super 192.995 (box 1.3096  cls 0.6923  dfl 1.0136)  | Base 194.608 (box 1.3110  cls 0.7230  dfl 1.0068)  | KD 17.752 (box 0.26774  cls 0.00781  dfl 0.00051  feat 0.00132)
  Epoch 6/50  Batch 873/1094 (79.8%)  | Super 187.525 (box 1.2648  cls 0.6697  dfl 0.9956)  | Base 189.707 (box 1.2805  cls 0.6844  dfl 0.9993)  | KD 17.212 (box 0.25820  cls 0.00896  dfl 0.00053  feat 0.00124)
  Epoch 6/50  Batch 982/1094 (89.8%)  | Super 190.211 (box 1.2514  cls 0.6977  dfl 1.0229)  | Base 192.646 (box 1.2693  cls 0.7172  dfl 1.0237)  | KD 17.639 (box 0.26249  cls 0.01137  dfl 0.00050  feat 0.00124)
  Epoch 6/50  Batch 1091/1094 (99.7%)  | Super 168.019 (box 1.1118  cls 0.5727  dfl 0.9407)  | Base 170.138 (box 1.1225  cls 0.5931  dfl 0.9427)  | KD 13.871 (box 0.20791  cls 0.00711  dfl 0.00046  feat 0.00125)

================================================================================
  [Validation] Super model (skip=False)  |  Epoch 6/50
================================================================================
[*] Validation input tensor shape: torch.Size([64, 3, 384, 672])
                 Class     Images  Instances      Box(P          R      mAP50  mAP50-95)
                   all      10000     185578      0.626      0.462      0.517        0.3

================================================================================
  [Validation] Base model  (skip=True)   |  Epoch 6/50
================================================================================
[*] Validation input tensor shape: torch.Size([64, 3, 384, 672])
                 Class     Images  Instances      Box(P          R      mAP50  mAP50-95)
                   all      10000     185578      0.615      0.457      0.508      0.293

           Epoch         GPU_mem          box_om          cls_om          dfl_om          box_oo          cls_oo          dfl_oo       Instances            Size
  Epoch 7/50  Batch 1/1094 (0.1%)  | Super 168.292 (box 1.0761  cls 0.6223  dfl 0.9311)  | Base 171.584 (box 1.0899  cls 0.6573  dfl 0.9337)  | KD 14.867 (box 0.22341  cls 0.00712  dfl 0.00047  feat 0.00130)
  Epoch 7/50  Batch 110/1094 (10.1%)  | Super 189.764 (box 1.2943  cls 0.6678  dfl 1.0029)  | Base 192.635 (box 1.3047  cls 0.7010  dfl 1.0041)  | KD 18.181 (box 0.27451  cls 0.00765  dfl 0.00059  feat 0.00133)
  Epoch 7/50  Batch 219/1094 (20.0%)  | Super 181.892 (box 1.2246  cls 0.6500  dfl 0.9675)  | Base 185.436 (box 1.2545  cls 0.6682  dfl 0.9747)  | KD 17.093 (box 0.25589  cls 0.00927  dfl 0.00055  feat 0.00136)
  Epoch 7/50  Batch 328/1094 (30.0%)  | Super 182.410 (box 1.1927  cls 0.6628  dfl 0.9946)  | Base 184.486 (box 1.2149  cls 0.6714  dfl 0.9963)  | KD 16.290 (box 0.24556  cls 0.00713  dfl 0.00047  feat 0.00136)
  Epoch 7/50  Batch 437/1094 (39.9%)  | Super 189.232 (box 1.2800  cls 0.6919  dfl 0.9849)  | Base 191.383 (box 1.2877  cls 0.7165  dfl 0.9862)  | KD 17.777 (box 0.26779  cls 0.00816  dfl 0.00056  feat 0.00125)
  Epoch 7/50  Batch 546/1094 (49.9%)  | Super 176.062 (box 1.1491  cls 0.6563  dfl 0.9456)  | Base 177.107 (box 1.1469  cls 0.6796  dfl 0.9409)  | KD 16.351 (box 0.24567  cls 0.00809  dfl 0.00053  feat 0.00120)
  Epoch 7/50  Batch 655/1094 (59.9%)  | Super 191.307 (box 1.3024  cls 0.7074  dfl 0.9793)  | Base 194.299 (box 1.3246  cls 0.7231  dfl 0.9883)  | KD 18.245 (box 0.27398  cls 0.00903  dfl 0.00062  feat 0.00145)
  Epoch 7/50  Batch 764/1094 (69.8%)  | Super 191.137 (box 1.2959  cls 0.6971  dfl 0.9935)  | Base 194.161 (box 1.3144  cls 0.7225  dfl 0.9968)  | KD 18.543 (box 0.28030  cls 0.00759  dfl 0.00059  feat 0.00125)
  Epoch 7/50  Batch 873/1094 (79.8%)  | Super 183.516 (box 1.2121  cls 0.6793  dfl 0.9761)  | Base 186.624 (box 1.2392  cls 0.6929  dfl 0.9839)  | KD 16.322 (box 0.24720  cls 0.00605  dfl 0.00052  feat 0.00127)
  Epoch 7/50  Batch 982/1094 (89.8%)  | Super 183.967 (box 1.2129  cls 0.6683  dfl 0.9933)  | Base 186.393 (box 1.2352  cls 0.6830  dfl 0.9942)  | KD 17.242 (box 0.25954  cls 0.00812  dfl 0.00055  feat 0.00120)
  Epoch 7/50  Batch 1091/1094 (99.7%)  | Super 174.384 (box 1.1470  cls 0.6150  dfl 0.9628)  | Base 176.815 (box 1.1643  cls 0.6361  dfl 0.9623)  | KD 14.943 (box 0.22555  cls 0.00627  dfl 0.00047  feat 0.00120)

================================================================================
  [Validation] Super model (skip=False)  |  Epoch 7/50
================================================================================
[*] Validation input tensor shape: torch.Size([64, 3, 384, 672])
                 Class     Images  Instances      Box(P          R      mAP50  mAP50-95)
                   all      10000     185578      0.622      0.467      0.524      0.304

================================================================================
  [Validation] Base model  (skip=True)   |  Epoch 7/50
================================================================================
[*] Validation input tensor shape: torch.Size([64, 3, 384, 672])
                 Class     Images  Instances      Box(P          R      mAP50  mAP50-95)
                   all      10000     185578      0.613      0.463      0.515      0.296

           Epoch         GPU_mem          box_om          cls_om          dfl_om          box_oo          cls_oo          dfl_oo       Instances            Size
  Epoch 8/50  Batch 1/1094 (0.1%)  | Super 174.103 (box 1.1451  cls 0.6264  dfl 0.9489)  | Base 174.642 (box 1.1409  cls 0.6443  dfl 0.9435)  | KD 15.674 (box 0.23416  cls 0.00901  dfl 0.00052  feat 0.00121)
  Epoch 8/50  Batch 110/1094 (10.1%)  | Super 180.390 (box 1.2087  cls 0.6394  dfl 0.9705)  | Base 183.066 (box 1.2252  cls 0.6669  dfl 0.9683)  | KD 17.549 (box 0.26497  cls 0.00739  dfl 0.00054  feat 0.00130)
  Epoch 8/50  Batch 219/1094 (20.0%)  | Super 186.453 (box 1.2591  cls 0.6487  dfl 1.0055)  | Base 192.226 (box 1.2937  cls 0.6937  dfl 1.0161)  | KD 16.966 (box 0.25486  cls 0.00847  dfl 0.00058  feat 0.00119)
  Epoch 8/50  Batch 328/1094 (30.0%)  | Super 176.791 (box 1.1810  cls 0.6077  dfl 0.9737)  | Base 180.328 (box 1.2051  cls 0.6343  dfl 0.9782)  | KD 14.290 (box 0.21591  cls 0.00558  dfl 0.00044  feat 0.00134)
  Epoch 8/50  Batch 437/1094 (39.9%)  | Super 186.832 (box 1.2519  cls 0.6917  dfl 0.9757)  | Base 189.374 (box 1.2713  cls 0.7106  dfl 0.9771)  | KD 16.834 (box 0.25300  cls 0.00825  dfl 0.00052  feat 0.00127)
  Epoch 8/50  Batch 546/1094 (49.9%)  | Super 174.609 (box 1.1528  cls 0.6286  dfl 0.9469)  | Base 176.636 (box 1.1556  cls 0.6563  dfl 0.9481)  | KD 16.076 (box 0.24015  cls 0.00922  dfl 0.00057  feat 0.00125)
  Epoch 8/50  Batch 655/1094 (59.9%)  | Super 187.969 (box 1.2784  cls 0.7026  dfl 0.9560)  | Base 188.820 (box 1.2846  cls 0.7124  dfl 0.9533)  | KD 17.397 (box 0.26116  cls 0.00902  dfl 0.00047  feat 0.00118)
  Epoch 8/50  Batch 764/1094 (69.8%)  | Super 193.129 (box 1.3104  cls 0.6972  dfl 1.0100)  | Base 194.530 (box 1.3124  cls 0.7230  dfl 1.0041)  | KD 18.454 (box 0.27902  cls 0.00747  dfl 0.00059  feat 0.00127)
  Epoch 8/50  Batch 873/1094 (79.8%)  | Super 188.349 (box 1.2489  cls 0.7129  dfl 0.9811)  | Base 190.394 (box 1.2766  cls 0.7135  dfl 0.9848)  | KD 17.241 (box 0.25977  cls 0.00766  dfl 0.00059  feat 0.00137)
  Epoch 8/50  Batch 982/1094 (89.8%)  | Super 185.640 (box 1.2243  cls 0.6598  dfl 1.0166)  | Base 188.734 (box 1.2408  cls 0.6879  dfl 1.0203)  | KD 20.112 (box 0.30340  cls 0.00889  dfl 0.00074  feat 0.00121)
  Epoch 8/50  Batch 1091/1094 (99.7%)  | Super 173.931 (box 1.1533  cls 0.5955  dfl 0.9689)  | Base 177.469 (box 1.1785  cls 0.6227  dfl 0.9717)  | KD 14.216 (box 0.21311  cls 0.00722  dfl 0.00049  feat 0.00131)

================================================================================
  [Validation] Super model (skip=False)  |  Epoch 8/50
================================================================================
[*] Validation input tensor shape: torch.Size([64, 3, 384, 672])
                 Class     Images  Instances      Box(P          R      mAP50  mAP50-95)
                   all      10000     185578      0.718      0.476      0.526      0.304

================================================================================
  [Validation] Base model  (skip=True)   |  Epoch 8/50
================================================================================
[*] Validation input tensor shape: torch.Size([64, 3, 384, 672])
                 Class     Images  Instances      Box(P          R      mAP50  mAP50-95)
                   all      10000     185578      0.715      0.464      0.517      0.298

           Epoch         GPU_mem          box_om          cls_om          dfl_om          box_oo          cls_oo          dfl_oo       Instances            Size
  Epoch 9/50  Batch 1/1094 (0.1%)  | Super 174.386 (box 1.1292  cls 0.6234  dfl 0.9721)  | Base 176.109 (box 1.1375  cls 0.6372  dfl 0.9770)  | KD 15.531 (box 0.23285  cls 0.00813  dfl 0.00048  feat 0.00121)
  Epoch 9/50  Batch 110/1094 (10.1%)  | Super 180.960 (box 1.2121  cls 0.6425  dfl 0.9730)  | Base 184.878 (box 1.2280  cls 0.6891  dfl 0.9716)  | KD 17.404 (box 0.26141  cls 0.00871  dfl 0.00061  feat 0.00122)
  Epoch 9/50  Batch 219/1094 (20.0%)  | Super 181.300 (box 1.2249  cls 0.6358  dfl 0.9721)  | Base 184.606 (box 1.2502  cls 0.6575  dfl 0.9768)  | KD 17.078 (box 0.25473  cls 0.01019  dfl 0.00066  feat 0.00126)
  Epoch 9/50  Batch 328/1094 (30.0%)  | Super 172.939 (box 1.1204  cls 0.6290  dfl 0.9528)  | Base 174.348 (box 1.1270  cls 0.6416  dfl 0.9556)  | KD 15.454 (box 0.23167  cls 0.00804  dfl 0.00046  feat 0.00130)
  Epoch 9/50  Batch 437/1094 (39.9%)  | Super 185.683 (box 1.2592  cls 0.6732  dfl 0.9689)  | Base 188.332 (box 1.2737  cls 0.6938  dfl 0.9751)  | KD 16.754 (box 0.25143  cls 0.00857  dfl 0.00047  feat 0.00130)
  Epoch 9/50  Batch 546/1094 (49.9%)  | Super 189.220 (box 1.2551  cls 0.6930  dfl 1.0084)  | Base 189.806 (box 1.2514  cls 0.7147  dfl 0.9996)  | KD 17.672 (box 0.26491  cls 0.00929  dfl 0.00059  feat 0.00133)
  Epoch 9/50  Batch 655/1094 (59.9%)  | Super 186.963 (box 1.2714  cls 0.6847  dfl 0.9652)  | Base 190.404 (box 1.2951  cls 0.7085  dfl 0.9715)  | KD 17.494 (box 0.26039  cls 0.01111  dfl 0.00055  feat 0.00129)
  Epoch 9/50  Batch 764/1094 (69.8%)  | Super 197.654 (box 1.3558  cls 0.7219  dfl 1.0107)  | Base 199.531 (box 1.3711  cls 0.7387  dfl 1.0079)  | KD 18.891 (box 0.28501  cls 0.00831  dfl 0.00054  feat 0.00132)
  Epoch 9/50  Batch 873/1094 (79.8%)  | Super 188.926 (box 1.2587  cls 0.6886  dfl 1.0047)  | Base 192.512 (box 1.2812  cls 0.7159  dfl 1.0109)  | KD 16.659 (box 0.24973  cls 0.00875  dfl 0.00057  feat 0.00125)
  Epoch 9/50  Batch 982/1094 (89.8%)  | Super 181.328 (box 1.1841  cls 0.6531  dfl 0.9961)  | Base 185.726 (box 1.2161  cls 0.6825  dfl 1.0033)  | KD 17.504 (box 0.26389  cls 0.00789  dfl 0.00051  feat 0.00122)
  Epoch 9/50  Batch 1091/1094 (99.7%)  | Super 174.316 (box 1.1388  cls 0.6062  dfl 0.9787)  | Base 175.666 (box 1.1490  cls 0.6244  dfl 0.9713)  | KD 13.666 (box 0.20561  cls 0.00606  dfl 0.00043  feat 0.00143)

================================================================================
  [Validation] Super model (skip=False)  |  Epoch 9/50
================================================================================
[*] Validation input tensor shape: torch.Size([64, 3, 384, 672])
                 Class     Images  Instances      Box(P          R      mAP50  mAP50-95)
                   all      10000     185578      0.728      0.474      0.529      0.306

================================================================================
  [Validation] Base model  (skip=True)   |  Epoch 9/50
================================================================================
[*] Validation input tensor shape: torch.Size([64, 3, 384, 672])
                 Class     Images  Instances      Box(P          R      mAP50  mAP50-95)
                   all      10000     185578      0.727      0.462      0.519        0.3

           Epoch         GPU_mem          box_om          cls_om          dfl_om          box_oo          cls_oo          dfl_oo       Instances            Size
  Epoch 10/50  Batch 1/1094 (0.1%)  | Super 166.208 (box 1.0754  cls 0.5883  dfl 0.9334)  | Base 169.413 (box 1.0929  cls 0.6140  dfl 0.9403)  | KD 14.610 (box 0.21680  cls 0.00983  dfl 0.00049  feat 0.00115)
  Epoch 10/50  Batch 110/1094 (10.1%)  | Super 187.968 (box 1.2446  cls 0.6723  dfl 1.0201)  | Base 189.799 (box 1.2593  cls 0.6873  dfl 1.0189)  | KD 16.813 (box 0.25288  cls 0.00801  dfl 0.00052  feat 0.00128)
  Epoch 10/50  Batch 219/1094 (20.0%)  | Super 184.649 (box 1.2362  cls 0.6590  dfl 0.9900)  | Base 187.791 (box 1.2554  cls 0.6899  dfl 0.9890)  | KD 16.535 (box 0.24528  cls 0.01128  dfl 0.00050  feat 0.00129)
  Epoch 10/50  Batch 328/1094 (30.0%)  | Super 185.143 (box 1.2215  cls 0.6506  dfl 1.0208)  | Base 186.709 (box 1.2281  cls 0.6704  dfl 1.0188)  | KD 16.100 (box 0.24171  cls 0.00807  dfl 0.00052  feat 0.00127)
  Epoch 10/50  Batch 437/1094 (39.9%)  | Super 182.657 (box 1.2263  cls 0.6593  dfl 0.9684)  | Base 185.296 (box 1.2460  cls 0.6744  dfl 0.9748)  | KD 15.062 (box 0.22765  cls 0.00605  dfl 0.00043  feat 0.00122)
  Epoch 10/50  Batch 546/1094 (49.9%)  | Super 173.935 (box 1.1471  cls 0.6233  dfl 0.9474)  | Base 177.149 (box 1.1663  cls 0.6509  dfl 0.9507)  | KD 15.114 (box 0.22736  cls 0.00715  dfl 0.00049  feat 0.00116)
  Epoch 10/50  Batch 655/1094 (59.9%)  | Super 182.640 (box 1.2388  cls 0.6691  dfl 0.9459)  | Base 186.122 (box 1.2629  cls 0.6966  dfl 0.9487)  | KD 18.474 (box 0.27729  cls 0.00949  dfl 0.00055  feat 0.00132)
  Epoch 10/50  Batch 764/1094 (69.8%)  | Super 193.175 (box 1.3004  cls 0.7147  dfl 1.0033)  | Base 195.009 (box 1.3124  cls 0.7358  dfl 0.9989)  | KD 17.579 (box 0.26184  cls 0.01098  dfl 0.00052  feat 0.00133)
  Epoch 10/50  Batch 873/1094 (79.8%)  | Super 185.605 (box 1.2394  cls 0.6494  dfl 1.0112)  | Base 187.092 (box 1.2503  cls 0.6604  dfl 1.0127)  | KD 17.286 (box 0.26129  cls 0.00699  dfl 0.00051  feat 0.00130)
  Epoch 10/50  Batch 982/1094 (89.8%)  | Super 184.355 (box 1.2207  cls 0.6520  dfl 1.0078)  | Base 184.400 (box 1.2120  cls 0.6706  dfl 0.9986)  | KD 16.933 (box 0.25530  cls 0.00762  dfl 0.00051  feat 0.00114)
  Epoch 10/50  Batch 1091/1094 (99.7%)  | Super 172.488 (box 1.1417  cls 0.5886  dfl 0.9648)  | Base 174.480 (box 1.1514  cls 0.6119  dfl 0.9630)  | KD 13.302 (box 0.20010  cls 0.00607  dfl 0.00043  feat 0.00125)

================================================================================
  [Validation] Super model (skip=False)  |  Epoch 10/50
================================================================================
[*] Validation input tensor shape: torch.Size([64, 3, 384, 672])
                 Class     Images  Instances      Box(P          R      mAP50  mAP50-95)
                   all      10000     185578      0.726      0.479      0.533      0.309

================================================================================
  [Validation] Base model  (skip=True)   |  Epoch 10/50
================================================================================
[*] Validation input tensor shape: torch.Size([64, 3, 384, 672])
                 Class     Images  Instances      Box(P          R      mAP50  mAP50-95)
                   all      10000     185578      0.717      0.473      0.525      0.303

           Epoch         GPU_mem          box_om          cls_om          dfl_om          box_oo          cls_oo          dfl_oo       Instances            Size
  Epoch 11/50  Batch 1/1094 (0.1%)  | Super 172.072 (box 1.1171  cls 0.5983  dfl 0.9732)  | Base 172.467 (box 1.1177  cls 0.6120  dfl 0.9651)  | KD 14.755 (box 0.22107  cls 0.00784  dfl 0.00044  feat 0.00120)
  Epoch 11/50  Batch 110/1094 (10.1%)  | Super 185.943 (box 1.2495  cls 0.6489  dfl 1.0069)  | Base 187.279 (box 1.2499  cls 0.6718  dfl 1.0045)  | KD 16.783 (box 0.25267  cls 0.00777  dfl 0.00052  feat 0.00127)
  Epoch 11/50  Batch 219/1094 (20.0%)  | Super 175.965 (box 1.1710  cls 0.6029  dfl 0.9755)  | Base 178.681 (box 1.1773  cls 0.6417  dfl 0.9729)  | KD 15.971 (box 0.23709  cls 0.01073  dfl 0.00046  feat 0.00126)
  Epoch 11/50  Batch 328/1094 (30.0%)  | Super 176.995 (box 1.1549  cls 0.6260  dfl 0.9847)  | Base 179.076 (box 1.1578  cls 0.6541  dfl 0.9861)  | KD 15.764 (box 0.23790  cls 0.00661  dfl 0.00048  feat 0.00132)
  Epoch 11/50  Batch 437/1094 (39.9%)  | Super 184.647 (box 1.2667  cls 0.6504  dfl 0.9680)  | Base 187.346 (box 1.2801  cls 0.6763  dfl 0.9708)  | KD 15.689 (box 0.23711  cls 0.00631  dfl 0.00045  feat 0.00127)
  Epoch 11/50  Batch 546/1094 (49.9%)  | Super 176.603 (box 1.1583  cls 0.6443  dfl 0.9569)  | Base 177.947 (box 1.1707  cls 0.6556  dfl 0.9541)  | KD 15.884 (box 0.24057  cls 0.00600  dfl 0.00047  feat 0.00115)
  Epoch 11/50  Batch 655/1094 (59.9%)  | Super 185.262 (box 1.2897  cls 0.6499  dfl 0.9552)  | Base 186.462 (box 1.2919  cls 0.6670  dfl 0.9546)  | KD 16.890 (box 0.25434  cls 0.00794  dfl 0.00049  feat 0.00112)
  Epoch 11/50  Batch 764/1094 (69.8%)  | Super 191.415 (box 1.3019  cls 0.6788  dfl 1.0102)  | Base 195.848 (box 1.3259  cls 0.7141  dfl 1.0201)  | KD 18.314 (box 0.27671  cls 0.00770  dfl 0.00052  feat 0.00122)
  Epoch 11/50  Batch 873/1094 (79.8%)  | Super 180.849 (box 1.2145  cls 0.6253  dfl 0.9860)  | Base 184.798 (box 1.2323  cls 0.6639  dfl 0.9912)  | KD 16.442 (box 0.24830  cls 0.00697  dfl 0.00052  feat 0.00111)
  Epoch 11/50  Batch 982/1094 (89.8%)  | Super 179.248 (box 1.1934  cls 0.6260  dfl 0.9814)  | Base 183.117 (box 1.2165  cls 0.6562  dfl 0.9885)  | KD 16.463 (box 0.24619  cls 0.00944  dfl 0.00042  feat 0.00117)
  Epoch 11/50  Batch 1091/1094 (99.7%)  | Super 175.809 (box 1.1548  cls 0.6191  dfl 0.9731)  | Base 176.105 (box 1.1513  cls 0.6338  dfl 0.9665)  | KD 15.009 (box 0.22124  cls 0.01153  dfl 0.00046  feat 0.00129)

================================================================================
  [Validation] Super model (skip=False)  |  Epoch 11/50
================================================================================
[*] Validation input tensor shape: torch.Size([64, 3, 384, 672])
                 Class     Images  Instances      Box(P          R      mAP50  mAP50-95)
                   all      10000     185578      0.726       0.48      0.533       0.31

================================================================================
  [Validation] Base model  (skip=True)   |  Epoch 11/50
================================================================================
[*] Validation input tensor shape: torch.Size([64, 3, 384, 672])
                 Class     Images  Instances      Box(P          R      mAP50  mAP50-95)
                   all      10000     185578      0.733      0.472      0.526      0.304

           Epoch         GPU_mem          box_om          cls_om          dfl_om          box_oo          cls_oo          dfl_oo       Instances            Size
  Epoch 12/50  Batch 1/1094 (0.1%)  | Super 170.737 (box 1.1007  cls 0.5965  dfl 0.9706)  | Base 172.607 (box 1.0976  cls 0.6266  dfl 0.9728)  | KD 14.319 (box 0.21536  cls 0.00656  dfl 0.00049  feat 0.00132)
  Epoch 12/50  Batch 110/1094 (10.1%)  | Super 181.648 (box 1.2234  cls 0.6196  dfl 0.9953)  | Base 184.612 (box 1.2372  cls 0.6520  dfl 0.9954)  | KD 16.264 (box 0.24465  cls 0.00764  dfl 0.00049  feat 0.00134)
  Epoch 12/50  Batch 219/1094 (20.0%)  | Super 176.948 (box 1.1862  cls 0.6119  dfl 0.9667)  | Base 179.872 (box 1.2068  cls 0.6390  dfl 0.9647)  | KD 16.565 (box 0.24808  cls 0.00893  dfl 0.00056  feat 0.00125)
  Epoch 12/50  Batch 328/1094 (30.0%)  | Super 178.535 (box 1.1628  cls 0.6392  dfl 0.9876)  | Base 180.316 (box 1.1711  cls 0.6562  dfl 0.9902)  | KD 15.217 (box 0.23046  cls 0.00567  dfl 0.00047  feat 0.00117)
  Epoch 12/50  Batch 437/1094 (39.9%)  | Super 185.573 (box 1.2462  cls 0.6742  dfl 0.9792)  | Base 187.206 (box 1.2508  cls 0.6971  dfl 0.9772)  | KD 16.703 (box 0.24880  cls 0.01045  dfl 0.00046  feat 0.00128)
  Epoch 12/50  Batch 546/1094 (49.9%)  | Super 179.081 (box 1.1913  cls 0.6613  dfl 0.9455)  | Base 182.443 (box 1.2113  cls 0.6870  dfl 0.9524)  | KD 16.090 (box 0.24187  cls 0.00782  dfl 0.00053  feat 0.00119)
  Epoch 12/50  Batch 655/1094 (59.9%)  | Super 189.687 (box 1.2967  cls 0.6932  dfl 0.9739)  | Base 190.754 (box 1.3000  cls 0.7085  dfl 0.9720)  | KD 16.985 (box 0.25468  cls 0.00881  dfl 0.00054  feat 0.00137)
  Epoch 12/50  Batch 764/1094 (69.8%)  | Super 191.730 (box 1.2894  cls 0.6999  dfl 1.0065)  | Base 193.699 (box 1.3055  cls 0.7203  dfl 1.0008)  | KD 17.957 (box 0.26939  cls 0.00945  dfl 0.00049  feat 0.00124)
  Epoch 12/50  Batch 873/1094 (79.8%)  | Super 179.199 (box 1.2004  cls 0.6252  dfl 0.9744)  | Base 180.382 (box 1.2095  cls 0.6369  dfl 0.9721)  | KD 15.911 (box 0.23896  cls 0.00795  dfl 0.00053  feat 0.00117)
  Epoch 12/50  Batch 982/1094 (89.8%)  | Super 181.580 (box 1.2046  cls 0.6442  dfl 0.9884)  | Base 184.205 (box 1.2218  cls 0.6597  dfl 0.9966)  | KD 17.066 (box 0.25659  cls 0.00838  dfl 0.00051  feat 0.00117)
  Epoch 12/50  Batch 1091/1094 (99.7%)  | Super 168.155 (box 1.1123  cls 0.5721  dfl 0.9431)  | Base 169.059 (box 1.1110  cls 0.5897  dfl 0.9409)  | KD 13.711 (box 0.20774  cls 0.00493  dfl 0.00044  feat 0.00113)

================================================================================
  [Validation] Super model (skip=False)  |  Epoch 12/50
================================================================================
[*] Validation input tensor shape: torch.Size([64, 3, 384, 672])
                 Class     Images  Instances      Box(P          R      mAP50  mAP50-95)
                   all      10000     185578      0.727      0.482      0.539      0.312

================================================================================
  [Validation] Base model  (skip=True)   |  Epoch 12/50
================================================================================
[*] Validation input tensor shape: torch.Size([64, 3, 384, 672])
                 Class     Images  Instances      Box(P          R      mAP50  mAP50-95)
                   all      10000     185578      0.729      0.475      0.531      0.307

           Epoch         GPU_mem          box_om          cls_om          dfl_om          box_oo          cls_oo          dfl_oo       Instances            Size
  Epoch 13/50  Batch 1/1094 (0.1%)  | Super 168.910 (box 1.1020  cls 0.5814  dfl 0.9559)  | Base 170.489 (box 1.1073  cls 0.6008  dfl 0.9558)  | KD 13.944 (box 0.20957  cls 0.00666  dfl 0.00046  feat 0.00119)
  Epoch 13/50  Batch 110/1094 (10.1%)  | Super 173.320 (box 1.1582  cls 0.5820  dfl 0.9679)  | Base 174.976 (box 1.1659  cls 0.6031  dfl 0.9650)  | KD 14.585 (box 0.22062  cls 0.00561  dfl 0.00042  feat 0.00124)
  Epoch 13/50  Batch 219/1094 (20.0%)  | Super 182.944 (box 1.2271  cls 0.6469  dfl 0.9845)  | Base 187.012 (box 1.2471  cls 0.6804  dfl 0.9946)  | KD 16.298 (box 0.24331  cls 0.00961  dfl 0.00049  feat 0.00125)
  Epoch 13/50  Batch 328/1094 (30.0%)  | Super 177.289 (box 1.1737  cls 0.6315  dfl 0.9649)  | Base 179.854 (box 1.1916  cls 0.6484  dfl 0.9702)  | KD 16.099 (box 0.24300  cls 0.00683  dfl 0.00046  feat 0.00127)
  Epoch 13/50  Batch 437/1094 (39.9%)  | Super 182.568 (box 1.2307  cls 0.6492  dfl 0.9727)  | Base 184.571 (box 1.2456  cls 0.6681  dfl 0.9703)  | KD 15.975 (box 0.23896  cls 0.00907  dfl 0.00043  feat 0.00116)
  Epoch 13/50  Batch 546/1094 (49.9%)  | Super 179.697 (box 1.1816  cls 0.6646  dfl 0.9616)  | Base 183.167 (box 1.1962  cls 0.7026  dfl 0.9632)  | KD 15.345 (box 0.22683  cls 0.01119  dfl 0.00045  feat 0.00130)
  Epoch 13/50  Batch 655/1094 (59.9%)  | Super 185.285 (box 1.2751  cls 0.6704  dfl 0.9496)  | Base 188.383 (box 1.3002  cls 0.6883  dfl 0.9550)  | KD 17.343 (box 0.26147  cls 0.00779  dfl 0.00048  feat 0.00126)
  Epoch 13/50  Batch 764/1094 (69.8%)  | Super 187.523 (box 1.2587  cls 0.7001  dfl 0.9712)  | Base 189.732 (box 1.2744  cls 0.7100  dfl 0.9801)  | KD 19.317 (box 0.29062  cls 0.00952  dfl 0.00053  feat 0.00116)
  Epoch 13/50  Batch 873/1094 (79.8%)  | Super 181.359 (box 1.1941  cls 0.6352  dfl 1.0044)  | Base 184.293 (box 1.2106  cls 0.6614  dfl 1.0076)  | KD 16.291 (box 0.24528  cls 0.00744  dfl 0.00054  feat 0.00129)
  Epoch 13/50  Batch 982/1094 (89.8%)  | Super 188.456 (box 1.2813  cls 0.6557  dfl 1.0077)  | Base 189.572 (box 1.2854  cls 0.6756  dfl 1.0011)  | KD 16.761 (box 0.25220  cls 0.00812  dfl 0.00042  feat 0.00114)
  Epoch 13/50  Batch 1091/1094 (99.7%)  | Super 167.507 (box 1.0753  cls 0.6094  dfl 0.9326)  | Base 169.400 (box 1.0871  cls 0.6265  dfl 0.9333)  | KD 15.129 (box 0.22757  cls 0.00715  dfl 0.00054  feat 0.00113)

================================================================================
  [Validation] Super model (skip=False)  |  Epoch 13/50
================================================================================
[*] Validation input tensor shape: torch.Size([64, 3, 384, 672])
                 Class     Images  Instances      Box(P          R      mAP50  mAP50-95)
                   all      10000     185578      0.732      0.479      0.539      0.313

================================================================================
  [Validation] Base model  (skip=True)   |  Epoch 13/50
================================================================================
[*] Validation input tensor shape: torch.Size([64, 3, 384, 672])
                 Class     Images  Instances      Box(P          R      mAP50  mAP50-95)
                   all      10000     185578      0.728      0.479      0.532      0.307

           Epoch         GPU_mem          box_om          cls_om          dfl_om          box_oo          cls_oo          dfl_oo       Instances            Size
  Epoch 14/50  Batch 1/1094 (0.1%)  | Super 168.268 (box 1.0929  cls 0.5877  dfl 0.9486)  | Base 169.846 (box 1.0954  cls 0.6061  dfl 0.9523)  | KD 13.856 (box 0.20611  cls 0.00858  dfl 0.00049  feat 0.00133)
  Epoch 14/50  Batch 110/1094 (10.1%)  | Super 174.371 (box 1.1581  cls 0.6185  dfl 0.9480)  | Base 176.959 (box 1.1764  cls 0.6431  dfl 0.9455)  | KD 16.680 (box 0.24876  cls 0.01021  dfl 0.00048  feat 0.00117)
  Epoch 14/50  Batch 219/1094 (20.0%)  | Super 174.754 (box 1.1713  cls 0.5995  dfl 0.9597)  | Base 179.308 (box 1.1968  cls 0.6391  dfl 0.9658)  | KD 15.527 (box 0.23032  cls 0.01066  dfl 0.00049  feat 0.00113)
  Epoch 14/50  Batch 328/1094 (30.0%)  | Super 181.718 (box 1.2036  cls 0.6459  dfl 0.9899)  | Base 183.224 (box 1.2140  cls 0.6606  dfl 0.9883)  | KD 14.987 (box 0.22579  cls 0.00681  dfl 0.00044  feat 0.00114)
  Epoch 14/50  Batch 437/1094 (39.9%)  | Super 183.343 (box 1.2326  cls 0.6739  dfl 0.9583)  | Base 184.557 (box 1.2311  cls 0.6953  dfl 0.9573)  | KD 15.519 (box 0.23394  cls 0.00695  dfl 0.00043  feat 0.00116)
  Epoch 14/50  Batch 546/1094 (49.9%)  | Super 183.760 (box 1.1992  cls 0.6856  dfl 0.9864)  | Base 184.932 (box 1.2058  cls 0.7037  dfl 0.9801)  | KD 14.713 (box 0.22070  cls 0.00753  dfl 0.00044  feat 0.00121)
  Epoch 14/50  Batch 655/1094 (59.9%)  | Super 193.025 (box 1.3251  cls 0.6992  dfl 0.9917)  | Base 195.439 (box 1.3400  cls 0.7206  dfl 0.9931)  | KD 17.207 (box 0.25926  cls 0.00786  dfl 0.00049  feat 0.00124)
  Epoch 14/50  Batch 764/1094 (69.8%)  | Super 185.369 (box 1.2603  cls 0.6529  dfl 0.9833)  | Base 186.962 (box 1.2630  cls 0.6772  dfl 0.9811)  | KD 16.614 (box 0.25223  cls 0.00575  dfl 0.00044  feat 0.00118)
  Epoch 14/50  Batch 873/1094 (79.8%)  | Super 178.259 (box 1.1859  cls 0.6202  dfl 0.9792)  | Base 180.330 (box 1.2064  cls 0.6326  dfl 0.9787)  | KD 16.748 (box 0.25239  cls 0.00758  dfl 0.00053  feat 0.00118)
  Epoch 14/50  Batch 982/1094 (89.8%)  | Super 184.020 (box 1.2411  cls 0.6487  dfl 0.9856)  | Base 184.768 (box 1.2469  cls 0.6585  dfl 0.9816)  | KD 16.674 (box 0.25112  cls 0.00786  dfl 0.00046  feat 0.00109)
  Epoch 14/50  Batch 1091/1094 (99.7%)  | Super 166.380 (box 1.0863  cls 0.5684  dfl 0.9450)  | Base 169.083 (box 1.1012  cls 0.5921  dfl 0.9487)  | KD 12.998 (box 0.19649  cls 0.00489  dfl 0.00040  feat 0.00131)

================================================================================
  [Validation] Super model (skip=False)  |  Epoch 14/50
================================================================================
[*] Validation input tensor shape: torch.Size([64, 3, 384, 672])
                 Class     Images  Instances      Box(P          R      mAP50  mAP50-95)
                   all      10000     185578      0.728      0.487       0.54      0.314

================================================================================
  [Validation] Base model  (skip=True)   |  Epoch 14/50
================================================================================
[*] Validation input tensor shape: torch.Size([64, 3, 384, 672])
                 Class     Images  Instances      Box(P          R      mAP50  mAP50-95)
                   all      10000     185578      0.728      0.481      0.533      0.309

           Epoch         GPU_mem          box_om          cls_om          dfl_om          box_oo          cls_oo          dfl_oo       Instances            Size
  Epoch 15/50  Batch 1/1094 (0.1%)  | Super 171.296 (box 1.1081  cls 0.6146  dfl 0.9537)  | Base 173.070 (box 1.1166  cls 0.6391  dfl 0.9485)  | KD 15.183 (box 0.22712  cls 0.00842  dfl 0.00049  feat 0.00120)
  Epoch 15/50  Batch 110/1094 (10.1%)  | Super 180.948 (box 1.2127  cls 0.6380  dfl 0.9766)  | Base 184.064 (box 1.2303  cls 0.6650  dfl 0.9807)  | KD 16.359 (box 0.24638  cls 0.00757  dfl 0.00047  feat 0.00119)
  Epoch 15/50  Batch 219/1094 (20.0%)  | Super 178.695 (box 1.1812  cls 0.6240  dfl 0.9869)  | Base 181.657 (box 1.1978  cls 0.6586  dfl 0.9821)  | KD 15.635 (box 0.23527  cls 0.00728  dfl 0.00053  feat 0.00122)
  Epoch 15/50  Batch 328/1094 (30.0%)  | Super 175.410 (box 1.1434  cls 0.6170  dfl 0.9804)  | Base 177.828 (box 1.1571  cls 0.6334  dfl 0.9881)  | KD 14.848 (box 0.22123  cls 0.00902  dfl 0.00047  feat 0.00129)
  Epoch 15/50  Batch 437/1094 (39.9%)  | Super 178.063 (box 1.1924  cls 0.6318  dfl 0.9581)  | Base 180.160 (box 1.2081  cls 0.6500  dfl 0.9569)  | KD 14.775 (box 0.22082  cls 0.00835  dfl 0.00046  feat 0.00121)
  Epoch 15/50  Batch 546/1094 (49.9%)  | Super 180.773 (box 1.1891  cls 0.6458  dfl 0.9896)  | Base 182.896 (box 1.2081  cls 0.6691  dfl 0.9806)  | KD 16.820 (box 0.25183  cls 0.00913  dfl 0.00058  feat 0.00128)
  Epoch 15/50  Batch 655/1094 (59.9%)  | Super 180.517 (box 1.2397  cls 0.6369  dfl 0.9440)  | Base 182.312 (box 1.2528  cls 0.6502  dfl 0.9456)  | KD 18.103 (box 0.27239  cls 0.00872  dfl 0.00059  feat 0.00116)
  Epoch 15/50  Batch 764/1094 (69.8%)  | Super 194.900 (box 1.3177  cls 0.7038  dfl 1.0238)  | Base 196.818 (box 1.3261  cls 0.7295  dfl 1.0197)  | KD 17.948 (box 0.27197  cls 0.00669  dfl 0.00050  feat 0.00127)
  Epoch 15/50  Batch 873/1094 (79.8%)  | Super 184.860 (box 1.2425  cls 0.6466  dfl 0.9993)  | Base 185.784 (box 1.2485  cls 0.6691  dfl 0.9853)  | KD 16.130 (box 0.24299  cls 0.00730  dfl 0.00049  feat 0.00125)
  Epoch 15/50  Batch 982/1094 (89.8%)  | Super 183.158 (box 1.1997  cls 0.6498  dfl 1.0123)  | Base 184.261 (box 1.2096  cls 0.6626  dfl 1.0069)  | KD 17.425 (box 0.26211  cls 0.00847  dfl 0.00049  feat 0.00120)
  Epoch 15/50  Batch 1091/1094 (99.7%)  | Super 170.537 (box 1.1199  cls 0.5710  dfl 0.9737)  | Base 172.447 (box 1.1301  cls 0.5967  dfl 0.9677)  | KD 14.381 (box 0.21711  cls 0.00589  dfl 0.00047  feat 0.00124)

================================================================================
  [Validation] Super model (skip=False)  |  Epoch 15/50
================================================================================
[*] Validation input tensor shape: torch.Size([64, 3, 384, 672])
                 Class     Images  Instances      Box(P          R      mAP50  mAP50-95)
                   all      10000     185578      0.726      0.488      0.541      0.314

================================================================================
  [Validation] Base model  (skip=True)   |  Epoch 15/50
================================================================================
[*] Validation input tensor shape: torch.Size([64, 3, 384, 672])
                 Class     Images  Instances      Box(P          R      mAP50  mAP50-95)
                   all      10000     185578      0.732      0.478      0.534      0.309

           Epoch         GPU_mem          box_om          cls_om          dfl_om          box_oo          cls_oo          dfl_oo       Instances            Size
  Epoch 16/50  Batch 1/1094 (0.1%)  | Super 174.138 (box 1.1325  cls 0.6109  dfl 0.9775)  | Base 174.103 (box 1.1296  cls 0.6263  dfl 0.9645)  | KD 14.420 (box 0.21660  cls 0.00700  dfl 0.00043  feat 0.00128)
  Epoch 16/50  Batch 110/1094 (10.1%)  | Super 179.114 (box 1.1939  cls 0.6254  dfl 0.9794)  | Base 181.937 (box 1.2121  cls 0.6547  dfl 0.9760)  | KD 17.369 (box 0.26226  cls 0.00731  dfl 0.00057  feat 0.00124)
  Epoch 16/50  Batch 219/1094 (20.0%)  | Super 177.963 (box 1.1926  cls 0.6076  dfl 0.9804)  | Base 181.781 (box 1.2182  cls 0.6342  dfl 0.9880)  | KD 15.326 (box 0.22906  cls 0.00879  dfl 0.00048  feat 0.00114)
  Epoch 16/50  Batch 328/1094 (30.0%)  | Super 178.625 (box 1.1738  cls 0.6282  dfl 0.9890)  | Base 180.691 (box 1.1854  cls 0.6475  dfl 0.9903)  | KD 16.052 (box 0.24147  cls 0.00764  dfl 0.00054  feat 0.00117)
  Epoch 16/50  Batch 437/1094 (39.9%)  | Super 186.504 (box 1.2470  cls 0.6981  dfl 0.9690)  | Base 188.679 (box 1.2718  cls 0.7098  dfl 0.9665)  | KD 16.925 (box 0.25342  cls 0.00935  dfl 0.00053  feat 0.00115)
  Epoch 16/50  Batch 546/1094 (49.9%)  | Super 175.556 (box 1.1623  cls 0.6197  dfl 0.9611)  | Base 177.694 (box 1.1748  cls 0.6450  dfl 0.9567)  | KD 14.024 (box 0.21180  cls 0.00568  dfl 0.00043  feat 0.00120)
  Epoch 16/50  Batch 655/1094 (59.9%)  | Super 182.970 (box 1.2363  cls 0.6530  dfl 0.9696)  | Base 184.517 (box 1.2522  cls 0.6634  dfl 0.9675)  | KD 17.956 (box 0.26973  cls 0.00904  dfl 0.00052  feat 0.00127)
  Epoch 16/50  Batch 764/1094 (69.8%)  | Super 193.675 (box 1.3124  cls 0.6965  dfl 1.0173)  | Base 194.856 (box 1.3107  cls 0.7263  dfl 1.0076)  | KD 18.484 (box 0.28005  cls 0.00695  dfl 0.00053  feat 0.00129)
  Epoch 16/50  Batch 873/1094 (79.8%)  | Super 184.737 (box 1.2321  cls 0.6502  dfl 1.0043)  | Base 186.135 (box 1.2479  cls 0.6606  dfl 0.9998)  | KD 16.952 (box 0.25351  cls 0.00934  dfl 0.00051  feat 0.00151)
  Epoch 16/50  Batch 982/1094 (89.8%)  | Super 188.384 (box 1.2446  cls 0.6677  dfl 1.0312)  | Base 189.676 (box 1.2588  cls 0.6836  dfl 1.0213)  | KD 17.094 (box 0.25762  cls 0.00780  dfl 0.00053  feat 0.00114)
  Epoch 16/50  Batch 1091/1094 (99.7%)  | Super 168.011 (box 1.1127  cls 0.5726  dfl 0.9400)  | Base 168.767 (box 1.1116  cls 0.5915  dfl 0.9339)  | KD 14.340 (box 0.21586  cls 0.00654  dfl 0.00044  feat 0.00123)

================================================================================
  [Validation] Super model (skip=False)  |  Epoch 16/50
================================================================================
[*] Validation input tensor shape: torch.Size([64, 3, 384, 672])
                 Class     Images  Instances      Box(P          R      mAP50  mAP50-95)
                   all      10000     185578      0.622      0.495      0.545      0.317

================================================================================
  [Validation] Base model  (skip=True)   |  Epoch 16/50
================================================================================
[*] Validation input tensor shape: torch.Size([64, 3, 384, 672])
                 Class     Images  Instances      Box(P          R      mAP50  mAP50-95)
                   all      10000     185578      0.631      0.481      0.535      0.311

           Epoch         GPU_mem          box_om          cls_om          dfl_om          box_oo          cls_oo          dfl_oo       Instances            Size
  Epoch 17/50  Batch 1/1094 (0.1%)  | Super 164.103 (box 1.0498  cls 0.5749  dfl 0.9394)  | Base 165.968 (box 1.0695  cls 0.5916  dfl 0.9322)  | KD 14.603 (box 0.21866  cls 0.00773  dfl 0.00046  feat 0.00131)
  Epoch 17/50  Batch 110/1094 (10.1%)  | Super 178.930 (box 1.2227  cls 0.6109  dfl 0.9622)  | Base 180.618 (box 1.2287  cls 0.6306  dfl 0.9629)  | KD 15.975 (box 0.24009  cls 0.00788  dfl 0.00046  feat 0.00119)
  Epoch 17/50  Batch 219/1094 (20.0%)  | Super 183.577 (box 1.2253  cls 0.6477  dfl 0.9954)  | Base 185.865 (box 1.2479  cls 0.6677  dfl 0.9886)  | KD 15.707 (box 0.23570  cls 0.00795  dfl 0.00050  feat 0.00126)
  Epoch 17/50  Batch 328/1094 (30.0%)  | Super 171.472 (box 1.1153  cls 0.6191  dfl 0.9448)  | Base 174.641 (box 1.1371  cls 0.6418  dfl 0.9499)  | KD 14.255 (box 0.21374  cls 0.00735  dfl 0.00042  feat 0.00123)
  Epoch 17/50  Batch 437/1094 (39.9%)  | Super 184.136 (box 1.2440  cls 0.6596  dfl 0.9735)  | Base 186.680 (box 1.2607  cls 0.6800  dfl 0.9761)  | KD 14.725 (box 0.22205  cls 0.00637  dfl 0.00046  feat 0.00121)
  Epoch 17/50  Batch 546/1094 (49.9%)  | Super 169.230 (box 1.1076  cls 0.6038  dfl 0.9328)  | Base 170.507 (box 1.1106  cls 0.6229  dfl 0.9307)  | KD 14.970 (box 0.22379  cls 0.00834  dfl 0.00058  feat 0.00119)
  Epoch 17/50  Batch 655/1094 (59.9%)  | Super 180.897 (box 1.2373  cls 0.6434  dfl 0.9458)  | Base 181.334 (box 1.2482  cls 0.6447  dfl 0.9404)  | KD 17.257 (box 0.25959  cls 0.00828  dfl 0.00051  feat 0.00127)
  Epoch 17/50  Batch 764/1094 (69.8%)  | Super 187.402 (box 1.2815  cls 0.6545  dfl 0.9922)  | Base 190.124 (box 1.3056  cls 0.6798  dfl 0.9853)  | KD 18.051 (box 0.27230  cls 0.00802  dfl 0.00053  feat 0.00120)
  Epoch 17/50  Batch 873/1094 (79.8%)  | Super 179.402 (box 1.2035  cls 0.6050  dfl 0.9947)  | Base 180.197 (box 1.2134  cls 0.6186  dfl 0.9836)  | KD 15.595 (box 0.23456  cls 0.00747  dfl 0.00049  feat 0.00115)
  Epoch 17/50  Batch 982/1094 (89.8%)  | Super 188.791 (box 1.2456  cls 0.6560  dfl 1.0483)  | Base 193.321 (box 1.2788  cls 0.6875  dfl 1.0544)  | KD 18.130 (box 0.27344  cls 0.00810  dfl 0.00052  feat 0.00123)
  Epoch 17/50  Batch 1091/1094 (99.7%)  | Super 166.783 (box 1.0919  cls 0.5530  dfl 0.9611)  | Base 168.249 (box 1.0968  cls 0.5851  dfl 0.9470)  | KD 13.842 (box 0.20782  cls 0.00684  dfl 0.00045  feat 0.00118)

================================================================================
  [Validation] Super model (skip=False)  |  Epoch 17/50
================================================================================
[*] Validation input tensor shape: torch.Size([64, 3, 384, 672])
                 Class     Images  Instances      Box(P          R      mAP50  mAP50-95)
                   all      10000     185578      0.634      0.489      0.545      0.316

================================================================================
  [Validation] Base model  (skip=True)   |  Epoch 17/50
================================================================================
[*] Validation input tensor shape: torch.Size([64, 3, 384, 672])
                 Class     Images  Instances      Box(P          R      mAP50  mAP50-95)
                   all      10000     185578      0.631      0.482      0.538      0.312

           Epoch         GPU_mem          box_om          cls_om          dfl_om          box_oo          cls_oo          dfl_oo       Instances            Size
  Epoch 18/50  Batch 1/1094 (0.1%)  | Super 174.386 (box 1.1454  cls 0.5945  dfl 0.9849)  | Base 176.219 (box 1.1538  cls 0.6151  dfl 0.9845)  | KD 14.696 (box 0.21699  cls 0.01094  dfl 0.00046  feat 0.00123)
  Epoch 18/50  Batch 110/1094 (10.1%)  | Super 181.016 (box 1.2384  cls 0.6083  dfl 0.9817)  | Base 183.136 (box 1.2495  cls 0.6355  dfl 0.9765)  | KD 15.609 (box 0.23353  cls 0.00866  dfl 0.00046  feat 0.00124)
  Epoch 18/50  Batch 219/1094 (20.0%)  | Super 180.008 (box 1.2135  cls 0.6123  dfl 0.9868)  | Base 182.459 (box 1.2267  cls 0.6393  dfl 0.9850)  | KD 16.019 (box 0.23969  cls 0.00891  dfl 0.00053  feat 0.00116)
  Epoch 18/50  Batch 328/1094 (30.0%)  | Super 175.544 (box 1.1661  cls 0.5954  dfl 0.9814)  | Base 178.596 (box 1.1908  cls 0.6225  dfl 0.9772)  | KD 16.385 (box 0.24240  cls 0.01177  dfl 0.00050  feat 0.00133)
  Epoch 18/50  Batch 437/1094 (39.9%)  | Super 180.648 (box 1.2100  cls 0.6486  dfl 0.9640)  | Base 183.408 (box 1.2351  cls 0.6697  dfl 0.9610)  | KD 14.411 (box 0.21726  cls 0.00616  dfl 0.00041  feat 0.00135)
  Epoch 18/50  Batch 546/1094 (49.9%)  | Super 172.071 (box 1.1432  cls 0.6029  dfl 0.9425)  | Base 172.716 (box 1.1443  cls 0.6193  dfl 0.9350)  | KD 14.435 (box 0.21641  cls 0.00742  dfl 0.00044  feat 0.00128)
  Epoch 18/50  Batch 655/1094 (59.9%)  | Super 182.874 (box 1.2290  cls 0.6586  dfl 0.9698)  | Base 184.772 (box 1.2405  cls 0.6739  dfl 0.9727)  | KD 16.426 (box 0.24556  cls 0.00944  dfl 0.00047  feat 0.00119)
  Epoch 18/50  Batch 764/1094 (69.8%)  | Super 182.918 (box 1.2419  cls 0.6372  dfl 0.9790)  | Base 184.257 (box 1.2502  cls 0.6565  dfl 0.9723)  | KD 17.290 (box 0.26235  cls 0.00614  dfl 0.00046  feat 0.00120)
  Epoch 18/50  Batch 873/1094 (79.8%)  | Super 180.017 (box 1.1938  cls 0.6344  dfl 0.9846)  | Base 183.680 (box 1.2219  cls 0.6543  dfl 0.9939)  | KD 15.901 (box 0.24093  cls 0.00585  dfl 0.00049  feat 0.00120)
  Epoch 18/50  Batch 982/1094 (89.8%)  | Super 184.750 (box 1.2129  cls 0.6845  dfl 0.9893)  | Base 188.281 (box 1.2411  cls 0.7019  dfl 0.9989)  | KD 18.142 (box 0.26920  cls 0.01264  dfl 0.00051  feat 0.00111)
  Epoch 18/50  Batch 1091/1094 (99.7%)  | Super 164.786 (box 1.0843  cls 0.5518  dfl 0.9387)  | Base 166.843 (box 1.0915  cls 0.5783  dfl 0.9372)  | KD 14.008 (box 0.20906  cls 0.00812  dfl 0.00048  feat 0.00123)

================================================================================
  [Validation] Super model (skip=False)  |  Epoch 18/50
================================================================================
[*] Validation input tensor shape: torch.Size([64, 3, 384, 672])
                 Class     Images  Instances      Box(P          R      mAP50  mAP50-95)
                   all      10000     185578      0.633      0.489      0.547      0.318

================================================================================
  [Validation] Base model  (skip=True)   |  Epoch 18/50
================================================================================
[*] Validation input tensor shape: torch.Size([64, 3, 384, 672])
                 Class     Images  Instances      Box(P          R      mAP50  mAP50-95)
                   all      10000     185578       0.63      0.487      0.539      0.312

           Epoch         GPU_mem          box_om          cls_om          dfl_om          box_oo          cls_oo          dfl_oo       Instances            Size
  Epoch 19/50  Batch 1/1094 (0.1%)  | Super 169.742 (box 1.1112  cls 0.5681  dfl 0.9729)  | Base 171.776 (box 1.1188  cls 0.5931  dfl 0.9721)  | KD 14.517 (box 0.21732  cls 0.00766  dfl 0.00053  feat 0.00131)
  Epoch 19/50  Batch 110/1094 (10.1%)  | Super 179.716 (box 1.2046  cls 0.6191  dfl 0.9844)  | Base 181.246 (box 1.2128  cls 0.6377  dfl 0.9815)  | KD 17.154 (box 0.25871  cls 0.00759  dfl 0.00051  feat 0.00123)
  Epoch 19/50  Batch 219/1094 (20.0%)  | Super 180.634 (box 1.2172  cls 0.6046  dfl 1.0006)  | Base 184.152 (box 1.2407  cls 0.6382  dfl 0.9984)  | KD 16.905 (box 0.25236  cls 0.00995  dfl 0.00054  feat 0.00130)
  Epoch 19/50  Batch 328/1094 (30.0%)  | Super 173.496 (box 1.1360  cls 0.5964  dfl 0.9784)  | Base 174.210 (box 1.1431  cls 0.6028  dfl 0.9761)  | KD 14.860 (box 0.22097  cls 0.00943  dfl 0.00046  feat 0.00133)
  Epoch 19/50  Batch 437/1094 (39.9%)  | Super 183.734 (box 1.2430  cls 0.6495  dfl 0.9783)  | Base 184.270 (box 1.2504  cls 0.6527  dfl 0.9761)  | KD 15.530 (box 0.23315  cls 0.00776  dfl 0.00045  feat 0.00129)
  Epoch 19/50  Batch 546/1094 (49.9%)  | Super 176.568 (box 1.1577  cls 0.6374  dfl 0.9638)  | Base 177.949 (box 1.1627  cls 0.6544  dfl 0.9634)  | KD 15.179 (box 0.22363  cls 0.01178  dfl 0.00052  feat 0.00125)
  Epoch 19/50  Batch 655/1094 (59.9%)  | Super 182.075 (box 1.2319  cls 0.6427  dfl 0.9703)  | Base 184.930 (box 1.2443  cls 0.6751  dfl 0.9701)  | KD 16.372 (box 0.24752  cls 0.00656  dfl 0.00049  feat 0.00124)
  Epoch 19/50  Batch 764/1094 (69.8%)  | Super 188.728 (box 1.2937  cls 0.6548  dfl 1.0004)  | Base 189.167 (box 1.3003  cls 0.6558  dfl 0.9996)  | KD 16.281 (box 0.24738  cls 0.00539  dfl 0.00044  feat 0.00118)
  Epoch 19/50  Batch 873/1094 (79.8%)  | Super 179.991 (box 1.1925  cls 0.6224  dfl 0.9975)  | Base 183.758 (box 1.2244  cls 0.6478  dfl 0.9990)  | KD 15.973 (box 0.24056  cls 0.00733  dfl 0.00052  feat 0.00117)
  Epoch 19/50  Batch 982/1094 (89.8%)  | Super 178.271 (box 1.1871  cls 0.6157  dfl 0.9826)  | Base 180.776 (box 1.2033  cls 0.6420  dfl 0.9794)  | KD 16.295 (box 0.24536  cls 0.00763  dfl 0.00053  feat 0.00109)
  Epoch 19/50  Batch 1091/1094 (99.7%)  | Super 166.856 (box 1.0938  cls 0.5517  dfl 0.9617)  | Base 168.814 (box 1.1047  cls 0.5797  dfl 0.9533)  | KD 13.136 (box 0.19688  cls 0.00664  dfl 0.00045  feat 0.00127)

================================================================================
  [Validation] Super model (skip=False)  |  Epoch 19/50
================================================================================
[*] Validation input tensor shape: torch.Size([64, 3, 384, 672])
                 Class     Images  Instances      Box(P          R      mAP50  mAP50-95)
                   all      10000     185578       0.64       0.49      0.548      0.318

================================================================================
  [Validation] Base model  (skip=True)   |  Epoch 19/50
================================================================================
[*] Validation input tensor shape: torch.Size([64, 3, 384, 672])
                 Class     Images  Instances      Box(P          R      mAP50  mAP50-95)
                   all      10000     185578      0.631      0.488       0.54      0.313

           Epoch         GPU_mem          box_om          cls_om          dfl_om          box_oo          cls_oo          dfl_oo       Instances            Size
  Epoch 20/50  Batch 1/1094 (0.1%)  | Super 171.890 (box 1.1199  cls 0.6017  dfl 0.9642)  | Base 174.485 (box 1.1408  cls 0.6132  dfl 0.9723)  | KD 14.619 (box 0.21901  cls 0.00775  dfl 0.00047  feat 0.00118)
  Epoch 20/50  Batch 110/1094 (10.1%)  | Super 176.951 (box 1.1648  cls 0.6310  dfl 0.9690)  | Base 179.833 (box 1.1863  cls 0.6599  dfl 0.9637)  | KD 16.842 (box 0.25539  cls 0.00610  dfl 0.00055  feat 0.00111)
  Epoch 20/50  Batch 219/1094 (20.0%)  | Super 172.848 (box 1.1562  cls 0.5773  dfl 0.9673)  | Base 176.866 (box 1.1843  cls 0.6086  dfl 0.9707)  | KD 16.331 (box 0.24258  cls 0.01086  dfl 0.00051  feat 0.00122)
  Epoch 20/50  Batch 328/1094 (30.0%)  | Super 173.303 (box 1.1310  cls 0.5925  dfl 0.9843)  | Base 175.232 (box 1.1429  cls 0.6126  dfl 0.9825)  | KD 13.825 (box 0.20933  cls 0.00495  dfl 0.00041  feat 0.00132)
  Epoch 20/50  Batch 437/1094 (39.9%)  | Super 173.830 (box 1.1690  cls 0.6100  dfl 0.9371)  | Base 176.111 (box 1.1855  cls 0.6248  dfl 0.9415)  | KD 15.333 (box 0.22905  cls 0.00883  dfl 0.00050  feat 0.00119)
  Epoch 20/50  Batch 546/1094 (49.9%)  | Super 181.941 (box 1.2040  cls 0.6620  dfl 0.9769)  | Base 184.185 (box 1.2164  cls 0.6802  dfl 0.9812)  | KD 15.316 (box 0.23115  cls 0.00652  dfl 0.00049  feat 0.00115)
  Epoch 20/50  Batch 655/1094 (59.9%)  | Super 182.393 (box 1.2614  cls 0.6417  dfl 0.9467)  | Base 184.325 (box 1.2812  cls 0.6500  dfl 0.9488)  | KD 16.242 (box 0.24655  cls 0.00556  dfl 0.00044  feat 0.00122)
  Epoch 20/50  Batch 764/1094 (69.8%)  | Super 179.963 (box 1.2331  cls 0.6109  dfl 0.9679)  | Base 182.107 (box 1.2461  cls 0.6315  dfl 0.9679)  | KD 15.263 (box 0.23155  cls 0.00526  dfl 0.00047  feat 0.00121)
  Epoch 20/50  Batch 873/1094 (79.8%)  | Super 190.566 (box 1.2769  cls 0.6737  dfl 1.0271)  | Base 191.234 (box 1.2910  cls 0.6845  dfl 1.0126)  | KD 17.812 (box 0.26947  cls 0.00700  dfl 0.00064  feat 0.00120)
  Epoch 20/50  Batch 982/1094 (89.8%)  | Super 181.189 (box 1.1910  cls 0.6438  dfl 0.9962)  | Base 183.966 (box 1.2062  cls 0.6667  dfl 1.0015)  | KD 16.873 (box 0.25433  cls 0.00769  dfl 0.00051  feat 0.00110)
  Epoch 20/50  Batch 1091/1094 (99.7%)  | Super 174.111 (box 1.1481  cls 0.5779  dfl 0.9945)  | Base 176.114 (box 1.1671  cls 0.5965  dfl 0.9882)  | KD 14.125 (box 0.21174  cls 0.00733  dfl 0.00047  feat 0.00116)

================================================================================
  [Validation] Super model (skip=False)  |  Epoch 20/50
================================================================================
[*] Validation input tensor shape: torch.Size([64, 3, 384, 672])
                 Class     Images  Instances      Box(P          R      mAP50  mAP50-95)
                   all      10000     185578      0.629      0.494      0.547      0.318

================================================================================
  [Validation] Base model  (skip=True)   |  Epoch 20/50
================================================================================
[*] Validation input tensor shape: torch.Size([64, 3, 384, 672])
                 Class     Images  Instances      Box(P          R      mAP50  mAP50-95)
                   all      10000     185578      0.629      0.488      0.541      0.314

           Epoch         GPU_mem          box_om          cls_om          dfl_om          box_oo          cls_oo          dfl_oo       Instances            Size
  Epoch 21/50  Batch 1/1094 (0.1%)  | Super 168.684 (box 1.1029  cls 0.5654  dfl 0.9674)  | Base 169.278 (box 1.1068  cls 0.5840  dfl 0.9542)  | KD 13.677 (box 0.20428  cls 0.00774  dfl 0.00044  feat 0.00124)
  Epoch 21/50  Batch 110/1094 (10.1%)  | Super 172.111 (box 1.1612  cls 0.5636  dfl 0.9644)  | Base 174.421 (box 1.1723  cls 0.5927  dfl 0.9604)  | KD 14.891 (box 0.22375  cls 0.00726  dfl 0.00046  feat 0.00121)
  Epoch 21/50  Batch 219/1094 (20.0%)  | Super 177.377 (box 1.2067  cls 0.5921  dfl 0.9726)  | Base 180.020 (box 1.2271  cls 0.6133  dfl 0.9724)  | KD 15.691 (box 0.23362  cls 0.00967  dfl 0.00053  feat 0.00134)
  Epoch 21/50  Batch 328/1094 (30.0%)  | Super 177.478 (box 1.1777  cls 0.5870  dfl 1.0084)  | Base 179.913 (box 1.1939  cls 0.6164  dfl 1.0008)  | KD 15.866 (box 0.23756  cls 0.00854  dfl 0.00046  feat 0.00134)
  Epoch 21/50  Batch 437/1094 (39.9%)  | Super 183.547 (box 1.2379  cls 0.6556  dfl 0.9744)  | Base 185.855 (box 1.2607  cls 0.6764  dfl 0.9669)  | KD 16.254 (box 0.24380  cls 0.00853  dfl 0.00047  feat 0.00116)
  Epoch 21/50  Batch 546/1094 (49.9%)  | Super 172.893 (box 1.1350  cls 0.6006  dfl 0.9658)  | Base 174.769 (box 1.1447  cls 0.6234  dfl 0.9628)  | KD 15.321 (box 0.23174  cls 0.00591  dfl 0.00052  feat 0.00123)
  Epoch 21/50  Batch 655/1094 (59.9%)  | Super 184.161 (box 1.2659  cls 0.6512  dfl 0.9604)  | Base 186.986 (box 1.2923  cls 0.6649  dfl 0.9645)  | KD 16.618 (box 0.25024  cls 0.00759  dfl 0.00047  feat 0.00135)
  Epoch 21/50  Batch 764/1094 (69.8%)  | Super 183.122 (box 1.2439  cls 0.6479  dfl 0.9695)  | Base 188.081 (box 1.2779  cls 0.6808  dfl 0.9801)  | KD 16.887 (box 0.25548  cls 0.00666  dfl 0.00056  feat 0.00116)
  Epoch 21/50  Batch 873/1094 (79.8%)  | Super 176.866 (box 1.1891  cls 0.6182  dfl 0.9562)  | Base 179.012 (box 1.1976  cls 0.6407  dfl 0.9587)  | KD 15.915 (box 0.24066  cls 0.00634  dfl 0.00052  feat 0.00114)
  Epoch 21/50  Batch 982/1094 (89.8%)  | Super 185.447 (box 1.2340  cls 0.6379  dfl 1.0257)  | Base 187.790 (box 1.2496  cls 0.6564  dfl 1.0282)  | KD 17.179 (box 0.26010  cls 0.00663  dfl 0.00054  feat 0.00114)
  Epoch 21/50  Batch 1091/1094 (99.7%)  | Super 170.396 (box 1.1247  cls 0.5917  dfl 0.9460)  | Base 172.090 (box 1.1358  cls 0.6060  dfl 0.9471)  | KD 14.940 (box 0.21588  cls 0.01590  dfl 0.00043  feat 0.00122)

================================================================================
  [Validation] Super model (skip=False)  |  Epoch 21/50
================================================================================
[*] Validation input tensor shape: torch.Size([64, 3, 384, 672])
                 Class     Images  Instances      Box(P          R      mAP50  mAP50-95)
                   all      10000     185578      0.633      0.496       0.55      0.321

================================================================================
  [Validation] Base model  (skip=True)   |  Epoch 21/50
================================================================================
[*] Validation input tensor shape: torch.Size([64, 3, 384, 672])
                 Class     Images  Instances      Box(P          R      mAP50  mAP50-95)
                   all      10000     185578       0.63      0.492      0.543      0.316

           Epoch         GPU_mem          box_om          cls_om          dfl_om          box_oo          cls_oo          dfl_oo       Instances            Size
  Epoch 22/50  Batch 1/1094 (0.1%)  | Super 173.112 (box 1.1366  cls 0.5810  dfl 0.9872)  | Base 175.112 (box 1.1451  cls 0.6151  dfl 0.9759)  | KD 14.947 (box 0.22594  cls 0.00582  dfl 0.00055  feat 0.00123)
  Epoch 22/50  Batch 110/1094 (10.1%)  | Super 180.648 (box 1.2138  cls 0.6097  dfl 0.9992)  | Base 183.680 (box 1.2343  cls 0.6371  dfl 0.9986)  | KD 16.366 (box 0.24739  cls 0.00649  dfl 0.00056  feat 0.00128)
  Epoch 22/50  Batch 219/1094 (20.0%)  | Super 175.736 (box 1.1855  cls 0.6018  dfl 0.9586)  | Base 177.302 (box 1.1915  cls 0.6216  dfl 0.9572)  | KD 15.534 (box 0.22818  cls 0.01279  dfl 0.00053  feat 0.00123)
  Epoch 22/50  Batch 328/1094 (30.0%)  | Super 170.796 (box 1.1216  cls 0.5919  dfl 0.9552)  | Base 174.322 (box 1.1432  cls 0.6208  dfl 0.9598)  | KD 16.334 (box 0.24446  cls 0.00902  dfl 0.00058  feat 0.00115)
  Epoch 22/50  Batch 437/1094 (39.9%)  | Super 180.683 (box 1.2352  cls 0.6273  dfl 0.9607)  | Base 182.665 (box 1.2543  cls 0.6438  dfl 0.9560)  | KD 15.557 (box 0.23444  cls 0.00689  dfl 0.00050  feat 0.00125)
  Epoch 22/50  Batch 546/1094 (49.9%)  | Super 175.131 (box 1.1490  cls 0.6245  dfl 0.9629)  | Base 175.651 (box 1.1511  cls 0.6333  dfl 0.9601)  | KD 14.049 (box 0.21003  cls 0.00793  dfl 0.00043  feat 0.00113)
  Epoch 22/50  Batch 655/1094 (59.9%)  | Super 182.229 (box 1.2356  cls 0.6628  dfl 0.9489)  | Base 184.444 (box 1.2487  cls 0.6840  dfl 0.9493)  | KD 16.969 (box 0.25512  cls 0.00828  dfl 0.00056  feat 0.00119)
  Epoch 22/50  Batch 764/1094 (69.8%)  | Super 182.771 (box 1.2496  cls 0.6324  dfl 0.9738)  | Base 184.358 (box 1.2566  cls 0.6531  dfl 0.9709)  | KD 18.399 (box 0.27715  cls 0.00860  dfl 0.00059  feat 0.00114)
  Epoch 22/50  Batch 873/1094 (79.8%)  | Super 177.453 (box 1.1876  cls 0.6050  dfl 0.9801)  | Base 179.736 (box 1.2096  cls 0.6150  dfl 0.9838)  | KD 16.381 (box 0.24197  cls 0.01222  dfl 0.00056  feat 0.00121)
  Epoch 22/50  Batch 982/1094 (89.8%)  | Super 185.233 (box 1.2226  cls 0.6501  dfl 1.0216)  | Base 187.259 (box 1.2373  cls 0.6747  dfl 1.0139)  | KD 17.123 (box 0.25570  cls 0.01017  dfl 0.00049  feat 0.00119)
  Epoch 22/50  Batch 1091/1094 (99.7%)  | Super 168.035 (box 1.1296  cls 0.5533  dfl 0.9427)  | Base 169.681 (box 1.1424  cls 0.5772  dfl 0.9316)  | KD 13.915 (box 0.20726  cls 0.00850  dfl 0.00045  feat 0.00121)

================================================================================
  [Validation] Super model (skip=False)  |  Epoch 22/50
================================================================================
[*] Validation input tensor shape: torch.Size([64, 3, 384, 672])
                 Class     Images  Instances      Box(P          R      mAP50  mAP50-95)
                   all      10000     185578      0.629      0.496      0.549      0.319

================================================================================
  [Validation] Base model  (skip=True)   |  Epoch 22/50
================================================================================
[*] Validation input tensor shape: torch.Size([64, 3, 384, 672])
                 Class     Images  Instances      Box(P          R      mAP50  mAP50-95)
                   all      10000     185578      0.629      0.489      0.542      0.315

           Epoch         GPU_mem          box_om          cls_om          dfl_om          box_oo          cls_oo          dfl_oo       Instances            Size
  Epoch 23/50  Batch 1/1094 (0.1%)  | Super 165.229 (box 1.0830  cls 0.5587  dfl 0.9400)  | Base 167.237 (box 1.0994  cls 0.5732  dfl 0.9405)  | KD 15.415 (box 0.23373  cls 0.00531  dfl 0.00059  feat 0.00123)
  Epoch 23/50  Batch 110/1094 (10.1%)  | Super 175.420 (box 1.1668  cls 0.5928  dfl 0.9813)  | Base 177.556 (box 1.1890  cls 0.6191  dfl 0.9663)  | KD 16.739 (box 0.25293  cls 0.00693  dfl 0.00051  feat 0.00118)
  Epoch 23/50  Batch 219/1094 (20.0%)  | Super 175.251 (box 1.1756  cls 0.6017  dfl 0.9610)  | Base 179.352 (box 1.2067  cls 0.6267  dfl 0.9690)  | KD 16.603 (box 0.24943  cls 0.00827  dfl 0.00058  feat 0.00114)
  Epoch 23/50  Batch 328/1094 (30.0%)  | Super 172.721 (box 1.1437  cls 0.5907  dfl 0.9644)  | Base 174.547 (box 1.1549  cls 0.6118  dfl 0.9606)  | KD 15.066 (box 0.22580  cls 0.00795  dfl 0.00046  feat 0.00119)
  Epoch 23/50  Batch 437/1094 (39.9%)  | Super 181.123 (box 1.2158  cls 0.6566  dfl 0.9576)  | Base 182.560 (box 1.2258  cls 0.6702  dfl 0.9565)  | KD 15.093 (box 0.22626  cls 0.00797  dfl 0.00044  feat 0.00115)
  Epoch 23/50  Batch 546/1094 (49.9%)  | Super 173.563 (box 1.1467  cls 0.6137  dfl 0.9515)  | Base 176.073 (box 1.1604  cls 0.6335  dfl 0.9572)  | KD 14.319 (box 0.21473  cls 0.00740  dfl 0.00044  feat 0.00116)
  Epoch 23/50  Batch 655/1094 (59.9%)  | Super 177.848 (box 1.2292  cls 0.6208  dfl 0.9289)  | Base 179.930 (box 1.2378  cls 0.6435  dfl 0.9301)  | KD 16.372 (box 0.24741  cls 0.00679  dfl 0.00048  feat 0.00113)
  Epoch 23/50  Batch 764/1094 (69.8%)  | Super 185.758 (box 1.2678  cls 0.6593  dfl 0.9753)  | Base 188.689 (box 1.2838  cls 0.6924  dfl 0.9721)  | KD 17.865 (box 0.27026  cls 0.00721  dfl 0.00049  feat 0.00118)
  Epoch 23/50  Batch 873/1094 (79.8%)  | Super 185.105 (box 1.2263  cls 0.6331  dfl 1.0329)  | Base 186.597 (box 1.2376  cls 0.6586  dfl 1.0193)  | KD 18.956 (box 0.28605  cls 0.00822  dfl 0.00066  feat 0.00126)
  Epoch 23/50  Batch 982/1094 (89.8%)  | Super 184.016 (box 1.2104  cls 0.6661  dfl 0.9987)  | Base 186.006 (box 1.2267  cls 0.6850  dfl 0.9946)  | KD 16.774 (box 0.25120  cls 0.00921  dfl 0.00049  feat 0.00119)
  Epoch 23/50  Batch 1091/1094 (99.7%)  | Super 172.221 (box 1.1352  cls 0.5712  dfl 0.9845)  | Base 174.036 (box 1.1436  cls 0.5938  dfl 0.9820)  | KD 13.606 (box 0.20571  cls 0.00526  dfl 0.00050  feat 0.00112)

================================================================================
  [Validation] Super model (skip=False)  |  Epoch 23/50
================================================================================
[*] Validation input tensor shape: torch.Size([64, 3, 384, 672])
                 Class     Images  Instances      Box(P          R      mAP50  mAP50-95)
                   all      10000     185578       0.63      0.497      0.549       0.32

================================================================================
  [Validation] Base model  (skip=True)   |  Epoch 23/50
================================================================================
[*] Validation input tensor shape: torch.Size([64, 3, 384, 672])
                 Class     Images  Instances      Box(P          R      mAP50  mAP50-95)
                   all      10000     185578      0.634      0.486      0.543      0.315

           Epoch         GPU_mem          box_om          cls_om          dfl_om          box_oo          cls_oo          dfl_oo       Instances            Size
  Epoch 24/50  Batch 1/1094 (0.1%)  | Super 166.909 (box 1.0804  cls 0.5836  dfl 0.9439)  | Base 167.316 (box 1.0798  cls 0.5963  dfl 0.9382)  | KD 14.024 (box 0.21077  cls 0.00672  dfl 0.00049  feat 0.00115)
  Epoch 24/50  Batch 110/1094 (10.1%)  | Super 179.273 (box 1.2288  cls 0.6011  dfl 0.9713)  | Base 181.985 (box 1.2406  cls 0.6297  dfl 0.9731)  | KD 16.830 (box 0.25378  cls 0.00753  dfl 0.00051  feat 0.00115)
  Epoch 24/50  Batch 219/1094 (20.0%)  | Super 175.295 (box 1.1691  cls 0.6013  dfl 0.9686)  | Base 178.317 (box 1.1891  cls 0.6265  dfl 0.9706)  | KD 16.099 (box 0.24275  cls 0.00709  dfl 0.00049  feat 0.00122)
  Epoch 24/50  Batch 328/1094 (30.0%)  | Super 180.883 (box 1.2062  cls 0.6276  dfl 0.9925)  | Base 182.282 (box 1.2141  cls 0.6389  dfl 0.9951)  | KD 14.595 (box 0.21993  cls 0.00654  dfl 0.00041  feat 0.00116)
  Epoch 24/50  Batch 437/1094 (39.9%)  | Super 180.156 (box 1.2055  cls 0.6392  dfl 0.9702)  | Base 181.903 (box 1.2212  cls 0.6577  dfl 0.9634)  | KD 14.581 (box 0.21904  cls 0.00721  dfl 0.00040  feat 0.00117)
  Epoch 24/50  Batch 546/1094 (49.9%)  | Super 175.644 (box 1.1575  cls 0.6212  dfl 0.9657)  | Base 177.994 (box 1.1750  cls 0.6364  dfl 0.9697)  | KD 14.397 (box 0.21713  cls 0.00633  dfl 0.00039  feat 0.00111)
  Epoch 24/50  Batch 655/1094 (59.9%)  | Super 176.896 (box 1.2049  cls 0.6267  dfl 0.9324)  | Base 178.791 (box 1.2116  cls 0.6500  dfl 0.9321)  | KD 16.953 (box 0.25544  cls 0.00780  dfl 0.00053  feat 0.00111)
  Epoch 24/50  Batch 764/1094 (69.8%)  | Super 185.295 (box 1.2528  cls 0.6623  dfl 0.9802)  | Base 188.064 (box 1.2759  cls 0.6783  dfl 0.9843)  | KD 15.446 (box 0.23314  cls 0.00666  dfl 0.00044  feat 0.00111)
  Epoch 24/50  Batch 873/1094 (79.8%)  | Super 178.484 (box 1.2025  cls 0.6191  dfl 0.9672)  | Base 179.525 (box 1.2087  cls 0.6290  dfl 0.9674)  | KD 16.734 (box 0.25056  cls 0.00917  dfl 0.00053  feat 0.00120)
  Epoch 24/50  Batch 982/1094 (89.8%)  | Super 185.353 (box 1.2515  cls 0.6412  dfl 1.0035)  | Base 187.073 (box 1.2547  cls 0.6559  dfl 1.0124)  | KD 15.812 (box 0.23712  cls 0.00838  dfl 0.00045  feat 0.00112)
  Epoch 24/50  Batch 1091/1094 (99.7%)  | Super 167.656 (box 1.0890  cls 0.5754  dfl 0.9552)  | Base 169.070 (box 1.1038  cls 0.5848  dfl 0.9531)  | KD 13.646 (box 0.20297  cls 0.00856  dfl 0.00046  feat 0.00124)

================================================================================
  [Validation] Super model (skip=False)  |  Epoch 24/50
================================================================================
[*] Validation input tensor shape: torch.Size([64, 3, 384, 672])
                 Class     Images  Instances      Box(P          R      mAP50  mAP50-95)
                   all      10000     185578      0.635      0.494       0.55      0.321

================================================================================
  [Validation] Base model  (skip=True)   |  Epoch 24/50
================================================================================
[*] Validation input tensor shape: torch.Size([64, 3, 384, 672])
                 Class     Images  Instances      Box(P          R      mAP50  mAP50-95)
                   all      10000     185578      0.629      0.488      0.543      0.316

           Epoch         GPU_mem          box_om          cls_om          dfl_om          box_oo          cls_oo          dfl_oo       Instances            Size
  Epoch 25/50  Batch 1/1094 (0.1%)  | Super 166.469 (box 1.0848  cls 0.5580  dfl 0.9582)  | Base 167.210 (box 1.0809  cls 0.5773  dfl 0.9544)  | KD 13.653 (box 0.20342  cls 0.00815  dfl 0.00040  feat 0.00135)
  Epoch 25/50  Batch 110/1094 (10.1%)  | Super 176.032 (box 1.1888  cls 0.5771  dfl 0.9846)  | Base 178.381 (box 1.2059  cls 0.6008  dfl 0.9805)  | KD 15.749 (box 0.23843  cls 0.00595  dfl 0.00047  feat 0.00123)
  Epoch 25/50  Batch 219/1094 (20.0%)  | Super 172.623 (box 1.1626  cls 0.5805  dfl 0.9541)  | Base 176.021 (box 1.1840  cls 0.6096  dfl 0.9567)  | KD 14.326 (box 0.21489  cls 0.00733  dfl 0.00046  feat 0.00117)
  Epoch 25/50  Batch 328/1094 (30.0%)  | Super 168.747 (box 1.1196  cls 0.5763  dfl 0.9408)  | Base 171.679 (box 1.1355  cls 0.6015  dfl 0.9456)  | KD 15.323 (box 0.22709  cls 0.01076  dfl 0.00046  feat 0.00111)
  Epoch 25/50  Batch 437/1094 (39.9%)  | Super 185.399 (box 1.2750  cls 0.6418  dfl 0.9801)  | Base 186.453 (box 1.2746  cls 0.6614  dfl 0.9773)  | KD 15.515 (box 0.23224  cls 0.00840  dfl 0.00043  feat 0.00135)
  Epoch 25/50  Batch 546/1094 (49.9%)  | Super 169.812 (box 1.1146  cls 0.6023  dfl 0.9364)  | Base 172.587 (box 1.1288  cls 0.6271  dfl 0.9408)  | KD 13.804 (box 0.20443  cls 0.00966  dfl 0.00047  feat 0.00112)
  Epoch 25/50  Batch 655/1094 (59.9%)  | Super 179.175 (box 1.2221  cls 0.6142  dfl 0.9634)  | Base 181.661 (box 1.2331  cls 0.6411  dfl 0.9643)  | KD 16.192 (box 0.24361  cls 0.00767  dfl 0.00046  feat 0.00126)
  Epoch 25/50  Batch 764/1094 (69.8%)  | Super 190.320 (box 1.3063  cls 0.6865  dfl 0.9810)  | Base 191.427 (box 1.3151  cls 0.7003  dfl 0.9756)  | KD 17.810 (box 0.26839  cls 0.00816  dfl 0.00050  feat 0.00123)
  Epoch 25/50  Batch 873/1094 (79.8%)  | Super 184.895 (box 1.2320  cls 0.6545  dfl 1.0024)  | Base 187.212 (box 1.2492  cls 0.6777  dfl 0.9984)  | KD 17.595 (box 0.26603  cls 0.00701  dfl 0.00054  feat 0.00134)
  Epoch 25/50  Batch 982/1094 (89.8%)  | Super 180.970 (box 1.2259  cls 0.6190  dfl 0.9828)  | Base 184.068 (box 1.2476  cls 0.6395  dfl 0.9890)  | KD 15.939 (box 0.23935  cls 0.00805  dfl 0.00052  feat 0.00113)
  Epoch 25/50  Batch 1091/1094 (99.7%)  | Super 170.529 (box 1.1249  cls 0.5750  dfl 0.9646)  | Base 173.439 (box 1.1431  cls 0.6042  dfl 0.9626)  | KD 14.314 (box 0.21402  cls 0.00798  dfl 0.00047  feat 0.00119)

================================================================================
  [Validation] Super model (skip=False)  |  Epoch 25/50
================================================================================
[*] Validation input tensor shape: torch.Size([64, 3, 384, 672])
                 Class     Images  Instances      Box(P          R      mAP50  mAP50-95)
                   all      10000     185578      0.638      0.492       0.55       0.32

================================================================================
  [Validation] Base model  (skip=True)   |  Epoch 25/50
================================================================================
[*] Validation input tensor shape: torch.Size([64, 3, 384, 672])
                 Class     Images  Instances      Box(P          R      mAP50  mAP50-95)
                   all      10000     185578       0.64      0.486      0.543      0.317

           Epoch         GPU_mem          box_om          cls_om          dfl_om          box_oo          cls_oo          dfl_oo       Instances            Size
  Epoch 26/50  Batch 1/1094 (0.1%)  | Super 165.183 (box 1.0782  cls 0.5533  dfl 0.9495)  | Base 167.357 (box 1.0832  cls 0.5835  dfl 0.9482)  | KD 13.735 (box 0.20526  cls 0.00780  dfl 0.00043  feat 0.00111)
  Epoch 26/50  Batch 110/1094 (10.1%)  | Super 177.376 (box 1.1997  cls 0.5930  dfl 0.9789)  | Base 179.309 (box 1.2083  cls 0.6230  dfl 0.9704)  | KD 14.883 (box 0.22492  cls 0.00598  dfl 0.00049  feat 0.00115)
  Epoch 26/50  Batch 219/1094 (20.0%)  | Super 183.869 (box 1.2233  cls 0.6213  dfl 1.0284)  | Base 186.391 (box 1.2363  cls 0.6559  dfl 1.0202)  | KD 16.085 (box 0.23797  cls 0.01156  dfl 0.00055  feat 0.00124)
  Epoch 26/50  Batch 328/1094 (30.0%)  | Super 173.834 (box 1.1483  cls 0.5940  dfl 0.9738)  | Base 175.057 (box 1.1561  cls 0.6086  dfl 0.9706)  | KD 15.261 (box 0.22836  cls 0.00820  dfl 0.00051  feat 0.00140)
  Epoch 26/50  Batch 437/1094 (39.9%)  | Super 175.197 (box 1.1765  cls 0.6083  dfl 0.9526)  | Base 176.483 (box 1.1850  cls 0.6255  dfl 0.9470)  | KD 16.022 (box 0.23736  cls 0.01125  dfl 0.00044  feat 0.00130)
  Epoch 26/50  Batch 546/1094 (49.9%)  | Super 172.180 (box 1.1444  cls 0.6055  dfl 0.9404)  | Base 173.379 (box 1.1481  cls 0.6215  dfl 0.9395)  | KD 15.667 (box 0.23772  cls 0.00552  dfl 0.00047  feat 0.00108)
  Epoch 26/50  Batch 655/1094 (59.9%)  | Super 180.373 (box 1.2327  cls 0.6392  dfl 0.9464)  | Base 182.567 (box 1.2360  cls 0.6695  dfl 0.9471)  | KD 16.535 (box 0.24874  cls 0.00797  dfl 0.00050  feat 0.00116)
  Epoch 26/50  Batch 764/1094 (69.8%)  | Super 186.019 (box 1.2769  cls 0.6423  dfl 0.9873)  | Base 188.630 (box 1.2954  cls 0.6655  dfl 0.9864)  | KD 17.085 (box 0.25788  cls 0.00727  dfl 0.00047  feat 0.00133)
  Epoch 26/50  Batch 873/1094 (79.8%)  | Super 178.757 (box 1.1938  cls 0.6323  dfl 0.9670)  | Base 180.687 (box 1.2108  cls 0.6424  dfl 0.9700)  | KD 17.637 (box 0.26376  cls 0.00995  dfl 0.00056  feat 0.00132)
  Epoch 26/50  Batch 982/1094 (89.8%)  | Super 183.789 (box 1.2332  cls 0.6354  dfl 1.0031)  | Base 186.951 (box 1.2558  cls 0.6694  dfl 0.9960)  | KD 17.354 (box 0.25987  cls 0.00951  dfl 0.00051  feat 0.00127)
  Epoch 26/50  Batch 1091/1094 (99.7%)  | Super 171.738 (box 1.1288  cls 0.5906  dfl 0.9640)  | Base 173.209 (box 1.1402  cls 0.6017  dfl 0.9645)  | KD 13.813 (box 0.20674  cls 0.00757  dfl 0.00044  feat 0.00107)

================================================================================
  [Validation] Super model (skip=False)  |  Epoch 26/50
================================================================================
[*] Validation input tensor shape: torch.Size([64, 3, 384, 672])
                 Class     Images  Instances      Box(P          R      mAP50  mAP50-95)
                   all      10000     185578      0.632      0.499      0.552      0.321

================================================================================
  [Validation] Base model  (skip=True)   |  Epoch 26/50
================================================================================
[*] Validation input tensor shape: torch.Size([64, 3, 384, 672])
                 Class     Images  Instances      Box(P          R      mAP50  mAP50-95)
                   all      10000     185578      0.637      0.489      0.545      0.317

           Epoch         GPU_mem          box_om          cls_om          dfl_om          box_oo          cls_oo          dfl_oo       Instances            Size
  Epoch 27/50  Batch 1/1094 (0.1%)  | Super 166.670 (box 1.0777  cls 0.5650  dfl 0.9615)  | Base 168.855 (box 1.0944  cls 0.5827  dfl 0.9612)  | KD 13.880 (box 0.20836  cls 0.00692  dfl 0.00045  feat 0.00115)
  Epoch 27/50  Batch 110/1094 (10.1%)  | Super 175.854 (box 1.1789  cls 0.5753  dfl 0.9935)  | Base 177.530 (box 1.1865  cls 0.6048  dfl 0.9826)  | KD 14.993 (box 0.22585  cls 0.00669  dfl 0.00044  feat 0.00128)
  Epoch 27/50  Batch 219/1094 (20.0%)  | Super 176.293 (box 1.1692  cls 0.6104  dfl 0.9749)  | Base 178.443 (box 1.1750  cls 0.6416  dfl 0.9716)  | KD 16.377 (box 0.24223  cls 0.01182  dfl 0.00054  feat 0.00130)
  Epoch 27/50  Batch 328/1094 (30.0%)  | Super 169.351 (box 1.1217  cls 0.5623  dfl 0.9622)  | Base 172.839 (box 1.1500  cls 0.5764  dfl 0.9742)  | KD 14.302 (box 0.21573  cls 0.00600  dfl 0.00043  feat 0.00131)
  Epoch 27/50  Batch 437/1094 (39.9%)  | Super 177.264 (box 1.1848  cls 0.6194  dfl 0.9656)  | Base 180.187 (box 1.2025  cls 0.6401  dfl 0.9728)  | KD 14.362 (box 0.21628  cls 0.00647  dfl 0.00043  feat 0.00122)
  Epoch 27/50  Batch 546/1094 (49.9%)  | Super 168.838 (box 1.1075  cls 0.6093  dfl 0.9213)  | Base 170.447 (box 1.1116  cls 0.6308  dfl 0.9209)  | KD 13.573 (box 0.20349  cls 0.00697  dfl 0.00043  feat 0.00119)
  Epoch 27/50  Batch 655/1094 (59.9%)  | Super 178.380 (box 1.2245  cls 0.6241  dfl 0.9387)  | Base 180.350 (box 1.2363  cls 0.6410  dfl 0.9407)  | KD 15.810 (box 0.23668  cls 0.00863  dfl 0.00048  feat 0.00125)
  Epoch 27/50  Batch 764/1094 (69.8%)  | Super 188.010 (box 1.2711  cls 0.6724  dfl 0.9941)  | Base 190.807 (box 1.2955  cls 0.6956  dfl 0.9903)  | KD 17.097 (box 0.25845  cls 0.00701  dfl 0.00051  feat 0.00116)
  Epoch 27/50  Batch 873/1094 (79.8%)  | Super 180.065 (box 1.2122  cls 0.6278  dfl 0.9736)  | Base 180.648 (box 1.2155  cls 0.6317  dfl 0.9753)  | KD 15.955 (box 0.24018  cls 0.00743  dfl 0.00048  feat 0.00122)
  Epoch 27/50  Batch 982/1094 (89.8%)  | Super 179.679 (box 1.1936  cls 0.6345  dfl 0.9794)  | Base 183.371 (box 1.2166  cls 0.6553  dfl 0.9933)  | KD 16.816 (box 0.25459  cls 0.00639  dfl 0.00050  feat 0.00126)
  Epoch 27/50  Batch 1091/1094 (99.7%)  | Super 168.876 (box 1.0909  cls 0.5826  dfl 0.9652)  | Base 171.187 (box 1.1000  cls 0.6068  dfl 0.9679)  | KD 13.599 (box 0.20427  cls 0.00641  dfl 0.00047  feat 0.00133)

================================================================================
  [Validation] Super model (skip=False)  |  Epoch 27/50
================================================================================
[*] Validation input tensor shape: torch.Size([64, 3, 384, 672])
                 Class     Images  Instances      Box(P          R      mAP50  mAP50-95)
                   all      10000     185578      0.636      0.495      0.552      0.321

================================================================================
  [Validation] Base model  (skip=True)   |  Epoch 27/50
================================================================================
[*] Validation input tensor shape: torch.Size([64, 3, 384, 672])
                 Class     Images  Instances      Box(P          R      mAP50  mAP50-95)
                   all      10000     185578      0.624      0.494      0.546      0.317

           Epoch         GPU_mem          box_om          cls_om          dfl_om          box_oo          cls_oo          dfl_oo       Instances            Size
  Epoch 28/50  Batch 1/1094 (0.1%)  | Super 165.957 (box 1.0796  cls 0.5629  dfl 0.9505)  | Base 166.987 (box 1.0933  cls 0.5782  dfl 0.9376)  | KD 13.614 (box 0.20332  cls 0.00768  dfl 0.00046  feat 0.00126)
  Epoch 28/50  Batch 110/1094 (10.1%)  | Super 174.778 (box 1.1861  cls 0.5850  dfl 0.9597)  | Base 174.400 (box 1.1744  cls 0.6047  dfl 0.9459)  | KD 15.159 (box 0.22774  cls 0.00737  dfl 0.00048  feat 0.00127)
  Epoch 28/50  Batch 219/1094 (20.0%)  | Super 168.302 (box 1.1216  cls 0.5622  dfl 0.9459)  | Base 170.913 (box 1.1330  cls 0.5941  dfl 0.9434)  | KD 15.059 (box 0.22368  cls 0.00997  dfl 0.00047  feat 0.00118)
  Epoch 28/50  Batch 328/1094 (30.0%)  | Super 169.278 (box 1.1174  cls 0.5648  dfl 0.9627)  | Base 171.932 (box 1.1335  cls 0.5868  dfl 0.9660)  | KD 15.225 (box 0.22619  cls 0.01006  dfl 0.00050  feat 0.00114)
  Epoch 28/50  Batch 437/1094 (39.9%)  | Super 176.658 (box 1.1884  cls 0.6229  dfl 0.9490)  | Base 178.667 (box 1.1994  cls 0.6394  dfl 0.9528)  | KD 16.106 (box 0.24090  cls 0.00902  dfl 0.00053  feat 0.00122)
  Epoch 28/50  Batch 546/1094 (49.9%)  | Super 173.274 (box 1.1421  cls 0.6118  dfl 0.9536)  | Base 173.564 (box 1.1399  cls 0.6256  dfl 0.9464)  | KD 15.416 (box 0.23216  cls 0.00705  dfl 0.00052  feat 0.00114)
  Epoch 28/50  Batch 655/1094 (59.9%)  | Super 181.108 (box 1.2344  cls 0.6399  dfl 0.9555)  | Base 184.617 (box 1.2613  cls 0.6661  dfl 0.9573)  | KD 16.153 (box 0.24256  cls 0.00813  dfl 0.00045  feat 0.00125)
  Epoch 28/50  Batch 764/1094 (69.8%)  | Super 188.332 (box 1.2728  cls 0.6571  dfl 1.0128)  | Base 190.212 (box 1.2893  cls 0.6778  dfl 1.0050)  | KD 16.568 (box 0.25082  cls 0.00642  dfl 0.00046  feat 0.00117)
  Epoch 28/50  Batch 873/1094 (79.8%)  | Super 178.572 (box 1.1994  cls 0.6258  dfl 0.9650)  | Base 179.396 (box 1.1985  cls 0.6411  dfl 0.9634)  | KD 15.695 (box 0.23529  cls 0.00826  dfl 0.00050  feat 0.00118)
  Epoch 28/50  Batch 982/1094 (89.8%)  | Super 176.360 (box 1.1701  cls 0.6005  dfl 0.9851)  | Base 179.596 (box 1.1967  cls 0.6236  dfl 0.9859)  | KD 16.107 (box 0.24257  cls 0.00754  dfl 0.00045  feat 0.00112)
  Epoch 28/50  Batch 1091/1094 (99.7%)  | Super 170.852 (box 1.1393  cls 0.5588  dfl 0.9714)  | Base 171.138 (box 1.1335  cls 0.5766  dfl 0.9639)  | KD 13.900 (box 0.20828  cls 0.00721  dfl 0.00045  feat 0.00125)

================================================================================
  [Validation] Super model (skip=False)  |  Epoch 28/50
================================================================================
[*] Validation input tensor shape: torch.Size([64, 3, 384, 672])
                 Class     Images  Instances      Box(P          R      mAP50  mAP50-95)
                   all      10000     185578      0.633      0.496       0.55      0.321

================================================================================
  [Validation] Base model  (skip=True)   |  Epoch 28/50
================================================================================
[*] Validation input tensor shape: torch.Size([64, 3, 384, 672])
                 Class     Images  Instances      Box(P          R      mAP50  mAP50-95)
                   all      10000     185578      0.632      0.494      0.548      0.317

           Epoch         GPU_mem          box_om          cls_om          dfl_om          box_oo          cls_oo          dfl_oo       Instances            Size
  Epoch 29/50  Batch 1/1094 (0.1%)  | Super 163.976 (box 1.0720  cls 0.5579  dfl 0.9322)  | Base 165.439 (box 1.0776  cls 0.5796  dfl 0.9278)  | KD 13.980 (box 0.20703  cls 0.00977  dfl 0.00045  feat 0.00119)
  Epoch 29/50  Batch 110/1094 (10.1%)  | Super 177.757 (box 1.1921  cls 0.6085  dfl 0.9768)  | Base 181.175 (box 1.2126  cls 0.6433  dfl 0.9749)  | KD 15.244 (box 0.22559  cls 0.01088  dfl 0.00047  feat 0.00126)
  Epoch 29/50  Batch 219/1094 (20.0%)  | Super 169.030 (box 1.1298  cls 0.5632  dfl 0.9480)  | Base 171.843 (box 1.1459  cls 0.5948  dfl 0.9444)  | KD 15.887 (box 0.23670  cls 0.00974  dfl 0.00056  feat 0.00122)
  Epoch 29/50  Batch 328/1094 (30.0%)  | Super 178.638 (box 1.1836  cls 0.6372  dfl 0.9705)  | Base 180.231 (box 1.1895  cls 0.6498  dfl 0.9768)  | KD 16.786 (box 0.25187  cls 0.00856  dfl 0.00049  feat 0.00136)
  Epoch 29/50  Batch 437/1094 (39.9%)  | Super 174.708 (box 1.1712  cls 0.6011  dfl 0.9576)  | Base 177.265 (box 1.1940  cls 0.6211  dfl 0.9547)  | KD 15.979 (box 0.24049  cls 0.00730  dfl 0.00051  feat 0.00137)
  Epoch 29/50  Batch 546/1094 (49.9%)  | Super 168.556 (box 1.1061  cls 0.5962  dfl 0.9314)  | Base 170.921 (box 1.1214  cls 0.6169  dfl 0.9323)  | KD 14.003 (box 0.21030  cls 0.00687  dfl 0.00047  feat 0.00116)
  Epoch 29/50  Batch 655/1094 (59.9%)  | Super 181.019 (box 1.2571  cls 0.6323  dfl 0.9390)  | Base 184.796 (box 1.2798  cls 0.6622  dfl 0.9454)  | KD 17.338 (box 0.26044  cls 0.00871  dfl 0.00055  feat 0.00121)
  Epoch 29/50  Batch 764/1094 (69.8%)  | Super 180.973 (box 1.2441  cls 0.5981  dfl 0.9855)  | Base 183.766 (box 1.2635  cls 0.6234  dfl 0.9844)  | KD 16.678 (box 0.25115  cls 0.00774  dfl 0.00049  feat 0.00121)
  Epoch 29/50  Batch 873/1094 (79.8%)  | Super 193.045 (box 1.3048  cls 0.6689  dfl 1.0427)  | Base 193.973 (box 1.3071  cls 0.6769  dfl 1.0469)  | KD 17.744 (box 0.26664  cls 0.00892  dfl 0.00056  feat 0.00114)
  Epoch 29/50  Batch 982/1094 (89.8%)  | Super 176.238 (box 1.1574  cls 0.6243  dfl 0.9720)  | Base 179.861 (box 1.1834  cls 0.6463  dfl 0.9806)  | KD 16.241 (box 0.24011  cls 0.01206  dfl 0.00043  feat 0.00115)
  Epoch 29/50  Batch 1091/1094 (99.7%)  | Super 166.660 (box 1.0849  cls 0.5628  dfl 0.9564)  | Base 167.830 (box 1.0941  cls 0.5814  dfl 0.9468)  | KD 13.474 (box 0.20391  cls 0.00498  dfl 0.00045  feat 0.00118)

================================================================================
  [Validation] Super model (skip=False)  |  Epoch 29/50
================================================================================
[*] Validation input tensor shape: torch.Size([64, 3, 384, 672])
                 Class     Images  Instances      Box(P          R      mAP50  mAP50-95)
                   all      10000     185578      0.738      0.498      0.552      0.321

================================================================================
  [Validation] Base model  (skip=True)   |  Epoch 29/50
================================================================================
[*] Validation input tensor shape: torch.Size([64, 3, 384, 672])
                 Class     Images  Instances      Box(P          R      mAP50  mAP50-95)
                   all      10000     185578      0.732      0.492      0.548      0.318

           Epoch         GPU_mem          box_om          cls_om          dfl_om          box_oo          cls_oo          dfl_oo       Instances            Size
  Epoch 30/50  Batch 1/1094 (0.1%)  | Super 163.384 (box 1.0672  cls 0.5335  dfl 0.9522)  | Base 163.463 (box 1.0730  cls 0.5342  dfl 0.9469)  | KD 14.235 (box 0.21425  cls 0.00652  dfl 0.00045  feat 0.00120)
  Epoch 30/50  Batch 110/1094 (10.1%)  | Super 176.371 (box 1.1978  cls 0.5857  dfl 0.9723)  | Base 179.783 (box 1.2157  cls 0.6154  dfl 0.9780)  | KD 16.285 (box 0.24619  cls 0.00655  dfl 0.00051  feat 0.00119)
  Epoch 30/50  Batch 219/1094 (20.0%)  | Super 182.007 (box 1.2436  cls 0.6033  dfl 0.9970)  | Base 185.544 (box 1.2692  cls 0.6260  dfl 1.0038)  | KD 15.984 (box 0.24028  cls 0.00772  dfl 0.00049  feat 0.00125)
  Epoch 30/50  Batch 328/1094 (30.0%)  | Super 178.136 (box 1.1667  cls 0.5882  dfl 1.0285)  | Base 176.700 (box 1.1598  cls 0.5988  dfl 1.0022)  | KD 14.472 (box 0.21682  cls 0.00762  dfl 0.00046  feat 0.00122)
  Epoch 30/50  Batch 437/1094 (39.9%)  | Super 179.612 (box 1.2134  cls 0.6212  dfl 0.9718)  | Base 181.035 (box 1.2285  cls 0.6338  dfl 0.9664)  | KD 14.203 (box 0.21051  cls 0.00988  dfl 0.00040  feat 0.00112)
  Epoch 30/50  Batch 546/1094 (49.9%)  | Super 169.229 (box 1.1126  cls 0.5728  dfl 0.9588)  | Base 170.608 (box 1.1215  cls 0.5864  dfl 0.9579)  | KD 13.465 (box 0.20100  cls 0.00775  dfl 0.00043  feat 0.00121)
  Epoch 30/50  Batch 655/1094 (59.9%)  | Super 182.905 (box 1.2504  cls 0.6584  dfl 0.9491)  | Base 185.635 (box 1.2644  cls 0.6884  dfl 0.9478)  | KD 17.944 (box 0.26448  cls 0.01402  dfl 0.00062  feat 0.00127)
  Epoch 30/50  Batch 764/1094 (69.8%)  | Super 187.698 (box 1.2897  cls 0.6552  dfl 0.9879)  | Base 190.929 (box 1.3119  cls 0.6873  dfl 0.9841)  | KD 17.757 (box 0.26431  cls 0.01149  dfl 0.00050  feat 0.00115)
  Epoch 30/50  Batch 873/1094 (79.8%)  | Super 173.396 (box 1.1519  cls 0.5882  dfl 0.9692)  | Base 175.558 (box 1.1604  cls 0.6070  dfl 0.9757)  | KD 15.948 (box 0.23921  cls 0.00829  dfl 0.00056  feat 0.00113)
  Epoch 30/50  Batch 982/1094 (89.8%)  | Super 178.898 (box 1.1926  cls 0.6224  dfl 0.9803)  | Base 182.879 (box 1.2191  cls 0.6501  dfl 0.9883)  | KD 16.490 (box 0.24774  cls 0.00839  dfl 0.00042  feat 0.00110)
  Epoch 30/50  Batch 1091/1094 (99.7%)  | Super 172.511 (box 1.1381  cls 0.5767  dfl 0.9807)  | Base 172.821 (box 1.1379  cls 0.5952  dfl 0.9672)  | KD 14.496 (box 0.21924  cls 0.00552  dfl 0.00047  feat 0.00128)

================================================================================
  [Validation] Super model (skip=False)  |  Epoch 30/50
================================================================================
[*] Validation input tensor shape: torch.Size([64, 3, 384, 672])
                 Class     Images  Instances      Box(P          R      mAP50  mAP50-95)
                   all      10000     185578      0.633      0.497      0.553      0.322

================================================================================
  [Validation] Base model  (skip=True)   |  Epoch 30/50
================================================================================
[*] Validation input tensor shape: torch.Size([64, 3, 384, 672])
                 Class     Images  Instances      Box(P          R      mAP50  mAP50-95)
                   all      10000     185578      0.635       0.49      0.547      0.318

           Epoch         GPU_mem          box_om          cls_om          dfl_om          box_oo          cls_oo          dfl_oo       Instances            Size
  Epoch 31/50  Batch 1/1094 (0.1%)  | Super 172.873 (box 1.1343  cls 0.5973  dfl 0.9696)  | Base 175.059 (box 1.1505  cls 0.6190  dfl 0.9658)  | KD 15.249 (box 0.22735  cls 0.00930  dfl 0.00051  feat 0.00112)
  Epoch 31/50  Batch 110/1094 (10.1%)  | Super 171.033 (box 1.1527  cls 0.5816  dfl 0.9381)  | Base 171.894 (box 1.1619  cls 0.5950  dfl 0.9290)  | KD 14.654 (box 0.22147  cls 0.00588  dfl 0.00044  feat 0.00118)
  Epoch 31/50  Batch 219/1094 (20.0%)  | Super 171.271 (box 1.1545  cls 0.5803  dfl 0.9413)  | Base 174.978 (box 1.1735  cls 0.6121  dfl 0.9484)  | KD 14.799 (box 0.22080  cls 0.00878  dfl 0.00046  feat 0.00120)
  Epoch 31/50  Batch 328/1094 (30.0%)  | Super 175.293 (box 1.1552  cls 0.6077  dfl 0.9761)  | Base 175.525 (box 1.1591  cls 0.6153  dfl 0.9682)  | KD 15.334 (box 0.23160  cls 0.00633  dfl 0.00048  feat 0.00119)
  Epoch 31/50  Batch 437/1094 (39.9%)  | Super 179.845 (box 1.2395  cls 0.6173  dfl 0.9533)  | Base 183.577 (box 1.2668  cls 0.6439  dfl 0.9577)  | KD 14.917 (box 0.22426  cls 0.00714  dfl 0.00043  feat 0.00126)
  Epoch 31/50  Batch 546/1094 (49.9%)  | Super 175.921 (box 1.1519  cls 0.6322  dfl 0.9647)  | Base 178.270 (box 1.1743  cls 0.6501  dfl 0.9611)  | KD 14.792 (box 0.22398  cls 0.00559  dfl 0.00046  feat 0.00109)
  Epoch 31/50  Batch 655/1094 (59.9%)  | Super 181.110 (box 1.2282  cls 0.6486  dfl 0.9531)  | Base 183.542 (box 1.2476  cls 0.6683  dfl 0.9519)  | KD 16.623 (box 0.25096  cls 0.00699  dfl 0.00051  feat 0.00128)
  Epoch 31/50  Batch 764/1094 (69.8%)  | Super 182.364 (box 1.2402  cls 0.6349  dfl 0.9743)  | Base 184.324 (box 1.2474  cls 0.6551  dfl 0.9776)  | KD 16.569 (box 0.24943  cls 0.00775  dfl 0.00046  feat 0.00124)
  Epoch 31/50  Batch 873/1094 (79.8%)  | Super 177.461 (box 1.1736  cls 0.6250  dfl 0.9742)  | Base 180.946 (box 1.1979  cls 0.6541  dfl 0.9753)  | KD 17.279 (box 0.25482  cls 0.01320  dfl 0.00061  feat 0.00134)
  Epoch 31/50  Batch 982/1094 (89.8%)  | Super 183.375 (box 1.2317  cls 0.6483  dfl 0.9853)  | Base 186.835 (box 1.2608  cls 0.6720  dfl 0.9865)  | KD 18.203 (box 0.27312  cls 0.00960  dfl 0.00059  feat 0.00112)
  Epoch 31/50  Batch 1091/1094 (99.7%)  | Super 166.333 (box 1.0791  cls 0.5582  dfl 0.9616)  | Base 167.835 (box 1.0859  cls 0.5824  dfl 0.9542)  | KD 14.524 (box 0.21881  cls 0.00650  dfl 0.00048  feat 0.00114)

================================================================================
  [Validation] Super model (skip=False)  |  Epoch 31/50
================================================================================
[*] Validation input tensor shape: torch.Size([64, 3, 384, 672])
                 Class     Images  Instances      Box(P          R      mAP50  mAP50-95)
                   all      10000     185578      0.635      0.498      0.553      0.323

================================================================================
  [Validation] Base model  (skip=True)   |  Epoch 31/50
================================================================================
[*] Validation input tensor shape: torch.Size([64, 3, 384, 672])
                 Class     Images  Instances      Box(P          R      mAP50  mAP50-95)
                   all      10000     185578      0.633      0.492      0.549      0.318

           Epoch         GPU_mem          box_om          cls_om          dfl_om          box_oo          cls_oo          dfl_oo       Instances            Size
  Epoch 32/50  Batch 1/1094 (0.1%)  | Super 168.877 (box 1.0910  cls 0.5735  dfl 0.9741)  | Base 170.345 (box 1.1048  cls 0.5876  dfl 0.9692)  | KD 13.596 (box 0.20412  cls 0.00655  dfl 0.00042  feat 0.00134)
  Epoch 32/50  Batch 110/1094 (10.1%)  | Super 177.448 (box 1.1924  cls 0.6041  dfl 0.9761)  | Base 178.986 (box 1.2012  cls 0.6206  dfl 0.9748)  | KD 16.507 (box 0.24976  cls 0.00647  dfl 0.00053  feat 0.00115)
  Epoch 32/50  Batch 219/1094 (20.0%)  | Super 173.682 (box 1.1672  cls 0.5742  dfl 0.9724)  | Base 176.368 (box 1.1857  cls 0.6024  dfl 0.9677)  | KD 15.664 (box 0.23499  cls 0.00796  dfl 0.00050  feat 0.00129)
  Epoch 32/50  Batch 328/1094 (30.0%)  | Super 174.711 (box 1.1666  cls 0.5803  dfl 0.9829)  | Base 178.921 (box 1.1954  cls 0.6142  dfl 0.9860)  | KD 15.788 (box 0.23626  cls 0.00862  dfl 0.00050  feat 0.00130)
  Epoch 32/50  Batch 437/1094 (39.9%)  | Super 175.925 (box 1.1816  cls 0.6197  dfl 0.9476)  | Base 177.303 (box 1.1858  cls 0.6324  dfl 0.9522)  | KD 15.928 (box 0.23515  cls 0.01212  dfl 0.00044  feat 0.00116)
  Epoch 32/50  Batch 546/1094 (49.9%)  | Super 171.712 (box 1.1157  cls 0.6068  dfl 0.9604)  | Base 174.378 (box 1.1262  cls 0.6426  dfl 0.9559)  | KD 14.111 (box 0.21087  cls 0.00804  dfl 0.00045  feat 0.00111)
  Epoch 32/50  Batch 655/1094 (59.9%)  | Super 174.942 (box 1.1973  cls 0.6066  dfl 0.9296)  | Base 177.833 (box 1.2247  cls 0.6260  dfl 0.9279)  | KD 15.158 (box 0.22723  cls 0.00799  dfl 0.00046  feat 0.00115)
  Epoch 32/50  Batch 764/1094 (69.8%)  | Super 182.790 (box 1.2531  cls 0.6121  dfl 0.9909)  | Base 185.971 (box 1.2750  cls 0.6380  dfl 0.9928)  | KD 16.218 (box 0.24531  cls 0.00644  dfl 0.00050  feat 0.00117)
  Epoch 32/50  Batch 873/1094 (79.8%)  | Super 182.213 (box 1.2298  cls 0.6284  dfl 0.9889)  | Base 183.179 (box 1.2373  cls 0.6432  dfl 0.9817)  | KD 16.719 (box 0.25324  cls 0.00619  dfl 0.00051  feat 0.00129)
  Epoch 32/50  Batch 982/1094 (89.8%)  | Super 176.563 (box 1.1539  cls 0.6178  dfl 0.9872)  | Base 180.706 (box 1.1828  cls 0.6408  dfl 0.9999)  | KD 16.217 (box 0.24193  cls 0.00988  dfl 0.00048  feat 0.00110)
  Epoch 32/50  Batch 1091/1094 (99.7%)  | Super 165.340 (box 1.1051  cls 0.5470  dfl 0.9313)  | Base 167.008 (box 1.1138  cls 0.5727  dfl 0.9230)  | KD 13.558 (box 0.20278  cls 0.00748  dfl 0.00045  feat 0.00114)

================================================================================
  [Validation] Super model (skip=False)  |  Epoch 32/50
================================================================================
[*] Validation input tensor shape: torch.Size([64, 3, 384, 672])
                 Class     Images  Instances      Box(P          R      mAP50  mAP50-95)
                   all      10000     185578      0.626      0.507      0.553      0.322

================================================================================
  [Validation] Base model  (skip=True)   |  Epoch 32/50
================================================================================
[*] Validation input tensor shape: torch.Size([64, 3, 384, 672])
                 Class     Images  Instances      Box(P          R      mAP50  mAP50-95)
                   all      10000     185578      0.635      0.493      0.549      0.319

           Epoch         GPU_mem          box_om          cls_om          dfl_om          box_oo          cls_oo          dfl_oo       Instances            Size
  Epoch 33/50  Batch 1/1094 (0.1%)  | Super 161.838 (box 1.0445  cls 0.5345  dfl 0.9497)  | Base 163.732 (box 1.0560  cls 0.5588  dfl 0.9436)  | KD 13.178 (box 0.19779  cls 0.00660  dfl 0.00041  feat 0.00111)
  Epoch 33/50  Batch 110/1094 (10.1%)  | Super 174.776 (box 1.2027  cls 0.5663  dfl 0.9619)  | Base 177.076 (box 1.2188  cls 0.5982  dfl 0.9498)  | KD 16.510 (box 0.24369  cls 0.01255  dfl 0.00048  feat 0.00125)
  Epoch 33/50  Batch 219/1094 (20.0%)  | Super 174.415 (box 1.1697  cls 0.5802  dfl 0.9754)  | Base 178.323 (box 1.1963  cls 0.6120  dfl 0.9780)  | KD 15.138 (box 0.22567  cls 0.00905  dfl 0.00057  feat 0.00123)
  Epoch 33/50  Batch 328/1094 (30.0%)  | Super 169.924 (box 1.1029  cls 0.5980  dfl 0.9542)  | Base 171.396 (box 1.1195  cls 0.5991  dfl 0.9595)  | KD 14.016 (box 0.20618  cls 0.01109  dfl 0.00044  feat 0.00128)
  Epoch 33/50  Batch 437/1094 (39.9%)  | Super 176.911 (box 1.1979  cls 0.5958  dfl 0.9705)  | Base 178.327 (box 1.2016  cls 0.6159  dfl 0.9688)  | KD 14.021 (box 0.20961  cls 0.00783  dfl 0.00040  feat 0.00123)
  Epoch 33/50  Batch 546/1094 (49.9%)  | Super 175.992 (box 1.1635  cls 0.6247  dfl 0.9616)  | Base 177.232 (box 1.1743  cls 0.6369  dfl 0.9581)  | KD 14.445 (box 0.21573  cls 0.00824  dfl 0.00045  feat 0.00129)
  Epoch 33/50  Batch 655/1094 (59.9%)  | Super 177.103 (box 1.2169  cls 0.6236  dfl 0.9267)  | Base 180.313 (box 1.2409  cls 0.6398  dfl 0.9367)  | KD 16.548 (box 0.24827  cls 0.00860  dfl 0.00048  feat 0.00122)
  Epoch 33/50  Batch 764/1094 (69.8%)  | Super 187.171 (box 1.2927  cls 0.6433  dfl 0.9885)  | Base 189.353 (box 1.3046  cls 0.6643  dfl 0.9898)  | KD 17.789 (box 0.27007  cls 0.00622  dfl 0.00052  feat 0.00114)
  Epoch 33/50  Batch 873/1094 (79.8%)  | Super 185.440 (box 1.2418  cls 0.6435  dfl 1.0122)  | Base 185.805 (box 1.2389  cls 0.6625  dfl 1.0018)  | KD 16.222 (box 0.24163  cls 0.00992  dfl 0.00048  feat 0.00144)
  Epoch 33/50  Batch 982/1094 (89.8%)  | Super 178.423 (box 1.1810  cls 0.6120  dfl 0.9948)  | Base 180.804 (box 1.2003  cls 0.6319  dfl 0.9928)  | KD 15.950 (box 0.23966  cls 0.00796  dfl 0.00045  feat 0.00115)
  Epoch 33/50  Batch 1091/1094 (99.7%)  | Super 163.537 (box 1.0726  cls 0.5302  dfl 0.9525)  | Base 165.226 (box 1.0840  cls 0.5490  dfl 0.9487)  | KD 13.236 (box 0.19950  cls 0.00569  dfl 0.00044  feat 0.00119)

================================================================================
  [Validation] Super model (skip=False)  |  Epoch 33/50
================================================================================
[*] Validation input tensor shape: torch.Size([64, 3, 384, 672])
                 Class     Images  Instances      Box(P          R      mAP50  mAP50-95)
                   all      10000     185578      0.631      0.505      0.554      0.322

================================================================================
  [Validation] Base model  (skip=True)   |  Epoch 33/50
================================================================================
[*] Validation input tensor shape: torch.Size([64, 3, 384, 672])
                 Class     Images  Instances      Box(P          R      mAP50  mAP50-95)
                   all      10000     185578      0.633      0.496      0.548      0.319

           Epoch         GPU_mem          box_om          cls_om          dfl_om          box_oo          cls_oo          dfl_oo       Instances            Size
  Epoch 34/50  Batch 1/1094 (0.1%)  | Super 165.090 (box 1.0919  cls 0.5508  dfl 0.9369)  | Base 164.836 (box 1.0862  cls 0.5678  dfl 0.9215)  | KD 13.826 (box 0.20596  cls 0.00839  dfl 0.00047  feat 0.00120)
  Epoch 34/50  Batch 110/1094 (10.1%)  | Super 176.882 (box 1.1838  cls 0.6097  dfl 0.9703)  | Base 178.115 (box 1.1921  cls 0.6298  dfl 0.9611)  | KD 15.864 (box 0.23896  cls 0.00729  dfl 0.00045  feat 0.00118)
  Epoch 34/50  Batch 219/1094 (20.0%)  | Super 175.287 (box 1.1840  cls 0.5901  dfl 0.9648)  | Base 176.723 (box 1.1874  cls 0.6233  dfl 0.9506)  | KD 15.781 (box 0.22663  cls 0.01832  dfl 0.00050  feat 0.00114)
  Epoch 34/50  Batch 328/1094 (30.0%)  | Super 174.023 (box 1.1504  cls 0.5992  dfl 0.9696)  | Base 174.312 (box 1.1443  cls 0.6116  dfl 0.9678)  | KD 14.732 (box 0.21840  cls 0.01018  dfl 0.00044  feat 0.00117)
  Epoch 34/50  Batch 437/1094 (39.9%)  | Super 181.559 (box 1.2267  cls 0.6281  dfl 0.9820)  | Base 185.198 (box 1.2616  cls 0.6465  dfl 0.9856)  | KD 15.014 (box 0.22409  cls 0.00864  dfl 0.00041  feat 0.00146)
  Epoch 34/50  Batch 546/1094 (49.9%)  | Super 172.505 (box 1.1327  cls 0.6124  dfl 0.9502)  | Base 173.123 (box 1.1365  cls 0.6241  dfl 0.9444)  | KD 14.441 (box 0.21646  cls 0.00757  dfl 0.00044  feat 0.00117)
  Epoch 34/50  Batch 655/1094 (59.9%)  | Super 182.409 (box 1.2507  cls 0.6525  dfl 0.9469)  | Base 183.640 (box 1.2542  cls 0.6685  dfl 0.9467)  | KD 16.496 (box 0.24604  cls 0.01001  dfl 0.00047  feat 0.00123)
  Epoch 34/50  Batch 764/1094 (69.8%)  | Super 180.373 (box 1.2282  cls 0.6309  dfl 0.9593)  | Base 183.348 (box 1.2381  cls 0.6695  dfl 0.9572)  | KD 16.504 (box 0.24803  cls 0.00818  dfl 0.00047  feat 0.00119)
  Epoch 34/50  Batch 873/1094 (79.8%)  | Super 171.548 (box 1.1328  cls 0.6029  dfl 0.9447)  | Base 176.254 (box 1.1698  cls 0.6330  dfl 0.9512)  | KD 16.906 (box 0.24832  cls 0.01414  dfl 0.00055  feat 0.00115)
  Epoch 34/50  Batch 982/1094 (89.8%)  | Super 179.298 (box 1.2009  cls 0.6163  dfl 0.9843)  | Base 181.378 (box 1.2108  cls 0.6334  dfl 0.9899)  | KD 16.689 (box 0.24870  cls 0.01035  dfl 0.00050  feat 0.00122)
  Epoch 34/50  Batch 1091/1094 (99.7%)  | Super 164.428 (box 1.0778  cls 0.5307  dfl 0.9607)  | Base 166.067 (box 1.0883  cls 0.5488  dfl 0.9577)  | KD 13.063 (box 0.19465  cls 0.00780  dfl 0.00045  feat 0.00120)

================================================================================
  [Validation] Super model (skip=False)  |  Epoch 34/50
================================================================================
[*] Validation input tensor shape: torch.Size([64, 3, 384, 672])
                 Class     Images  Instances      Box(P          R      mAP50  mAP50-95)
                   all      10000     185578      0.636      0.502      0.554      0.323

================================================================================
  [Validation] Base model  (skip=True)   |  Epoch 34/50
================================================================================
[*] Validation input tensor shape: torch.Size([64, 3, 384, 672])
                 Class     Images  Instances      Box(P          R      mAP50  mAP50-95)
                   all      10000     185578      0.607      0.514       0.55      0.319

           Epoch         GPU_mem          box_om          cls_om          dfl_om          box_oo          cls_oo          dfl_oo       Instances            Size
  Epoch 35/50  Batch 1/1094 (0.1%)  | Super 161.485 (box 1.0737  cls 0.5206  dfl 0.9289)  | Base 162.262 (box 1.0764  cls 0.5415  dfl 0.9174)  | KD 12.402 (box 0.18345  cls 0.00880  dfl 0.00035  feat 0.00118)
  Epoch 35/50  Batch 110/1094 (10.1%)  | Super 169.788 (box 1.1526  cls 0.5732  dfl 0.9271)  | Base 171.052 (box 1.1545  cls 0.5895  dfl 0.9287)  | KD 16.795 (box 0.25246  cls 0.00823  dfl 0.00052  feat 0.00120)
  Epoch 35/50  Batch 219/1094 (20.0%)  | Super 170.108 (box 1.1577  cls 0.5678  dfl 0.9325)  | Base 172.111 (box 1.1584  cls 0.5958  dfl 0.9350)  | KD 15.899 (box 0.23633  cls 0.01043  dfl 0.00051  feat 0.00115)
  Epoch 35/50  Batch 328/1094 (30.0%)  | Super 170.916 (box 1.1344  cls 0.5791  dfl 0.9571)  | Base 174.425 (box 1.1585  cls 0.5988  dfl 0.9680)  | KD 13.543 (box 0.20334  cls 0.00665  dfl 0.00043  feat 0.00119)
  Epoch 35/50  Batch 437/1094 (39.9%)  | Super 177.416 (box 1.1974  cls 0.6165  dfl 0.9581)  | Base 179.528 (box 1.2078  cls 0.6351  dfl 0.9622)  | KD 14.621 (box 0.21833  cls 0.00850  dfl 0.00046  feat 0.00117)
  Epoch 35/50  Batch 546/1094 (49.9%)  | Super 167.727 (box 1.0964  cls 0.5909  dfl 0.9334)  | Base 168.205 (box 1.0959  cls 0.6007  dfl 0.9316)  | KD 14.164 (box 0.21159  cls 0.00813  dfl 0.00044  feat 0.00115)
  Epoch 35/50  Batch 655/1094 (59.9%)  | Super 176.423 (box 1.1986  cls 0.6295  dfl 0.9285)  | Base 177.762 (box 1.2020  cls 0.6453  dfl 0.9303)  | KD 16.351 (box 0.24747  cls 0.00638  dfl 0.00040  feat 0.00123)
  Epoch 35/50  Batch 764/1094 (69.8%)  | Super 184.037 (box 1.2467  cls 0.6457  dfl 0.9832)  | Base 186.044 (box 1.2634  cls 0.6613  dfl 0.9822)  | KD 17.854 (box 0.27093  cls 0.00622  dfl 0.00052  feat 0.00129)
  Epoch 35/50  Batch 873/1094 (79.8%)  | Super 181.984 (box 1.2113  cls 0.6321  dfl 1.0001)  | Base 184.166 (box 1.2311  cls 0.6522  dfl 0.9943)  | KD 16.626 (box 0.24514  cls 0.01287  dfl 0.00054  feat 0.00123)
  Epoch 35/50  Batch 982/1094 (89.8%)  | Super 183.338 (box 1.2157  cls 0.6336  dfl 1.0154)  | Base 186.110 (box 1.2381  cls 0.6516  dfl 1.0183)  | KD 17.392 (box 0.26250  cls 0.00762  dfl 0.00049  feat 0.00114)
  Epoch 35/50  Batch 1091/1094 (99.7%)  | Super 165.739 (box 1.0871  cls 0.5488  dfl 0.9537)  | Base 167.450 (box 1.0924  cls 0.5747  dfl 0.9493)  | KD 12.952 (box 0.19301  cls 0.00776  dfl 0.00042  feat 0.00119)

================================================================================
  [Validation] Super model (skip=False)  |  Epoch 35/50
================================================================================
[*] Validation input tensor shape: torch.Size([64, 3, 384, 672])
                 Class     Images  Instances      Box(P          R      mAP50  mAP50-95)
                   all      10000     185578      0.634      0.504      0.554      0.323

================================================================================
  [Validation] Base model  (skip=True)   |  Epoch 35/50
================================================================================
[*] Validation input tensor shape: torch.Size([64, 3, 384, 672])
                 Class     Images  Instances      Box(P          R      mAP50  mAP50-95)
                   all      10000     185578      0.602      0.514      0.551       0.32

           Epoch         GPU_mem          box_om          cls_om          dfl_om          box_oo          cls_oo          dfl_oo       Instances            Size
  Epoch 36/50  Batch 1/1094 (0.1%)  | Super 164.159 (box 1.0793  cls 0.5357  dfl 0.9499)  | Base 165.511 (box 1.0849  cls 0.5597  dfl 0.9414)  | KD 13.884 (box 0.20982  cls 0.00544  dfl 0.00044  feat 0.00124)
  Epoch 36/50  Batch 110/1094 (10.1%)  | Super 183.489 (box 1.2472  cls 0.6066  dfl 1.0132)  | Base 185.530 (box 1.2545  cls 0.6367  dfl 1.0078)  | KD 16.265 (box 0.24520  cls 0.00727  dfl 0.00050  feat 0.00117)
  Epoch 36/50  Batch 219/1094 (20.0%)  | Super 168.875 (box 1.1415  cls 0.5731  dfl 0.9241)  | Base 171.776 (box 1.1659  cls 0.5952  dfl 0.9229)  | KD 17.232 (box 0.25497  cls 0.01240  dfl 0.00059  feat 0.00130)
  Epoch 36/50  Batch 328/1094 (30.0%)  | Super 179.265 (box 1.1865  cls 0.6059  dfl 1.0086)  | Base 181.390 (box 1.1950  cls 0.6329  dfl 1.0063)  | KD 15.206 (box 0.22883  cls 0.00699  dfl 0.00046  feat 0.00131)
  Epoch 36/50  Batch 437/1094 (39.9%)  | Super 177.266 (box 1.1895  cls 0.6217  dfl 0.9586)  | Base 181.089 (box 1.2158  cls 0.6434  dfl 0.9703)  | KD 16.095 (box 0.24202  cls 0.00768  dfl 0.00054  feat 0.00126)
  Epoch 36/50  Batch 546/1094 (49.9%)  | Super 172.037 (box 1.1392  cls 0.5867  dfl 0.9621)  | Base 174.272 (box 1.1464  cls 0.6191  dfl 0.9575)  | KD 14.980 (box 0.22359  cls 0.00884  dfl 0.00048  feat 0.00115)
  Epoch 36/50  Batch 655/1094 (59.9%)  | Super 180.038 (box 1.2136  cls 0.6447  dfl 0.9548)  | Base 182.627 (box 1.2319  cls 0.6661  dfl 0.9555)  | KD 17.114 (box 0.25572  cls 0.00986  dfl 0.00052  feat 0.00131)
  Epoch 36/50  Batch 764/1094 (69.8%)  | Super 184.642 (box 1.2543  cls 0.6366  dfl 0.9941)  | Base 187.948 (box 1.2733  cls 0.6608  dfl 1.0027)  | KD 17.316 (box 0.25764  cls 0.01125  dfl 0.00053  feat 0.00114)
  Epoch 36/50  Batch 873/1094 (79.8%)  | Super 173.139 (box 1.1668  cls 0.5713  dfl 0.9672)  | Base 175.005 (box 1.1750  cls 0.5961  dfl 0.9634)  | KD 15.695 (box 0.23481  cls 0.00854  dfl 0.00052  feat 0.00136)
  Epoch 36/50  Batch 982/1094 (89.8%)  | Super 181.183 (box 1.2246  cls 0.6152  dfl 0.9912)  | Base 183.060 (box 1.2389  cls 0.6357  dfl 0.9857)  | KD 15.326 (box 0.23044  cls 0.00749  dfl 0.00043  feat 0.00111)
  Epoch 36/50  Batch 1091/1094 (99.7%)  | Super 166.809 (box 1.1099  cls 0.5448  dfl 0.9517)  | Base 169.592 (box 1.1155  cls 0.5778  dfl 0.9566)  | KD 12.989 (box 0.19216  cls 0.00910  dfl 0.00044  feat 0.00125)

================================================================================
  [Validation] Super model (skip=False)  |  Epoch 36/50
================================================================================
[*] Validation input tensor shape: torch.Size([64, 3, 384, 672])
                 Class     Images  Instances      Box(P          R      mAP50  mAP50-95)
                   all      10000     185578      0.638      0.502      0.555      0.324

================================================================================
  [Validation] Base model  (skip=True)   |  Epoch 36/50
================================================================================
[*] Validation input tensor shape: torch.Size([64, 3, 384, 672])
                 Class     Images  Instances      Box(P          R      mAP50  mAP50-95)
                   all      10000     185578      0.635      0.493      0.549       0.32

           Epoch         GPU_mem          box_om          cls_om          dfl_om          box_oo          cls_oo          dfl_oo       Instances            Size
  Epoch 37/50  Batch 1/1094 (0.1%)  | Super 166.126 (box 1.1035  cls 0.5366  dfl 0.9556)  | Base 168.571 (box 1.1166  cls 0.5630  dfl 0.9543)  | KD 13.500 (box 0.20073  cls 0.00859  dfl 0.00042  feat 0.00119)
  Epoch 37/50  Batch 110/1094 (10.1%)  | Super 175.633 (box 1.1855  cls 0.5882  dfl 0.9707)  | Base 178.369 (box 1.2049  cls 0.6125  dfl 0.9696)  | KD 16.533 (box 0.24827  cls 0.00834  dfl 0.00048  feat 0.00124)
  Epoch 37/50  Batch 219/1094 (20.0%)  | Super 176.460 (box 1.1912  cls 0.6063  dfl 0.9598)  | Base 180.269 (box 1.2176  cls 0.6341  dfl 0.9650)  | KD 16.660 (box 0.24793  cls 0.01038  dfl 0.00052  feat 0.00148)
  Epoch 37/50  Batch 328/1094 (30.0%)  | Super 171.959 (box 1.1239  cls 0.5987  dfl 0.9642)  | Base 174.336 (box 1.1482  cls 0.6042  dfl 0.9716)  | KD 15.344 (box 0.22771  cls 0.01041  dfl 0.00045  feat 0.00117)
  Epoch 37/50  Batch 437/1094 (39.9%)  | Super 176.792 (box 1.1890  cls 0.6157  dfl 0.9577)  | Base 178.824 (box 1.2052  cls 0.6353  dfl 0.9537)  | KD 15.289 (box 0.22793  cls 0.00926  dfl 0.00042  feat 0.00127)
  Epoch 37/50  Batch 546/1094 (49.9%)  | Super 169.978 (box 1.1210  cls 0.6022  dfl 0.9328)  | Base 171.590 (box 1.1324  cls 0.6131  dfl 0.9356)  | KD 14.151 (box 0.20989  cls 0.00951  dfl 0.00047  feat 0.00122)
  Epoch 37/50  Batch 655/1094 (59.9%)  | Super 176.989 (box 1.2223  cls 0.6199  dfl 0.9232)  | Base 179.589 (box 1.2405  cls 0.6342  dfl 0.9314)  | KD 16.987 (box 0.25558  cls 0.00815  dfl 0.00054  feat 0.00116)
  Epoch 37/50  Batch 764/1094 (69.8%)  | Super 183.797 (box 1.2521  cls 0.6470  dfl 0.9727)  | Base 186.255 (box 1.2685  cls 0.6667  dfl 0.9751)  | KD 17.372 (box 0.26377  cls 0.00604  dfl 0.00048  feat 0.00115)
  Epoch 37/50  Batch 873/1094 (79.8%)  | Super 178.481 (box 1.1809  cls 0.6121  dfl 0.9958)  | Base 180.376 (box 1.1877  cls 0.6429  dfl 0.9878)  | KD 16.448 (box 0.24737  cls 0.00800  dfl 0.00045  feat 0.00117)
  Epoch 37/50  Batch 982/1094 (89.8%)  | Super 179.760 (box 1.2032  cls 0.6100  dfl 0.9955)  | Base 182.259 (box 1.2233  cls 0.6273  dfl 0.9972)  | KD 17.142 (box 0.25484  cls 0.01136  dfl 0.00050  feat 0.00114)
  Epoch 37/50  Batch 1091/1094 (99.7%)  | Super 165.232 (box 1.0880  cls 0.5470  dfl 0.9468)  | Base 166.861 (box 1.0964  cls 0.5671  dfl 0.9437)  | KD 13.677 (box 0.20391  cls 0.00812  dfl 0.00046  feat 0.00121)

================================================================================
  [Validation] Super model (skip=False)  |  Epoch 37/50
================================================================================
[*] Validation input tensor shape: torch.Size([64, 3, 384, 672])
                 Class     Images  Instances      Box(P          R      mAP50  mAP50-95)
                   all      10000     185578      0.637      0.502      0.555      0.323

================================================================================
  [Validation] Base model  (skip=True)   |  Epoch 37/50
================================================================================
[*] Validation input tensor shape: torch.Size([64, 3, 384, 672])
                 Class     Images  Instances      Box(P          R      mAP50  mAP50-95)
                   all      10000     185578      0.634      0.493       0.55       0.32

           Epoch         GPU_mem          box_om          cls_om          dfl_om          box_oo          cls_oo          dfl_oo       Instances            Size
  Epoch 38/50  Batch 1/1094 (0.1%)  | Super 166.310 (box 1.0835  cls 0.5410  dfl 0.9741)  | Base 168.074 (box 1.0919  cls 0.5638  dfl 0.9705)  | KD 13.876 (box 0.20597  cls 0.00921  dfl 0.00044  feat 0.00119)
  Epoch 38/50  Batch 110/1094 (10.1%)  | Super 174.093 (box 1.1751  cls 0.5739  dfl 0.9712)  | Base 177.982 (box 1.1978  cls 0.6077  dfl 0.9754)  | KD 16.738 (box 0.24578  cls 0.01404  dfl 0.00048  feat 0.00123)
  Epoch 38/50  Batch 219/1094 (20.0%)  | Super 169.048 (box 1.1419  cls 0.5466  dfl 0.9529)  | Base 171.709 (box 1.1570  cls 0.5754  dfl 0.9505)  | KD 14.896 (box 0.22313  cls 0.00794  dfl 0.00046  feat 0.00122)
  Epoch 38/50  Batch 328/1094 (30.0%)  | Super 166.717 (box 1.0902  cls 0.5568  dfl 0.9580)  | Base 168.772 (box 1.1041  cls 0.5774  dfl 0.9555)  | KD 15.509 (box 0.22813  cls 0.01248  dfl 0.00050  feat 0.00123)
  Epoch 38/50  Batch 437/1094 (39.9%)  | Super 179.913 (box 1.2009  cls 0.6414  dfl 0.9689)  | Base 183.086 (box 1.2277  cls 0.6464  dfl 0.9866)  | KD 16.200 (box 0.23735  cls 0.01400  dfl 0.00050  feat 0.00128)
  Epoch 38/50  Batch 546/1094 (49.9%)  | Super 169.046 (box 1.1155  cls 0.5807  dfl 0.9452)  | Base 172.031 (box 1.1338  cls 0.6124  dfl 0.9418)  | KD 14.897 (box 0.22128  cls 0.00978  dfl 0.00052  feat 0.00118)
  Epoch 38/50  Batch 655/1094 (59.9%)  | Super 177.128 (box 1.2119  cls 0.6202  dfl 0.9355)  | Base 179.388 (box 1.2266  cls 0.6415  dfl 0.9348)  | KD 16.688 (box 0.24927  cls 0.00974  dfl 0.00046  feat 0.00128)
  Epoch 38/50  Batch 764/1094 (69.8%)  | Super 181.703 (box 1.2416  cls 0.6050  dfl 0.9925)  | Base 184.655 (box 1.2624  cls 0.6326  dfl 0.9903)  | KD 16.296 (box 0.24643  cls 0.00662  dfl 0.00045  feat 0.00113)
  Epoch 38/50  Batch 873/1094 (79.8%)  | Super 176.699 (box 1.1999  cls 0.5961  dfl 0.9649)  | Base 180.241 (box 1.2313  cls 0.6216  dfl 0.9634)  | KD 16.561 (box 0.24639  cls 0.01073  dfl 0.00048  feat 0.00117)
  Epoch 38/50  Batch 982/1094 (89.8%)  | Super 180.568 (box 1.2083  cls 0.6170  dfl 0.9960)  | Base 184.101 (box 1.2323  cls 0.6434  dfl 1.0009)  | KD 16.423 (box 0.24477  cls 0.01022  dfl 0.00047  feat 0.00116)
  Epoch 38/50  Batch 1091/1094 (99.7%)  | Super 161.958 (box 1.0620  cls 0.5268  dfl 0.9418)  | Base 162.646 (box 1.0607  cls 0.5483  dfl 0.9323)  | KD 13.042 (box 0.19621  cls 0.00603  dfl 0.00040  feat 0.00114)

================================================================================
  [Validation] Super model (skip=False)  |  Epoch 38/50
================================================================================
[*] Validation input tensor shape: torch.Size([64, 3, 384, 672])
                 Class     Images  Instances      Box(P          R      mAP50  mAP50-95)
                   all      10000     185578      0.635      0.505      0.555      0.323

================================================================================
  [Validation] Base model  (skip=True)   |  Epoch 38/50
================================================================================
[*] Validation input tensor shape: torch.Size([64, 3, 384, 672])
                 Class     Images  Instances      Box(P          R      mAP50  mAP50-95)
                   all      10000     185578       0.63      0.495       0.55       0.32

           Epoch         GPU_mem          box_om          cls_om          dfl_om          box_oo          cls_oo          dfl_oo       Instances            Size
  Epoch 39/50  Batch 1/1094 (0.1%)  | Super 163.742 (box 1.0639  cls 0.5582  dfl 0.9364)  | Base 166.157 (box 1.0798  cls 0.5773  dfl 0.9391)  | KD 13.959 (box 0.20634  cls 0.01005  dfl 0.00046  feat 0.00125)
  Epoch 39/50  Batch 110/1094 (10.1%)  | Super 173.829 (box 1.1955  cls 0.5637  dfl 0.9569)  | Base 175.262 (box 1.1951  cls 0.5936  dfl 0.9498)  | KD 16.363 (box 0.24681  cls 0.00722  dfl 0.00047  feat 0.00118)
  Epoch 39/50  Batch 219/1094 (20.0%)  | Super 169.182 (box 1.1468  cls 0.5504  dfl 0.9462)  | Base 172.773 (box 1.1664  cls 0.5838  dfl 0.9494)  | KD 14.933 (box 0.22111  cls 0.01060  dfl 0.00044  feat 0.00118)
  Epoch 39/50  Batch 328/1094 (30.0%)  | Super 171.340 (box 1.1191  cls 0.5987  dfl 0.9594)  | Base 173.771 (box 1.1334  cls 0.6137  dfl 0.9681)  | KD 14.838 (box 0.22143  cls 0.00880  dfl 0.00046  feat 0.00116)
  Epoch 39/50  Batch 437/1094 (39.9%)  | Super 177.648 (box 1.2136  cls 0.5987  dfl 0.9635)  | Base 180.061 (box 1.2260  cls 0.6214  dfl 0.9660)  | KD 15.612 (box 0.23546  cls 0.00678  dfl 0.00046  feat 0.00123)
  Epoch 39/50  Batch 546/1094 (49.9%)  | Super 176.937 (box 1.1756  cls 0.6303  dfl 0.9588)  | Base 178.136 (box 1.1814  cls 0.6512  dfl 0.9508)  | KD 15.887 (box 0.23606  cls 0.01049  dfl 0.00052  feat 0.00116)
  Epoch 39/50  Batch 655/1094 (59.9%)  | Super 181.845 (box 1.2450  cls 0.6295  dfl 0.9668)  | Base 184.268 (box 1.2600  cls 0.6500  dfl 0.9692)  | KD 16.404 (box 0.24141  cls 0.01313  dfl 0.00051  feat 0.00126)
  Epoch 39/50  Batch 764/1094 (69.8%)  | Super 179.892 (box 1.2394  cls 0.6063  dfl 0.9651)  | Base 182.791 (box 1.2585  cls 0.6260  dfl 0.9716)  | KD 16.864 (box 0.25543  cls 0.00634  dfl 0.00049  feat 0.00124)
  Epoch 39/50  Batch 873/1094 (79.8%)  | Super 183.772 (box 1.2168  cls 0.6377  dfl 1.0169)  | Base 187.050 (box 1.2380  cls 0.6656  dfl 1.0191)  | KD 15.913 (box 0.23856  cls 0.00839  dfl 0.00047  feat 0.00122)
  Epoch 39/50  Batch 982/1094 (89.8%)  | Super 178.654 (box 1.1974  cls 0.6037  dfl 0.9904)  | Base 181.561 (box 1.2139  cls 0.6313  dfl 0.9917)  | KD 16.178 (box 0.23875  cls 0.01241  dfl 0.00046  feat 0.00116)
  Epoch 39/50  Batch 1091/1094 (99.7%)  | Super 165.783 (box 1.0886  cls 0.5550  dfl 0.9468)  | Base 167.166 (box 1.1020  cls 0.5697  dfl 0.9402)  | KD 13.981 (box 0.20484  cls 0.01190  dfl 0.00047  feat 0.00124)

================================================================================
  [Validation] Super model (skip=False)  |  Epoch 39/50
================================================================================
[*] Validation input tensor shape: torch.Size([64, 3, 384, 672])
                 Class     Images  Instances      Box(P          R      mAP50  mAP50-95)
                   all      10000     185578      0.635      0.504      0.555      0.323

================================================================================
  [Validation] Base model  (skip=True)   |  Epoch 39/50
================================================================================
[*] Validation input tensor shape: torch.Size([64, 3, 384, 672])
                 Class     Images  Instances      Box(P          R      mAP50  mAP50-95)
                   all      10000     185578      0.602      0.514      0.549       0.32

           Epoch         GPU_mem          box_om          cls_om          dfl_om          box_oo          cls_oo          dfl_oo       Instances            Size
  Epoch 40/50  Batch 1/1094 (0.1%)  | Super 160.788 (box 1.0507  cls 0.5285  dfl 0.9332)  | Base 162.921 (box 1.0642  cls 0.5578  dfl 0.9236)  | KD 14.101 (box 0.20953  cls 0.00906  dfl 0.00047  feat 0.00127)
  Epoch 40/50  Batch 110/1094 (10.1%)  | Super 173.936 (box 1.1840  cls 0.5597  dfl 0.9740)  | Base 177.229 (box 1.1994  cls 0.5919  dfl 0.9779)  | KD 14.778 (box 0.22164  cls 0.00757  dfl 0.00045  feat 0.00125)
  Epoch 40/50  Batch 219/1094 (20.0%)  | Super 173.581 (box 1.1786  cls 0.5836  dfl 0.9500)  | Base 175.629 (box 1.1839  cls 0.6113  dfl 0.9490)  | KD 15.413 (box 0.22867  cls 0.01051  dfl 0.00047  feat 0.00117)
  Epoch 40/50  Batch 328/1094 (30.0%)  | Super 172.274 (box 1.1422  cls 0.5894  dfl 0.9602)  | Base 175.050 (box 1.1569  cls 0.6143  dfl 0.9639)  | KD 14.677 (box 0.21879  cls 0.00894  dfl 0.00043  feat 0.00117)
  Epoch 40/50  Batch 437/1094 (39.9%)  | Super 181.728 (box 1.2349  cls 0.6224  dfl 0.9821)  | Base 184.060 (box 1.2458  cls 0.6487  dfl 0.9814)  | KD 14.891 (box 0.22234  cls 0.00862  dfl 0.00046  feat 0.00125)
  Epoch 40/50  Batch 546/1094 (49.9%)  | Super 167.600 (box 1.1070  cls 0.5713  dfl 0.9405)  | Base 169.662 (box 1.1249  cls 0.5862  dfl 0.9399)  | KD 14.588 (box 0.21770  cls 0.00840  dfl 0.00053  feat 0.00130)
  Epoch 40/50  Batch 655/1094 (59.9%)  | Super 180.918 (box 1.2351  cls 0.6422  dfl 0.9496)  | Base 182.502 (box 1.2452  cls 0.6559  dfl 0.9504)  | KD 16.862 (box 0.25422  cls 0.00748  dfl 0.00048  feat 0.00129)
  Epoch 40/50  Batch 764/1094 (69.8%)  | Super 181.685 (box 1.2303  cls 0.6271  dfl 0.9814)  | Base 183.780 (box 1.2427  cls 0.6481  dfl 0.9808)  | KD 16.793 (box 0.25437  cls 0.00629  dfl 0.00050  feat 0.00123)
  Epoch 40/50  Batch 873/1094 (79.8%)  | Super 175.555 (box 1.1723  cls 0.5912  dfl 0.9796)  | Base 178.796 (box 1.1944  cls 0.6166  dfl 0.9827)  | KD 16.408 (box 0.24589  cls 0.00876  dfl 0.00051  feat 0.00122)
  Epoch 40/50  Batch 982/1094 (89.8%)  | Super 179.656 (box 1.2098  cls 0.6131  dfl 0.9842)  | Base 182.899 (box 1.2362  cls 0.6304  dfl 0.9912)  | KD 17.350 (box 0.25939  cls 0.00995  dfl 0.00054  feat 0.00122)
  Epoch 40/50  Batch 1091/1094 (99.7%)  | Super 166.928 (box 1.1032  cls 0.5547  dfl 0.9504)  | Base 169.829 (box 1.1215  cls 0.5786  dfl 0.9535)  | KD 14.405 (box 0.21410  cls 0.00918  dfl 0.00047  feat 0.00133)

================================================================================
  [Validation] Super model (skip=False)  |  Epoch 40/50
================================================================================
[*] Validation input tensor shape: torch.Size([64, 3, 384, 672])
                 Class     Images  Instances      Box(P          R      mAP50  mAP50-95)
                   all      10000     185578      0.638      0.503      0.555      0.323

================================================================================
  [Validation] Base model  (skip=True)   |  Epoch 40/50
================================================================================
[*] Validation input tensor shape: torch.Size([64, 3, 384, 672])
                 Class     Images  Instances      Box(P          R      mAP50  mAP50-95)
                   all      10000     185578      0.645      0.512      0.551      0.321

           Epoch         GPU_mem          box_om          cls_om          dfl_om          box_oo          cls_oo          dfl_oo       Instances            Size
  Epoch 41/50  Batch 1/1094 (0.1%)  | Super 169.931 (box 1.1259  cls 0.5564  dfl 0.9729)  | Base 171.511 (box 1.1327  cls 0.5800  dfl 0.9671)  | KD 13.715 (box 0.20721  cls 0.00539  dfl 0.00044  feat 0.00126)
  Epoch 41/50  Batch 110/1094 (10.1%)  | Super 176.048 (box 1.1934  cls 0.5963  dfl 0.9611)  | Base 178.657 (box 1.2199  cls 0.6115  dfl 0.9600)  | KD 16.271 (box 0.24230  cls 0.01023  dfl 0.00046  feat 0.00126)
  Epoch 41/50  Batch 219/1094 (20.0%)  | Super 170.010 (box 1.1583  cls 0.5458  dfl 0.9523)  | Base 171.950 (box 1.1623  cls 0.5779  dfl 0.9465)  | KD 15.213 (box 0.21683  cls 0.01913  dfl 0.00051  feat 0.00125)
  Epoch 41/50  Batch 328/1094 (30.0%)  | Super 174.520 (box 1.1432  cls 0.5946  dfl 0.9890)  | Base 176.682 (box 1.1584  cls 0.6039  dfl 0.9984)  | KD 15.460 (box 0.22244  cls 0.01745  dfl 0.00046  feat 0.00122)
  Epoch 41/50  Batch 437/1094 (39.9%)  | Super 178.787 (box 1.2076  cls 0.6320  dfl 0.9539)  | Base 182.756 (box 1.2366  cls 0.6593  dfl 0.9596)  | KD 15.406 (box 0.22277  cls 0.01621  dfl 0.00044  feat 0.00130)
  Epoch 41/50  Batch 546/1094 (49.9%)  | Super 168.354 (box 1.1250  cls 0.5807  dfl 0.9248)  | Base 168.569 (box 1.1231  cls 0.5912  dfl 0.9195)  | KD 15.007 (box 0.22445  cls 0.00838  dfl 0.00052  feat 0.00114)
  Epoch 41/50  Batch 655/1094 (59.9%)  | Super 181.645 (box 1.2459  cls 0.6533  dfl 0.9390)  | Base 184.541 (box 1.2668  cls 0.6750  dfl 0.9417)  | KD 16.605 (box 0.24806  cls 0.00963  dfl 0.00044  feat 0.00132)
  Epoch 41/50  Batch 764/1094 (69.8%)  | Super 186.217 (box 1.2952  cls 0.6376  dfl 0.9769)  | Base 189.304 (box 1.3152  cls 0.6631  dfl 0.9796)  | KD 18.258 (box 0.27250  cls 0.01096  dfl 0.00055  feat 0.00127)
  Epoch 41/50  Batch 873/1094 (79.8%)  | Super 174.313 (box 1.1612  cls 0.5938  dfl 0.9686)  | Base 175.687 (box 1.1768  cls 0.5952  dfl 0.9731)  | KD 16.340 (box 0.24250  cls 0.01104  dfl 0.00055  feat 0.00123)
  Epoch 41/50  Batch 982/1094 (89.8%)  | Super 183.439 (box 1.2206  cls 0.6280  dfl 1.0175)  | Base 185.247 (box 1.2330  cls 0.6503  dfl 1.0112)  | KD 16.569 (box 0.24976  cls 0.00748  dfl 0.00046  feat 0.00120)
  Epoch 41/50  Batch 1091/1094 (99.7%)  | Super 169.805 (box 1.1156  cls 0.5675  dfl 0.9702)  | Base 172.146 (box 1.1232  cls 0.5980  dfl 0.9686)  | KD 13.062 (box 0.19613  cls 0.00639  dfl 0.00039  feat 0.00119)

================================================================================
  [Validation] Super model (skip=False)  |  Epoch 41/50
================================================================================
[*] Validation input tensor shape: torch.Size([64, 3, 384, 672])
                 Class     Images  Instances      Box(P          R      mAP50  mAP50-95)
                   all      10000     185578      0.638      0.503      0.555      0.324

================================================================================
  [Validation] Base model  (skip=True)   |  Epoch 41/50
================================================================================
[*] Validation input tensor shape: torch.Size([64, 3, 384, 672])
                 Class     Images  Instances      Box(P          R      mAP50  mAP50-95)
                   all      10000     185578      0.642      0.518      0.552      0.321

           Epoch         GPU_mem          box_om          cls_om          dfl_om          box_oo          cls_oo          dfl_oo       Instances            Size
  Epoch 42/50  Batch 1/1094 (0.1%)  | Super 163.513 (box 1.0786  cls 0.5551  dfl 0.9211)  | Base 165.594 (box 1.0924  cls 0.5781  dfl 0.9169)  | KD 14.017 (box 0.20774  cls 0.00959  dfl 0.00042  feat 0.00127)
  Epoch 42/50  Batch 110/1094 (10.1%)  | Super 173.987 (box 1.1849  cls 0.5725  dfl 0.9611)  | Base 176.654 (box 1.1967  cls 0.6007  dfl 0.9628)  | KD 16.805 (box 0.24664  cls 0.01419  dfl 0.00047  feat 0.00128)
  Epoch 42/50  Batch 219/1094 (20.0%)  | Super 173.562 (box 1.1709  cls 0.5818  dfl 0.9592)  | Base 175.463 (box 1.1839  cls 0.5965  dfl 0.9612)  | KD 15.500 (box 0.23149  cls 0.00905  dfl 0.00045  feat 0.00120)
  Epoch 42/50  Batch 328/1094 (30.0%)  | Super 172.035 (box 1.1265  cls 0.5926  dfl 0.9689)  | Base 173.787 (box 1.1344  cls 0.6120  dfl 0.9690)  | KD 16.697 (box 0.24863  cls 0.01048  dfl 0.00052  feat 0.00126)
  Epoch 42/50  Batch 437/1094 (39.9%)  | Super 169.676 (box 1.1373  cls 0.5730  dfl 0.9409)  | Base 172.884 (box 1.1554  cls 0.5960  dfl 0.9499)  | KD 15.035 (box 0.22246  cls 0.01085  dfl 0.00048  feat 0.00114)
  Epoch 42/50  Batch 546/1094 (49.9%)  | Super 172.756 (box 1.1382  cls 0.5878  dfl 0.9732)  | Base 172.335 (box 1.1326  cls 0.5986  dfl 0.9615)  | KD 14.670 (box 0.21969  cls 0.00791  dfl 0.00043  feat 0.00120)
  Epoch 42/50  Batch 655/1094 (59.9%)  | Super 176.998 (box 1.2207  cls 0.6072  dfl 0.9377)  | Base 178.881 (box 1.2327  cls 0.6199  dfl 0.9424)  | KD 16.505 (box 0.24836  cls 0.00790  dfl 0.00045  feat 0.00119)
  Epoch 42/50  Batch 764/1094 (69.8%)  | Super 180.828 (box 1.2326  cls 0.6381  dfl 0.9548)  | Base 186.107 (box 1.2735  cls 0.6688  dfl 0.9657)  | KD 18.388 (box 0.27782  cls 0.00767  dfl 0.00056  feat 0.00126)
  Epoch 42/50  Batch 873/1094 (79.8%)  | Super 171.877 (box 1.1591  cls 0.5727  dfl 0.9537)  | Base 173.985 (box 1.1771  cls 0.5889  dfl 0.9526)  | KD 16.190 (box 0.24376  cls 0.00748  dfl 0.00053  feat 0.00119)
  Epoch 42/50  Batch 982/1094 (89.8%)  | Super 186.346 (box 1.2393  cls 0.6369  dfl 1.0354)  | Base 190.266 (box 1.2703  cls 0.6672  dfl 1.0354)  | KD 16.069 (box 0.24285  cls 0.00659  dfl 0.00044  feat 0.00119)
  Epoch 42/50  Batch 1091/1094 (99.7%)  | Super 169.746 (box 1.1231  cls 0.5665  dfl 0.9627)  | Base 172.279 (box 1.1340  cls 0.5926  dfl 0.9653)  | KD 13.502 (box 0.20168  cls 0.00760  dfl 0.00044  feat 0.00124)

================================================================================
  [Validation] Super model (skip=False)  |  Epoch 42/50
================================================================================
[*] Validation input tensor shape: torch.Size([64, 3, 384, 672])
                 Class     Images  Instances      Box(P          R      mAP50  mAP50-95)
                   all      10000     185578      0.634      0.507      0.555      0.324

================================================================================
  [Validation] Base model  (skip=True)   |  Epoch 42/50
================================================================================
[*] Validation input tensor shape: torch.Size([64, 3, 384, 672])
                 Class     Images  Instances      Box(P          R      mAP50  mAP50-95)
                   all      10000     185578      0.636      0.495      0.549      0.321

           Epoch         GPU_mem          box_om          cls_om          dfl_om          box_oo          cls_oo          dfl_oo       Instances            Size
  Epoch 43/50  Batch 1/1094 (0.1%)  | Super 164.044 (box 1.0782  cls 0.5478  dfl 0.9372)  | Base 167.190 (box 1.0978  cls 0.5720  dfl 0.9426)  | KD 14.431 (box 0.21592  cls 0.00789  dfl 0.00041  feat 0.00126)
  Epoch 43/50  Batch 110/1094 (10.1%)  | Super 175.812 (box 1.1851  cls 0.5942  dfl 0.9678)  | Base 177.998 (box 1.1988  cls 0.6175  dfl 0.9649)  | KD 15.935 (box 0.23924  cls 0.00812  dfl 0.00046  feat 0.00116)
  Epoch 43/50  Batch 219/1094 (20.0%)  | Super 171.190 (box 1.1599  cls 0.5593  dfl 0.9557)  | Base 173.385 (box 1.1622  cls 0.5925  dfl 0.9544)  | KD 14.825 (box 0.22126  cls 0.00873  dfl 0.00046  feat 0.00119)
  Epoch 43/50  Batch 328/1094 (30.0%)  | Super 173.121 (box 1.1688  cls 0.5781  dfl 0.9581)  | Base 175.847 (box 1.1792  cls 0.6035  dfl 0.9649)  | KD 15.256 (box 0.22781  cls 0.00890  dfl 0.00045  feat 0.00121)
  Epoch 43/50  Batch 437/1094 (39.9%)  | Super 174.950 (box 1.1843  cls 0.5964  dfl 0.9529)  | Base 176.683 (box 1.2007  cls 0.6120  dfl 0.9480)  | KD 15.616 (box 0.23345  cls 0.00879  dfl 0.00047  feat 0.00129)
  Epoch 43/50  Batch 546/1094 (49.9%)  | Super 171.354 (box 1.1259  cls 0.5936  dfl 0.9579)  | Base 172.365 (box 1.1251  cls 0.6093  dfl 0.9587)  | KD 15.741 (box 0.23381  cls 0.01055  dfl 0.00049  feat 0.00110)
  Epoch 43/50  Batch 655/1094 (59.9%)  | Super 179.899 (box 1.2311  cls 0.6286  dfl 0.9512)  | Base 182.095 (box 1.2341  cls 0.6574  dfl 0.9537)  | KD 16.132 (box 0.24118  cls 0.00910  dfl 0.00050  feat 0.00128)
  Epoch 43/50  Batch 764/1094 (69.8%)  | Super 184.376 (box 1.2627  cls 0.6216  dfl 0.9965)  | Base 187.371 (box 1.2723  cls 0.6564  dfl 0.9990)  | KD 17.476 (box 0.26464  cls 0.00666  dfl 0.00056  feat 0.00120)
  Epoch 43/50  Batch 873/1094 (79.8%)  | Super 173.695 (box 1.1466  cls 0.6092  dfl 0.9582)  | Base 174.014 (box 1.1516  cls 0.6144  dfl 0.9530)  | KD 15.859 (box 0.23645  cls 0.00962  dfl 0.00046  feat 0.00126)
  Epoch 43/50  Batch 982/1094 (89.8%)  | Super 178.701 (box 1.1949  cls 0.6220  dfl 0.9753)  | Base 180.585 (box 1.2024  cls 0.6415  dfl 0.9778)  | KD 16.068 (box 0.24018  cls 0.00921  dfl 0.00048  feat 0.00119)
  Epoch 43/50  Batch 1091/1094 (99.7%)  | Super 164.693 (box 1.1007  cls 0.5459  dfl 0.9267)  | Base 166.563 (box 1.1076  cls 0.5690  dfl 0.9259)  | KD 13.436 (box 0.20207  cls 0.00627  dfl 0.00040  feat 0.00119)

================================================================================
  [Validation] Super model (skip=False)  |  Epoch 43/50
================================================================================
[*] Validation input tensor shape: torch.Size([64, 3, 384, 672])
                 Class     Images  Instances      Box(P          R      mAP50  mAP50-95)
                   all      10000     185578      0.633      0.507      0.556      0.324

================================================================================
  [Validation] Base model  (skip=True)   |  Epoch 43/50
================================================================================
[*] Validation input tensor shape: torch.Size([64, 3, 384, 672])
                 Class     Images  Instances      Box(P          R      mAP50  mAP50-95)
                   all      10000     185578      0.677      0.503      0.553      0.321

           Epoch         GPU_mem          box_om          cls_om          dfl_om          box_oo          cls_oo          dfl_oo       Instances            Size
  Epoch 44/50  Batch 1/1094 (0.1%)  | Super 165.670 (box 1.0909  cls 0.5530  dfl 0.9447)  | Base 166.928 (box 1.0924  cls 0.5740  dfl 0.9419)  | KD 14.351 (box 0.21056  cls 0.01200  dfl 0.00045  feat 0.00121)
  Epoch 44/50  Batch 110/1094 (10.1%)  | Super 171.920 (box 1.1577  cls 0.5802  dfl 0.9483)  | Base 173.689 (box 1.1726  cls 0.5927  dfl 0.9486)  | KD 15.882 (box 0.23610  cls 0.01041  dfl 0.00045  feat 0.00120)
  Epoch 44/50  Batch 219/1094 (20.0%)  | Super 171.445 (box 1.1524  cls 0.5762  dfl 0.9502)  | Base 172.927 (box 1.1536  cls 0.6011  dfl 0.9472)  | KD 15.603 (box 0.22374  cls 0.01830  dfl 0.00050  feat 0.00125)
  Epoch 44/50  Batch 328/1094 (30.0%)  | Super 175.534 (box 1.1613  cls 0.6007  dfl 0.9807)  | Base 177.464 (box 1.1646  cls 0.6298  dfl 0.9786)  | KD 14.771 (box 0.22022  cls 0.00882  dfl 0.00041  feat 0.00134)
  Epoch 44/50  Batch 437/1094 (39.9%)  | Super 180.147 (box 1.2278  cls 0.6285  dfl 0.9584)  | Base 182.662 (box 1.2468  cls 0.6410  dfl 0.9663)  | KD 15.152 (box 0.22733  cls 0.00770  dfl 0.00044  feat 0.00127)
  Epoch 44/50  Batch 546/1094 (49.9%)  | Super 168.681 (box 1.1174  cls 0.5826  dfl 0.9356)  | Base 171.339 (box 1.1332  cls 0.6032  dfl 0.9408)  | KD 14.405 (box 0.21595  cls 0.00748  dfl 0.00044  feat 0.00121)
  Epoch 44/50  Batch 655/1094 (59.9%)  | Super 181.216 (box 1.2445  cls 0.6345  dfl 0.9525)  | Base 182.681 (box 1.2538  cls 0.6432  dfl 0.9573)  | KD 16.040 (box 0.24079  cls 0.00805  dfl 0.00046  feat 0.00133)
  Epoch 44/50  Batch 764/1094 (69.8%)  | Super 181.228 (box 1.2363  cls 0.6359  dfl 0.9595)  | Base 184.839 (box 1.2571  cls 0.6657  dfl 0.9653)  | KD 16.806 (box 0.25483  cls 0.00628  dfl 0.00041  feat 0.00107)
  Epoch 44/50  Batch 873/1094 (79.8%)  | Super 178.423 (box 1.1991  cls 0.6215  dfl 0.9673)  | Base 181.632 (box 1.2171  cls 0.6513  dfl 0.9696)  | KD 16.282 (box 0.24475  cls 0.00797  dfl 0.00055  feat 0.00114)
  Epoch 44/50  Batch 982/1094 (89.8%)  | Super 179.894 (box 1.2130  cls 0.6006  dfl 0.9973)  | Base 181.965 (box 1.2233  cls 0.6183  dfl 1.0016)  | KD 16.782 (box 0.25212  cls 0.00842  dfl 0.00050  feat 0.00118)
  Epoch 44/50  Batch 1091/1094 (99.7%)  | Super 165.613 (box 1.0982  cls 0.5296  dfl 0.9599)  | Base 168.688 (box 1.1170  cls 0.5565  dfl 0.9622)  | KD 13.521 (box 0.20240  cls 0.00729  dfl 0.00042  feat 0.00115)

================================================================================
  [Validation] Super model (skip=False)  |  Epoch 44/50
================================================================================
[*] Validation input tensor shape: torch.Size([64, 3, 384, 672])
                 Class     Images  Instances      Box(P          R      mAP50  mAP50-95)
                   all      10000     185578      0.632      0.507      0.555      0.324

================================================================================
  [Validation] Base model  (skip=True)   |  Epoch 44/50
================================================================================
[*] Validation input tensor shape: torch.Size([64, 3, 384, 672])
                 Class     Images  Instances      Box(P          R      mAP50  mAP50-95)
                   all      10000     185578      0.666      0.507      0.553      0.321

           Epoch         GPU_mem          box_om          cls_om          dfl_om          box_oo          cls_oo          dfl_oo       Instances            Size
  Epoch 45/50  Batch 1/1094 (0.1%)  | Super 162.839 (box 1.0539  cls 0.5526  dfl 0.9379)  | Base 165.683 (box 1.0724  cls 0.5737  dfl 0.9428)  | KD 13.460 (box 0.20201  cls 0.00671  dfl 0.00044  feat 0.00114)
  Epoch 45/50  Batch 110/1094 (10.1%)  | Super 176.847 (box 1.1965  cls 0.5958  dfl 0.9709)  | Base 180.063 (box 1.2159  cls 0.6182  dfl 0.9794)  | KD 15.580 (box 0.23314  cls 0.00861  dfl 0.00047  feat 0.00121)
  Epoch 45/50  Batch 219/1094 (20.0%)  | Super 174.254 (box 1.1683  cls 0.5911  dfl 0.9633)  | Base 176.950 (box 1.1869  cls 0.6149  dfl 0.9630)  | KD 16.276 (box 0.23988  cls 0.01270  dfl 0.00050  feat 0.00124)
  Epoch 45/50  Batch 328/1094 (30.0%)  | Super 168.804 (box 1.0871  cls 0.5895  dfl 0.9610)  | Base 171.834 (box 1.1032  cls 0.6171  dfl 0.9646)  | KD 15.701 (box 0.23393  cls 0.00967  dfl 0.00052  feat 0.00121)
  Epoch 45/50  Batch 437/1094 (39.9%)  | Super 175.490 (box 1.1925  cls 0.6040  dfl 0.9455)  | Base 179.123 (box 1.2192  cls 0.6309  dfl 0.9488)  | KD 15.696 (box 0.23073  cls 0.01271  dfl 0.00050  feat 0.00130)
  Epoch 45/50  Batch 546/1094 (49.9%)  | Super 168.299 (box 1.1069  cls 0.5871  dfl 0.9357)  | Base 170.289 (box 1.1232  cls 0.6086  dfl 0.9290)  | KD 14.143 (box 0.20976  cls 0.00949  dfl 0.00043  feat 0.00130)
  Epoch 45/50  Batch 655/1094 (59.9%)  | Super 175.970 (box 1.1965  cls 0.6271  dfl 0.9259)  | Base 177.864 (box 1.2041  cls 0.6516  dfl 0.9235)  | KD 16.315 (box 0.24446  cls 0.00875  dfl 0.00045  feat 0.00126)
  Epoch 45/50  Batch 764/1094 (69.8%)  | Super 178.803 (box 1.2190  cls 0.6015  dfl 0.9733)  | Base 181.750 (box 1.2348  cls 0.6296  dfl 0.9754)  | KD 14.784 (box 0.22264  cls 0.00682  dfl 0.00038  feat 0.00116)
  Epoch 45/50  Batch 873/1094 (79.8%)  | Super 171.364 (box 1.1354  cls 0.5874  dfl 0.9548)  | Base 173.553 (box 1.1503  cls 0.6032  dfl 0.9583)  | KD 15.825 (box 0.23287  cls 0.01275  dfl 0.00049  feat 0.00116)
  Epoch 45/50  Batch 982/1094 (89.8%)  | Super 178.842 (box 1.1949  cls 0.6037  dfl 0.9958)  | Base 183.020 (box 1.2236  cls 0.6351  dfl 1.0010)  | KD 16.254 (box 0.24346  cls 0.00887  dfl 0.00044  feat 0.00119)
  Epoch 45/50  Batch 1091/1094 (99.7%)  | Super 162.741 (box 1.0675  cls 0.5326  dfl 0.9428)  | Base 164.553 (box 1.0775  cls 0.5552  dfl 0.9384)  | KD 13.208 (box 0.19656  cls 0.00823  dfl 0.00041  feat 0.00119)

================================================================================
  [Validation] Super model (skip=False)  |  Epoch 45/50
================================================================================
[*] Validation input tensor shape: torch.Size([64, 3, 384, 672])
                 Class     Images  Instances      Box(P          R      mAP50  mAP50-95)
                   all      10000     185578      0.632      0.508      0.555      0.324

================================================================================
  [Validation] Base model  (skip=True)   |  Epoch 45/50
================================================================================
[*] Validation input tensor shape: torch.Size([64, 3, 384, 672])
                 Class     Images  Instances      Box(P          R      mAP50  mAP50-95)
                   all      10000     185578       0.63      0.501       0.55      0.321

           Epoch         GPU_mem          box_om          cls_om          dfl_om          box_oo          cls_oo          dfl_oo       Instances            Size
  Epoch 46/50  Batch 1/1094 (0.1%)  | Super 164.428 (box 1.0881  cls 0.5301  dfl 0.9510)  | Base 165.029 (box 1.0870  cls 0.5441  dfl 0.9475)  | KD 12.398 (box 0.18671  cls 0.00538  dfl 0.00038  feat 0.00125)
  Epoch 46/50  Batch 110/1094 (10.1%)  | Super 170.265 (box 1.1549  cls 0.5545  dfl 0.9510)  | Base 172.923 (box 1.1653  cls 0.5824  dfl 0.9543)  | KD 16.333 (box 0.24538  cls 0.00812  dfl 0.00049  feat 0.00121)
  Epoch 46/50  Batch 219/1094 (20.0%)  | Super 171.768 (box 1.1611  cls 0.5686  dfl 0.9542)  | Base 174.086 (box 1.1794  cls 0.5898  dfl 0.9509)  | KD 15.009 (box 0.22272  cls 0.01014  dfl 0.00048  feat 0.00118)
  Epoch 46/50  Batch 328/1094 (30.0%)  | Super 165.017 (box 1.0844  cls 0.5501  dfl 0.9438)  | Base 167.427 (box 1.1011  cls 0.5633  dfl 0.9516)  | KD 15.078 (box 0.22474  cls 0.00907  dfl 0.00049  feat 0.00130)
  Epoch 46/50  Batch 437/1094 (39.9%)  | Super 172.867 (box 1.1671  cls 0.5808  dfl 0.9532)  | Base 176.479 (box 1.1904  cls 0.6019  dfl 0.9652)  | KD 14.252 (box 0.21162  cls 0.00943  dfl 0.00042  feat 0.00121)
  Epoch 46/50  Batch 546/1094 (49.9%)  | Super 171.917 (box 1.1378  cls 0.5844  dfl 0.9640)  | Base 174.836 (box 1.1487  cls 0.6223  dfl 0.9608)  | KD 15.041 (box 0.21717  cls 0.01618  dfl 0.00048  feat 0.00119)
  Epoch 46/50  Batch 655/1094 (59.9%)  | Super 180.755 (box 1.2301  cls 0.6260  dfl 0.9683)  | Base 182.742 (box 1.2379  cls 0.6504  dfl 0.9670)  | KD 16.720 (box 0.25000  cls 0.00949  dfl 0.00049  feat 0.00127)
  Epoch 46/50  Batch 764/1094 (69.8%)  | Super 178.986 (box 1.2269  cls 0.6159  dfl 0.9538)  | Base 183.091 (box 1.2517  cls 0.6473  dfl 0.9618)  | KD 17.437 (box 0.26302  cls 0.00764  dfl 0.00052  feat 0.00126)
  Epoch 46/50  Batch 873/1094 (79.8%)  | Super 178.838 (box 1.1844  cls 0.6165  dfl 0.9935)  | Base 182.470 (box 1.2147  cls 0.6431  dfl 0.9933)  | KD 16.125 (box 0.24053  cls 0.00968  dfl 0.00053  feat 0.00121)
  Epoch 46/50  Batch 982/1094 (89.8%)  | Super 176.100 (box 1.1808  cls 0.6047  dfl 0.9662)  | Base 178.584 (box 1.2059  cls 0.6192  dfl 0.9653)  | KD 16.472 (box 0.24527  cls 0.01049  dfl 0.00049  feat 0.00113)
  Epoch 46/50  Batch 1091/1094 (99.7%)  | Super 168.463 (box 1.1121  cls 0.5691  dfl 0.9510)  | Base 169.939 (box 1.1196  cls 0.5878  dfl 0.9480)  | KD 14.539 (box 0.21373  cls 0.01170  dfl 0.00046  feat 0.00129)

================================================================================
  [Validation] Super model (skip=False)  |  Epoch 46/50
================================================================================
[*] Validation input tensor shape: torch.Size([64, 3, 384, 672])
                 Class     Images  Instances      Box(P          R      mAP50  mAP50-95)
                   all      10000     185578       0.63      0.509      0.555      0.324

================================================================================
  [Validation] Base model  (skip=True)   |  Epoch 46/50
================================================================================
[*] Validation input tensor shape: torch.Size([64, 3, 384, 672])
                 Class     Images  Instances      Box(P          R      mAP50  mAP50-95)
                   all      10000     185578      0.658      0.512      0.555      0.321

           Epoch         GPU_mem          box_om          cls_om          dfl_om          box_oo          cls_oo          dfl_oo       Instances            Size
  Epoch 47/50  Batch 1/1094 (0.1%)  | Super 165.848 (box 1.0898  cls 0.5498  dfl 0.9517)  | Base 167.590 (box 1.0967  cls 0.5721  dfl 0.9498)  | KD 14.159 (box 0.21273  cls 0.00683  dfl 0.00044  feat 0.00125)
  Epoch 47/50  Batch 110/1094 (10.1%)  | Super 178.120 (box 1.2218  cls 0.5992  dfl 0.9621)  | Base 181.595 (box 1.2417  cls 0.6309  dfl 0.9648)  | KD 17.585 (box 0.26012  cls 0.01283  dfl 0.00055  feat 0.00127)
  Epoch 47/50  Batch 219/1094 (20.0%)  | Super 169.437 (box 1.1415  cls 0.5478  dfl 0.9581)  | Base 172.833 (box 1.1565  cls 0.5856  dfl 0.9585)  | KD 15.718 (box 0.23277  cls 0.01107  dfl 0.00055  feat 0.00120)
  Epoch 47/50  Batch 328/1094 (30.0%)  | Super 173.377 (box 1.1336  cls 0.5843  dfl 0.9911)  | Base 176.046 (box 1.1537  cls 0.6021  dfl 0.9949)  | KD 15.742 (box 0.23152  cls 0.01253  dfl 0.00046  feat 0.00145)
  Epoch 47/50  Batch 437/1094 (39.9%)  | Super 176.582 (box 1.2133  cls 0.6003  dfl 0.9454)  | Base 177.843 (box 1.2149  cls 0.6232  dfl 0.9407)  | KD 15.563 (box 0.23348  cls 0.00799  dfl 0.00047  feat 0.00121)
  Epoch 47/50  Batch 546/1094 (49.9%)  | Super 176.756 (box 1.1789  cls 0.6190  dfl 0.9639)  | Base 179.059 (box 1.1885  cls 0.6417  dfl 0.9677)  | KD 14.362 (box 0.21343  cls 0.00938  dfl 0.00043  feat 0.00117)
  Epoch 47/50  Batch 655/1094 (59.9%)  | Super 178.861 (box 1.2288  cls 0.6096  dfl 0.9563)  | Base 182.086 (box 1.2466  cls 0.6408  dfl 0.9577)  | KD 16.409 (box 0.24565  cls 0.00888  dfl 0.00046  feat 0.00139)
  Epoch 47/50  Batch 764/1094 (69.8%)  | Super 179.588 (box 1.2298  cls 0.6234  dfl 0.9528)  | Base 183.414 (box 1.2580  cls 0.6428  dfl 0.9651)  | KD 16.469 (box 0.24742  cls 0.00817  dfl 0.00050  feat 0.00124)
  Epoch 47/50  Batch 873/1094 (79.8%)  | Super 179.317 (box 1.2074  cls 0.5950  dfl 0.9994)  | Base 180.961 (box 1.2159  cls 0.6268  dfl 0.9849)  | KD 17.114 (box 0.25888  cls 0.00666  dfl 0.00060  feat 0.00126)
  Epoch 47/50  Batch 982/1094 (89.8%)  | Super 180.847 (box 1.2135  cls 0.6128  dfl 0.9995)  | Base 183.015 (box 1.2290  cls 0.6348  dfl 0.9959)  | KD 16.910 (box 0.25405  cls 0.00858  dfl 0.00047  feat 0.00112)
  Epoch 47/50  Batch 1091/1094 (99.7%)  | Super 170.189 (box 1.1328  cls 0.5607  dfl 0.9656)  | Base 171.747 (box 1.1418  cls 0.5831  dfl 0.9587)  | KD 13.044 (box 0.19389  cls 0.00834  dfl 0.00042  feat 0.00115)

================================================================================
  [Validation] Super model (skip=False)  |  Epoch 47/50
================================================================================
[*] Validation input tensor shape: torch.Size([64, 3, 384, 672])
                 Class     Images  Instances      Box(P          R      mAP50  mAP50-95)
                   all      10000     185578      0.631      0.509      0.555      0.323

================================================================================
  [Validation] Base model  (skip=True)   |  Epoch 47/50
================================================================================
[*] Validation input tensor shape: torch.Size([64, 3, 384, 672])
                 Class     Images  Instances      Box(P          R      mAP50  mAP50-95)
                   all      10000     185578      0.642      0.519      0.554      0.321

           Epoch         GPU_mem          box_om          cls_om          dfl_om          box_oo          cls_oo          dfl_oo       Instances            Size
  Epoch 48/50  Batch 1/1094 (0.1%)  | Super 165.413 (box 1.0908  cls 0.5260  dfl 0.9677)  | Base 168.013 (box 1.1077  cls 0.5463  dfl 0.9712)  | KD 13.378 (box 0.20048  cls 0.00683  dfl 0.00043  feat 0.00129)
  Epoch 48/50  Batch 110/1094 (10.1%)  | Super 174.444 (box 1.1722  cls 0.5828  dfl 0.9707)  | Base 175.503 (box 1.1795  cls 0.5991  dfl 0.9637)  | KD 16.273 (box 0.24226  cls 0.01034  dfl 0.00053  feat 0.00114)
  Epoch 48/50  Batch 219/1094 (20.0%)  | Super 171.646 (box 1.1651  cls 0.5663  dfl 0.9505)  | Base 174.513 (box 1.1776  cls 0.5979  dfl 0.9512)  | KD 15.329 (box 0.22519  cls 0.01256  dfl 0.00049  feat 0.00128)
  Epoch 48/50  Batch 328/1094 (30.0%)  | Super 170.376 (box 1.1281  cls 0.5789  dfl 0.9551)  | Base 172.476 (box 1.1336  cls 0.6056  dfl 0.9557)  | KD 15.372 (box 0.22825  cls 0.01030  dfl 0.00045  feat 0.00118)
  Epoch 48/50  Batch 437/1094 (39.9%)  | Super 177.390 (box 1.1908  cls 0.6246  dfl 0.9563)  | Base 180.301 (box 1.2134  cls 0.6341  dfl 0.9697)  | KD 15.994 (box 0.23881  cls 0.00941  dfl 0.00053  feat 0.00116)
  Epoch 48/50  Batch 546/1094 (49.9%)  | Super 170.860 (box 1.1213  cls 0.5925  dfl 0.9559)  | Base 173.877 (box 1.1358  cls 0.6253  dfl 0.9557)  | KD 15.420 (box 0.22517  cls 0.01402  dfl 0.00042  feat 0.00132)
  Epoch 48/50  Batch 655/1094 (59.9%)  | Super 177.177 (box 1.2179  cls 0.6075  dfl 0.9430)  | Base 180.026 (box 1.2377  cls 0.6296  dfl 0.9456)  | KD 16.347 (box 0.24420  cls 0.00941  dfl 0.00047  feat 0.00135)
  Epoch 48/50  Batch 764/1094 (69.8%)  | Super 182.586 (box 1.2461  cls 0.6361  dfl 0.9708)  | Base 184.771 (box 1.2611  cls 0.6551  dfl 0.9709)  | KD 17.517 (box 0.26568  cls 0.00616  dfl 0.00051  feat 0.00135)
  Epoch 48/50  Batch 873/1094 (79.8%)  | Super 178.333 (box 1.1872  cls 0.6361  dfl 0.9632)  | Base 178.885 (box 1.1919  cls 0.6384  dfl 0.9648)  | KD 17.138 (box 0.24916  cls 0.01688  dfl 0.00056  feat 0.00117)
  Epoch 48/50  Batch 982/1094 (89.8%)  | Super 179.070 (box 1.1929  cls 0.6151  dfl 0.9900)  | Base 183.401 (box 1.2292  cls 0.6378  dfl 0.9986)  | KD 16.982 (box 0.25612  cls 0.00751  dfl 0.00051  feat 0.00120)
  Epoch 48/50  Batch 1091/1094 (99.7%)  | Super 167.284 (box 1.1116  cls 0.5311  dfl 0.9711)  | Base 169.352 (box 1.1173  cls 0.5582  dfl 0.9706)  | KD 14.009 (box 0.21036  cls 0.00678  dfl 0.00046  feat 0.00128)

================================================================================
  [Validation] Super model (skip=False)  |  Epoch 48/50
================================================================================
[*] Validation input tensor shape: torch.Size([64, 3, 384, 672])
                 Class     Images  Instances      Box(P          R      mAP50  mAP50-95)
                   all      10000     185578       0.63      0.509      0.555      0.323

================================================================================
  [Validation] Base model  (skip=True)   |  Epoch 48/50
================================================================================
[*] Validation input tensor shape: torch.Size([64, 3, 384, 672])
                 Class     Images  Instances      Box(P          R      mAP50  mAP50-95)
                   all      10000     185578      0.642       0.52      0.553      0.321

           Epoch         GPU_mem          box_om          cls_om          dfl_om          box_oo          cls_oo          dfl_oo       Instances            Size
  Epoch 49/50  Batch 1/1094 (0.1%)  | Super 161.786 (box 1.0466  cls 0.5240  dfl 0.9573)  | Base 162.389 (box 1.0397  cls 0.5432  dfl 0.9544)  | KD 13.068 (box 0.19287  cls 0.00960  dfl 0.00045  feat 0.00126)
  Epoch 49/50  Batch 110/1094 (10.1%)  | Super 178.882 (box 1.2089  cls 0.6184  dfl 0.9677)  | Base 182.561 (box 1.2328  cls 0.6432  dfl 0.9764)  | KD 16.163 (box 0.24413  cls 0.00682  dfl 0.00047  feat 0.00112)
  Epoch 49/50  Batch 219/1094 (20.0%)  | Super 167.954 (box 1.1365  cls 0.5577  dfl 0.9300)  | Base 169.772 (box 1.1416  cls 0.5796  dfl 0.9315)  | KD 14.792 (box 0.21653  cls 0.01285  dfl 0.00050  feat 0.00124)
  Epoch 49/50  Batch 328/1094 (30.0%)  | Super 173.146 (box 1.1567  cls 0.5759  dfl 0.9728)  | Base 175.440 (box 1.1678  cls 0.6033  dfl 0.9701)  | KD 15.998 (box 0.23733  cls 0.01096  dfl 0.00050  feat 0.00118)
  Epoch 49/50  Batch 437/1094 (39.9%)  | Super 174.182 (box 1.1899  cls 0.5872  dfl 0.9445)  | Base 179.444 (box 1.2253  cls 0.6181  dfl 0.9604)  | KD 15.850 (box 0.23733  cls 0.00861  dfl 0.00053  feat 0.00118)
  Epoch 49/50  Batch 546/1094 (49.9%)  | Super 172.216 (box 1.1272  cls 0.6030  dfl 0.9607)  | Base 172.957 (box 1.1398  cls 0.6081  dfl 0.9546)  | KD 14.833 (box 0.22379  cls 0.00634  dfl 0.00044  feat 0.00118)
  Epoch 49/50  Batch 655/1094 (59.9%)  | Super 177.559 (box 1.2300  cls 0.6102  dfl 0.9342)  | Base 179.077 (box 1.2387  cls 0.6303  dfl 0.9292)  | KD 17.119 (box 0.25505  cls 0.01080  dfl 0.00046  feat 0.00117)
  Epoch 49/50  Batch 764/1094 (69.8%)  | Super 185.194 (box 1.2621  cls 0.6365  dfl 0.9950)  | Base 189.102 (box 1.2967  cls 0.6569  dfl 1.0012)  | KD 17.408 (box 0.26154  cls 0.00862  dfl 0.00051  feat 0.00132)
  Epoch 49/50  Batch 873/1094 (79.8%)  | Super 179.415 (box 1.1970  cls 0.6176  dfl 0.9887)  | Base 181.693 (box 1.2090  cls 0.6384  dfl 0.9915)  | KD 17.341 (box 0.25650  cls 0.01270  dfl 0.00052  feat 0.00123)
  Epoch 49/50  Batch 982/1094 (89.8%)  | Super 176.160 (box 1.1804  cls 0.5844  dfl 0.9877)  | Base 179.492 (box 1.2053  cls 0.6077  dfl 0.9916)  | KD 16.226 (box 0.24371  cls 0.00814  dfl 0.00051  feat 0.00118)
  Epoch 49/50  Batch 1091/1094 (99.7%)  | Super 163.083 (box 1.0743  cls 0.5315  dfl 0.9424)  | Base 165.557 (box 1.0822  cls 0.5611  dfl 0.9436)  | KD 13.049 (box 0.19483  cls 0.00737  dfl 0.00049  feat 0.00121)

================================================================================
  [Validation] Super model (skip=False)  |  Epoch 49/50
================================================================================
[*] Validation input tensor shape: torch.Size([64, 3, 384, 672])
                 Class     Images  Instances      Box(P          R      mAP50  mAP50-95)
                   all      10000     185578      0.631      0.508      0.555      0.323

================================================================================
  [Validation] Base model  (skip=True)   |  Epoch 49/50
================================================================================
[*] Validation input tensor shape: torch.Size([64, 3, 384, 672])
                 Class     Images  Instances      Box(P          R      mAP50  mAP50-95)
                   all      10000     185578      0.645      0.519      0.553      0.321

           Epoch         GPU_mem          box_om          cls_om          dfl_om          box_oo          cls_oo          dfl_oo       Instances            Size
  Epoch 50/50  Batch 1/1094 (0.1%)  | Super 169.157 (box 1.1184  cls 0.5496  dfl 0.9751)  | Base 169.844 (box 1.1160  cls 0.5696  dfl 0.9681)  | KD 14.271 (box 0.21482  cls 0.00642  dfl 0.00044  feat 0.00131)
  Epoch 50/50  Batch 110/1094 (10.1%)  | Super 175.732 (box 1.1846  cls 0.5855  dfl 0.9757)  | Base 177.504 (box 1.1935  cls 0.6049  dfl 0.9751)  | KD 15.602 (box 0.23413  cls 0.00791  dfl 0.00048  feat 0.00126)
  Epoch 50/50  Batch 219/1094 (20.0%)  | Super 169.660 (box 1.1282  cls 0.5784  dfl 0.9443)  | Base 174.151 (box 1.1632  cls 0.6073  dfl 0.9506)  | KD 15.435 (box 0.22775  cls 0.01172  dfl 0.00049  feat 0.00121)
  Epoch 50/50  Batch 328/1094 (30.0%)  | Super 164.064 (box 1.0798  cls 0.5645  dfl 0.9192)  | Base 166.267 (box 1.0928  cls 0.5814  dfl 0.9237)  | KD 14.075 (box 0.20643  cls 0.01182  dfl 0.00045  feat 0.00121)
  Epoch 50/50  Batch 437/1094 (39.9%)  | Super 175.622 (box 1.1991  cls 0.5972  dfl 0.9478)  | Base 178.236 (box 1.2134  cls 0.6244  dfl 0.9472)  | KD 15.329 (box 0.22813  cls 0.00976  dfl 0.00043  feat 0.00120)
  Epoch 50/50  Batch 546/1094 (49.9%)  | Super 168.609 (box 1.1179  cls 0.5973  dfl 0.9193)  | Base 170.109 (box 1.1195  cls 0.6160  dfl 0.9225)  | KD 15.566 (box 0.23101  cls 0.01042  dfl 0.00054  feat 0.00124)
  Epoch 50/50  Batch 655/1094 (59.9%)  | Super 177.383 (box 1.2238  cls 0.6078  dfl 0.9401)  | Base 180.903 (box 1.2373  cls 0.6456  dfl 0.9437)  | KD 16.209 (box 0.23426  cls 0.01732  dfl 0.00045  feat 0.00124)
  Epoch 50/50  Batch 764/1094 (69.8%)  | Super 180.652 (box 1.2260  cls 0.6125  dfl 0.9841)  | Base 183.424 (box 1.2363  cls 0.6521  dfl 0.9776)  | KD 17.257 (box 0.25798  cls 0.00986  dfl 0.00049  feat 0.00131)
  Epoch 50/50  Batch 873/1094 (79.8%)  | Super 175.962 (box 1.1791  cls 0.6096  dfl 0.9607)  | Base 178.232 (box 1.1934  cls 0.6301  dfl 0.9615)  | KD 15.750 (box 0.23575  cls 0.00854  dfl 0.00051  feat 0.00129)
  Epoch 50/50  Batch 982/1094 (89.8%)  | Super 178.398 (box 1.1831  cls 0.6162  dfl 0.9881)  | Base 180.727 (box 1.1992  cls 0.6434  dfl 0.9813)  | KD 16.976 (box 0.25329  cls 0.01033  dfl 0.00047  feat 0.00115)
  Epoch 50/50  Batch 1091/1094 (99.7%)  | Super 166.421 (box 1.1044  cls 0.5512  dfl 0.9447)  | Base 168.865 (box 1.1111  cls 0.5796  dfl 0.9478)  | KD 13.328 (box 0.19928  cls 0.00736  dfl 0.00041  feat 0.00120)

================================================================================
  [Validation] Super model (skip=False)  |  Epoch 50/50
================================================================================
[*] Validation input tensor shape: torch.Size([64, 3, 384, 672])
                 Class     Images  Instances      Box(P          R      mAP50  mAP50-95)
                   all      10000     185578      0.631      0.509      0.556      0.323

================================================================================
  [Validation] Base model  (skip=True)   |  Epoch 50/50
================================================================================
[*] Validation input tensor shape: torch.Size([64, 3, 384, 672])
                 Class     Images  Instances      Box(P          R      mAP50  mAP50-95)
                   all      10000     185578      0.646      0.517      0.553      0.321

50 epochs completed in 6.995 hours.
Optimizer stripped from runs/bdd100k/detect/anydepth-yolov12l/train/weights/last.pt, 55.6MB
Optimizer stripped from runs/bdd100k/detect/anydepth-yolov12l/train/weights/best.pt, 55.6MB

Validating runs/bdd100k/detect/anydepth-yolov12l/train/weights/best.pt...
Ultralytics 8.3.63 🚀 Python-3.11.13 torch-2.2.2+cu121 CUDA:0 (NVIDIA RTX 6000 Ada Generation, 48509MiB)
                                                       CUDA:1 (NVIDIA RTX 6000 Ada Generation, 48509MiB)
YOLO-ad-v12l summary: 917 layers, 27,272,558 parameters, 0 gradients, 82.6 GFLOPs

[*] FLOPs calculated at resolution: 384x672
| module                 | #parameters or shape   | #flops   |
|:-----------------------|:-----------------------|:---------|
| base_model.model.model | 27.273M                | 25.94G   |
| 0.conv                 | 1.792K                 | 0.111G   |
| 0.conv.weight          | (64, 3, 3, 3)          |          |
| 0.conv.bias            | (64,)                  |          |
| 1.conv                 | 36.992K                | 0.595G   |
| 1.conv.weight          | (128, 32, 3, 3)        |          |
| 1.conv.bias            | (128,)                 |          |
| 2                      | 0.175M                 | 2.799G   |
| 2.cv1                  | 16.896K                | 0.268G   |
| 2.cv1.conv             | 16.384K                | 0.264G   |
| 2.cv1.bn               | 0.256K                 | 4.129M   |
| 2.cv1.bn_skip          | 0.256K                 |          |
| 2.cv2                  | 66.56K                 | 1.065G   |
| 2.cv2.conv             | 65.536K                | 1.057G   |
| 2.cv2.bn               | 0.512K                 | 8.258M   |
| 2.cv2.bn_skip          | 0.512K                 |          |
| 2.m                    | 91.776K                | 1.466G   |
| 2.m.0                  | 45.888K                | 0.733G   |
| 2.m.1                  | 45.888K                | 0.733G   |
| 3                      | 0.148M                 | 0.597G   |
| 3.conv                 | 0.147M                 | 0.595G   |
| 3.conv.weight          | (256, 64, 3, 3)        |          |
| 3.bn                   | 0.512K                 | 2.064M   |
| 3.bn.weight            | (256,)                 |          |
| 3.bn.bias              | (256,)                 |          |
| 3.bn_skip              | 0.512K                 |          |
| 3.bn_skip.weight       | (256,)                 |          |
| 3.bn_skip.bias         | (256,)                 |          |
| 4                      | 0.695M                 | 2.787G   |
| 4.cv1                  | 66.56K                 | 0.266G   |
| 4.cv1.conv             | 65.536K                | 0.264G   |
| 4.cv1.bn               | 0.512K                 | 2.064M   |
| 4.cv1.bn_skip          | 0.512K                 |          |
| 4.cv2                  | 0.264M                 | 1.061G   |
| 4.cv2.conv             | 0.262M                 | 1.057G   |
| 4.cv2.bn               | 1.024K                 | 4.129M   |
| 4.cv2.bn_skip          | 1.024K                 |          |
| 4.m                    | 0.364M                 | 1.46G    |
| 4.m.0                  | 0.182M                 | 0.73G    |
| 4.m.1                  | 0.182M                 | 0.73G    |
| 5                      | 2.361M                 | 2.379G   |
| 5.conv                 | 2.359M                 | 2.378G   |
| 5.conv.weight          | (512, 512, 3, 3)       |          |
| 5.bn                   | 1.024K                 | 1.032M   |
| 5.bn.weight            | (512,)                 |          |
| 5.bn.bias              | (512,)                 |          |
| 5.bn_skip              | 1.024K                 |          |
| 5.bn_skip.weight       | (512,)                 |          |
| 5.bn_skip.bias         | (512,)                 |          |
| 6                      | 4.943M                 | 4.561G   |
| 6.gamma                | (512,)                 |          |
| 6.cv1                  | 0.132M                 | 0.133G   |
| 6.cv1.conv             | 0.131M                 | 0.132G   |
| 6.cv1.bn               | 0.512K                 | 0.516M   |
| 6.cv1.bn_skip          | 0.512K                 |          |
| 6.cv2                  | 1.051M                 | 0.662G   |
| 6.cv2.conv             | 0.655M                 | 0.661G   |
| 6.cv2.bn               | 1.024K                 | 1.032M   |
| 6.cv2.bn_skip          | 1.024K                 |          |
| 6.cv2.conv_skip        | 0.393M                 |          |
| 6.m                    | 3.76M                  | 3.766G   |
| 6.m.0                  | 0.946M                 | 0.945G   |
| 6.m.1                  | 0.946M                 | 0.945G   |
| 6.m.2                  | 0.934M                 | 0.938G   |
| 6.m.3                  | 0.934M                 | 0.938G   |
| 7                      | 2.361M                 | 0.595G   |
| 7.conv                 | 2.359M                 | 0.595G   |
| 7.conv.weight          | (512, 512, 3, 3)       |          |
| 7.bn                   | 1.024K                 | 0.258M   |
| 7.bn.weight            | (512,)                 |          |
| 7.bn.bias              | (512,)                 |          |
| 7.bn_skip              | 1.024K                 |          |
| 7.bn_skip.weight       | (512,)                 |          |
| 7.bn_skip.bias         | (512,)                 |          |
| 8                      | 4.943M                 | 1.14G    |
| 8.gamma                | (512,)                 |          |
| 8.cv1                  | 0.132M                 | 33.159M  |
| 8.cv1.conv             | 0.131M                 | 33.03M   |
| 8.cv1.bn               | 0.512K                 | 0.129M   |
| 8.cv1.bn_skip          | 0.512K                 |          |
| 8.cv2                  | 1.051M                 | 0.165G   |
| 8.cv2.conv             | 0.655M                 | 0.165G   |
| 8.cv2.bn               | 1.024K                 | 0.258M   |
| 8.cv2.bn_skip          | 1.024K                 |          |
| 8.cv2.conv_skip        | 0.393M                 |          |
| 8.m                    | 3.76M                  | 0.942G   |
| 8.m.0                  | 0.946M                 | 0.236G   |
| 8.m.1                  | 0.946M                 | 0.236G   |
| 8.m.2                  | 0.934M                 | 0.234G   |
| 8.m.3                  | 0.934M                 | 0.234G   |
| 11                     | 2.105M                 | 2.118G   |
| 11.cv1                 | 0.263M                 | 0.265G   |
| 11.cv1.conv            | 0.262M                 | 0.264G   |
| 11.cv1.bn              | 0.512K                 | 0.516M   |
| 11.cv1.bn_skip         | 0.512K                 |          |
| 11.cv2                 | 0.395M                 | 0.397G   |
| 11.cv2.conv            | 0.393M                 | 0.396G   |
| 11.cv2.bn              | 1.024K                 | 1.032M   |
| 11.cv2.bn_skip         | 1.024K                 |          |
| 11.m                   | 1.447M                 | 1.455G   |
| 11.m.0                 | 0.725M                 | 0.729G   |
| 11.m.1                 | 0.722M                 | 0.727G   |
| 14                     | 0.594M                 | 2.385G   |
| 14.cv1                 | 0.132M                 | 0.53G    |
| 14.cv1.conv            | 0.131M                 | 0.528G   |
| 14.cv1.bn              | 0.256K                 | 1.032M   |
| 14.cv1.bn_skip         | 0.256K                 |          |
| 14.cv2                 | 99.328K                | 0.398G   |
| 14.cv2.conv            | 98.304K                | 0.396G   |
| 14.cv2.bn              | 0.512K                 | 2.064M   |
| 14.cv2.bn_skip         | 0.512K                 |          |
| 14.m                   | 0.363M                 | 1.457G   |
| 14.m.0                 | 0.182M                 | 0.731G   |
| 14.m.1                 | 0.181M                 | 0.727G   |
| 15                     | 0.591M                 | 0.595G   |
| 15.conv                | 0.59M                  | 0.595G   |
| 15.conv.weight         | (256, 256, 3, 3)       |          |
| 15.bn                  | 0.512K                 | 0.516M   |
| 15.bn.weight           | (256,)                 |          |
| 15.bn.bias             | (256,)                 |          |
| 15.bn_skip             | 0.512K                 |          |
| 15.bn_skip.weight      | (256,)                 |          |
| 15.bn_skip.bias        | (256,)                 |          |
| 17                     | 2.04M                  | 2.051G   |
| 17.cv1                 | 0.198M                 | 0.199G   |
| 17.cv1.conv            | 0.197M                 | 0.198G   |
| 17.cv1.bn              | 0.512K                 | 0.516M   |
| 17.cv1.bn_skip         | 0.512K                 |          |
| 17.cv2                 | 0.395M                 | 0.397G   |
| 17.cv2.conv            | 0.393M                 | 0.396G   |
| 17.cv2.bn              | 1.024K                 | 1.032M   |
| 17.cv2.bn_skip         | 1.024K                 |          |
| 17.m                   | 1.447M                 | 1.455G   |
| 17.m.0                 | 0.725M                 | 0.729G   |
| 17.m.1                 | 0.722M                 | 0.727G   |
| 18                     | 2.361M                 | 0.595G   |
| 18.conv                | 2.359M                 | 0.595G   |
| 18.conv.weight         | (512, 512, 3, 3)       |          |
| 18.bn                  | 1.024K                 | 0.258M   |
| 18.bn.weight           | (512,)                 |          |
| 18.bn.bias             | (512,)                 |          |
| 18.bn_skip             | 1.024K                 |          |
| 18.bn_skip.weight      | (512,)                 |          |
| 18.bn_skip.bias        | (512,)                 |          |
| 20                     | 2.501M                 | 0.629G   |
| 20.cv1                 | 0.526M                 | 0.132G   |
| 20.cv1.conv            | 0.524M                 | 0.132G   |
| 20.cv1.bn              | 1.024K                 | 0.258M   |
| 20.cv1.bn_skip         | 1.024K                 |          |
| 20.cv2                 | 0.526M                 | 0.132G   |
| 20.cv2.conv            | 0.524M                 | 0.132G   |
| 20.cv2.bn              | 1.024K                 | 0.258M   |
| 20.cv2.bn_skip         | 1.024K                 |          |
| 20.m                   | 1.448M                 | 0.364G   |
| 20.m.0                 | 0.724M                 | 0.182G   |
| 20.m.1                 | 0.724M                 | 0.182G   |
| 21                     | 1.415M                 | 2G       |
| 21.cv2                 | 0.861M                 | 1.183G   |
| 21.cv2.0               | 0.189M                 | 0.76G    |
| 21.cv2.1               | 0.336M                 | 0.339G   |
| 21.cv2.2               | 0.336M                 | 84.64M   |
| 21.cv3                 | 0.554M                 | 0.817G   |
| 21.cv3.0               | 0.139M                 | 0.557G   |
| 21.cv3.1               | 0.207M                 | 0.208G   |
| 21.cv3.2               | 0.207M                 | 51.932M  |
| 21.dfl.conv            | 16                     | 0.339M   |
| 21.dfl.conv.weight     | (1, 16, 1, 1)          |          |
| 9                      |                        | 0.516M   |
| 12                     |                        | 2.064M   |
  MACs  : 25.94 GMACs
  FLOPs : 51.88 GFLOPs
[*] Validation input tensor shape: torch.Size([64, 3, 384, 672])
                 Class     Images  Instances      Box(P          R      mAP50  mAP50-95)
                   all      10000     185578      0.634      0.507      0.556      0.324
                person       3220      13265      0.746      0.587      0.664       0.35
                 rider        515        649      0.739      0.437      0.492      0.266
                   car       9879     102540      0.798      0.726      0.792        0.5
                   bus       1242       1597      0.685      0.588      0.655       0.51
                 truck       2689       4247      0.625       0.62      0.651      0.482
                  bike        578       1007      0.609      0.514      0.522      0.271
                 motor        334        452      0.689      0.471      0.507      0.263
         traffic light       5653      26891      0.726      0.521      0.596      0.233
          traffic sign       8221      34915      0.725      0.602      0.668       0.36
                 train         14         15          0          0    0.00757    0.00386
Speed: 0.0ms preprocess, 1.5ms inference, 0.0ms loss, 0.3ms postprocess per image
Results saved to [1mruns/bdd100k/detect/anydepth-yolov12l/train[0m
WARNING: Plotting error for runs/bdd100k/detect/anydepth-yolov12l/train/results.csv: could not convert string to float: 'super'
/home/hslee/context-anydepth-det/anydepth-yolov12/ultralytics/utils/plotting.py:1231: UserWarning: No artists with labels found to put in legend.  Note that artists whose label start with an underscore are ignored when legend() is called with no argument.
  ax[1].legend()
