WARNING:__main__:
*****************************************
Setting OMP_NUM_THREADS environment variable for each process to be 1 in default, to avoid your system being overloaded, please further tune the variable for optimal performance in your application as needed. 
*****************************************
[*] Image size: 1280
[*] Starting new training using pretrained weight: ./pretrained/yolo-ad-small_0.479_0.451.pt
task: detect
Loading YOLOv12 Any-Depth model from ultralytics/cfg/models/v12/yolo-ad-v12s-orig.yaml
Loading YOLOv12 Any-Depth model from ultralytics/cfg/models/v12/yolo-ad-v12s-orig.yaml
Found YOLOv12 Any-Depth model scale: s
Found YOLOv12 Any-Depth model scale: s
Transferred 1728/1728 items from pretrained weights
Ultralytics 8.3.63 🚀 Python-3.11.13 torch-2.2.2+cu121 CUDA:0 (NVIDIA RTX 6000 Ada Generation, 48509MiB)
                                                       CUDA:1 (NVIDIA RTX 6000 Ada Generation, 48509MiB)
Overriding model.yaml nc=80 with nc=10
Transferred 1722/1728 items from pretrained weights
Not transferred items (6):
  - [Shape Mismatch] model.21.cv3.0.2.bias: model [10] != pretrained [80]
  - [Shape Mismatch] model.21.cv3.0.2.weight: model [10, 128, 1, 1] != pretrained [80, 128, 1, 1]
  - [Shape Mismatch] model.21.cv3.1.2.bias: model [10] != pretrained [80]
  - [Shape Mismatch] model.21.cv3.1.2.weight: model [10, 128, 1, 1] != pretrained [80, 128, 1, 1]
  - [Shape Mismatch] model.21.cv3.2.2.bias: model [10] != pretrained [80]
  - [Shape Mismatch] model.21.cv3.2.2.weight: model [10, 128, 1, 1] != pretrained [80, 128, 1, 1]
Freezing layer 'model.21.dfl.conv.weight'
[34m[1mAMP: [0mrunning Automatic Mixed Precision (AMP) checks...
task: None
[34m[1mAMP: [0mchecks passed ✅

[34m[1mtrain: [0mScanning /media/data/bdd100k_yolo/train/labels.cache... 70000 images, 0 backgrounds, 0 corrupt: 100%|██████████| 70000/70000 [00:00<?, ?it/s]
[34m[1mtrain: [0mScanning /media/data/bdd100k_yolo/train/labels.cache... 70000 images, 0 backgrounds, 0 corrupt: 100%|██████████| 70000/70000 [00:00<?, ?it/s]
[34m[1mtrain: [0mWARNING ⚠️ /media/data/bdd100k_yolo/train/images/75055858-7d04a650.jpg: 1 duplicate labels removed
/home/hslee/anaconda3/envs/yolov12/lib/python3.11/site-packages/albumentations/__init__.py:28: UserWarning: A new version of Albumentations is available: '2.0.8' (you have '2.0.4'). Upgrade using: pip install -U albumentations. To disable automatic update checks, set the environment variable NO_ALBUMENTATIONS_UPDATE to 1.
  check_for_updates()
[34m[1malbumentations: [0mBlur(p=0.01, blur_limit=(3, 7)), MedianBlur(p=0.01, blur_limit=(3, 7)), ToGray(p=0.01, num_output_channels=3, method='weighted_average'), CLAHE(p=0.01, clip_limit=(1.0, 4.0), tile_grid_size=(8, 8))
WARNING ⚠️ 'rect=True' is incompatible with DataLoader shuffle, setting shuffle=False

[34m[1mval: [0mScanning /media/data/bdd100k_yolo/val/labels.cache... 10000 images, 0 backgrounds, 0 corrupt: 100%|██████████| 10000/10000 [00:00<?, ?it/s]
[34m[1mval: [0mScanning /media/data/bdd100k_yolo/val/labels.cache... 10000 images, 0 backgrounds, 0 corrupt: 100%|██████████| 10000/10000 [00:00<?, ?it/s]
/home/hslee/anaconda3/envs/yolov12/lib/python3.11/site-packages/albumentations/__init__.py:28: UserWarning: A new version of Albumentations is available: '2.0.8' (you have '2.0.4'). Upgrade using: pip install -U albumentations. To disable automatic update checks, set the environment variable NO_ALBUMENTATIONS_UPDATE to 1.
  check_for_updates()
Plotting labels to runs/bdd100k/detect/anydepth-yolov12s/train/labels.jpg... 
[34m[1moptimizer:[0m SGD(lr=0.001, momentum=0.9) with parameter groups 302 weight(decay=0.0), 212 weight(decay=0.0005), 308 bias(decay=0.0)
DistributedDataParallel(
  (module): DetectionModelAnyDepth(
    (model): Sequential(
      (0): Conv(
        (conv): Conv2d(3, 32, kernel_size=(3, 3), stride=(2, 2), padding=(1, 1), bias=False)
        (bn): BatchNorm2d(32, eps=0.001, momentum=0.03, affine=True, track_running_stats=True)
        (act): SiLU(inplace=True)
      )
      (1): Conv(
        (conv): Conv2d(32, 64, kernel_size=(3, 3), stride=(2, 2), padding=(1, 1), groups=2, bias=False)
        (bn): BatchNorm2d(64, eps=0.001, momentum=0.03, affine=True, track_running_stats=True)
        (act): SiLU(inplace=True)
      )
      (2): SkippableC3k2(
        (cv1): SwitchableConv(
          (conv): Conv2d(64, 64, kernel_size=(1, 1), stride=(1, 1), bias=False)
          (bn): BatchNorm2d(64, eps=0.001, momentum=0.03, affine=True, track_running_stats=True)
          (bn_skip): BatchNorm2d(64, eps=0.001, momentum=0.03, affine=True, track_running_stats=True)
          (act): SiLU(inplace=True)
        )
        (cv2): SwitchableConv(
          (conv): Conv2d(128, 128, kernel_size=(1, 1), stride=(1, 1), bias=False)
          (bn): BatchNorm2d(128, eps=0.001, momentum=0.03, affine=True, track_running_stats=True)
          (bn_skip): BatchNorm2d(128, eps=0.001, momentum=0.03, affine=True, track_running_stats=True)
          (act): SiLU(inplace=True)
        )
        (m): ModuleList(
          (0): Bottleneck(
            (cv1): SwitchableConv(
              (conv): Conv2d(32, 16, kernel_size=(3, 3), stride=(1, 1), padding=(1, 1), bias=False)
              (bn): BatchNorm2d(16, eps=0.001, momentum=0.03, affine=True, track_running_stats=True)
              (bn_skip): BatchNorm2d(16, eps=0.001, momentum=0.03, affine=True, track_running_stats=True)
              (act): SiLU(inplace=True)
            )
            (cv2): SwitchableConv(
              (conv): Conv2d(16, 32, kernel_size=(3, 3), stride=(1, 1), padding=(1, 1), bias=False)
              (bn): BatchNorm2d(32, eps=0.001, momentum=0.03, affine=True, track_running_stats=True)
              (bn_skip): BatchNorm2d(32, eps=0.001, momentum=0.03, affine=True, track_running_stats=True)
              (act): SiLU(inplace=True)
            )
          )
          (1): Bottleneck(
            (cv1): Conv(
              (conv): Conv2d(32, 16, kernel_size=(3, 3), stride=(1, 1), padding=(1, 1), bias=False)
              (bn): BatchNorm2d(16, eps=0.001, momentum=0.03, affine=True, track_running_stats=True)
              (act): SiLU(inplace=True)
            )
            (cv2): Conv(
              (conv): Conv2d(16, 32, kernel_size=(3, 3), stride=(1, 1), padding=(1, 1), bias=False)
              (bn): BatchNorm2d(32, eps=0.001, momentum=0.03, affine=True, track_running_stats=True)
              (act): SiLU(inplace=True)
            )
          )
        )
      )
      (3): SwitchableConv(
        (conv): Conv2d(128, 128, kernel_size=(3, 3), stride=(2, 2), padding=(1, 1), groups=4, bias=False)
        (bn): BatchNorm2d(128, eps=0.001, momentum=0.03, affine=True, track_running_stats=True)
        (bn_skip): BatchNorm2d(128, eps=0.001, momentum=0.03, affine=True, track_running_stats=True)
        (act): SiLU(inplace=True)
      )
      (4): SkippableC3k2(
        (cv1): SwitchableConv(
          (conv): Conv2d(128, 128, kernel_size=(1, 1), stride=(1, 1), bias=False)
          (bn): BatchNorm2d(128, eps=0.001, momentum=0.03, affine=True, track_running_stats=True)
          (bn_skip): BatchNorm2d(128, eps=0.001, momentum=0.03, affine=True, track_running_stats=True)
          (act): SiLU(inplace=True)
        )
        (cv2): SwitchableConv(
          (conv): Conv2d(256, 256, kernel_size=(1, 1), stride=(1, 1), bias=False)
          (bn): BatchNorm2d(256, eps=0.001, momentum=0.03, affine=True, track_running_stats=True)
          (bn_skip): BatchNorm2d(256, eps=0.001, momentum=0.03, affine=True, track_running_stats=True)
          (act): SiLU(inplace=True)
        )
        (m): ModuleList(
          (0): Bottleneck(
            (cv1): SwitchableConv(
              (conv): Conv2d(64, 32, kernel_size=(3, 3), stride=(1, 1), padding=(1, 1), bias=False)
              (bn): BatchNorm2d(32, eps=0.001, momentum=0.03, affine=True, track_running_stats=True)
              (bn_skip): BatchNorm2d(32, eps=0.001, momentum=0.03, affine=True, track_running_stats=True)
              (act): SiLU(inplace=True)
            )
            (cv2): SwitchableConv(
              (conv): Conv2d(32, 64, kernel_size=(3, 3), stride=(1, 1), padding=(1, 1), bias=False)
              (bn): BatchNorm2d(64, eps=0.001, momentum=0.03, affine=True, track_running_stats=True)
              (bn_skip): BatchNorm2d(64, eps=0.001, momentum=0.03, affine=True, track_running_stats=True)
              (act): SiLU(inplace=True)
            )
          )
          (1): Bottleneck(
            (cv1): Conv(
              (conv): Conv2d(64, 32, kernel_size=(3, 3), stride=(1, 1), padding=(1, 1), bias=False)
              (bn): BatchNorm2d(32, eps=0.001, momentum=0.03, affine=True, track_running_stats=True)
              (act): SiLU(inplace=True)
            )
            (cv2): Conv(
              (conv): Conv2d(32, 64, kernel_size=(3, 3), stride=(1, 1), padding=(1, 1), bias=False)
              (bn): BatchNorm2d(64, eps=0.001, momentum=0.03, affine=True, track_running_stats=True)
              (act): SiLU(inplace=True)
            )
          )
        )
      )
      (5): SwitchableConv(
        (conv): Conv2d(256, 256, kernel_size=(3, 3), stride=(2, 2), padding=(1, 1), bias=False)
        (bn): BatchNorm2d(256, eps=0.001, momentum=0.03, affine=True, track_running_stats=True)
        (bn_skip): BatchNorm2d(256, eps=0.001, momentum=0.03, affine=True, track_running_stats=True)
        (act): SiLU(inplace=True)
      )
      (6): SkippableA2C2f(
        (cv1): SwitchableConv(
          (conv): Conv2d(256, 128, kernel_size=(1, 1), stride=(1, 1), bias=False)
          (bn): BatchNorm2d(128, eps=0.001, momentum=0.03, affine=True, track_running_stats=True)
          (bn_skip): BatchNorm2d(128, eps=0.001, momentum=0.03, affine=True, track_running_stats=True)
          (act): SiLU(inplace=True)
        )
        (cv2): SwitchableConv(
          (conv): Conv2d(640, 256, kernel_size=(1, 1), stride=(1, 1), bias=False)
          (bn): BatchNorm2d(256, eps=0.001, momentum=0.03, affine=True, track_running_stats=True)
          (bn_skip): BatchNorm2d(256, eps=0.001, momentum=0.03, affine=True, track_running_stats=True)
          (conv_skip): Conv2d(384, 256, kernel_size=(1, 1), stride=(1, 1), bias=False)
          (act): SiLU(inplace=True)
        )
        (m): ModuleList(
          (0-1): 2 x SwitchableSequential(
            (0): ABlock(
              (attn): SwitchableAAttn(
                (qk): SwitchableConv(
                  (conv): Conv2d(128, 256, kernel_size=(1, 1), stride=(1, 1), bias=False)
                  (bn): BatchNorm2d(256, eps=0.001, momentum=0.03, affine=True, track_running_stats=True)
                  (bn_skip): BatchNorm2d(256, eps=0.001, momentum=0.03, affine=True, track_running_stats=True)
                  (act): Identity()
                )
                (v): SwitchableConv(
                  (conv): Conv2d(128, 128, kernel_size=(1, 1), stride=(1, 1), bias=False)
                  (bn): BatchNorm2d(128, eps=0.001, momentum=0.03, affine=True, track_running_stats=True)
                  (bn_skip): BatchNorm2d(128, eps=0.001, momentum=0.03, affine=True, track_running_stats=True)
                  (act): Identity()
                )
                (proj): SwitchableConv(
                  (conv): Conv2d(128, 128, kernel_size=(1, 1), stride=(1, 1), bias=False)
                  (bn): BatchNorm2d(128, eps=0.001, momentum=0.03, affine=True, track_running_stats=True)
                  (bn_skip): BatchNorm2d(128, eps=0.001, momentum=0.03, affine=True, track_running_stats=True)
                  (act): Identity()
                )
                (pe): SwitchableConv(
                  (conv): Conv2d(128, 128, kernel_size=(5, 5), stride=(1, 1), padding=(2, 2), groups=128, bias=False)
                  (bn): BatchNorm2d(128, eps=0.001, momentum=0.03, affine=True, track_running_stats=True)
                  (bn_skip): BatchNorm2d(128, eps=0.001, momentum=0.03, affine=True, track_running_stats=True)
                  (act): Identity()
                )
              )
              (mlp): SwitchableSequential(
                (0): SwitchableConv(
                  (conv): Conv2d(128, 256, kernel_size=(1, 1), stride=(1, 1), bias=False)
                  (bn): BatchNorm2d(256, eps=0.001, momentum=0.03, affine=True, track_running_stats=True)
                  (bn_skip): BatchNorm2d(256, eps=0.001, momentum=0.03, affine=True, track_running_stats=True)
                  (act): SiLU(inplace=True)
                )
                (1): SwitchableConv(
                  (conv): Conv2d(256, 128, kernel_size=(1, 1), stride=(1, 1), bias=False)
                  (bn): BatchNorm2d(128, eps=0.001, momentum=0.03, affine=True, track_running_stats=True)
                  (bn_skip): BatchNorm2d(128, eps=0.001, momentum=0.03, affine=True, track_running_stats=True)
                  (act): Identity()
                )
              )
            )
            (1): ABlock(
              (attn): SwitchableAAttn(
                (qk): SwitchableConv(
                  (conv): Conv2d(128, 256, kernel_size=(1, 1), stride=(1, 1), bias=False)
                  (bn): BatchNorm2d(256, eps=0.001, momentum=0.03, affine=True, track_running_stats=True)
                  (bn_skip): BatchNorm2d(256, eps=0.001, momentum=0.03, affine=True, track_running_stats=True)
                  (act): Identity()
                )
                (v): SwitchableConv(
                  (conv): Conv2d(128, 128, kernel_size=(1, 1), stride=(1, 1), bias=False)
                  (bn): BatchNorm2d(128, eps=0.001, momentum=0.03, affine=True, track_running_stats=True)
                  (bn_skip): BatchNorm2d(128, eps=0.001, momentum=0.03, affine=True, track_running_stats=True)
                  (act): Identity()
                )
                (proj): SwitchableConv(
                  (conv): Conv2d(128, 128, kernel_size=(1, 1), stride=(1, 1), bias=False)
                  (bn): BatchNorm2d(128, eps=0.001, momentum=0.03, affine=True, track_running_stats=True)
                  (bn_skip): BatchNorm2d(128, eps=0.001, momentum=0.03, affine=True, track_running_stats=True)
                  (act): Identity()
                )
                (pe): SwitchableConv(
                  (conv): Conv2d(128, 128, kernel_size=(5, 5), stride=(1, 1), padding=(2, 2), groups=128, bias=False)
                  (bn): BatchNorm2d(128, eps=0.001, momentum=0.03, affine=True, track_running_stats=True)
                  (bn_skip): BatchNorm2d(128, eps=0.001, momentum=0.03, affine=True, track_running_stats=True)
                  (act): Identity()
                )
              )
              (mlp): SwitchableSequential(
                (0): SwitchableConv(
                  (conv): Conv2d(128, 256, kernel_size=(1, 1), stride=(1, 1), bias=False)
                  (bn): BatchNorm2d(256, eps=0.001, momentum=0.03, affine=True, track_running_stats=True)
                  (bn_skip): BatchNorm2d(256, eps=0.001, momentum=0.03, affine=True, track_running_stats=True)
                  (act): SiLU(inplace=True)
                )
                (1): SwitchableConv(
                  (conv): Conv2d(256, 128, kernel_size=(1, 1), stride=(1, 1), bias=False)
                  (bn): BatchNorm2d(128, eps=0.001, momentum=0.03, affine=True, track_running_stats=True)
                  (bn_skip): BatchNorm2d(128, eps=0.001, momentum=0.03, affine=True, track_running_stats=True)
                  (act): Identity()
                )
              )
            )
          )
          (2-3): 2 x Sequential(
            (0): ABlock(
              (attn): AAttn(
                (qk): Conv(
                  (conv): Conv2d(128, 256, kernel_size=(1, 1), stride=(1, 1), bias=False)
                  (bn): BatchNorm2d(256, eps=0.001, momentum=0.03, affine=True, track_running_stats=True)
                  (act): Identity()
                )
                (v): Conv(
                  (conv): Conv2d(128, 128, kernel_size=(1, 1), stride=(1, 1), bias=False)
                  (bn): BatchNorm2d(128, eps=0.001, momentum=0.03, affine=True, track_running_stats=True)
                  (act): Identity()
                )
                (proj): Conv(
                  (conv): Conv2d(128, 128, kernel_size=(1, 1), stride=(1, 1), bias=False)
                  (bn): BatchNorm2d(128, eps=0.001, momentum=0.03, affine=True, track_running_stats=True)
                  (act): Identity()
                )
                (pe): Conv(
                  (conv): Conv2d(128, 128, kernel_size=(5, 5), stride=(1, 1), padding=(2, 2), groups=128, bias=False)
                  (bn): BatchNorm2d(128, eps=0.001, momentum=0.03, affine=True, track_running_stats=True)
                  (act): Identity()
                )
              )
              (mlp): Sequential(
                (0): Conv(
                  (conv): Conv2d(128, 256, kernel_size=(1, 1), stride=(1, 1), bias=False)
                  (bn): BatchNorm2d(256, eps=0.001, momentum=0.03, affine=True, track_running_stats=True)
                  (act): SiLU(inplace=True)
                )
                (1): Conv(
                  (conv): Conv2d(256, 128, kernel_size=(1, 1), stride=(1, 1), bias=False)
                  (bn): BatchNorm2d(128, eps=0.001, momentum=0.03, affine=True, track_running_stats=True)
                  (act): Identity()
                )
              )
            )
            (1): ABlock(
              (attn): AAttn(
                (qk): Conv(
                  (conv): Conv2d(128, 256, kernel_size=(1, 1), stride=(1, 1), bias=False)
                  (bn): BatchNorm2d(256, eps=0.001, momentum=0.03, affine=True, track_running_stats=True)
                  (act): Identity()
                )
                (v): Conv(
                  (conv): Conv2d(128, 128, kernel_size=(1, 1), stride=(1, 1), bias=False)
                  (bn): BatchNorm2d(128, eps=0.001, momentum=0.03, affine=True, track_running_stats=True)
                  (act): Identity()
                )
                (proj): Conv(
                  (conv): Conv2d(128, 128, kernel_size=(1, 1), stride=(1, 1), bias=False)
                  (bn): BatchNorm2d(128, eps=0.001, momentum=0.03, affine=True, track_running_stats=True)
                  (act): Identity()
                )
                (pe): Conv(
                  (conv): Conv2d(128, 128, kernel_size=(5, 5), stride=(1, 1), padding=(2, 2), groups=128, bias=False)
                  (bn): BatchNorm2d(128, eps=0.001, momentum=0.03, affine=True, track_running_stats=True)
                  (act): Identity()
                )
              )
              (mlp): Sequential(
                (0): Conv(
                  (conv): Conv2d(128, 256, kernel_size=(1, 1), stride=(1, 1), bias=False)
                  (bn): BatchNorm2d(256, eps=0.001, momentum=0.03, affine=True, track_running_stats=True)
                  (act): SiLU(inplace=True)
                )
                (1): Conv(
                  (conv): Conv2d(256, 128, kernel_size=(1, 1), stride=(1, 1), bias=False)
                  (bn): BatchNorm2d(128, eps=0.001, momentum=0.03, affine=True, track_running_stats=True)
                  (act): Identity()
                )
              )
            )
          )
        )
      )
      (7): SwitchableConv(
        (conv): Conv2d(256, 256, kernel_size=(3, 3), stride=(2, 2), padding=(1, 1), bias=False)
        (bn): BatchNorm2d(256, eps=0.001, momentum=0.03, affine=True, track_running_stats=True)
        (bn_skip): BatchNorm2d(256, eps=0.001, momentum=0.03, affine=True, track_running_stats=True)
        (act): SiLU(inplace=True)
      )
      (8): SkippableA2C2f(
        (cv1): SwitchableConv(
          (conv): Conv2d(256, 128, kernel_size=(1, 1), stride=(1, 1), bias=False)
          (bn): BatchNorm2d(128, eps=0.001, momentum=0.03, affine=True, track_running_stats=True)
          (bn_skip): BatchNorm2d(128, eps=0.001, momentum=0.03, affine=True, track_running_stats=True)
          (act): SiLU(inplace=True)
        )
        (cv2): SwitchableConv(
          (conv): Conv2d(640, 256, kernel_size=(1, 1), stride=(1, 1), bias=False)
          (bn): BatchNorm2d(256, eps=0.001, momentum=0.03, affine=True, track_running_stats=True)
          (bn_skip): BatchNorm2d(256, eps=0.001, momentum=0.03, affine=True, track_running_stats=True)
          (conv_skip): Conv2d(384, 256, kernel_size=(1, 1), stride=(1, 1), bias=False)
          (act): SiLU(inplace=True)
        )
        (m): ModuleList(
          (0-1): 2 x SwitchableSequential(
            (0): ABlock(
              (attn): SwitchableAAttn(
                (qk): SwitchableConv(
                  (conv): Conv2d(128, 256, kernel_size=(1, 1), stride=(1, 1), bias=False)
                  (bn): BatchNorm2d(256, eps=0.001, momentum=0.03, affine=True, track_running_stats=True)
                  (bn_skip): BatchNorm2d(256, eps=0.001, momentum=0.03, affine=True, track_running_stats=True)
                  (act): Identity()
                )
                (v): SwitchableConv(
                  (conv): Conv2d(128, 128, kernel_size=(1, 1), stride=(1, 1), bias=False)
                  (bn): BatchNorm2d(128, eps=0.001, momentum=0.03, affine=True, track_running_stats=True)
                  (bn_skip): BatchNorm2d(128, eps=0.001, momentum=0.03, affine=True, track_running_stats=True)
                  (act): Identity()
                )
                (proj): SwitchableConv(
                  (conv): Conv2d(128, 128, kernel_size=(1, 1), stride=(1, 1), bias=False)
                  (bn): BatchNorm2d(128, eps=0.001, momentum=0.03, affine=True, track_running_stats=True)
                  (bn_skip): BatchNorm2d(128, eps=0.001, momentum=0.03, affine=True, track_running_stats=True)
                  (act): Identity()
                )
                (pe): SwitchableConv(
                  (conv): Conv2d(128, 128, kernel_size=(5, 5), stride=(1, 1), padding=(2, 2), groups=128, bias=False)
                  (bn): BatchNorm2d(128, eps=0.001, momentum=0.03, affine=True, track_running_stats=True)
                  (bn_skip): BatchNorm2d(128, eps=0.001, momentum=0.03, affine=True, track_running_stats=True)
                  (act): Identity()
                )
              )
              (mlp): SwitchableSequential(
                (0): SwitchableConv(
                  (conv): Conv2d(128, 256, kernel_size=(1, 1), stride=(1, 1), bias=False)
                  (bn): BatchNorm2d(256, eps=0.001, momentum=0.03, affine=True, track_running_stats=True)
                  (bn_skip): BatchNorm2d(256, eps=0.001, momentum=0.03, affine=True, track_running_stats=True)
                  (act): SiLU(inplace=True)
                )
                (1): SwitchableConv(
                  (conv): Conv2d(256, 128, kernel_size=(1, 1), stride=(1, 1), bias=False)
                  (bn): BatchNorm2d(128, eps=0.001, momentum=0.03, affine=True, track_running_stats=True)
                  (bn_skip): BatchNorm2d(128, eps=0.001, momentum=0.03, affine=True, track_running_stats=True)
                  (act): Identity()
                )
              )
            )
            (1): ABlock(
              (attn): SwitchableAAttn(
                (qk): SwitchableConv(
                  (conv): Conv2d(128, 256, kernel_size=(1, 1), stride=(1, 1), bias=False)
                  (bn): BatchNorm2d(256, eps=0.001, momentum=0.03, affine=True, track_running_stats=True)
                  (bn_skip): BatchNorm2d(256, eps=0.001, momentum=0.03, affine=True, track_running_stats=True)
                  (act): Identity()
                )
                (v): SwitchableConv(
                  (conv): Conv2d(128, 128, kernel_size=(1, 1), stride=(1, 1), bias=False)
                  (bn): BatchNorm2d(128, eps=0.001, momentum=0.03, affine=True, track_running_stats=True)
                  (bn_skip): BatchNorm2d(128, eps=0.001, momentum=0.03, affine=True, track_running_stats=True)
                  (act): Identity()
                )
                (proj): SwitchableConv(
                  (conv): Conv2d(128, 128, kernel_size=(1, 1), stride=(1, 1), bias=False)
                  (bn): BatchNorm2d(128, eps=0.001, momentum=0.03, affine=True, track_running_stats=True)
                  (bn_skip): BatchNorm2d(128, eps=0.001, momentum=0.03, affine=True, track_running_stats=True)
                  (act): Identity()
                )
                (pe): SwitchableConv(
                  (conv): Conv2d(128, 128, kernel_size=(5, 5), stride=(1, 1), padding=(2, 2), groups=128, bias=False)
                  (bn): BatchNorm2d(128, eps=0.001, momentum=0.03, affine=True, track_running_stats=True)
                  (bn_skip): BatchNorm2d(128, eps=0.001, momentum=0.03, affine=True, track_running_stats=True)
                  (act): Identity()
                )
              )
              (mlp): SwitchableSequential(
                (0): SwitchableConv(
                  (conv): Conv2d(128, 256, kernel_size=(1, 1), stride=(1, 1), bias=False)
                  (bn): BatchNorm2d(256, eps=0.001, momentum=0.03, affine=True, track_running_stats=True)
                  (bn_skip): BatchNorm2d(256, eps=0.001, momentum=0.03, affine=True, track_running_stats=True)
                  (act): SiLU(inplace=True)
                )
                (1): SwitchableConv(
                  (conv): Conv2d(256, 128, kernel_size=(1, 1), stride=(1, 1), bias=False)
                  (bn): BatchNorm2d(128, eps=0.001, momentum=0.03, affine=True, track_running_stats=True)
                  (bn_skip): BatchNorm2d(128, eps=0.001, momentum=0.03, affine=True, track_running_stats=True)
                  (act): Identity()
                )
              )
            )
          )
          (2-3): 2 x Sequential(
            (0): ABlock(
              (attn): AAttn(
                (qk): Conv(
                  (conv): Conv2d(128, 256, kernel_size=(1, 1), stride=(1, 1), bias=False)
                  (bn): BatchNorm2d(256, eps=0.001, momentum=0.03, affine=True, track_running_stats=True)
                  (act): Identity()
                )
                (v): Conv(
                  (conv): Conv2d(128, 128, kernel_size=(1, 1), stride=(1, 1), bias=False)
                  (bn): BatchNorm2d(128, eps=0.001, momentum=0.03, affine=True, track_running_stats=True)
                  (act): Identity()
                )
                (proj): Conv(
                  (conv): Conv2d(128, 128, kernel_size=(1, 1), stride=(1, 1), bias=False)
                  (bn): BatchNorm2d(128, eps=0.001, momentum=0.03, affine=True, track_running_stats=True)
                  (act): Identity()
                )
                (pe): Conv(
                  (conv): Conv2d(128, 128, kernel_size=(5, 5), stride=(1, 1), padding=(2, 2), groups=128, bias=False)
                  (bn): BatchNorm2d(128, eps=0.001, momentum=0.03, affine=True, track_running_stats=True)
                  (act): Identity()
                )
              )
              (mlp): Sequential(
                (0): Conv(
                  (conv): Conv2d(128, 256, kernel_size=(1, 1), stride=(1, 1), bias=False)
                  (bn): BatchNorm2d(256, eps=0.001, momentum=0.03, affine=True, track_running_stats=True)
                  (act): SiLU(inplace=True)
                )
                (1): Conv(
                  (conv): Conv2d(256, 128, kernel_size=(1, 1), stride=(1, 1), bias=False)
                  (bn): BatchNorm2d(128, eps=0.001, momentum=0.03, affine=True, track_running_stats=True)
                  (act): Identity()
                )
              )
            )
            (1): ABlock(
              (attn): AAttn(
                (qk): Conv(
                  (conv): Conv2d(128, 256, kernel_size=(1, 1), stride=(1, 1), bias=False)
                  (bn): BatchNorm2d(256, eps=0.001, momentum=0.03, affine=True, track_running_stats=True)
                  (act): Identity()
                )
                (v): Conv(
                  (conv): Conv2d(128, 128, kernel_size=(1, 1), stride=(1, 1), bias=False)
                  (bn): BatchNorm2d(128, eps=0.001, momentum=0.03, affine=True, track_running_stats=True)
                  (act): Identity()
                )
                (proj): Conv(
                  (conv): Conv2d(128, 128, kernel_size=(1, 1), stride=(1, 1), bias=False)
                  (bn): BatchNorm2d(128, eps=0.001, momentum=0.03, affine=True, track_running_stats=True)
                  (act): Identity()
                )
                (pe): Conv(
                  (conv): Conv2d(128, 128, kernel_size=(5, 5), stride=(1, 1), padding=(2, 2), groups=128, bias=False)
                  (bn): BatchNorm2d(128, eps=0.001, momentum=0.03, affine=True, track_running_stats=True)
                  (act): Identity()
                )
              )
              (mlp): Sequential(
                (0): Conv(
                  (conv): Conv2d(128, 256, kernel_size=(1, 1), stride=(1, 1), bias=False)
                  (bn): BatchNorm2d(256, eps=0.001, momentum=0.03, affine=True, track_running_stats=True)
                  (act): SiLU(inplace=True)
                )
                (1): Conv(
                  (conv): Conv2d(256, 128, kernel_size=(1, 1), stride=(1, 1), bias=False)
                  (bn): BatchNorm2d(128, eps=0.001, momentum=0.03, affine=True, track_running_stats=True)
                  (act): Identity()
                )
              )
            )
          )
        )
      )
      (9): Upsample(scale_factor=2.0, mode='nearest')
      (10): Concat()
      (11): SkippableA2C2f(
        (cv1): SwitchableConv(
          (conv): Conv2d(512, 128, kernel_size=(1, 1), stride=(1, 1), bias=False)
          (bn): BatchNorm2d(128, eps=0.001, momentum=0.03, affine=True, track_running_stats=True)
          (bn_skip): BatchNorm2d(128, eps=0.001, momentum=0.03, affine=True, track_running_stats=True)
          (act): SiLU(inplace=True)
        )
        (cv2): SwitchableConv(
          (conv): Conv2d(384, 256, kernel_size=(1, 1), stride=(1, 1), bias=False)
          (bn): BatchNorm2d(256, eps=0.001, momentum=0.03, affine=True, track_running_stats=True)
          (bn_skip): BatchNorm2d(256, eps=0.001, momentum=0.03, affine=True, track_running_stats=True)
          (act): SiLU(inplace=True)
        )
        (m): ModuleList(
          (0): C3k(
            (cv1): SwitchableConv(
              (conv): Conv2d(128, 64, kernel_size=(1, 1), stride=(1, 1), bias=False)
              (bn): BatchNorm2d(64, eps=0.001, momentum=0.03, affine=True, track_running_stats=True)
              (bn_skip): BatchNorm2d(64, eps=0.001, momentum=0.03, affine=True, track_running_stats=True)
              (act): SiLU(inplace=True)
            )
            (cv2): SwitchableConv(
              (conv): Conv2d(128, 64, kernel_size=(1, 1), stride=(1, 1), bias=False)
              (bn): BatchNorm2d(64, eps=0.001, momentum=0.03, affine=True, track_running_stats=True)
              (bn_skip): BatchNorm2d(64, eps=0.001, momentum=0.03, affine=True, track_running_stats=True)
              (act): SiLU(inplace=True)
            )
            (cv3): SwitchableConv(
              (conv): Conv2d(128, 128, kernel_size=(1, 1), stride=(1, 1), bias=False)
              (bn): BatchNorm2d(128, eps=0.001, momentum=0.03, affine=True, track_running_stats=True)
              (bn_skip): BatchNorm2d(128, eps=0.001, momentum=0.03, affine=True, track_running_stats=True)
              (act): SiLU(inplace=True)
            )
            (m): SwitchableSequential(
              (0): Bottleneck(
                (cv1): SwitchableConv(
                  (conv): Conv2d(64, 64, kernel_size=(3, 3), stride=(1, 1), padding=(1, 1), bias=False)
                  (bn): BatchNorm2d(64, eps=0.001, momentum=0.03, affine=True, track_running_stats=True)
                  (bn_skip): BatchNorm2d(64, eps=0.001, momentum=0.03, affine=True, track_running_stats=True)
                  (act): SiLU(inplace=True)
                )
                (cv2): SwitchableConv(
                  (conv): Conv2d(64, 64, kernel_size=(3, 3), stride=(1, 1), padding=(1, 1), bias=False)
                  (bn): BatchNorm2d(64, eps=0.001, momentum=0.03, affine=True, track_running_stats=True)
                  (bn_skip): BatchNorm2d(64, eps=0.001, momentum=0.03, affine=True, track_running_stats=True)
                  (act): SiLU(inplace=True)
                )
              )
              (1): Bottleneck(
                (cv1): SwitchableConv(
                  (conv): Conv2d(64, 64, kernel_size=(3, 3), stride=(1, 1), padding=(1, 1), bias=False)
                  (bn): BatchNorm2d(64, eps=0.001, momentum=0.03, affine=True, track_running_stats=True)
                  (bn_skip): BatchNorm2d(64, eps=0.001, momentum=0.03, affine=True, track_running_stats=True)
                  (act): SiLU(inplace=True)
                )
                (cv2): SwitchableConv(
                  (conv): Conv2d(64, 64, kernel_size=(3, 3), stride=(1, 1), padding=(1, 1), bias=False)
                  (bn): BatchNorm2d(64, eps=0.001, momentum=0.03, affine=True, track_running_stats=True)
                  (bn_skip): BatchNorm2d(64, eps=0.001, momentum=0.03, affine=True, track_running_stats=True)
                  (act): SiLU(inplace=True)
                )
              )
            )
          )
          (1): C3k(
            (cv1): Conv(
              (conv): Conv2d(128, 64, kernel_size=(1, 1), stride=(1, 1), bias=False)
              (bn): BatchNorm2d(64, eps=0.001, momentum=0.03, affine=True, track_running_stats=True)
              (act): SiLU(inplace=True)
            )
            (cv2): Conv(
              (conv): Conv2d(128, 64, kernel_size=(1, 1), stride=(1, 1), bias=False)
              (bn): BatchNorm2d(64, eps=0.001, momentum=0.03, affine=True, track_running_stats=True)
              (act): SiLU(inplace=True)
            )
            (cv3): Conv(
              (conv): Conv2d(128, 128, kernel_size=(1, 1), stride=(1, 1), bias=False)
              (bn): BatchNorm2d(128, eps=0.001, momentum=0.03, affine=True, track_running_stats=True)
              (act): SiLU(inplace=True)
            )
            (m): Sequential(
              (0): Bottleneck(
                (cv1): Conv(
                  (conv): Conv2d(64, 64, kernel_size=(3, 3), stride=(1, 1), padding=(1, 1), bias=False)
                  (bn): BatchNorm2d(64, eps=0.001, momentum=0.03, affine=True, track_running_stats=True)
                  (act): SiLU(inplace=True)
                )
                (cv2): Conv(
                  (conv): Conv2d(64, 64, kernel_size=(3, 3), stride=(1, 1), padding=(1, 1), bias=False)
                  (bn): BatchNorm2d(64, eps=0.001, momentum=0.03, affine=True, track_running_stats=True)
                  (act): SiLU(inplace=True)
                )
              )
              (1): Bottleneck(
                (cv1): Conv(
                  (conv): Conv2d(64, 64, kernel_size=(3, 3), stride=(1, 1), padding=(1, 1), bias=False)
                  (bn): BatchNorm2d(64, eps=0.001, momentum=0.03, affine=True, track_running_stats=True)
                  (act): SiLU(inplace=True)
                )
                (cv2): Conv(
                  (conv): Conv2d(64, 64, kernel_size=(3, 3), stride=(1, 1), padding=(1, 1), bias=False)
                  (bn): BatchNorm2d(64, eps=0.001, momentum=0.03, affine=True, track_running_stats=True)
                  (act): SiLU(inplace=True)
                )
              )
            )
          )
        )
      )
      (12): Upsample(scale_factor=2.0, mode='nearest')
      (13): Concat()
      (14): SkippableA2C2f(
        (cv1): SwitchableConv(
          (conv): Conv2d(512, 64, kernel_size=(1, 1), stride=(1, 1), bias=False)
          (bn): BatchNorm2d(64, eps=0.001, momentum=0.03, affine=True, track_running_stats=True)
          (bn_skip): BatchNorm2d(64, eps=0.001, momentum=0.03, affine=True, track_running_stats=True)
          (act): SiLU(inplace=True)
        )
        (cv2): SwitchableConv(
          (conv): Conv2d(192, 128, kernel_size=(1, 1), stride=(1, 1), bias=False)
          (bn): BatchNorm2d(128, eps=0.001, momentum=0.03, affine=True, track_running_stats=True)
          (bn_skip): BatchNorm2d(128, eps=0.001, momentum=0.03, affine=True, track_running_stats=True)
          (act): SiLU(inplace=True)
        )
        (m): ModuleList(
          (0): C3k(
            (cv1): SwitchableConv(
              (conv): Conv2d(64, 32, kernel_size=(1, 1), stride=(1, 1), bias=False)
              (bn): BatchNorm2d(32, eps=0.001, momentum=0.03, affine=True, track_running_stats=True)
              (bn_skip): BatchNorm2d(32, eps=0.001, momentum=0.03, affine=True, track_running_stats=True)
              (act): SiLU(inplace=True)
            )
            (cv2): SwitchableConv(
              (conv): Conv2d(64, 32, kernel_size=(1, 1), stride=(1, 1), bias=False)
              (bn): BatchNorm2d(32, eps=0.001, momentum=0.03, affine=True, track_running_stats=True)
              (bn_skip): BatchNorm2d(32, eps=0.001, momentum=0.03, affine=True, track_running_stats=True)
              (act): SiLU(inplace=True)
            )
            (cv3): SwitchableConv(
              (conv): Conv2d(64, 64, kernel_size=(1, 1), stride=(1, 1), bias=False)
              (bn): BatchNorm2d(64, eps=0.001, momentum=0.03, affine=True, track_running_stats=True)
              (bn_skip): BatchNorm2d(64, eps=0.001, momentum=0.03, affine=True, track_running_stats=True)
              (act): SiLU(inplace=True)
            )
            (m): SwitchableSequential(
              (0): Bottleneck(
                (cv1): SwitchableConv(
                  (conv): Conv2d(32, 32, kernel_size=(3, 3), stride=(1, 1), padding=(1, 1), bias=False)
                  (bn): BatchNorm2d(32, eps=0.001, momentum=0.03, affine=True, track_running_stats=True)
                  (bn_skip): BatchNorm2d(32, eps=0.001, momentum=0.03, affine=True, track_running_stats=True)
                  (act): SiLU(inplace=True)
                )
                (cv2): SwitchableConv(
                  (conv): Conv2d(32, 32, kernel_size=(3, 3), stride=(1, 1), padding=(1, 1), bias=False)
                  (bn): BatchNorm2d(32, eps=0.001, momentum=0.03, affine=True, track_running_stats=True)
                  (bn_skip): BatchNorm2d(32, eps=0.001, momentum=0.03, affine=True, track_running_stats=True)
                  (act): SiLU(inplace=True)
                )
              )
              (1): Bottleneck(
                (cv1): SwitchableConv(
                  (conv): Conv2d(32, 32, kernel_size=(3, 3), stride=(1, 1), padding=(1, 1), bias=False)
                  (bn): BatchNorm2d(32, eps=0.001, momentum=0.03, affine=True, track_running_stats=True)
                  (bn_skip): BatchNorm2d(32, eps=0.001, momentum=0.03, affine=True, track_running_stats=True)
                  (act): SiLU(inplace=True)
                )
                (cv2): SwitchableConv(
                  (conv): Conv2d(32, 32, kernel_size=(3, 3), stride=(1, 1), padding=(1, 1), bias=False)
                  (bn): BatchNorm2d(32, eps=0.001, momentum=0.03, affine=True, track_running_stats=True)
                  (bn_skip): BatchNorm2d(32, eps=0.001, momentum=0.03, affine=True, track_running_stats=True)
                  (act): SiLU(inplace=True)
                )
              )
            )
          )
          (1): C3k(
            (cv1): Conv(
              (conv): Conv2d(64, 32, kernel_size=(1, 1), stride=(1, 1), bias=False)
              (bn): BatchNorm2d(32, eps=0.001, momentum=0.03, affine=True, track_running_stats=True)
              (act): SiLU(inplace=True)
            )
            (cv2): Conv(
              (conv): Conv2d(64, 32, kernel_size=(1, 1), stride=(1, 1), bias=False)
              (bn): BatchNorm2d(32, eps=0.001, momentum=0.03, affine=True, track_running_stats=True)
              (act): SiLU(inplace=True)
            )
            (cv3): Conv(
              (conv): Conv2d(64, 64, kernel_size=(1, 1), stride=(1, 1), bias=False)
              (bn): BatchNorm2d(64, eps=0.001, momentum=0.03, affine=True, track_running_stats=True)
              (act): SiLU(inplace=True)
            )
            (m): Sequential(
              (0): Bottleneck(
                (cv1): Conv(
                  (conv): Conv2d(32, 32, kernel_size=(3, 3), stride=(1, 1), padding=(1, 1), bias=False)
                  (bn): BatchNorm2d(32, eps=0.001, momentum=0.03, affine=True, track_running_stats=True)
                  (act): SiLU(inplace=True)
                )
                (cv2): Conv(
                  (conv): Conv2d(32, 32, kernel_size=(3, 3), stride=(1, 1), padding=(1, 1), bias=False)
                  (bn): BatchNorm2d(32, eps=0.001, momentum=0.03, affine=True, track_running_stats=True)
                  (act): SiLU(inplace=True)
                )
              )
              (1): Bottleneck(
                (cv1): Conv(
                  (conv): Conv2d(32, 32, kernel_size=(3, 3), stride=(1, 1), padding=(1, 1), bias=False)
                  (bn): BatchNorm2d(32, eps=0.001, momentum=0.03, affine=True, track_running_stats=True)
                  (act): SiLU(inplace=True)
                )
                (cv2): Conv(
                  (conv): Conv2d(32, 32, kernel_size=(3, 3), stride=(1, 1), padding=(1, 1), bias=False)
                  (bn): BatchNorm2d(32, eps=0.001, momentum=0.03, affine=True, track_running_stats=True)
                  (act): SiLU(inplace=True)
                )
              )
            )
          )
        )
      )
      (15): SwitchableConv(
        (conv): Conv2d(128, 128, kernel_size=(3, 3), stride=(2, 2), padding=(1, 1), bias=False)
        (bn): BatchNorm2d(128, eps=0.001, momentum=0.03, affine=True, track_running_stats=True)
        (bn_skip): BatchNorm2d(128, eps=0.001, momentum=0.03, affine=True, track_running_stats=True)
        (act): SiLU(inplace=True)
      )
      (16): Concat()
      (17): SkippableA2C2f(
        (cv1): SwitchableConv(
          (conv): Conv2d(384, 128, kernel_size=(1, 1), stride=(1, 1), bias=False)
          (bn): BatchNorm2d(128, eps=0.001, momentum=0.03, affine=True, track_running_stats=True)
          (bn_skip): BatchNorm2d(128, eps=0.001, momentum=0.03, affine=True, track_running_stats=True)
          (act): SiLU(inplace=True)
        )
        (cv2): SwitchableConv(
          (conv): Conv2d(384, 256, kernel_size=(1, 1), stride=(1, 1), bias=False)
          (bn): BatchNorm2d(256, eps=0.001, momentum=0.03, affine=True, track_running_stats=True)
          (bn_skip): BatchNorm2d(256, eps=0.001, momentum=0.03, affine=True, track_running_stats=True)
          (act): SiLU(inplace=True)
        )
        (m): ModuleList(
          (0): C3k(
            (cv1): SwitchableConv(
              (conv): Conv2d(128, 64, kernel_size=(1, 1), stride=(1, 1), bias=False)
              (bn): BatchNorm2d(64, eps=0.001, momentum=0.03, affine=True, track_running_stats=True)
              (bn_skip): BatchNorm2d(64, eps=0.001, momentum=0.03, affine=True, track_running_stats=True)
              (act): SiLU(inplace=True)
            )
            (cv2): SwitchableConv(
              (conv): Conv2d(128, 64, kernel_size=(1, 1), stride=(1, 1), bias=False)
              (bn): BatchNorm2d(64, eps=0.001, momentum=0.03, affine=True, track_running_stats=True)
              (bn_skip): BatchNorm2d(64, eps=0.001, momentum=0.03, affine=True, track_running_stats=True)
              (act): SiLU(inplace=True)
            )
            (cv3): SwitchableConv(
              (conv): Conv2d(128, 128, kernel_size=(1, 1), stride=(1, 1), bias=False)
              (bn): BatchNorm2d(128, eps=0.001, momentum=0.03, affine=True, track_running_stats=True)
              (bn_skip): BatchNorm2d(128, eps=0.001, momentum=0.03, affine=True, track_running_stats=True)
              (act): SiLU(inplace=True)
            )
            (m): SwitchableSequential(
              (0): Bottleneck(
                (cv1): SwitchableConv(
                  (conv): Conv2d(64, 64, kernel_size=(3, 3), stride=(1, 1), padding=(1, 1), bias=False)
                  (bn): BatchNorm2d(64, eps=0.001, momentum=0.03, affine=True, track_running_stats=True)
                  (bn_skip): BatchNorm2d(64, eps=0.001, momentum=0.03, affine=True, track_running_stats=True)
                  (act): SiLU(inplace=True)
                )
                (cv2): SwitchableConv(
                  (conv): Conv2d(64, 64, kernel_size=(3, 3), stride=(1, 1), padding=(1, 1), bias=False)
                  (bn): BatchNorm2d(64, eps=0.001, momentum=0.03, affine=True, track_running_stats=True)
                  (bn_skip): BatchNorm2d(64, eps=0.001, momentum=0.03, affine=True, track_running_stats=True)
                  (act): SiLU(inplace=True)
                )
              )
              (1): Bottleneck(
                (cv1): SwitchableConv(
                  (conv): Conv2d(64, 64, kernel_size=(3, 3), stride=(1, 1), padding=(1, 1), bias=False)
                  (bn): BatchNorm2d(64, eps=0.001, momentum=0.03, affine=True, track_running_stats=True)
                  (bn_skip): BatchNorm2d(64, eps=0.001, momentum=0.03, affine=True, track_running_stats=True)
                  (act): SiLU(inplace=True)
                )
                (cv2): SwitchableConv(
                  (conv): Conv2d(64, 64, kernel_size=(3, 3), stride=(1, 1), padding=(1, 1), bias=False)
                  (bn): BatchNorm2d(64, eps=0.001, momentum=0.03, affine=True, track_running_stats=True)
                  (bn_skip): BatchNorm2d(64, eps=0.001, momentum=0.03, affine=True, track_running_stats=True)
                  (act): SiLU(inplace=True)
                )
              )
            )
          )
          (1): C3k(
            (cv1): Conv(
              (conv): Conv2d(128, 64, kernel_size=(1, 1), stride=(1, 1), bias=False)
              (bn): BatchNorm2d(64, eps=0.001, momentum=0.03, affine=True, track_running_stats=True)
              (act): SiLU(inplace=True)
            )
            (cv2): Conv(
              (conv): Conv2d(128, 64, kernel_size=(1, 1), stride=(1, 1), bias=False)
              (bn): BatchNorm2d(64, eps=0.001, momentum=0.03, affine=True, track_running_stats=True)
              (act): SiLU(inplace=True)
            )
            (cv3): Conv(
              (conv): Conv2d(128, 128, kernel_size=(1, 1), stride=(1, 1), bias=False)
              (bn): BatchNorm2d(128, eps=0.001, momentum=0.03, affine=True, track_running_stats=True)
              (act): SiLU(inplace=True)
            )
            (m): Sequential(
              (0): Bottleneck(
                (cv1): Conv(
                  (conv): Conv2d(64, 64, kernel_size=(3, 3), stride=(1, 1), padding=(1, 1), bias=False)
                  (bn): BatchNorm2d(64, eps=0.001, momentum=0.03, affine=True, track_running_stats=True)
                  (act): SiLU(inplace=True)
                )
                (cv2): Conv(
                  (conv): Conv2d(64, 64, kernel_size=(3, 3), stride=(1, 1), padding=(1, 1), bias=False)
                  (bn): BatchNorm2d(64, eps=0.001, momentum=0.03, affine=True, track_running_stats=True)
                  (act): SiLU(inplace=True)
                )
              )
              (1): Bottleneck(
                (cv1): Conv(
                  (conv): Conv2d(64, 64, kernel_size=(3, 3), stride=(1, 1), padding=(1, 1), bias=False)
                  (bn): BatchNorm2d(64, eps=0.001, momentum=0.03, affine=True, track_running_stats=True)
                  (act): SiLU(inplace=True)
                )
                (cv2): Conv(
                  (conv): Conv2d(64, 64, kernel_size=(3, 3), stride=(1, 1), padding=(1, 1), bias=False)
                  (bn): BatchNorm2d(64, eps=0.001, momentum=0.03, affine=True, track_running_stats=True)
                  (act): SiLU(inplace=True)
                )
              )
            )
          )
        )
      )
      (18): SwitchableConv(
        (conv): Conv2d(256, 256, kernel_size=(3, 3), stride=(2, 2), padding=(1, 1), bias=False)
        (bn): BatchNorm2d(256, eps=0.001, momentum=0.03, affine=True, track_running_stats=True)
        (bn_skip): BatchNorm2d(256, eps=0.001, momentum=0.03, affine=True, track_running_stats=True)
        (act): SiLU(inplace=True)
      )
      (19): Concat()
      (20): SkippableC3k2(
        (cv1): SwitchableConv(
          (conv): Conv2d(512, 256, kernel_size=(1, 1), stride=(1, 1), bias=False)
          (bn): BatchNorm2d(256, eps=0.001, momentum=0.03, affine=True, track_running_stats=True)
          (bn_skip): BatchNorm2d(256, eps=0.001, momentum=0.03, affine=True, track_running_stats=True)
          (act): SiLU(inplace=True)
        )
        (cv2): SwitchableConv(
          (conv): Conv2d(512, 256, kernel_size=(1, 1), stride=(1, 1), bias=False)
          (bn): BatchNorm2d(256, eps=0.001, momentum=0.03, affine=True, track_running_stats=True)
          (bn_skip): BatchNorm2d(256, eps=0.001, momentum=0.03, affine=True, track_running_stats=True)
          (act): SiLU(inplace=True)
        )
        (m): ModuleList(
          (0): C3k(
            (cv1): SwitchableConv(
              (conv): Conv2d(128, 64, kernel_size=(1, 1), stride=(1, 1), bias=False)
              (bn): BatchNorm2d(64, eps=0.001, momentum=0.03, affine=True, track_running_stats=True)
              (bn_skip): BatchNorm2d(64, eps=0.001, momentum=0.03, affine=True, track_running_stats=True)
              (act): SiLU(inplace=True)
            )
            (cv2): SwitchableConv(
              (conv): Conv2d(128, 64, kernel_size=(1, 1), stride=(1, 1), bias=False)
              (bn): BatchNorm2d(64, eps=0.001, momentum=0.03, affine=True, track_running_stats=True)
              (bn_skip): BatchNorm2d(64, eps=0.001, momentum=0.03, affine=True, track_running_stats=True)
              (act): SiLU(inplace=True)
            )
            (cv3): SwitchableConv(
              (conv): Conv2d(128, 128, kernel_size=(1, 1), stride=(1, 1), bias=False)
              (bn): BatchNorm2d(128, eps=0.001, momentum=0.03, affine=True, track_running_stats=True)
              (bn_skip): BatchNorm2d(128, eps=0.001, momentum=0.03, affine=True, track_running_stats=True)
              (act): SiLU(inplace=True)
            )
            (m): SwitchableSequential(
              (0): Bottleneck(
                (cv1): SwitchableConv(
                  (conv): Conv2d(64, 64, kernel_size=(3, 3), stride=(1, 1), padding=(1, 1), bias=False)
                  (bn): BatchNorm2d(64, eps=0.001, momentum=0.03, affine=True, track_running_stats=True)
                  (bn_skip): BatchNorm2d(64, eps=0.001, momentum=0.03, affine=True, track_running_stats=True)
                  (act): SiLU(inplace=True)
                )
                (cv2): SwitchableConv(
                  (conv): Conv2d(64, 64, kernel_size=(3, 3), stride=(1, 1), padding=(1, 1), bias=False)
                  (bn): BatchNorm2d(64, eps=0.001, momentum=0.03, affine=True, track_running_stats=True)
                  (bn_skip): BatchNorm2d(64, eps=0.001, momentum=0.03, affine=True, track_running_stats=True)
                  (act): SiLU(inplace=True)
                )
              )
              (1): Bottleneck(
                (cv1): SwitchableConv(
                  (conv): Conv2d(64, 64, kernel_size=(3, 3), stride=(1, 1), padding=(1, 1), bias=False)
                  (bn): BatchNorm2d(64, eps=0.001, momentum=0.03, affine=True, track_running_stats=True)
                  (bn_skip): BatchNorm2d(64, eps=0.001, momentum=0.03, affine=True, track_running_stats=True)
                  (act): SiLU(inplace=True)
                )
                (cv2): SwitchableConv(
                  (conv): Conv2d(64, 64, kernel_size=(3, 3), stride=(1, 1), padding=(1, 1), bias=False)
                  (bn): BatchNorm2d(64, eps=0.001, momentum=0.03, affine=True, track_running_stats=True)
                  (bn_skip): BatchNorm2d(64, eps=0.001, momentum=0.03, affine=True, track_running_stats=True)
                  (act): SiLU(inplace=True)
                )
              )
            )
          )
          (1): C3k(
            (cv1): Conv(
              (conv): Conv2d(128, 64, kernel_size=(1, 1), stride=(1, 1), bias=False)
              (bn): BatchNorm2d(64, eps=0.001, momentum=0.03, affine=True, track_running_stats=True)
              (act): SiLU(inplace=True)
            )
            (cv2): Conv(
              (conv): Conv2d(128, 64, kernel_size=(1, 1), stride=(1, 1), bias=False)
              (bn): BatchNorm2d(64, eps=0.001, momentum=0.03, affine=True, track_running_stats=True)
              (act): SiLU(inplace=True)
            )
            (cv3): Conv(
              (conv): Conv2d(128, 128, kernel_size=(1, 1), stride=(1, 1), bias=False)
              (bn): BatchNorm2d(128, eps=0.001, momentum=0.03, affine=True, track_running_stats=True)
              (act): SiLU(inplace=True)
            )
            (m): Sequential(
              (0): Bottleneck(
                (cv1): Conv(
                  (conv): Conv2d(64, 64, kernel_size=(3, 3), stride=(1, 1), padding=(1, 1), bias=False)
                  (bn): BatchNorm2d(64, eps=0.001, momentum=0.03, affine=True, track_running_stats=True)
                  (act): SiLU(inplace=True)
                )
                (cv2): Conv(
                  (conv): Conv2d(64, 64, kernel_size=(3, 3), stride=(1, 1), padding=(1, 1), bias=False)
                  (bn): BatchNorm2d(64, eps=0.001, momentum=0.03, affine=True, track_running_stats=True)
                  (act): SiLU(inplace=True)
                )
              )
              (1): Bottleneck(
                (cv1): Conv(
                  (conv): Conv2d(64, 64, kernel_size=(3, 3), stride=(1, 1), padding=(1, 1), bias=False)
                  (bn): BatchNorm2d(64, eps=0.001, momentum=0.03, affine=True, track_running_stats=True)
                  (act): SiLU(inplace=True)
                )
                (cv2): Conv(
                  (conv): Conv2d(64, 64, kernel_size=(3, 3), stride=(1, 1), padding=(1, 1), bias=False)
                  (bn): BatchNorm2d(64, eps=0.001, momentum=0.03, affine=True, track_running_stats=True)
                  (act): SiLU(inplace=True)
                )
              )
            )
          )
        )
      )
      (21): Detect(
        (cv2): ModuleList(
          (0): Sequential(
            (0): Conv(
              (conv): Conv2d(128, 64, kernel_size=(3, 3), stride=(1, 1), padding=(1, 1), bias=False)
              (bn): BatchNorm2d(64, eps=0.001, momentum=0.03, affine=True, track_running_stats=True)
              (act): SiLU(inplace=True)
            )
            (1): Conv(
              (conv): Conv2d(64, 64, kernel_size=(3, 3), stride=(1, 1), padding=(1, 1), bias=False)
              (bn): BatchNorm2d(64, eps=0.001, momentum=0.03, affine=True, track_running_stats=True)
              (act): SiLU(inplace=True)
            )
            (2): Conv2d(64, 64, kernel_size=(1, 1), stride=(1, 1))
          )
          (1-2): 2 x Sequential(
            (0): Conv(
              (conv): Conv2d(256, 64, kernel_size=(3, 3), stride=(1, 1), padding=(1, 1), bias=False)
              (bn): BatchNorm2d(64, eps=0.001, momentum=0.03, affine=True, track_running_stats=True)
              (act): SiLU(inplace=True)
            )
            (1): Conv(
              (conv): Conv2d(64, 64, kernel_size=(3, 3), stride=(1, 1), padding=(1, 1), bias=False)
              (bn): BatchNorm2d(64, eps=0.001, momentum=0.03, affine=True, track_running_stats=True)
              (act): SiLU(inplace=True)
            )
            (2): Conv2d(64, 64, kernel_size=(1, 1), stride=(1, 1))
          )
        )
        (cv3): ModuleList(
          (0): Sequential(
            (0): Sequential(
              (0): DWConv(
                (conv): Conv2d(128, 128, kernel_size=(3, 3), stride=(1, 1), padding=(1, 1), groups=128, bias=False)
                (bn): BatchNorm2d(128, eps=0.001, momentum=0.03, affine=True, track_running_stats=True)
                (act): SiLU(inplace=True)
              )
              (1): Conv(
                (conv): Conv2d(128, 128, kernel_size=(1, 1), stride=(1, 1), bias=False)
                (bn): BatchNorm2d(128, eps=0.001, momentum=0.03, affine=True, track_running_stats=True)
                (act): SiLU(inplace=True)
              )
            )
            (1): Sequential(
              (0): DWConv(
                (conv): Conv2d(128, 128, kernel_size=(3, 3), stride=(1, 1), padding=(1, 1), groups=128, bias=False)
                (bn): BatchNorm2d(128, eps=0.001, momentum=0.03, affine=True, track_running_stats=True)
                (act): SiLU(inplace=True)
              )
              (1): Conv(
                (conv): Conv2d(128, 128, kernel_size=(1, 1), stride=(1, 1), bias=False)
                (bn): BatchNorm2d(128, eps=0.001, momentum=0.03, affine=True, track_running_stats=True)
                (act): SiLU(inplace=True)
              )
            )
            (2): Conv2d(128, 10, kernel_size=(1, 1), stride=(1, 1))
          )
          (1-2): 2 x Sequential(
            (0): Sequential(
              (0): DWConv(
                (conv): Conv2d(256, 256, kernel_size=(3, 3), stride=(1, 1), padding=(1, 1), groups=256, bias=False)
                (bn): BatchNorm2d(256, eps=0.001, momentum=0.03, affine=True, track_running_stats=True)
                (act): SiLU(inplace=True)
              )
              (1): Conv(
                (conv): Conv2d(256, 128, kernel_size=(1, 1), stride=(1, 1), bias=False)
                (bn): BatchNorm2d(128, eps=0.001, momentum=0.03, affine=True, track_running_stats=True)
                (act): SiLU(inplace=True)
              )
            )
            (1): Sequential(
              (0): DWConv(
                (conv): Conv2d(128, 128, kernel_size=(3, 3), stride=(1, 1), padding=(1, 1), groups=128, bias=False)
                (bn): BatchNorm2d(128, eps=0.001, momentum=0.03, affine=True, track_running_stats=True)
                (act): SiLU(inplace=True)
              )
              (1): Conv(
                (conv): Conv2d(128, 128, kernel_size=(1, 1), stride=(1, 1), bias=False)
                (bn): BatchNorm2d(128, eps=0.001, momentum=0.03, affine=True, track_running_stats=True)
                (act): SiLU(inplace=True)
              )
            )
            (2): Conv2d(128, 10, kernel_size=(1, 1), stride=(1, 1))
          )
        )
        (dfl): DFL(
          (conv): Conv2d(16, 1, kernel_size=(1, 1), stride=(1, 1), bias=False)
        )
      )
    )
  )
)
Image sizes 1280 train, 1280 val
Using 16 dataloader workers
Logging results to [1mruns/bdd100k/detect/anydepth-yolov12s/train[0m
Starting training for 30 epochs...

[FLOPs] Super model (skip=False) @ 736x1280:
| module             | #parameters or shape   | #flops   |
|:-------------------|:-----------------------|:---------|
| base_model.model   | 7.416M                 | 25.631G  |
| 0                  | 0.928K                 | 0.219G   |
| 0.conv             | 0.864K                 | 0.203G   |
| 0.conv.weight      | (32, 3, 3, 3)          |          |
| 0.bn               | 64                     | 15.073M  |
| 0.bn.weight        | (32,)                  |          |
| 0.bn.bias          | (32,)                  |          |
| 1                  | 9.344K                 | 0.55G    |
| 1.conv             | 9.216K                 | 0.543G   |
| 1.conv.weight      | (64, 16, 3, 3)         |          |
| 1.bn               | 0.128K                 | 7.537M   |
| 1.bn.weight        | (64,)                  |          |
| 1.bn.bias          | (64,)                  |          |
| 2                  | 39.968K                | 2.325G   |
| 2.cv1              | 4.352K                 | 0.249G   |
| 2.cv1.conv         | 4.096K                 | 0.241G   |
| 2.cv1.bn           | 0.128K                 | 7.537M   |
| 2.cv1.bn_skip      | 0.128K                 |          |
| 2.cv2              | 16.896K                | 0.98G    |
| 2.cv2.conv         | 16.384K                | 0.965G   |
| 2.cv2.bn           | 0.256K                 | 15.073M  |
| 2.cv2.bn_skip      | 0.256K                 |          |
| 2.m                | 18.72K                 | 1.097G   |
| 2.m.0              | 9.408K                 | 0.548G   |
| 2.m.1              | 9.312K                 | 0.548G   |
| 3                  | 37.376K                | 0.546G   |
| 3.conv             | 36.864K                | 0.543G   |
| 3.conv.weight      | (128, 32, 3, 3)        |          |
| 3.bn               | 0.256K                 | 3.768M   |
| 3.bn.weight        | (128,)                 |          |
| 3.bn.bias          | (128,)                 |          |
| 3.bn_skip          | 0.256K                 |          |
| 3.bn_skip.weight   | (128,)                 |          |
| 3.bn_skip.bias     | (128,)                 |          |
| 4                  | 0.158M                 | 2.308G   |
| 4.cv1              | 16.896K                | 0.245G   |
| 4.cv1.conv         | 16.384K                | 0.241G   |
| 4.cv1.bn           | 0.256K                 | 3.768M   |
| 4.cv1.bn_skip      | 0.256K                 |          |
| 4.cv2              | 66.56K                 | 0.972G   |
| 4.cv2.conv         | 65.536K                | 0.965G   |
| 4.cv2.bn           | 0.512K                 | 7.537M   |
| 4.cv2.bn_skip      | 0.512K                 |          |
| 4.m                | 74.304K                | 1.091G   |
| 4.m.0              | 37.248K                | 0.545G   |
| 4.m.1              | 37.056K                | 0.545G   |
| 5                  | 0.591M                 | 2.172G   |
| 5.conv             | 0.59M                  | 2.171G   |
| 5.conv.weight      | (256, 256, 3, 3)       |          |
| 5.bn               | 0.512K                 | 1.884M   |
| 5.bn.weight        | (256,)                 |          |
| 5.bn.bias          | (256,)                 |          |
| 5.bn_skip          | 0.512K                 |          |
| 5.bn_skip.weight   | (256,)                 |          |
| 5.bn_skip.bias     | (256,)                 |          |
| 6                  | 1.395M                 | 4.74G    |
| 6.gamma            | (256,)                 |          |
| 6.cv1              | 33.28K                 | 0.122G   |
| 6.cv1.conv         | 32.768K                | 0.121G   |
| 6.cv1.bn           | 0.256K                 | 0.942M   |
| 6.cv1.bn_skip      | 0.256K                 |          |
| 6.cv2              | 0.263M                 | 0.605G   |
| 6.cv2.conv         | 0.164M                 | 0.603G   |
| 6.cv2.bn           | 0.512K                 | 1.884M   |
| 6.cv2.bn_skip      | 0.512K                 |          |
| 6.cv2.conv_skip    | 98.304K                |          |
| 6.m                | 1.099M                 | 4.013G   |
| 6.m.0              | 0.277M                 | 1.003G   |
| 6.m.1              | 0.277M                 | 1.003G   |
| 6.m.2              | 0.273M                 | 1.003G   |
| 6.m.3              | 0.273M                 | 1.003G   |
| 7                  | 0.591M                 | 0.543G   |
| 7.conv             | 0.59M                  | 0.543G   |
| 7.conv.weight      | (256, 256, 3, 3)       |          |
| 7.bn               | 0.512K                 | 0.471M   |
| 7.bn.weight        | (256,)                 |          |
| 7.bn.bias          | (256,)                 |          |
| 7.bn_skip          | 0.512K                 |          |
| 7.bn_skip.weight   | (256,)                 |          |
| 7.bn_skip.bias     | (256,)                 |          |
| 8                  | 1.395M                 | 1.185G   |
| 8.gamma            | (256,)                 |          |
| 8.cv1              | 33.28K                 | 30.382M  |
| 8.cv1.conv         | 32.768K                | 30.147M  |
| 8.cv1.bn           | 0.256K                 | 0.236M   |
| 8.cv1.bn_skip      | 0.256K                 |          |
| 8.cv2              | 0.263M                 | 0.151G   |
| 8.cv2.conv         | 0.164M                 | 0.151G   |
| 8.cv2.bn           | 0.512K                 | 0.471M   |
| 8.cv2.bn_skip      | 0.512K                 |          |
| 8.cv2.conv_skip    | 98.304K                |          |
| 8.m                | 1.099M                 | 1.003G   |
| 8.m.0              | 0.277M                 | 0.251G   |
| 8.m.1              | 0.277M                 | 0.251G   |
| 8.m.2              | 0.273M                 | 0.251G   |
| 8.m.3              | 0.273M                 | 0.251G   |
| 11                 | 0.529M                 | 1.94G    |
| 11.cv1             | 66.048K                | 0.242G   |
| 11.cv1.conv        | 65.536K                | 0.241G   |
| 11.cv1.bn          | 0.256K                 | 0.942M   |
| 11.cv1.bn_skip     | 0.256K                 |          |
| 11.cv2             | 99.328K                | 0.364G   |
| 11.cv2.conv        | 98.304K                | 0.362G   |
| 11.cv2.bn          | 0.512K                 | 1.884M   |
| 11.cv2.bn_skip     | 0.512K                 |          |
| 11.m               | 0.364M                 | 1.334G   |
| 11.m.0             | 0.182M                 | 0.667G   |
| 11.m.1             | 0.181M                 | 0.667G   |
| 14                 | 0.15M                  | 2.191G   |
| 14.cv1             | 33.024K                | 0.484G   |
| 14.cv1.conv        | 32.768K                | 0.482G   |
| 14.cv1.bn          | 0.128K                 | 1.884M   |
| 14.cv1.bn_skip     | 0.128K                 |          |
| 14.cv2             | 25.088K                | 0.366G   |
| 14.cv2.conv        | 24.576K                | 0.362G   |
| 14.cv2.bn          | 0.256K                 | 3.768M   |
| 14.cv2.bn_skip     | 0.256K                 |          |
| 14.m               | 91.648K                | 1.342G   |
| 14.m.0             | 46.08K                 | 0.671G   |
| 14.m.1             | 45.568K                | 0.671G   |
| 15                 | 0.148M                 | 0.544G   |
| 15.conv            | 0.147M                 | 0.543G   |
| 15.conv.weight     | (128, 128, 3, 3)       |          |
| 15.bn              | 0.256K                 | 0.942M   |
| 15.bn.weight       | (128,)                 |          |
| 15.bn.bias         | (128,)                 |          |
| 15.bn_skip         | 0.256K                 |          |
| 15.bn_skip.weight  | (128,)                 |          |
| 15.bn_skip.bias    | (128,)                 |          |
| 17                 | 0.513M                 | 1.879G   |
| 17.cv1             | 49.664K                | 0.182G   |
| 17.cv1.conv        | 49.152K                | 0.181G   |
| 17.cv1.bn          | 0.256K                 | 0.942M   |
| 17.cv1.bn_skip     | 0.256K                 |          |
| 17.cv2             | 99.328K                | 0.364G   |
| 17.cv2.conv        | 98.304K                | 0.362G   |
| 17.cv2.bn          | 0.512K                 | 1.884M   |
| 17.cv2.bn_skip     | 0.512K                 |          |
| 17.m               | 0.364M                 | 1.334G   |
| 17.m.0             | 0.182M                 | 0.667G   |
| 17.m.1             | 0.181M                 | 0.667G   |
| 18                 | 0.591M                 | 0.543G   |
| 18.conv            | 0.59M                  | 0.543G   |
| 18.conv.weight     | (256, 256, 3, 3)       |          |
| 18.bn              | 0.512K                 | 0.471M   |
| 18.bn.weight       | (256,)                 |          |
| 18.bn.bias         | (256,)                 |          |
| 18.bn_skip         | 0.512K                 |          |
| 18.bn_skip.weight  | (256,)                 |          |
| 18.bn_skip.bias    | (256,)                 |          |
| 20                 | 0.628M                 | 0.576G   |
| 20.cv1             | 0.132M                 | 0.121G   |
| 20.cv1.conv        | 0.131M                 | 0.121G   |
| 20.cv1.bn          | 0.512K                 | 0.471M   |
| 20.cv1.bn_skip     | 0.512K                 |          |
| 20.cv2             | 0.132M                 | 0.121G   |
| 20.cv2.conv        | 0.131M                 | 0.121G   |
| 20.cv2.bn          | 0.512K                 | 0.471M   |
| 20.cv2.bn_skip     | 0.512K                 |          |
| 20.m               | 0.364M                 | 0.333G   |
| 20.m.0             | 0.182M                 | 0.167G   |
| 20.m.1             | 0.181M                 | 0.167G   |
| 21                 | 0.64M                  | 3.365G   |
| 21.cv2             | 0.492M                 | 2.56G    |
| 21.cv2.0           | 0.115M                 | 1.692G   |
| 21.cv2.1           | 0.189M                 | 0.694G   |
| 21.cv2.2           | 0.189M                 | 0.174G   |
| 21.cv3             | 0.148M                 | 0.804G   |
| 21.cv3.0           | 37.386K                | 0.55G    |
| 21.cv3.1           | 55.178K                | 0.203G   |
| 21.cv3.2           | 55.178K                | 50.755M  |
| 21.dfl.conv        | 16                     | 1.236M   |
| 21.dfl.conv.weight | (1, 16, 1, 1)          |          |
| 9                  |                        | 0.942M   |
| 12                 |                        | 3.768M   |
  MACs  (super): 25.63 GMACs
  FLOPs (super): 51.26 GFLOPs

[FLOPs] Base model (skip=True) @ 736x1280:
| module             | #parameters or shape   | #flops   |
|:-------------------|:-----------------------|:---------|
| base_model.model   | 7.416M                 | 18.682G  |
| 0                  | 0.928K                 | 0.219G   |
| 0.conv             | 0.864K                 | 0.203G   |
| 0.conv.weight      | (32, 3, 3, 3)          |          |
| 0.bn               | 64                     | 15.073M  |
| 0.bn.weight        | (32,)                  |          |
| 0.bn.bias          | (32,)                  |          |
| 1                  | 9.344K                 | 0.55G    |
| 1.conv             | 9.216K                 | 0.543G   |
| 1.conv.weight      | (64, 16, 3, 3)         |          |
| 1.bn               | 0.128K                 | 7.537M   |
| 1.bn.weight        | (64,)                  |          |
| 1.bn.bias          | (64,)                  |          |
| 2                  | 39.968K                | 1.536G   |
| 2.cv1              | 4.352K                 | 0.249G   |
| 2.cv1.conv         | 4.096K                 | 0.241G   |
| 2.cv1.bn           | 0.128K                 |          |
| 2.cv1.bn_skip      | 0.128K                 | 7.537M   |
| 2.cv2              | 16.896K                | 0.739G   |
| 2.cv2.conv         | 16.384K                |          |
| 2.cv2.bn           | 0.256K                 |          |
| 2.cv2.bn_skip      | 0.256K                 | 15.073M  |
| 2.m                | 18.72K                 | 0.548G   |
| 2.m.0              | 9.408K                 | 0.548G   |
| 2.m.1              | 9.312K                 |          |
| 3                  | 37.376K                | 0.546G   |
| 3.conv             | 36.864K                | 0.543G   |
| 3.conv.weight      | (128, 32, 3, 3)        |          |
| 3.bn               | 0.256K                 |          |
| 3.bn.weight        | (128,)                 |          |
| 3.bn.bias          | (128,)                 |          |
| 3.bn_skip          | 0.256K                 | 3.768M   |
| 3.bn_skip.weight   | (128,)                 |          |
| 3.bn_skip.bias     | (128,)                 |          |
| 4                  | 0.158M                 | 1.521G   |
| 4.cv1              | 16.896K                | 0.245G   |
| 4.cv1.conv         | 16.384K                | 0.241G   |
| 4.cv1.bn           | 0.256K                 |          |
| 4.cv1.bn_skip      | 0.256K                 | 3.768M   |
| 4.cv2              | 66.56K                 | 0.731G   |
| 4.cv2.conv         | 65.536K                |          |
| 4.cv2.bn           | 0.512K                 |          |
| 4.cv2.bn_skip      | 0.512K                 | 7.537M   |
| 4.m                | 74.304K                | 0.545G   |
| 4.m.0              | 37.248K                | 0.545G   |
| 4.m.1              | 37.056K                |          |
| 5                  | 0.591M                 | 2.172G   |
| 5.conv             | 0.59M                  | 2.171G   |
| 5.conv.weight      | (256, 256, 3, 3)       |          |
| 5.bn               | 0.512K                 |          |
| 5.bn.weight        | (256,)                 |          |
| 5.bn.bias          | (256,)                 |          |
| 5.bn_skip          | 0.512K                 | 1.884M   |
| 5.bn_skip.weight   | (256,)                 |          |
| 5.bn_skip.bias     | (256,)                 |          |
| 6                  | 1.395M                 | 2.492G   |
| 6.gamma            | (256,)                 |          |
| 6.cv1              | 33.28K                 | 0.122G   |
| 6.cv1.conv         | 32.768K                | 0.121G   |
| 6.cv1.bn           | 0.256K                 |          |
| 6.cv1.bn_skip      | 0.256K                 | 0.942M   |
| 6.cv2              | 0.263M                 | 0.364G   |
| 6.cv2.conv         | 0.164M                 |          |
| 6.cv2.bn           | 0.512K                 |          |
| 6.cv2.bn_skip      | 0.512K                 | 1.884M   |
| 6.cv2.conv_skip    | 98.304K                | 0.362G   |
| 6.m                | 1.099M                 | 2.007G   |
| 6.m.0              | 0.277M                 | 1.003G   |
| 6.m.1              | 0.277M                 | 1.003G   |
| 6.m.2              | 0.273M                 |          |
| 6.m.3              | 0.273M                 |          |
| 7                  | 0.591M                 | 0.543G   |
| 7.conv             | 0.59M                  | 0.543G   |
| 7.conv.weight      | (256, 256, 3, 3)       |          |
| 7.bn               | 0.512K                 |          |
| 7.bn.weight        | (256,)                 |          |
| 7.bn.bias          | (256,)                 |          |
| 7.bn_skip          | 0.512K                 | 0.471M   |
| 7.bn_skip.weight   | (256,)                 |          |
| 7.bn_skip.bias     | (256,)                 |          |
| 8                  | 1.395M                 | 0.623G   |
| 8.gamma            | (256,)                 |          |
| 8.cv1              | 33.28K                 | 30.382M  |
| 8.cv1.conv         | 32.768K                | 30.147M  |
| 8.cv1.bn           | 0.256K                 |          |
| 8.cv1.bn_skip      | 0.256K                 | 0.236M   |
| 8.cv2              | 0.263M                 | 90.911M  |
| 8.cv2.conv         | 0.164M                 |          |
| 8.cv2.bn           | 0.512K                 |          |
| 8.cv2.bn_skip      | 0.512K                 | 0.471M   |
| 8.cv2.conv_skip    | 98.304K                | 90.44M   |
| 8.m                | 1.099M                 | 0.502G   |
| 8.m.0              | 0.277M                 | 0.251G   |
| 8.m.1              | 0.277M                 | 0.251G   |
| 8.m.2              | 0.273M                 |          |
| 8.m.3              | 0.273M                 |          |
| 11                 | 0.529M                 | 1.152G   |
| 11.cv1             | 66.048K                | 0.242G   |
| 11.cv1.conv        | 65.536K                | 0.241G   |
| 11.cv1.bn          | 0.256K                 |          |
| 11.cv1.bn_skip     | 0.256K                 | 0.942M   |
| 11.cv2             | 99.328K                | 0.243G   |
| 11.cv2.conv        | 98.304K                |          |
| 11.cv2.bn          | 0.512K                 |          |
| 11.cv2.bn_skip     | 0.512K                 | 1.884M   |
| 11.m               | 0.364M                 | 0.667G   |
| 11.m.0             | 0.182M                 | 0.667G   |
| 11.m.1             | 0.181M                 |          |
| 14                 | 0.15M                  | 1.4G     |
| 14.cv1             | 33.024K                | 0.484G   |
| 14.cv1.conv        | 32.768K                | 0.482G   |
| 14.cv1.bn          | 0.128K                 |          |
| 14.cv1.bn_skip     | 0.128K                 | 1.884M   |
| 14.cv2             | 25.088K                | 0.245G   |
| 14.cv2.conv        | 24.576K                |          |
| 14.cv2.bn          | 0.256K                 |          |
| 14.cv2.bn_skip     | 0.256K                 | 3.768M   |
| 14.m               | 91.648K                | 0.671G   |
| 14.m.0             | 46.08K                 | 0.671G   |
| 14.m.1             | 45.568K                |          |
| 15                 | 0.148M                 | 0.544G   |
| 15.conv            | 0.147M                 | 0.543G   |
| 15.conv.weight     | (128, 128, 3, 3)       |          |
| 15.bn              | 0.256K                 |          |
| 15.bn.weight       | (128,)                 |          |
| 15.bn.bias         | (128,)                 |          |
| 15.bn_skip         | 0.256K                 | 0.942M   |
| 15.bn_skip.weight  | (128,)                 |          |
| 15.bn_skip.bias    | (128,)                 |          |
| 17                 | 0.513M                 | 1.092G   |
| 17.cv1             | 49.664K                | 0.182G   |
| 17.cv1.conv        | 49.152K                | 0.181G   |
| 17.cv1.bn          | 0.256K                 |          |
| 17.cv1.bn_skip     | 0.256K                 | 0.942M   |
| 17.cv2             | 99.328K                | 0.243G   |
| 17.cv2.conv        | 98.304K                |          |
| 17.cv2.bn          | 0.512K                 |          |
| 17.cv2.bn_skip     | 0.512K                 | 1.884M   |
| 17.m               | 0.364M                 | 0.667G   |
| 17.m.0             | 0.182M                 | 0.667G   |
| 17.m.1             | 0.181M                 |          |
| 18                 | 0.591M                 | 0.543G   |
| 18.conv            | 0.59M                  | 0.543G   |
| 18.conv.weight     | (256, 256, 3, 3)       |          |
| 18.bn              | 0.512K                 |          |
| 18.bn.weight       | (256,)                 |          |
| 18.bn.bias         | (256,)                 |          |
| 18.bn_skip         | 0.512K                 | 0.471M   |
| 18.bn_skip.weight  | (256,)                 |          |
| 18.bn_skip.bias    | (256,)                 |          |
| 20                 | 0.628M                 | 0.379G   |
| 20.cv1             | 0.132M                 | 0.121G   |
| 20.cv1.conv        | 0.131M                 | 0.121G   |
| 20.cv1.bn          | 0.512K                 |          |
| 20.cv1.bn_skip     | 0.512K                 | 0.471M   |
| 20.cv2             | 0.132M                 | 90.911M  |
| 20.cv2.conv        | 0.131M                 |          |
| 20.cv2.bn          | 0.512K                 |          |
| 20.cv2.bn_skip     | 0.512K                 | 0.471M   |
| 20.m               | 0.364M                 | 0.167G   |
| 20.m.0             | 0.182M                 | 0.167G   |
| 20.m.1             | 0.181M                 |          |
| 21                 | 0.64M                  | 3.365G   |
| 21.cv2             | 0.492M                 | 2.56G    |
| 21.cv2.0           | 0.115M                 | 1.692G   |
| 21.cv2.1           | 0.189M                 | 0.694G   |
| 21.cv2.2           | 0.189M                 | 0.174G   |
| 21.cv3             | 0.148M                 | 0.804G   |
| 21.cv3.0           | 37.386K                | 0.55G    |
| 21.cv3.1           | 55.178K                | 0.203G   |
| 21.cv3.2           | 55.178K                | 50.755M  |
| 21.dfl.conv        | 16                     | 1.236M   |
| 21.dfl.conv.weight | (1, 16, 1, 1)          |          |
| 9                  |                        | 0.942M   |
| 12                 |                        | 3.768M   |
  MACs  (base): 18.68 GMACs
  FLOPs (base): 37.36 GFLOPs

           Epoch         GPU_mem          box_om          cls_om          dfl_om          box_oo          cls_oo          dfl_oo       Instances            Size
/home/hslee/anaconda3/envs/yolov12/lib/python3.11/site-packages/torch/autograd/__init__.py:266: UserWarning: Grad strides do not match bucket view strides. This may indicate grad was not created according to the gradient layout contract, or that the param's strides changed since DDP was constructed.  This is not an error, but may impair performance.
grad.sizes() = [128, 128, 1, 1], strides() = [128, 1, 128, 128]
bucket_view.sizes() = [128, 128, 1, 1], strides() = [128, 1, 1, 1] (Triggered internally at ../torch/csrc/distributed/c10d/reducer.cpp:322.)
  Variable._execution_engine.run_backward(  # Calls into the C++ engine to run the backward pass
/home/hslee/anaconda3/envs/yolov12/lib/python3.11/site-packages/torch/autograd/__init__.py:266: UserWarning: Grad strides do not match bucket view strides. This may indicate grad was not created according to the gradient layout contract, or that the param's strides changed since DDP was constructed.  This is not an error, but may impair performance.
grad.sizes() = [128, 128, 1, 1], strides() = [128, 1, 128, 128]
bucket_view.sizes() = [128, 128, 1, 1], strides() = [128, 1, 1, 1] (Triggered internally at ../torch/csrc/distributed/c10d/reducer.cpp:322.)
  Variable._execution_engine.run_backward(  # Calls into the C++ engine to run the backward pass
  Epoch 1/30  Batch 1/2188 (0.0%)  | Super 205.561 (box 1.6296  cls 3.4781  dfl 1.3160)  | Base 222.416 (box 1.7446  cls 3.8339  dfl 1.3720)  | KD 29.095 (box 0.76010  cls 0.14419  dfl 0.00240  feat 0.00254)
  Epoch 1/30  Batch 219/2188 (10.0%)  | Super 177.635 (box 1.6500  cls 2.6113  dfl 1.2898)  | Base 186.873 (box 1.7295  cls 2.8108  dfl 1.2995)  | KD 26.937 (box 0.75486  cls 0.08154  dfl 0.00286  feat 0.00254)
  Epoch 1/30  Batch 437/2188 (20.0%)  | Super 159.621 (box 1.8166  cls 1.8350  dfl 1.3366)  | Base 165.346 (box 1.8446  cls 1.9749  dfl 1.3476)  | KD 28.165 (box 0.79875  cls 0.07640  dfl 0.00258  feat 0.00244)
  Epoch 1/30  Batch 655/2188 (29.9%)  | Super 125.273 (box 1.4492  cls 1.2952  dfl 1.1704)  | Base 130.023 (box 1.4913  cls 1.3912  dfl 1.1808)  | KD 18.206 (box 0.51419  cls 0.05166  dfl 0.00133  feat 0.00175)
  Epoch 1/30  Batch 873/2188 (39.9%)  | Super 137.843 (box 1.5766  cls 1.4992  dfl 1.2318)  | Base 141.038 (box 1.5922  cls 1.5916  dfl 1.2236)  | KD 20.730 (box 0.57891  cls 0.06545  dfl 0.00154  feat 0.00191)
  Epoch 1/30  Batch 1091/2188 (49.9%)  | Super 115.886 (box 1.4019  cls 1.0706  dfl 1.1489)  | Base 120.279 (box 1.4157  cls 1.1930  dfl 1.1500)  | KD 17.592 (box 0.50618  cls 0.04087  dfl 0.00123  feat 0.00147)
  Epoch 1/30  Batch 1309/2188 (59.8%)  | Super 113.620 (box 1.3698  cls 1.0585  dfl 1.1223)  | Base 116.804 (box 1.3936  cls 1.1250  dfl 1.1315)  | KD 15.202 (box 0.43936  cls 0.03316  dfl 0.00108  feat 0.00147)
  Epoch 1/30  Batch 1527/2188 (69.8%)  | Super 124.511 (box 1.5235  cls 1.1360  dfl 1.2315)  | Base 128.577 (box 1.5520  cls 1.2357  dfl 1.2303)  | KD 14.816 (box 0.42242  cls 0.03800  dfl 0.00105  feat 0.00155)
  Epoch 1/30  Batch 1745/2188 (79.8%)  | Super 113.988 (box 1.3736  cls 1.0486  dfl 1.1399)  | Base 117.355 (box 1.3888  cls 1.1411  dfl 1.1374)  | KD 15.298 (box 0.43583  cls 0.03971  dfl 0.00112  feat 0.00140)
  Epoch 1/30  Batch 1963/2188 (89.7%)  | Super 117.730 (box 1.4026  cls 1.0966  dfl 1.1799)  | Base 122.488 (box 1.4343  cls 1.1895  dfl 1.2039)  | KD 16.321 (box 0.47196  cls 0.03497  dfl 0.00126  feat 0.00182)
  Epoch 1/30  Batch 2181/2188 (99.7%)  | Super 114.282 (box 1.4245  cls 0.9766  dfl 1.1702)  | Base 116.876 (box 1.4405  cls 1.0546  dfl 1.1572)  | KD 15.750 (box 0.45249  cls 0.03668  dfl 0.00120  feat 0.00182)

================================================================================
  [Validation] Super model (skip=False)  |  Epoch 1/30
================================================================================
[*] Validation input tensor shape: torch.Size([32, 3, 736, 1312])
                 Class     Images  Instances      Box(P          R      mAP50  mAP50-95)
                   all      10000     185578      0.609      0.367       0.42      0.237

================================================================================
  [Validation] Base model  (skip=True)   |  Epoch 1/30
================================================================================
[*] Validation input tensor shape: torch.Size([32, 3, 736, 1312])
                 Class     Images  Instances      Box(P          R      mAP50  mAP50-95)
                   all      10000     185578      0.695      0.352      0.398      0.222

           Epoch         GPU_mem          box_om          cls_om          dfl_om          box_oo          cls_oo          dfl_oo       Instances            Size
  Epoch 2/30  Batch 1/2188 (0.0%)  | Super 124.056 (box 1.4901  cls 1.0913  dfl 1.2953)  | Base 128.156 (box 1.5335  cls 1.1577  dfl 1.3137)  | KD 15.943 (box 0.45640  cls 0.03873  dfl 0.00121  feat 0.00188)
  Epoch 2/30  Batch 219/2188 (10.0%)  | Super 114.063 (box 1.4551  cls 0.9697  dfl 1.1396)  | Base 116.727 (box 1.4757  cls 1.0346  dfl 1.1374)  | KD 14.240 (box 0.41317  cls 0.02912  dfl 0.00106  feat 0.00165)
  Epoch 2/30  Batch 437/2188 (20.0%)  | Super 131.653 (box 1.7106  cls 1.1230  dfl 1.2806)  | Base 135.800 (box 1.7405  cls 1.2127  dfl 1.2906)  | KD 18.976 (box 0.56105  cls 0.02890  dfl 0.00141  feat 0.00165)
  Epoch 2/30  Batch 655/2188 (29.9%)  | Super 109.647 (box 1.3675  cls 0.9407  dfl 1.1182)  | Base 112.120 (box 1.3743  cls 1.0092  dfl 1.1203)  | KD 14.782 (box 0.43180  cls 0.02766  dfl 0.00103  feat 0.00145)
  Epoch 2/30  Batch 873/2188 (39.9%)  | Super 124.867 (box 1.5117  cls 1.1545  dfl 1.2358)  | Base 125.997 (box 1.5307  cls 1.1855  dfl 1.2213)  | KD 15.844 (box 0.46249  cls 0.02996  dfl 0.00113  feat 0.00154)
  Epoch 2/30  Batch 1091/2188 (49.9%)  | Super 104.142 (box 1.3615  cls 0.8259  dfl 1.0670)  | Base 106.897 (box 1.3855  cls 0.8918  dfl 1.0632)  | KD 13.463 (box 0.39653  cls 0.02193  dfl 0.00102  feat 0.00124)
  Epoch 2/30  Batch 1309/2188 (59.8%)  | Super 104.263 (box 1.3358  cls 0.8368  dfl 1.0856)  | Base 106.013 (box 1.3346  cls 0.9077  dfl 1.0706)  | KD 14.130 (box 0.40818  cls 0.03089  dfl 0.00111  feat 0.00137)
  Epoch 2/30  Batch 1527/2188 (69.8%)  | Super 118.528 (box 1.4866  cls 0.9975  dfl 1.2199)  | Base 121.725 (box 1.5154  cls 1.0688  dfl 1.2197)  | KD 14.536 (box 0.42468  cls 0.02696  dfl 0.00121  feat 0.00141)
  Epoch 2/30  Batch 1745/2188 (79.8%)  | Super 108.126 (box 1.3561  cls 0.8878  dfl 1.1351)  | Base 110.858 (box 1.3934  cls 0.9297  dfl 1.1412)  | KD 13.331 (box 0.39493  cls 0.01938  dfl 0.00098  feat 0.00130)
  Epoch 2/30  Batch 1963/2188 (89.7%)  | Super 109.144 (box 1.3230  cls 0.9799  dfl 1.1079)  | Base 110.353 (box 1.3262  cls 1.0144  dfl 1.1079)  | KD 13.199 (box 0.38649  cls 0.02334  dfl 0.00104  feat 0.00159)
  Epoch 2/30  Batch 2181/2188 (99.7%)  | Super 109.822 (box 1.3983  cls 0.8741  dfl 1.1596)  | Base 114.049 (box 1.4398  cls 0.9605  dfl 1.1637)  | KD 13.952 (box 0.40298  cls 0.03038  dfl 0.00112  feat 0.00153)

================================================================================
  [Validation] Super model (skip=False)  |  Epoch 2/30
================================================================================
[*] Validation input tensor shape: torch.Size([32, 3, 736, 1312])
                 Class     Images  Instances      Box(P          R      mAP50  mAP50-95)
                   all      10000     185578      0.675      0.455      0.495      0.283

================================================================================
  [Validation] Base model  (skip=True)   |  Epoch 2/30
================================================================================
[*] Validation input tensor shape: torch.Size([32, 3, 736, 1312])
                 Class     Images  Instances      Box(P          R      mAP50  mAP50-95)
                   all      10000     185578      0.667      0.434      0.474      0.266

           Epoch         GPU_mem          box_om          cls_om          dfl_om          box_oo          cls_oo          dfl_oo       Instances            Size
  Epoch 3/30  Batch 1/2188 (0.0%)  | Super 113.169 (box 1.4081  cls 0.9453  dfl 1.1831)  | Base 114.156 (box 1.4083  cls 0.9910  dfl 1.1681)  | KD 13.341 (box 0.38641  cls 0.02805  dfl 0.00098  feat 0.00146)
  Epoch 3/30  Batch 219/2188 (10.0%)  | Super 115.447 (box 1.4863  cls 0.9480  dfl 1.1734)  | Base 118.574 (box 1.5255  cls 0.9961  dfl 1.1838)  | KD 13.500 (box 0.39729  cls 0.02179  dfl 0.00115  feat 0.00163)
  Epoch 3/30  Batch 437/2188 (20.0%)  | Super 122.813 (box 1.6527  cls 1.0085  dfl 1.1768)  | Base 125.624 (box 1.6754  cls 1.0715  dfl 1.1788)  | KD 15.300 (box 0.45641  cls 0.01921  dfl 0.00108  feat 0.00144)
  Epoch 3/30  Batch 655/2188 (29.9%)  | Super 107.543 (box 1.3712  cls 0.8583  dfl 1.1312)  | Base 109.713 (box 1.3975  cls 0.9087  dfl 1.1223)  | KD 11.922 (box 0.35051  cls 0.01973  dfl 0.00084  feat 0.00147)
  Epoch 3/30  Batch 873/2188 (39.9%)  | Super 113.958 (box 1.4294  cls 1.0050  dfl 1.1268)  | Base 114.789 (box 1.4374  cls 1.0439  dfl 1.1058)  | KD 13.681 (box 0.40322  cls 0.02193  dfl 0.00104  feat 0.00133)
  Epoch 3/30  Batch 1091/2188 (49.9%)  | Super 104.690 (box 1.3627  cls 0.7931  dfl 1.1158)  | Base 106.502 (box 1.3729  cls 0.8429  dfl 1.1123)  | KD 11.439 (box 0.33989  cls 0.01555  dfl 0.00087  feat 0.00115)
  Epoch 3/30  Batch 1309/2188 (59.8%)  | Super 106.304 (box 1.3375  cls 0.8268  dfl 1.1576)  | Base 107.222 (box 1.3427  cls 0.8591  dfl 1.1489)  | KD 13.197 (box 0.38710  cls 0.02304  dfl 0.00098  feat 0.00129)
  Epoch 3/30  Batch 1527/2188 (69.8%)  | Super 116.322 (box 1.4869  cls 0.9570  dfl 1.1912)  | Base 119.661 (box 1.5187  cls 1.0388  dfl 1.1820)  | KD 13.473 (box 0.39220  cls 0.02643  dfl 0.00104  feat 0.00135)
  Epoch 3/30  Batch 1745/2188 (79.8%)  | Super 108.128 (box 1.3671  cls 0.8792  dfl 1.1327)  | Base 110.588 (box 1.3897  cls 0.9367  dfl 1.1294)  | KD 13.027 (box 0.38411  cls 0.02083  dfl 0.00097  feat 0.00120)
  Epoch 3/30  Batch 1963/2188 (89.7%)  | Super 114.300 (box 1.3907  cls 0.9836  dfl 1.1976)  | Base 116.766 (box 1.4184  cls 1.0328  dfl 1.1978)  | KD 13.192 (box 0.38640  cls 0.02317  dfl 0.00102  feat 0.00165)
  Epoch 3/30  Batch 2181/2188 (99.7%)  | Super 112.416 (box 1.4468  cls 0.8211  dfl 1.2452)  | Base 115.177 (box 1.4813  cls 0.8859  dfl 1.2321)  | KD 11.885 (box 0.34977  cls 0.01944  dfl 0.00097  feat 0.00123)

================================================================================
  [Validation] Super model (skip=False)  |  Epoch 3/30
================================================================================
[*] Validation input tensor shape: torch.Size([32, 3, 736, 1312])
                 Class     Images  Instances      Box(P          R      mAP50  mAP50-95)
                   all      10000     185578      0.696      0.482      0.526      0.302

================================================================================
  [Validation] Base model  (skip=True)   |  Epoch 3/30
================================================================================
[*] Validation input tensor shape: torch.Size([32, 3, 736, 1312])
                 Class     Images  Instances      Box(P          R      mAP50  mAP50-95)
                   all      10000     185578      0.588      0.458      0.504      0.285

           Epoch         GPU_mem          box_om          cls_om          dfl_om          box_oo          cls_oo          dfl_oo       Instances            Size
  Epoch 4/30  Batch 1/2188 (0.0%)  | Super 112.853 (box 1.4063  cls 0.9001  dfl 1.2202)  | Base 114.268 (box 1.4159  cls 0.9603  dfl 1.1947)  | KD 13.285 (box 0.39220  cls 0.02074  dfl 0.00101  feat 0.00122)
  Epoch 4/30  Batch 219/2188 (10.0%)  | Super 117.226 (box 1.4700  cls 0.9788  dfl 1.2145)  | Base 117.885 (box 1.4808  cls 1.0261  dfl 1.1770)  | KD 11.992 (box 0.35395  cls 0.01855  dfl 0.00090  feat 0.00135)
  Epoch 4/30  Batch 437/2188 (20.0%)  | Super 118.954 (box 1.6059  cls 0.9471  dfl 1.1643)  | Base 120.647 (box 1.6213  cls 0.9958  dfl 1.1531)  | KD 15.104 (box 0.45142  cls 0.01821  dfl 0.00100  feat 0.00135)
  Epoch 4/30  Batch 655/2188 (29.9%)  | Super 104.497 (box 1.3238  cls 0.8272  dfl 1.1145)  | Base 105.646 (box 1.3403  cls 0.8667  dfl 1.0944)  | KD 11.012 (box 0.32586  cls 0.01627  dfl 0.00073  feat 0.00127)
  Epoch 4/30  Batch 873/2188 (39.9%)  | Super 117.968 (box 1.4887  cls 0.9710  dfl 1.2269)  | Base 120.417 (box 1.5139  cls 1.0322  dfl 1.2170)  | KD 14.247 (box 0.42566  cls 0.01725  dfl 0.00113  feat 0.00119)
  Epoch 4/30  Batch 1091/2188 (49.9%)  | Super 102.429 (box 1.3316  cls 0.7896  dfl 1.0797)  | Base 105.358 (box 1.3573  cls 0.8556  dfl 1.0795)  | KD 11.903 (box 0.35571  cls 0.01424  dfl 0.00090  feat 0.00110)
  Epoch 4/30  Batch 1309/2188 (59.8%)  | Super 102.623 (box 1.3217  cls 0.7741  dfl 1.1112)  | Base 102.291 (box 1.3100  cls 0.7896  dfl 1.0969)  | KD 12.493 (box 0.37462  cls 0.01357  dfl 0.00094  feat 0.00128)
  Epoch 4/30  Batch 1527/2188 (69.8%)  | Super 111.975 (box 1.4417  cls 0.8901  dfl 1.1674)  | Base 114.174 (box 1.4605  cls 0.9398  dfl 1.1676)  | KD 12.610 (box 0.37217  cls 0.01973  dfl 0.00100  feat 0.00117)
  Epoch 4/30  Batch 1745/2188 (79.8%)  | Super 105.673 (box 1.3615  cls 0.8289  dfl 1.1119)  | Base 107.611 (box 1.3824  cls 0.8759  dfl 1.1046)  | KD 12.546 (box 0.37417  cls 0.01587  dfl 0.00086  feat 0.00118)
  Epoch 4/30  Batch 1963/2188 (89.7%)  | Super 109.555 (box 1.3744  cls 0.8855  dfl 1.1637)  | Base 109.065 (box 1.3620  cls 0.9240  dfl 1.1223)  | KD 12.006 (box 0.35629  cls 0.01653  dfl 0.00094  feat 0.00144)
  Epoch 4/30  Batch 2181/2188 (99.7%)  | Super 109.058 (box 1.4129  cls 0.7739  dfl 1.2213)  | Base 110.618 (box 1.4173  cls 0.8450  dfl 1.1945)  | KD 11.789 (box 0.34576  cls 0.02028  dfl 0.00084  feat 0.00152)

================================================================================
  [Validation] Super model (skip=False)  |  Epoch 4/30
================================================================================
[*] Validation input tensor shape: torch.Size([32, 3, 736, 1312])
                 Class     Images  Instances      Box(P          R      mAP50  mAP50-95)
                   all      10000     185578      0.705      0.499      0.544      0.311

================================================================================
  [Validation] Base model  (skip=True)   |  Epoch 4/30
================================================================================
[*] Validation input tensor shape: torch.Size([32, 3, 736, 1312])
                 Class     Images  Instances      Box(P          R      mAP50  mAP50-95)
                   all      10000     185578      0.602      0.479      0.526      0.296

           Epoch         GPU_mem          box_om          cls_om          dfl_om          box_oo          cls_oo          dfl_oo       Instances            Size
  Epoch 5/30  Batch 1/2188 (0.0%)  | Super 109.358 (box 1.3882  cls 0.8634  dfl 1.1658)  | Base 111.672 (box 1.4050  cls 0.9235  dfl 1.1612)  | KD 11.997 (box 0.35684  cls 0.01619  dfl 0.00083  feat 0.00106)
  Epoch 5/30  Batch 219/2188 (10.0%)  | Super 110.508 (box 1.4700  cls 0.8848  dfl 1.0986)  | Base 111.239 (box 1.4542  cls 0.9382  dfl 1.0838)  | KD 12.686 (box 0.37096  cls 0.02325  dfl 0.00101  feat 0.00122)
  Epoch 5/30  Batch 437/2188 (20.0%)  | Super 117.666 (box 1.5771  cls 0.9153  dfl 1.1846)  | Base 119.690 (box 1.5866  cls 0.9696  dfl 1.1842)  | KD 14.709 (box 0.44304  cls 0.01400  dfl 0.00112  feat 0.00150)
  Epoch 5/30  Batch 655/2188 (29.9%)  | Super 103.959 (box 1.3548  cls 0.7938  dfl 1.1001)  | Base 106.239 (box 1.3669  cls 0.8544  dfl 1.0987)  | KD 11.655 (box 0.34893  cls 0.01336  dfl 0.00081  feat 0.00112)
  Epoch 5/30  Batch 873/2188 (39.9%)  | Super 116.725 (box 1.4315  cls 1.0267  dfl 1.1894)  | Base 118.445 (box 1.4656  cls 1.0596  dfl 1.1762)  | KD 13.267 (box 0.39207  cls 0.02025  dfl 0.00096  feat 0.00130)
  Epoch 5/30  Batch 1091/2188 (49.9%)  | Super 105.486 (box 1.3393  cls 0.8096  dfl 1.1475)  | Base 107.926 (box 1.3739  cls 0.8516  dfl 1.1472)  | KD 11.210 (box 0.33427  cls 0.01399  dfl 0.00084  feat 0.00121)
  Epoch 5/30  Batch 1309/2188 (59.8%)  | Super 100.450 (box 1.2442  cls 0.7991  dfl 1.0958)  | Base 102.309 (box 1.2789  cls 0.8274  dfl 1.0909)  | KD 12.434 (box 0.37135  cls 0.01522  dfl 0.00097  feat 0.00103)
  Epoch 5/30  Batch 1527/2188 (69.8%)  | Super 116.112 (box 1.4917  cls 0.9379  dfl 1.1989)  | Base 118.267 (box 1.5205  cls 0.9787  dfl 1.1966)  | KD 12.217 (box 0.36203  cls 0.01773  dfl 0.00094  feat 0.00109)
  Epoch 5/30  Batch 1745/2188 (79.8%)  | Super 105.462 (box 1.3552  cls 0.8175  dfl 1.1230)  | Base 108.193 (box 1.3967  cls 0.8587  dfl 1.1256)  | KD 11.637 (box 0.34769  cls 0.01389  dfl 0.00093  feat 0.00115)
  Epoch 5/30  Batch 1963/2188 (89.7%)  | Super 105.403 (box 1.3298  cls 0.8305  dfl 1.1336)  | Base 107.880 (box 1.3614  cls 0.8765  dfl 1.1334)  | KD 11.553 (box 0.34390  cls 0.01489  dfl 0.00092  feat 0.00132)
  Epoch 5/30  Batch 2181/2188 (99.7%)  | Super 108.010 (box 1.4095  cls 0.7782  dfl 1.1875)  | Base 108.735 (box 1.4201  cls 0.8081  dfl 1.1697)  | KD 10.724 (box 0.31941  cls 0.01348  dfl 0.00076  feat 0.00149)

================================================================================
  [Validation] Super model (skip=False)  |  Epoch 5/30
================================================================================
[*] Validation input tensor shape: torch.Size([32, 3, 736, 1312])
                 Class     Images  Instances      Box(P          R      mAP50  mAP50-95)
                   all      10000     185578      0.618      0.497      0.548      0.316

================================================================================
  [Validation] Base model  (skip=True)   |  Epoch 5/30
================================================================================
[*] Validation input tensor shape: torch.Size([32, 3, 736, 1312])
                 Class     Images  Instances      Box(P          R      mAP50  mAP50-95)
                   all      10000     185578      0.615       0.48      0.532      0.302

           Epoch         GPU_mem          box_om          cls_om          dfl_om          box_oo          cls_oo          dfl_oo       Instances            Size
  Epoch 6/30  Batch 1/2188 (0.0%)  | Super 107.766 (box 1.3639  cls 0.8589  dfl 1.1448)  | Base 110.911 (box 1.4093  cls 0.9092  dfl 1.1476)  | KD 12.111 (box 0.36120  cls 0.01519  dfl 0.00095  feat 0.00112)
  Epoch 6/30  Batch 219/2188 (10.0%)  | Super 107.010 (box 1.3929  cls 0.8274  dfl 1.1238)  | Base 109.266 (box 1.4025  cls 0.9015  dfl 1.1106)  | KD 12.245 (box 0.36323  cls 0.01739  dfl 0.00091  feat 0.00113)
  Epoch 6/30  Batch 437/2188 (20.0%)  | Super 118.262 (box 1.5913  cls 0.9417  dfl 1.1627)  | Base 119.245 (box 1.6018  cls 0.9798  dfl 1.1449)  | KD 13.472 (box 0.40519  cls 0.01372  dfl 0.00090  feat 0.00118)
  Epoch 6/30  Batch 655/2188 (29.9%)  | Super 104.106 (box 1.3524  cls 0.7606  dfl 1.1403)  | Base 105.832 (box 1.3639  cls 0.8137  dfl 1.1296)  | KD 10.652 (box 0.31468  cls 0.01631  dfl 0.00071  feat 0.00117)
  Epoch 6/30  Batch 873/2188 (39.9%)  | Super 114.882 (box 1.4341  cls 0.9675  dfl 1.1885)  | Base 117.630 (box 1.4788  cls 1.0119  dfl 1.1852)  | KD 13.108 (box 0.39181  cls 0.01568  dfl 0.00099  feat 0.00114)
  Epoch 6/30  Batch 1091/2188 (49.9%)  | Super 101.923 (box 1.3417  cls 0.7558  dfl 1.0876)  | Base 102.601 (box 1.3449  cls 0.7821  dfl 1.0793)  | KD 10.457 (box 0.31340  cls 0.01145  dfl 0.00074  feat 0.00119)
  Epoch 6/30  Batch 1309/2188 (59.8%)  | Super 104.570 (box 1.3437  cls 0.7871  dfl 1.1371)  | Base 106.520 (box 1.3576  cls 0.8344  dfl 1.1367)  | KD 11.305 (box 0.33482  cls 0.01658  dfl 0.00086  feat 0.00104)
  Epoch 6/30  Batch 1527/2188 (69.8%)  | Super 109.793 (box 1.4020  cls 0.8646  dfl 1.1644)  | Base 112.669 (box 1.4332  cls 0.9168  dfl 1.1709)  | KD 11.803 (box 0.34820  cls 0.01841  dfl 0.00097  feat 0.00128)
  Epoch 6/30  Batch 1745/2188 (79.8%)  | Super 99.095 (box 1.2748  cls 0.7690  dfl 1.0529)  | Base 100.605 (box 1.2843  cls 0.8095  dfl 1.0501)  | KD 11.409 (box 0.34096  cls 0.01372  dfl 0.00085  feat 0.00100)
  Epoch 6/30  Batch 1963/2188 (89.7%)  | Super 106.893 (box 1.3343  cls 0.8464  dfl 1.1597)  | Base 107.539 (box 1.3434  cls 0.8680  dfl 1.1492)  | KD 11.791 (box 0.35303  cls 0.01309  dfl 0.00093  feat 0.00141)
  Epoch 6/30  Batch 2181/2188 (99.7%)  | Super 105.271 (box 1.3805  cls 0.7484  dfl 1.1608)  | Base 106.298 (box 1.3878  cls 0.7779  dfl 1.1560)  | KD 10.603 (box 0.31614  cls 0.01311  dfl 0.00090  feat 0.00120)

================================================================================
  [Validation] Super model (skip=False)  |  Epoch 6/30
================================================================================
[*] Validation input tensor shape: torch.Size([32, 3, 736, 1312])
                 Class     Images  Instances      Box(P          R      mAP50  mAP50-95)
                   all      10000     185578      0.626      0.502      0.557      0.322

================================================================================
  [Validation] Base model  (skip=True)   |  Epoch 6/30
================================================================================
[*] Validation input tensor shape: torch.Size([32, 3, 736, 1312])
                 Class     Images  Instances      Box(P          R      mAP50  mAP50-95)
                   all      10000     185578      0.615      0.482       0.54      0.306

           Epoch         GPU_mem          box_om          cls_om          dfl_om          box_oo          cls_oo          dfl_oo       Instances            Size
  Epoch 7/30  Batch 1/2188 (0.0%)  | Super 108.402 (box 1.4197  cls 0.8001  dfl 1.1677)  | Base 109.929 (box 1.4333  cls 0.8432  dfl 1.1587)  | KD 11.695 (box 0.34714  cls 0.01647  dfl 0.00077  feat 0.00109)
  Epoch 7/30  Batch 219/2188 (10.0%)  | Super 111.763 (box 1.4625  cls 0.8891  dfl 1.1409)  | Base 113.381 (box 1.4775  cls 0.9216  dfl 1.1441)  | KD 12.101 (box 0.35155  cls 0.02447  dfl 0.00096  feat 0.00119)
  Epoch 7/30  Batch 437/2188 (20.0%)  | Super 115.012 (box 1.5863  cls 0.8659  dfl 1.1419)  | Base 115.131 (box 1.5702  cls 0.8986  dfl 1.1291)  | KD 13.117 (box 0.39752  cls 0.01029  dfl 0.00090  feat 0.00119)
  Epoch 7/30  Batch 655/2188 (29.9%)  | Super 99.871 (box 1.3045  cls 0.7477  dfl 1.0687)  | Base 100.340 (box 1.3038  cls 0.7696  dfl 1.0622)  | KD 10.024 (box 0.30171  cls 0.00988  dfl 0.00069  feat 0.00097)
  Epoch 7/30  Batch 873/2188 (39.9%)  | Super 113.756 (box 1.4588  cls 0.9426  dfl 1.1536)  | Base 114.445 (box 1.4537  cls 0.9751  dfl 1.1477)  | KD 12.525 (box 0.37468  cls 0.01470  dfl 0.00092  feat 0.00110)
  Epoch 7/30  Batch 1091/2188 (49.9%)  | Super 99.089 (box 1.3070  cls 0.7387  dfl 1.0508)  | Base 99.972 (box 1.3127  cls 0.7673  dfl 1.0441)  | KD 10.319 (box 0.30948  cls 0.01122  dfl 0.00077  feat 0.00100)
  Epoch 7/30  Batch 1309/2188 (59.8%)  | Super 101.459 (box 1.2989  cls 0.7482  dfl 1.1236)  | Base 101.794 (box 1.2883  cls 0.7861  dfl 1.1066)  | KD 11.270 (box 0.33852  cls 0.01175  dfl 0.00085  feat 0.00107)
  Epoch 7/30  Batch 1527/2188 (69.8%)  | Super 109.705 (box 1.4029  cls 0.8825  dfl 1.1430)  | Base 111.457 (box 1.4145  cls 0.9308  dfl 1.1377)  | KD 11.234 (box 0.33458  cls 0.01439  dfl 0.00093  feat 0.00116)
  Epoch 7/30  Batch 1745/2188 (79.8%)  | Super 102.334 (box 1.3269  cls 0.7767  dfl 1.0942)  | Base 104.676 (box 1.3534  cls 0.8263  dfl 1.0915)  | KD 11.338 (box 0.34125  cls 0.01114  dfl 0.00085  feat 0.00106)
  Epoch 7/30  Batch 1963/2188 (89.7%)  | Super 107.173 (box 1.3682  cls 0.8743  dfl 1.1067)  | Base 108.169 (box 1.3793  cls 0.8859  dfl 1.1150)  | KD 11.642 (box 0.34639  cls 0.01539  dfl 0.00089  feat 0.00115)
  Epoch 7/30  Batch 2181/2188 (99.7%)  | Super 109.246 (box 1.4339  cls 0.7458  dfl 1.2343)  | Base 110.340 (box 1.4400  cls 0.7969  dfl 1.2112)  | KD 10.303 (box 0.30367  cls 0.01614  dfl 0.00078  feat 0.00137)

================================================================================
  [Validation] Super model (skip=False)  |  Epoch 7/30
================================================================================
[*] Validation input tensor shape: torch.Size([32, 3, 736, 1312])
                 Class     Images  Instances      Box(P          R      mAP50  mAP50-95)
                   all      10000     185578       0.62       0.51      0.562      0.325

================================================================================
  [Validation] Base model  (skip=True)   |  Epoch 7/30
================================================================================
[*] Validation input tensor shape: torch.Size([32, 3, 736, 1312])
                 Class     Images  Instances      Box(P          R      mAP50  mAP50-95)
                   all      10000     185578      0.619      0.488      0.544      0.311

           Epoch         GPU_mem          box_om          cls_om          dfl_om          box_oo          cls_oo          dfl_oo       Instances            Size
  Epoch 8/30  Batch 1/2188 (0.0%)  | Super 104.943 (box 1.3258  cls 0.8144  dfl 1.1393)  | Base 107.247 (box 1.3591  cls 0.8514  dfl 1.1409)  | KD 11.202 (box 0.33538  cls 0.01275  dfl 0.00078  feat 0.00116)
  Epoch 8/30  Batch 219/2188 (10.0%)  | Super 111.305 (box 1.4764  cls 0.8549  dfl 1.1470)  | Base 112.783 (box 1.4884  cls 0.8993  dfl 1.1368)  | KD 10.609 (box 0.31502  cls 0.01455  dfl 0.00079  feat 0.00116)
  Epoch 8/30  Batch 437/2188 (20.0%)  | Super 117.633 (box 1.6063  cls 0.9023  dfl 1.1674)  | Base 119.296 (box 1.6181  cls 0.9413  dfl 1.1686)  | KD 12.733 (box 0.37845  cls 0.01738  dfl 0.00082  feat 0.00127)


           Epoch         GPU_mem          box_om          cls_om          dfl_om          box_oo          cls_oo          dfl_oo       Instances            Size
/home/hslee/anaconda3/envs/yolov12/lib/python3.11/site-packages/torch/autograd/__init__.py:266: UserWarning: Grad strides do not match bucket view strides. This may indicate grad was not created according to the gradient layout contract, or that the param's strides changed since DDP was constructed.  This is not an error, but may impair performance.
grad.sizes() = [128, 128, 1, 1], strides() = [128, 1, 128, 128]
bucket_view.sizes() = [128, 128, 1, 1], strides() = [128, 1, 1, 1] (Triggered internally at ../torch/csrc/distributed/c10d/reducer.cpp:322.)
  Variable._execution_engine.run_backward(  # Calls into the C++ engine to run the backward pass
/home/hslee/anaconda3/envs/yolov12/lib/python3.11/site-packages/torch/autograd/__init__.py:266: UserWarning: Grad strides do not match bucket view strides. This may indicate grad was not created according to the gradient layout contract, or that the param's strides changed since DDP was constructed.  This is not an error, but may impair performance.
grad.sizes() = [128, 128, 1, 1], strides() = [128, 1, 128, 128]
bucket_view.sizes() = [128, 128, 1, 1], strides() = [128, 1, 1, 1] (Triggered internally at ../torch/csrc/distributed/c10d/reducer.cpp:322.)
  Variable._execution_engine.run_backward(  # Calls into the C++ engine to run the backward pass
  Epoch 10/30  Batch 1/2188 (0.0%)  | Super 103.083 (box 1.3064  cls 0.7991  dfl 1.1158)  | Base 106.235 (box 1.3473  cls 0.8430  dfl 1.1296)  | KD 10.801 (box 0.31802  cls 0.01772  dfl 0.00073  feat 0.00107)
  Epoch 10/30  Batch 219/2188 (10.0%)  | Super 110.481 (box 1.4690  cls 0.8456  dfl 1.1379)  | Base 111.850 (box 1.4851  cls 0.8771  dfl 1.1331)  | KD 10.706 (box 0.31781  cls 0.01475  dfl 0.00088  feat 0.00114)
  Epoch 10/30  Batch 437/2188 (20.0%)  | Super 116.123 (box 1.5967  cls 0.8712  dfl 1.1610)  | Base 117.434 (box 1.6041  cls 0.9075  dfl 1.1582)  | KD 12.533 (box 0.37304  cls 0.01649  dfl 0.00082  feat 0.00130)
  Epoch 10/30  Batch 655/2188 (29.9%)  | Super 99.782 (box 1.3138  cls 0.7376  dfl 1.0668)  | Base 101.361 (box 1.3302  cls 0.7723  dfl 1.0651)  | KD 9.475 (box 0.28253  cls 0.01189  dfl 0.00071  feat 0.00096)
  Epoch 10/30  Batch 873/2188 (39.9%)  | Super 110.205 (box 1.4249  cls 0.8948  dfl 1.1242)  | Base 111.905 (box 1.4399  cls 0.9413  dfl 1.1158)  | KD 12.744 (box 0.38182  cls 0.01432  dfl 0.00094  feat 0.00118)
  Epoch 10/30  Batch 1091/2188 (49.9%)  | Super 99.431 (box 1.3050  cls 0.7297  dfl 1.0726)  | Base 101.609 (box 1.3470  cls 0.7511  dfl 1.0772)  | KD 10.974 (box 0.32987  cls 0.01121  dfl 0.00084  feat 0.00101)
  Epoch 10/30  Batch 1309/2188 (59.8%)  | Super 95.994 (box 1.2346  cls 0.7278  dfl 1.0374)  | Base 98.642 (box 1.2624  cls 0.7702  dfl 1.0499)  | KD 11.313 (box 0.33624  cls 0.01530  dfl 0.00097  feat 0.00104)
  Epoch 10/30  Batch 1527/2188 (69.8%)  | Super 110.016 (box 1.4176  cls 0.8534  dfl 1.1669)  | Base 110.925 (box 1.4347  cls 0.8835  dfl 1.1482)  | KD 11.135 (box 0.32871  cls 0.01734  dfl 0.00079  feat 0.00113)
  Epoch 10/30  Batch 1745/2188 (79.8%)  | Super 100.026 (box 1.2835  cls 0.7679  dfl 1.0744)  | Base 101.799 (box 1.3054  cls 0.8103  dfl 1.0655)  | KD 11.312 (box 0.33817  cls 0.01340  dfl 0.00087  feat 0.00107)
  Epoch 10/30  Batch 1963/2188 (89.7%)  | Super 103.134 (box 1.3144  cls 0.7962  dfl 1.1124)  | Base 105.708 (box 1.3346  cls 0.8498  dfl 1.1190)  | KD 11.193 (box 0.33659  cls 0.01089  dfl 0.00098  feat 0.00133)
  Epoch 10/30  Batch 2181/2188 (99.7%)  | Super 103.413 (box 1.3613  cls 0.7424  dfl 1.1280)  | Base 105.509 (box 1.3835  cls 0.7801  dfl 1.1335)  | KD 10.665 (box 0.31589  cls 0.01539  dfl 0.00076  feat 0.00123)

================================================================================
  [Validation] Super model (skip=False)  |  Epoch 10/30
================================================================================
[*] Validation input tensor shape: torch.Size([32, 3, 736, 1312])
                 Class     Images  Instances      Box(P          R      mAP50  mAP50-95)
                   all      10000     185578      0.626      0.514       0.57      0.332

================================================================================
  [Validation] Base model  (skip=True)   |  Epoch 10/30
================================================================================
[*] Validation input tensor shape: torch.Size([32, 3, 736, 1312])
                 Class     Images  Instances      Box(P          R      mAP50  mAP50-95)
                   all      10000     185578      0.616      0.501      0.555      0.319

           Epoch         GPU_mem          box_om          cls_om          dfl_om          box_oo          cls_oo          dfl_oo       Instances            Size
  Epoch 11/30  Batch 1/2188 (0.0%)  | Super 111.909 (box 1.4170  cls 0.8512  dfl 1.2290)  | Base 113.331 (box 1.4208  cls 0.8987  dfl 1.2221)  | KD 10.734 (box 0.31669  cls 0.01658  dfl 0.00089  feat 0.00126)
  Epoch 11/30  Batch 219/2188 (10.0%)  | Super 104.722 (box 1.3900  cls 0.7867  dfl 1.0959)  | Base 106.278 (box 1.4143  cls 0.8147  dfl 1.0922)  | KD 10.345 (box 0.30353  cls 0.01786  dfl 0.00073  feat 0.00115)
  Epoch 11/30  Batch 437/2188 (20.0%)  | Super 117.971 (box 1.6003  cls 0.8719  dfl 1.2143)  | Base 121.601 (box 1.6443  cls 0.9250  dfl 1.2307)  | KD 12.876 (box 0.38880  cls 0.01146  dfl 0.00088  feat 0.00124)
  Epoch 11/30  Batch 655/2188 (29.9%)  | Super 100.577 (box 1.3115  cls 0.7525  dfl 1.0790)  | Base 101.159 (box 1.3064  cls 0.7800  dfl 1.0749)  | KD 10.215 (box 0.30389  cls 0.01353  dfl 0.00069  feat 0.00110)
  Epoch 11/30  Batch 873/2188 (39.9%)  | Super 116.135 (box 1.4612  cls 0.9724  dfl 1.1957)  | Base 115.863 (box 1.4511  cls 0.9940  dfl 1.1757)  | KD 12.257 (box 0.36640  cls 0.01468  dfl 0.00078  feat 0.00116)
  Epoch 11/30  Batch 1091/2188 (49.9%)  | Super 97.485 (box 1.2870  cls 0.7263  dfl 1.0330)  | Base 98.297 (box 1.3018  cls 0.7425  dfl 1.0275)  | KD 10.828 (box 0.32065  cls 0.01582  dfl 0.00085  feat 0.00105)
  Epoch 11/30  Batch 1309/2188 (59.8%)  | Super 95.985 (box 1.2415  cls 0.7316  dfl 1.0264)  | Base 97.176 (box 1.2570  cls 0.7574  dfl 1.0223)  | KD 11.713 (box 0.34495  cls 0.01901  dfl 0.00095  feat 0.00113)
  Epoch 11/30  Batch 1527/2188 (69.8%)  | Super 109.786 (box 1.4092  cls 0.8618  dfl 1.1597)  | Base 112.826 (box 1.4421  cls 0.9201  dfl 1.1637)  | KD 12.706 (box 0.37652  cls 0.01836  dfl 0.00106  feat 0.00112)
  Epoch 11/30  Batch 1745/2188 (79.8%)  | Super 100.381 (box 1.3112  cls 0.7345  dfl 1.0912)  | Base 101.817 (box 1.3267  cls 0.7710  dfl 1.0841)  | KD 10.186 (box 0.30763  cls 0.00888  dfl 0.00071  feat 0.00108)
  Epoch 11/30  Batch 1963/2188 (89.7%)  | Super 101.209 (box 1.2845  cls 0.7938  dfl 1.0844)  | Base 103.454 (box 1.3070  cls 0.8473  dfl 1.0786)  | KD 10.125 (box 0.30212  cls 0.01234  dfl 0.00076  feat 0.00120)
  Epoch 11/30  Batch 2181/2188 (99.7%)  | Super 102.411 (box 1.3271  cls 0.7626  dfl 1.1106)  | Base 105.945 (box 1.3647  cls 0.8017  dfl 1.1444)  | KD 10.904 (box 0.32235  cls 0.01640  dfl 0.00081  feat 0.00119)

================================================================================
  [Validation] Super model (skip=False)  |  Epoch 11/30
================================================================================
[*] Validation input tensor shape: torch.Size([32, 3, 736, 1312])
                 Class     Images  Instances      Box(P          R      mAP50  mAP50-95)
                   all      10000     185578      0.634      0.512      0.571      0.331

================================================================================
  [Validation] Base model  (skip=True)   |  Epoch 11/30
================================================================================
[*] Validation input tensor shape: torch.Size([32, 3, 736, 1312])
                 Class     Images  Instances      Box(P          R      mAP50  mAP50-95)
                   all      10000     185578      0.618      0.503      0.557      0.319

           Epoch         GPU_mem          box_om          cls_om          dfl_om          box_oo          cls_oo          dfl_oo       Instances            Size
  Epoch 12/30  Batch 1/2188 (0.0%)  | Super 106.310 (box 1.3634  cls 0.8163  dfl 1.1424)  | Base 106.943 (box 1.3695  cls 0.8438  dfl 1.1286)  | KD 10.207 (box 0.30311  cls 0.01393  dfl 0.00083  feat 0.00111)
  Epoch 12/30  Batch 219/2188 (10.0%)  | Super 109.143 (box 1.4597  cls 0.8013  dfl 1.1497)  | Base 111.522 (box 1.4766  cls 0.8568  dfl 1.1517)  | KD 10.153 (box 0.30000  cls 0.01529  dfl 0.00080  feat 0.00117)
  Epoch 12/30  Batch 437/2188 (20.0%)  | Super 112.874 (box 1.5423  cls 0.8782  dfl 1.1068)  | Base 115.631 (box 1.5803  cls 0.9183  dfl 1.1149)  | KD 12.473 (box 0.37232  cls 0.01552  dfl 0.00074  feat 0.00118)
  Epoch 12/30  Batch 655/2188 (29.9%)  | Super 101.132 (box 1.3247  cls 0.7478  dfl 1.0878)  | Base 102.176 (box 1.3341  cls 0.7677  dfl 1.0912)  | KD 9.965 (box 0.29872  cls 0.01095  dfl 0.00063  feat 0.00111)
  Epoch 12/30  Batch 873/2188 (39.9%)  | Super 107.010 (box 1.3839  cls 0.8658  dfl 1.0944)  | Base 109.640 (box 1.4105  cls 0.9067  dfl 1.1091)  | KD 12.633 (box 0.37919  cls 0.01361  dfl 0.00096  feat 0.00103)
  Epoch 12/30  Batch 1091/2188 (49.9%)  | Super 100.614 (box 1.3176  cls 0.7318  dfl 1.0948)  | Base 101.673 (box 1.3345  cls 0.7569  dfl 1.0858)  | KD 9.517 (box 0.28530  cls 0.01044  dfl 0.00068  feat 0.00098)
  Epoch 12/30  Batch 1309/2188 (59.8%)  | Super 102.924 (box 1.3148  cls 0.7592  dfl 1.1424)  | Base 103.669 (box 1.3316  cls 0.7717  dfl 1.1364)  | KD 10.780 (box 0.32185  cls 0.01315  dfl 0.00078  feat 0.00109)
  Epoch 12/30  Batch 1527/2188 (69.8%)  | Super 109.226 (box 1.4224  cls 0.8372  dfl 1.1537)  | Base 112.399 (box 1.4645  cls 0.8920  dfl 1.1560)  | KD 10.732 (box 0.31827  cls 0.01518  dfl 0.00084  feat 0.00111)
  Epoch 12/30  Batch 1745/2188 (79.8%)  | Super 103.800 (box 1.3411  cls 0.7797  dfl 1.1229)  | Base 105.632 (box 1.3630  cls 0.8245  dfl 1.1135)  | KD 10.902 (box 0.32637  cls 0.01249  dfl 0.00075  feat 0.00106)
  Epoch 12/30  Batch 1963/2188 (89.7%)  | Super 109.004 (box 1.3798  cls 0.8535  dfl 1.1731)  | Base 111.182 (box 1.3949  cls 0.9097  dfl 1.1699)  | KD 10.952 (box 0.32801  cls 0.01205  dfl 0.00087  feat 0.00132)
  Epoch 12/30  Batch 2181/2188 (99.7%)  | Super 108.300 (box 1.4074  cls 0.7768  dfl 1.2002)  | Base 108.140 (box 1.4148  cls 0.7859  dfl 1.1787)  | KD 9.561 (box 0.28302  cls 0.01402  dfl 0.00070  feat 0.00104)

================================================================================
  [Validation] Super model (skip=False)  |  Epoch 12/30
================================================================================
[*] Validation input tensor shape: torch.Size([32, 3, 736, 1312])
                 Class     Images  Instances      Box(P          R      mAP50  mAP50-95)
                   all      10000     185578      0.637      0.515      0.573      0.332

================================================================================
  [Validation] Base model  (skip=True)   |  Epoch 12/30
================================================================================
[*] Validation input tensor shape: torch.Size([32, 3, 736, 1312])
                 Class     Images  Instances      Box(P          R      mAP50  mAP50-95)
                   all      10000     185578      0.616      0.506       0.56      0.321

           Epoch         GPU_mem          box_om          cls_om          dfl_om          box_oo          cls_oo          dfl_oo       Instances            Size
  Epoch 13/30  Batch 1/2188 (0.0%)  | Super 106.650 (box 1.3584  cls 0.8120  dfl 1.1624)  | Base 109.695 (box 1.3893  cls 0.8756  dfl 1.1630)  | KD 11.775 (box 0.34500  cls 0.02102  dfl 0.00092  feat 0.00102)
  Epoch 13/30  Batch 219/2188 (10.0%)  | Super 111.784 (box 1.4552  cls 0.8596  dfl 1.1785)  | Base 115.025 (box 1.4931  cls 0.9209  dfl 1.1806)  | KD 10.043 (box 0.29527  cls 0.01667  dfl 0.00073  feat 0.00116)
  Epoch 13/30  Batch 437/2188 (20.0%)  | Super 113.562 (box 1.5624  cls 0.8632  dfl 1.1232)  | Base 115.864 (box 1.5985  cls 0.8905  dfl 1.1317)  | KD 13.067 (box 0.39431  cls 0.01206  dfl 0.00087  feat 0.00110)
  Epoch 13/30  Batch 655/2188 (29.9%)  | Super 99.322 (box 1.2904  cls 0.7315  dfl 1.0819)  | Base 101.038 (box 1.3063  cls 0.7761  dfl 1.0751)  | KD 9.437 (box 0.27839  cls 0.01492  dfl 0.00060  feat 0.00101)
  Epoch 13/30  Batch 873/2188 (39.9%)  | Super 113.607 (box 1.4748  cls 0.8943  dfl 1.1812)  | Base 115.298 (box 1.4767  cls 0.9590  dfl 1.1673)  | KD 11.811 (box 0.35435  cls 0.01289  dfl 0.00086  feat 0.00101)
  Epoch 13/30  Batch 1091/2188 (49.9%)  | Super 98.316 (box 1.2904  cls 0.7294  dfl 1.0525)  | Base 101.054 (box 1.3350  cls 0.7625  dfl 1.0605)  | KD 10.107 (box 0.30444  cls 0.00971  dfl 0.00071  feat 0.00099)
  Epoch 13/30  Batch 1309/2188 (59.8%)  | Super 98.727 (box 1.2845  cls 0.7133  dfl 1.0875)  | Base 99.492 (box 1.2930  cls 0.7280  dfl 1.0881)  | KD 10.578 (box 0.31966  cls 0.00914  dfl 0.00074  feat 0.00104)
  Epoch 13/30  Batch 1527/2188 (69.8%)  | Super 108.667 (box 1.4112  cls 0.8500  dfl 1.1346)  | Base 110.636 (box 1.4286  cls 0.8914  dfl 1.1375)  | KD 11.031 (box 0.32959  cls 0.01311  dfl 0.00090  feat 0.00110)
  Epoch 13/30  Batch 1745/2188 (79.8%)  | Super 102.469 (box 1.3220  cls 0.7866  dfl 1.0936)  | Base 103.478 (box 1.3310  cls 0.8184  dfl 1.0843)  | KD 11.337 (box 0.33766  cls 0.01484  dfl 0.00073  feat 0.00106)
  Epoch 13/30  Batch 1963/2188 (89.7%)  | Super 105.209 (box 1.3563  cls 0.8007  dfl 1.1307)  | Base 104.199 (box 1.3304  cls 0.8356  dfl 1.0902)  | KD 10.888 (box 0.32611  cls 0.01210  dfl 0.00079  feat 0.00124)
  Epoch 13/30  Batch 2181/2188 (99.7%)  | Super 106.150 (box 1.3811  cls 0.7436  dfl 1.1925)  | Base 105.674 (box 1.3641  cls 0.7751  dfl 1.1632)  | KD 10.100 (box 0.29767  cls 0.01593  dfl 0.00076  feat 0.00126)

================================================================================
  [Validation] Super model (skip=False)  |  Epoch 13/30
================================================================================
[*] Validation input tensor shape: torch.Size([32, 3, 736, 1312])
                 Class     Images  Instances      Box(P          R      mAP50  mAP50-95)
                   all      10000     185578      0.634       0.52      0.576      0.335

================================================================================
  [Validation] Base model  (skip=True)   |  Epoch 13/30
================================================================================
[*] Validation input tensor shape: torch.Size([32, 3, 736, 1312])
                 Class     Images  Instances      Box(P          R      mAP50  mAP50-95)
                   all      10000     185578      0.617      0.505       0.56      0.323

           Epoch         GPU_mem          box_om          cls_om          dfl_om          box_oo          cls_oo          dfl_oo       Instances            Size
  Epoch 14/30  Batch 1/2188 (0.0%)  | Super 107.533 (box 1.3648  cls 0.8370  dfl 1.1585)  | Base 109.384 (box 1.3942  cls 0.8735  dfl 1.1505)  | KD 11.539 (box 0.34373  cls 0.01512  dfl 0.00082  feat 0.00092)
  Epoch 14/30  Batch 219/2188 (10.0%)  | Super 104.929 (box 1.4098  cls 0.7954  dfl 1.0739)  | Base 106.269 (box 1.4073  cls 0.8645  dfl 1.0491)  | KD 10.750 (box 0.32261  cls 0.01129  dfl 0.00094  feat 0.00109)
  Epoch 14/30  Batch 437/2188 (20.0%)  | Super 113.280 (box 1.5254  cls 0.8576  dfl 1.1570)  | Base 115.268 (box 1.5461  cls 0.9053  dfl 1.1507)  | KD 13.148 (box 0.39554  cls 0.01314  dfl 0.00089  feat 0.00130)
  Epoch 14/30  Batch 655/2188 (29.9%)  | Super 101.221 (box 1.3423  cls 0.7412  dfl 1.0797)  | Base 102.763 (box 1.3449  cls 0.7872  dfl 1.0792)  | KD 10.320 (box 0.30942  cls 0.01143  dfl 0.00071  feat 0.00095)
  Epoch 14/30  Batch 873/2188 (39.9%)  | Super 111.090 (box 1.3790  cls 0.9446  dfl 1.1479)  | Base 113.494 (box 1.4284  cls 0.9666  dfl 1.1516)  | KD 12.646 (box 0.37877  cls 0.01430  dfl 0.00095  feat 0.00117)
  Epoch 14/30  Batch 1091/2188 (49.9%)  | Super 104.555 (box 1.3440  cls 0.7801  dfl 1.1433)  | Base 105.772 (box 1.3675  cls 0.8007  dfl 1.1372)  | KD 10.423 (box 0.31257  cls 0.01126  dfl 0.00077  feat 0.00113)
  Epoch 14/30  Batch 1309/2188 (59.8%)  | Super 98.290 (box 1.2360  cls 0.7489  dfl 1.0867)  | Base 98.778 (box 1.2480  cls 0.7641  dfl 1.0748)  | KD 10.502 (box 0.31623  cls 0.01017  dfl 0.00084  feat 0.00094)
  Epoch 14/30  Batch 1527/2188 (69.8%)  | Super 113.469 (box 1.4617  cls 0.9002  dfl 1.1840)  | Base 113.921 (box 1.4630  cls 0.9197  dfl 1.1773)  | KD 11.028 (box 0.32852  cls 0.01428  dfl 0.00083  feat 0.00101)
  Epoch 14/30  Batch 1745/2188 (79.8%)  | Super 101.451 (box 1.3303  cls 0.7421  dfl 1.0980)  | Base 103.240 (box 1.3440  cls 0.7888  dfl 1.0934)  | KD 10.370 (box 0.31017  cls 0.01199  dfl 0.00085  feat 0.00107)
  Epoch 14/30  Batch 1963/2188 (89.7%)  | Super 101.463 (box 1.2906  cls 0.7853  dfl 1.0948)  | Base 103.164 (box 1.3157  cls 0.8133  dfl 1.0949)  | KD 10.361 (box 0.30763  cls 0.01418  dfl 0.00076  feat 0.00121)
  Epoch 14/30  Batch 2181/2188 (99.7%)  | Super 106.372 (box 1.4061  cls 0.7292  dfl 1.1888)  | Base 106.405 (box 1.3995  cls 0.7646  dfl 1.1610)  | KD 9.386 (box 0.27974  cls 0.01171  dfl 0.00063  feat 0.00123)

================================================================================
  [Validation] Super model (skip=False)  |  Epoch 14/30
================================================================================
[*] Validation input tensor shape: torch.Size([32, 3, 736, 1312])
                 Class     Images  Instances      Box(P          R      mAP50  mAP50-95)
                   all      10000     185578      0.636      0.521      0.578      0.337

================================================================================
  [Validation] Base model  (skip=True)   |  Epoch 14/30
================================================================================
[*] Validation input tensor shape: torch.Size([32, 3, 736, 1312])
                 Class     Images  Instances      Box(P          R      mAP50  mAP50-95)
                   all      10000     185578      0.623      0.507      0.562      0.324

           Epoch         GPU_mem          box_om          cls_om          dfl_om          box_oo          cls_oo          dfl_oo       Instances            Size
  Epoch 15/30  Batch 1/2188 (0.0%)  | Super 104.602 (box 1.3372  cls 0.7982  dfl 1.1334)  | Base 107.925 (box 1.3827  cls 0.8499  dfl 1.1401)  | KD 11.334 (box 0.33827  cls 0.01397  dfl 0.00094  feat 0.00101)
  Epoch 15/30  Batch 219/2188 (10.0%)  | Super 103.839 (box 1.3731  cls 0.7785  dfl 1.0933)  | Base 105.501 (box 1.3858  cls 0.8205  dfl 1.0906)  | KD 10.722 (box 0.31495  cls 0.01823  dfl 0.00081  feat 0.00106)
  Epoch 15/30  Batch 437/2188 (20.0%)  | Super 114.789 (box 1.5659  cls 0.8813  dfl 1.1399)  | Base 117.146 (box 1.6044  cls 0.9178  dfl 1.1386)  | KD 12.705 (box 0.38497  cls 0.01020  dfl 0.00082  feat 0.00105)
  Epoch 15/30  Batch 655/2188 (29.9%)  | Super 101.907 (box 1.3395  cls 0.7252  dfl 1.1199)  | Base 102.654 (box 1.3476  cls 0.7512  dfl 1.1092)  | KD 9.926 (box 0.29553  cls 0.01296  dfl 0.00068  feat 0.00102)
  Epoch 15/30  Batch 873/2188 (39.9%)  | Super 111.899 (box 1.4213  cls 0.9058  dfl 1.1698)  | Base 114.084 (box 1.4491  cls 0.9516  dfl 1.1645)  | KD 11.492 (box 0.34489  cls 0.01242  dfl 0.00084  feat 0.00098)
  Epoch 15/30  Batch 1091/2188 (49.9%)  | Super 99.983 (box 1.3190  cls 0.7370  dfl 1.0685)  | Base 100.692 (box 1.3198  cls 0.7623  dfl 1.0645)  | KD 9.412 (box 0.28031  cls 0.01216  dfl 0.00060  feat 0.00107)
  Epoch 15/30  Batch 1309/2188 (59.8%)  | Super 101.667 (box 1.3088  cls 0.7488  dfl 1.1195)  | Base 104.208 (box 1.3331  cls 0.7917  dfl 1.1317)  | KD 10.458 (box 0.31299  cls 0.01205  dfl 0.00079  feat 0.00098)
  Epoch 15/30  Batch 1527/2188 (69.8%)  | Super 107.163 (box 1.3823  cls 0.8275  dfl 1.1391)  | Base 109.526 (box 1.4143  cls 0.8688  dfl 1.1396)  | KD 10.898 (box 0.32172  cls 0.01686  dfl 0.00084  feat 0.00115)
  Epoch 15/30  Batch 1745/2188 (79.8%)  | Super 96.344 (box 1.2618  cls 0.7059  dfl 1.0431)  | Base 97.644 (box 1.2574  cls 0.7585  dfl 1.0355)  | KD 10.526 (box 0.31380  cls 0.01340  dfl 0.00080  feat 0.00095)
  Epoch 15/30  Batch 1963/2188 (89.7%)  | Super 103.807 (box 1.3085  cls 0.7913  dfl 1.1441)  | Base 105.585 (box 1.3234  cls 0.8326  dfl 1.1436)  | KD 11.606 (box 0.34774  cls 0.01275  dfl 0.00095  feat 0.00126)
  Epoch 15/30  Batch 2181/2188 (99.7%)  | Super 103.522 (box 1.3669  cls 0.7228  dfl 1.1454)  | Base 103.867 (box 1.3632  cls 0.7388  dfl 1.1438)  | KD 10.094 (box 0.30295  cls 0.01067  dfl 0.00077  feat 0.00105)

================================================================================
  [Validation] Super model (skip=False)  |  Epoch 15/30
================================================================================
[*] Validation input tensor shape: torch.Size([32, 3, 736, 1312])
                 Class     Images  Instances      Box(P          R      mAP50  mAP50-95)
                   all      10000     185578      0.632      0.521      0.579      0.338

================================================================================
  [Validation] Base model  (skip=True)   |  Epoch 15/30
================================================================================
[*] Validation input tensor shape: torch.Size([32, 3, 736, 1312])
                 Class     Images  Instances      Box(P          R      mAP50  mAP50-95)
                   all      10000     185578      0.623      0.506      0.564      0.325

           Epoch         GPU_mem          box_om          cls_om          dfl_om          box_oo          cls_oo          dfl_oo       Instances            Size
  Epoch 16/30  Batch 1/2188 (0.0%)  | Super 106.577 (box 1.3929  cls 0.7773  dfl 1.1603)  | Base 108.864 (box 1.4244  cls 0.8217  dfl 1.1560)  | KD 10.887 (box 0.32536  cls 0.01317  dfl 0.00070  feat 0.00098)
  Epoch 16/30  Batch 219/2188 (10.0%)  | Super 109.125 (box 1.4482  cls 0.8423  dfl 1.1197)  | Base 110.867 (box 1.4504  cls 0.9019  dfl 1.1123)  | KD 11.158 (box 0.33173  cls 0.01493  dfl 0.00095  feat 0.00108)
  Epoch 16/30  Batch 437/2188 (20.0%)  | Super 110.536 (box 1.5292  cls 0.8136  dfl 1.1114)  | Base 112.349 (box 1.5481  cls 0.8477  dfl 1.1151)  | KD 11.901 (box 0.35968  cls 0.01034  dfl 0.00083  feat 0.00105)
  Epoch 16/30  Batch 655/2188 (29.9%)  | Super 98.066 (box 1.2891  cls 0.7174  dfl 1.0580)  | Base 98.386 (box 1.2812  cls 0.7420  dfl 1.0514)  | KD 9.285 (box 0.27919  cls 0.00943  dfl 0.00065  feat 0.00089)
  Epoch 16/30  Batch 873/2188 (39.9%)  | Super 110.633 (box 1.4299  cls 0.8760  dfl 1.1513)  | Base 111.336 (box 1.4312  cls 0.9082  dfl 1.1398)  | KD 11.766 (box 0.35043  cls 0.01532  dfl 0.00092  feat 0.00102)
  Epoch 16/30  Batch 1091/2188 (49.9%)  | Super 98.238 (box 1.2916  cls 0.7237  dfl 1.0546)  | Base 98.301 (box 1.3016  cls 0.7229  dfl 1.0474)  | KD 9.971 (box 0.29777  cls 0.01215  dfl 0.00072  feat 0.00094)
  Epoch 16/30  Batch 1309/2188 (59.8%)  | Super 99.589 (box 1.2822  cls 0.7120  dfl 1.1180)  | Base 100.707 (box 1.2967  cls 0.7495  dfl 1.1009)  | KD 10.225 (box 0.30607  cls 0.01158  dfl 0.00081  feat 0.00106)
  Epoch 16/30  Batch 1527/2188 (69.8%)  | Super 108.374 (box 1.4063  cls 0.8534  dfl 1.1270)  | Base 109.435 (box 1.4138  cls 0.8877  dfl 1.1183)  | KD 10.878 (box 0.32047  cls 0.01748  dfl 0.00087  feat 0.00112)
  Epoch 16/30  Batch 1745/2188 (79.8%)  | Super 100.718 (box 1.3262  cls 0.7422  dfl 1.0791)  | Base 102.288 (box 1.3319  cls 0.7891  dfl 1.0755)  | KD 10.573 (box 0.31926  cls 0.00933  dfl 0.00078  feat 0.00102)
  Epoch 16/30  Batch 1963/2188 (89.7%)  | Super 105.916 (box 1.3787  cls 0.8122  dfl 1.1189)  | Base 105.680 (box 1.3635  cls 0.8367  dfl 1.1022)  | KD 10.848 (box 0.32462  cls 0.01243  dfl 0.00083  feat 0.00112)
  Epoch 16/30  Batch 2181/2188 (99.7%)  | Super 107.701 (box 1.4286  cls 0.7256  dfl 1.2115)  | Base 108.561 (box 1.4354  cls 0.7558  dfl 1.2014)  | KD 9.379 (box 0.27809  cls 0.01309  dfl 0.00067  feat 0.00125)

================================================================================
  [Validation] Super model (skip=False)  |  Epoch 16/30
================================================================================
[*] Validation input tensor shape: torch.Size([32, 3, 736, 1312])
                 Class     Images  Instances      Box(P          R      mAP50  mAP50-95)
                   all      10000     185578      0.633      0.523      0.578      0.338

================================================================================
  [Validation] Base model  (skip=True)   |  Epoch 16/30
================================================================================
[*] Validation input tensor shape: torch.Size([32, 3, 736, 1312])
                 Class     Images  Instances      Box(P          R      mAP50  mAP50-95)
                   all      10000     185578      0.623      0.505      0.563      0.326

           Epoch         GPU_mem          box_om          cls_om          dfl_om          box_oo          cls_oo          dfl_oo       Instances            Size
  Epoch 17/30  Batch 1/2188 (0.0%)  | Super 104.939 (box 1.3383  cls 0.8140  dfl 1.1270)  | Base 108.679 (box 1.3820  cls 0.8708  dfl 1.1435)  | KD 10.900 (box 0.32268  cls 0.01620  dfl 0.00078  feat 0.00098)
  Epoch 17/30  Batch 219/2188 (10.0%)  | Super 103.649 (box 1.4051  cls 0.7605  dfl 1.0735)  | Base 104.250 (box 1.4141  cls 0.7781  dfl 1.0657)  | KD 9.873 (box 0.29687  cls 0.00987  dfl 0.00066  feat 0.00115)
  Epoch 17/30  Batch 437/2188 (20.0%)  | Super 114.411 (box 1.5857  cls 0.8644  dfl 1.1253)  | Base 115.929 (box 1.6033  cls 0.9041  dfl 1.1154)  | KD 12.703 (box 0.38403  cls 0.01104  dfl 0.00078  feat 0.00113)
  Epoch 17/30  Batch 655/2188 (29.9%)  | Super 97.872 (box 1.2713  cls 0.7380  dfl 1.0493)  | Base 98.997 (box 1.2807  cls 0.7640  dfl 1.0490)  | KD 9.490 (box 0.28489  cls 0.01010  dfl 0.00064  feat 0.00092)
  Epoch 17/30  Batch 873/2188 (39.9%)  | Super 118.055 (box 1.5296  cls 0.9538  dfl 1.2058)  | Base 119.124 (box 1.5295  cls 0.9936  dfl 1.1995)  | KD 11.358 (box 0.34036  cls 0.01273  dfl 0.00077  feat 0.00109)
  Epoch 17/30  Batch 1091/2188 (49.9%)  | Super 97.963 (box 1.2773  cls 0.7075  dfl 1.0765)  | Base 99.505 (box 1.3021  cls 0.7311  dfl 1.0763)  | KD 9.356 (box 0.28049  cls 0.01027  dfl 0.00069  feat 0.00092)
  Epoch 17/30  Batch 1309/2188 (59.8%)  | Super 100.838 (box 1.2901  cls 0.7409  dfl 1.1203)  | Base 99.766 (box 1.2722  cls 0.7628  dfl 1.0827)  | KD 10.799 (box 0.31591  cls 0.01985  dfl 0.00077  feat 0.00094)
  Epoch 17/30  Batch 1527/2188 (69.8%)  | Super 110.916 (box 1.4323  cls 0.8926  dfl 1.1412)  | Base 112.106 (box 1.4417  cls 0.9266  dfl 1.1350)  | KD 11.015 (box 0.32182  cls 0.02045  dfl 0.00081  feat 0.00116)
  Epoch 17/30  Batch 1745/2188 (79.8%)  | Super 101.623 (box 1.3205  cls 0.7622  dfl 1.0931)  | Base 103.667 (box 1.3410  cls 0.7990  dfl 1.0996)  | KD 10.236 (box 0.30777  cls 0.01029  dfl 0.00074  feat 0.00107)
  Epoch 17/30  Batch 1963/2188 (89.7%)  | Super 101.975 (box 1.3194  cls 0.7672  dfl 1.1002)  | Base 104.463 (box 1.3344  cls 0.8212  dfl 1.1089)  | KD 10.361 (box 0.31052  cls 0.01114  dfl 0.00081  feat 0.00131)
  Epoch 17/30  Batch 2181/2188 (99.7%)  | Super 104.637 (box 1.3708  cls 0.7392  dfl 1.1599)  | Base 106.365 (box 1.3866  cls 0.7775  dfl 1.1598)  | KD 9.186 (box 0.27389  cls 0.01128  dfl 0.00065  feat 0.00126)

================================================================================
  [Validation] Super model (skip=False)  |  Epoch 17/30
================================================================================
[*] Validation input tensor shape: torch.Size([32, 3, 736, 1312])
                 Class     Images  Instances      Box(P          R      mAP50  mAP50-95)
                   all      10000     185578      0.743      0.517       0.58      0.339

================================================================================
  [Validation] Base model  (skip=True)   |  Epoch 17/30
================================================================================
[*] Validation input tensor shape: torch.Size([32, 3, 736, 1312])
                 Class     Images  Instances      Box(P          R      mAP50  mAP50-95)
                   all      10000     185578      0.625      0.506      0.565      0.327

           Epoch         GPU_mem          box_om          cls_om          dfl_om          box_oo          cls_oo          dfl_oo       Instances            Size
  Epoch 18/30  Batch 1/2188 (0.0%)  | Super 99.442 (box 1.3008  cls 0.7544  dfl 1.0524)  | Base 102.816 (box 1.3321  cls 0.8189  dfl 1.0621)  | KD 11.789 (box 0.35209  cls 0.01442  dfl 0.00090  feat 0.00098)
  Epoch 18/30  Batch 219/2188 (10.0%)  | Super 110.312 (box 1.4674  cls 0.8253  dfl 1.1546)  | Base 111.852 (box 1.4827  cls 0.8647  dfl 1.1480)  | KD 9.300 (box 0.27669  cls 0.01231  dfl 0.00068  feat 0.00096)
  Epoch 18/30  Batch 437/2188 (20.0%)  | Super 114.634 (box 1.5894  cls 0.8595  dfl 1.1333)  | Base 115.463 (box 1.5973  cls 0.8812  dfl 1.1297)  | KD 11.465 (box 0.34605  cls 0.01026  dfl 0.00076  feat 0.00122)
  Epoch 18/30  Batch 655/2188 (29.9%)  | Super 97.331 (box 1.2985  cls 0.6973  dfl 1.0459)  | Base 98.110 (box 1.3031  cls 0.7263  dfl 1.0365)  | KD 9.247 (box 0.27723  cls 0.01020  dfl 0.00064  feat 0.00091)
  Epoch 18/30  Batch 873/2188 (39.9%)  | Super 112.315 (box 1.4523  cls 0.8916  dfl 1.1660)  | Base 113.105 (box 1.4538  cls 0.9258  dfl 1.1549)  | KD 11.180 (box 0.33508  cls 0.01259  dfl 0.00079  feat 0.00092)
  Epoch 18/30  Batch 1091/2188 (49.9%)  | Super 101.134 (box 1.3247  cls 0.7353  dfl 1.1004)  | Base 102.057 (box 1.3456  cls 0.7519  dfl 1.0918)  | KD 9.734 (box 0.29190  cls 0.01063  dfl 0.00073  feat 0.00093)
  Epoch 18/30  Batch 1309/2188 (59.8%)  | Super 100.559 (box 1.2922  cls 0.7466  dfl 1.1037)  | Base 101.726 (box 1.2986  cls 0.7820  dfl 1.0983)  | KD 10.715 (box 0.32004  cls 0.01298  dfl 0.00082  feat 0.00100)
  Epoch 18/30  Batch 1527/2188 (69.8%)  | Super 106.421 (box 1.3856  cls 0.8152  dfl 1.1249)  | Base 107.875 (box 1.4077  cls 0.8420  dfl 1.1213)  | KD 10.243 (box 0.30239  cls 0.01571  dfl 0.00088  feat 0.00111)
  Epoch 18/30  Batch 1745/2188 (79.8%)  | Super 99.922 (box 1.2925  cls 0.7387  dfl 1.0914)  | Base 101.026 (box 1.3006  cls 0.7744  dfl 1.0820)  | KD 10.085 (box 0.30102  cls 0.01248  dfl 0.00071  feat 0.00094)
  Epoch 18/30  Batch 1963/2188 (89.7%)  | Super 97.082 (box 1.2498  cls 0.7180  dfl 1.0660)  | Base 98.631 (box 1.2641  cls 0.7518  dfl 1.0663)  | KD 10.058 (box 0.29708  cls 0.01530  dfl 0.00078  feat 0.00115)
  Epoch 18/30  Batch 2181/2188 (99.7%)  | Super 106.041 (box 1.3718  cls 0.7803  dfl 1.1616)  | Base 107.914 (box 1.4118  cls 0.7993  dfl 1.1612)  | KD 10.678 (box 0.31587  cls 0.01598  dfl 0.00081  feat 0.00102)

================================================================================
  [Validation] Super model (skip=False)  |  Epoch 18/30
================================================================================
[*] Validation input tensor shape: torch.Size([32, 3, 736, 1312])
                 Class     Images  Instances      Box(P          R      mAP50  mAP50-95)
                   all      10000     185578      0.744       0.52      0.581       0.34

================================================================================
  [Validation] Base model  (skip=True)   |  Epoch 18/30
================================================================================
[*] Validation input tensor shape: torch.Size([32, 3, 736, 1312])
                 Class     Images  Instances      Box(P          R      mAP50  mAP50-95)
                   all      10000     185578      0.629      0.507      0.567      0.328

           Epoch         GPU_mem          box_om          cls_om          dfl_om          box_oo          cls_oo          dfl_oo       Instances            Size
  Epoch 19/30  Batch 1/2188 (0.0%)  | Super 105.687 (box 1.3507  cls 0.8109  dfl 1.1411)  | Base 108.364 (box 1.3860  cls 0.8719  dfl 1.1285)  | KD 10.938 (box 0.32098  cls 0.01894  dfl 0.00083  feat 0.00107)
  Epoch 19/30  Batch 219/2188 (10.0%)  | Super 107.640 (box 1.4129  cls 0.8041  dfl 1.1468)  | Base 109.510 (box 1.4348  cls 0.8434  dfl 1.1440)  | KD 10.409 (box 0.30509  cls 0.01834  dfl 0.00072  feat 0.00113)
  Epoch 19/30  Batch 437/2188 (20.0%)  | Super 114.947 (box 1.5690  cls 0.8643  dfl 1.1588)  | Base 115.322 (box 1.5768  cls 0.8712  dfl 1.1559)  | KD 11.937 (box 0.35940  cls 0.01175  dfl 0.00079  feat 0.00109)
  Epoch 19/30  Batch 655/2188 (29.9%)  | Super 102.403 (box 1.3425  cls 0.7630  dfl 1.0946)  | Base 103.158 (box 1.3476  cls 0.7868  dfl 1.0893)  | KD 9.817 (box 0.29155  cls 0.01355  dfl 0.00075  feat 0.00094)
  Epoch 19/30  Batch 873/2188 (39.9%)  | Super 114.194 (box 1.4619  cls 0.9276  dfl 1.1791)  | Base 115.900 (box 1.4772  cls 0.9659  dfl 1.1788)  | KD 11.582 (box 0.34850  cls 0.01149  dfl 0.00077  feat 0.00119)
  Epoch 19/30  Batch 1091/2188 (49.9%)  | Super 100.035 (box 1.3181  cls 0.7331  dfl 1.0748)  | Base 101.023 (box 1.3213  cls 0.7579  dfl 1.0778)  | KD 9.836 (box 0.29685  cls 0.00887  dfl 0.00074  feat 0.00091)
  Epoch 19/30  Batch 1309/2188 (59.8%)  | Super 100.133 (box 1.2652  cls 0.7465  dfl 1.1174)  | Base 101.262 (box 1.2737  cls 0.7739  dfl 1.1168)  | KD 10.255 (box 0.30660  cls 0.01207  dfl 0.00072  feat 0.00106)
  Epoch 19/30  Batch 1527/2188 (69.8%)  | Super 108.926 (box 1.4125  cls 0.8524  dfl 1.1391)  | Base 110.373 (box 1.4213  cls 0.8942  dfl 1.1336)  | KD 11.324 (box 0.33224  cls 0.01938  dfl 0.00108  feat 0.00117)
  Epoch 19/30  Batch 1745/2188 (79.8%)  | Super 99.907 (box 1.3007  cls 0.7426  dfl 1.0788)  | Base 101.462 (box 1.3115  cls 0.7904  dfl 1.0688)  | KD 10.853 (box 0.32721  cls 0.01009  dfl 0.00078  feat 0.00106)
  Epoch 19/30  Batch 1963/2188 (89.7%)  | Super 100.773 (box 1.2897  cls 0.7386  dfl 1.1209)  | Base 103.351 (box 1.3142  cls 0.7893  dfl 1.1262)  | KD 9.337 (box 0.27753  cls 0.01229  dfl 0.00069  feat 0.00126)
  Epoch 19/30  Batch 2181/2188 (99.7%)  | Super 105.815 (box 1.3984  cls 0.7436  dfl 1.1647)  | Base 107.594 (box 1.3975  cls 0.8082  dfl 1.1566)  | KD 9.896 (box 0.29496  cls 0.01256  dfl 0.00068  feat 0.00104)

================================================================================
  [Validation] Super model (skip=False)  |  Epoch 19/30
================================================================================
[*] Validation input tensor shape: torch.Size([32, 3, 736, 1312])
                 Class     Images  Instances      Box(P          R      mAP50  mAP50-95)
                   all      10000     185578      0.736      0.523      0.583      0.341

================================================================================
  [Validation] Base model  (skip=True)   |  Epoch 19/30
================================================================================
[*] Validation input tensor shape: torch.Size([32, 3, 736, 1312])
                 Class     Images  Instances      Box(P          R      mAP50  mAP50-95)
                   all      10000     185578      0.625      0.509      0.568      0.329

           Epoch         GPU_mem          box_om          cls_om          dfl_om          box_oo          cls_oo          dfl_oo       Instances            Size
  Epoch 20/30  Batch 1/2188 (0.0%)  | Super 103.525 (box 1.3451  cls 0.7700  dfl 1.1201)  | Base 105.904 (box 1.3611  cls 0.8247  dfl 1.1238)  | KD 11.052 (box 0.32965  cls 0.01388  dfl 0.00079  feat 0.00105)
  Epoch 20/30  Batch 219/2188 (10.0%)  | Super 114.224 (box 1.5291  cls 0.8621  dfl 1.1783)  | Base 115.204 (box 1.5244  cls 0.8944  dfl 1.1813)  | KD 10.616 (box 0.31801  cls 0.01196  dfl 0.00070  feat 0.00107)
  Epoch 20/30  Batch 437/2188 (20.0%)  | Super 111.811 (box 1.5191  cls 0.8577  dfl 1.1174)  | Base 113.623 (box 1.5481  cls 0.9015  dfl 1.1011)  | KD 12.459 (box 0.37409  cls 0.01340  dfl 0.00081  feat 0.00104)
  Epoch 20/30  Batch 655/2188 (29.9%)  | Super 98.328 (box 1.2925  cls 0.7135  dfl 1.0668)  | Base 98.965 (box 1.2910  cls 0.7454  dfl 1.0562)  | KD 9.993 (box 0.30068  cls 0.00998  dfl 0.00069  feat 0.00093)
  Epoch 20/30  Batch 873/2188 (39.9%)  | Super 116.627 (box 1.5006  cls 0.9328  dfl 1.2112)  | Base 117.836 (box 1.5196  cls 0.9553  dfl 1.2074)  | KD 12.998 (box 0.38795  cls 0.01611  dfl 0.00098  feat 0.00114)
  Epoch 20/30  Batch 1091/2188 (49.9%)  | Super 99.971 (box 1.3269  cls 0.7217  dfl 1.0754)  | Base 99.952 (box 1.3248  cls 0.7319  dfl 1.0668)  | KD 10.042 (box 0.30220  cls 0.00986  dfl 0.00083  feat 0.00091)
  Epoch 20/30  Batch 1309/2188 (59.8%)  | Super 94.433 (box 1.2170  cls 0.6964  dfl 1.0376)  | Base 95.073 (box 1.2220  cls 0.7165  dfl 1.0324)  | KD 9.741 (box 0.28930  cls 0.01344  dfl 0.00071  feat 0.00095)
  Epoch 20/30  Batch 1527/2188 (69.8%)  | Super 108.721 (box 1.4245  cls 0.8432  dfl 1.1298)  | Base 110.150 (box 1.4380  cls 0.8771  dfl 1.1271)  | KD 10.555 (box 0.31379  cls 0.01415  dfl 0.00079  feat 0.00113)
  Epoch 20/30  Batch 1745/2188 (79.8%)  | Super 100.967 (box 1.3177  cls 0.7638  dfl 1.0738)  | Base 102.649 (box 1.3301  cls 0.7992  dfl 1.0785)  | KD 9.957 (box 0.29913  cls 0.01022  dfl 0.00078  feat 0.00103)
  Epoch 20/30  Batch 1963/2188 (89.7%)  | Super 98.842 (box 1.2822  cls 0.7360  dfl 1.0706)  | Base 101.327 (box 1.3104  cls 0.7846  dfl 1.0714)  | KD 10.883 (box 0.32687  cls 0.01126  dfl 0.00078  feat 0.00117)
  Epoch 20/30  Batch 2181/2188 (99.7%)  | Super 106.275 (box 1.3760  cls 0.7602  dfl 1.1849)  | Base 107.959 (box 1.3960  cls 0.7958  dfl 1.1819)  | KD 9.969 (box 0.29402  cls 0.01571  dfl 0.00065  feat 0.00115)

================================================================================
  [Validation] Super model (skip=False)  |  Epoch 20/30
================================================================================
[*] Validation input tensor shape: torch.Size([32, 3, 736, 1312])
                 Class     Images  Instances      Box(P          R      mAP50  mAP50-95)
                   all      10000     185578      0.737      0.521      0.583      0.342

================================================================================
  [Validation] Base model  (skip=True)   |  Epoch 20/30
================================================================================
[*] Validation input tensor shape: torch.Size([32, 3, 736, 1312])
                 Class     Images  Instances      Box(P          R      mAP50  mAP50-95)
                   all      10000     185578      0.624       0.51      0.569      0.329

           Epoch         GPU_mem          box_om          cls_om          dfl_om          box_oo          cls_oo          dfl_oo       Instances            Size
  Epoch 21/30  Batch 1/2188 (0.0%)  | Super 103.042 (box 1.3207  cls 0.7699  dfl 1.1295)  | Base 105.122 (box 1.3481  cls 0.8091  dfl 1.1279)  | KD 10.946 (box 0.32657  cls 0.01373  dfl 0.00087  feat 0.00090)
  Epoch 21/30  Batch 219/2188 (10.0%)  | Super 109.200 (box 1.4475  cls 0.8200  dfl 1.1450)  | Base 109.338 (box 1.4547  cls 0.8352  dfl 1.1269)  | KD 9.771 (box 0.29326  cls 0.01028  dfl 0.00075  feat 0.00106)
  Epoch 21/30  Batch 437/2188 (20.0%)  | Super 111.725 (box 1.5172  cls 0.8807  dfl 1.0935)  | Base 113.448 (box 1.5487  cls 0.8912  dfl 1.1054)  | KD 11.532 (box 0.34870  cls 0.00989  dfl 0.00070  feat 0.00108)
  Epoch 21/30  Batch 655/2188 (29.9%)  | Super 99.433 (box 1.3080  cls 0.7212  dfl 1.0781)  | Base 99.695 (box 1.3037  cls 0.7375  dfl 1.0742)  | KD 9.098 (box 0.27299  cls 0.00969  dfl 0.00063  feat 0.00101)
  Epoch 21/30  Batch 873/2188 (39.9%)  | Super 116.212 (box 1.4671  cls 0.9582  dfl 1.2063)  | Base 118.139 (box 1.4921  cls 0.9829  dfl 1.2169)  | KD 11.445 (box 0.34377  cls 0.01206  dfl 0.00074  feat 0.00109)
  Epoch 21/30  Batch 1091/2188 (49.9%)  | Super 97.917 (box 1.2967  cls 0.7187  dfl 1.0446)  | Base 98.791 (box 1.3032  cls 0.7410  dfl 1.0430)  | KD 9.701 (box 0.29291  cls 0.00865  dfl 0.00066  feat 0.00095)
  Epoch 21/30  Batch 1309/2188 (59.8%)  | Super 98.535 (box 1.2496  cls 0.7447  dfl 1.0849)  | Base 99.890 (box 1.2658  cls 0.7748  dfl 1.0809)  | KD 10.512 (box 0.31439  cls 0.01207  dfl 0.00088  feat 0.00117)
  Epoch 21/30  Batch 1527/2188 (69.8%)  | Super 108.866 (box 1.4162  cls 0.8470  dfl 1.1388)  | Base 110.812 (box 1.4406  cls 0.8827  dfl 1.1395)  | KD 10.585 (box 0.30983  cls 0.01911  dfl 0.00079  feat 0.00105)
  Epoch 21/30  Batch 1745/2188 (79.8%)  | Super 99.689 (box 1.3225  cls 0.7039  dfl 1.0889)  | Base 101.365 (box 1.3369  cls 0.7487  dfl 1.0821)  | KD 10.148 (box 0.30249  cls 0.01293  dfl 0.00073  feat 0.00096)
  Epoch 21/30  Batch 1963/2188 (89.7%)  | Super 98.481 (box 1.2859  cls 0.7545  dfl 1.0371)  | Base 99.573 (box 1.2934  cls 0.8038  dfl 1.0145)  | KD 10.996 (box 0.33179  cls 0.00991  dfl 0.00076  feat 0.00116)
  Epoch 21/30  Batch 2181/2188 (99.7%)  | Super 105.344 (box 1.3814  cls 0.7591  dfl 1.1515)  | Base 105.649 (box 1.3711  cls 0.7922  dfl 1.1382)  | KD 9.829 (box 0.29130  cls 0.01404  dfl 0.00074  feat 0.00109)

================================================================================
  [Validation] Super model (skip=False)  |  Epoch 21/30
================================================================================
[*] Validation input tensor shape: torch.Size([32, 3, 736, 1312])
                 Class     Images  Instances      Box(P          R      mAP50  mAP50-95)
                   all      10000     185578      0.739      0.524      0.585      0.342

================================================================================
  [Validation] Base model  (skip=True)   |  Epoch 21/30
================================================================================
[*] Validation input tensor shape: torch.Size([32, 3, 736, 1312])
                 Class     Images  Instances      Box(P          R      mAP50  mAP50-95)
                   all      10000     185578      0.728      0.514      0.571      0.331

           Epoch         GPU_mem          box_om          cls_om          dfl_om          box_oo          cls_oo          dfl_oo       Instances            Size
  Epoch 22/30  Batch 1/2188 (0.0%)  | Super 106.028 (box 1.3844  cls 0.7988  dfl 1.1302)  | Base 109.165 (box 1.4267  cls 0.8376  dfl 1.1471)  | KD 11.775 (box 0.35127  cls 0.01478  dfl 0.00086  feat 0.00107)
  Epoch 22/30  Batch 219/2188 (10.0%)  | Super 107.644 (box 1.4267  cls 0.8137  dfl 1.1235)  | Base 109.101 (box 1.4345  cls 0.8529  dfl 1.1220)  | KD 10.355 (box 0.30588  cls 0.01590  dfl 0.00080  feat 0.00100)
  Epoch 22/30  Batch 437/2188 (20.0%)  | Super 112.970 (box 1.5551  cls 0.8286  dfl 1.1466)  | Base 113.811 (box 1.5698  cls 0.8463  dfl 1.1404)  | KD 10.868 (box 0.32681  cls 0.01094  dfl 0.00068  feat 0.00118)
  Epoch 22/30  Batch 655/2188 (29.9%)  | Super 98.542 (box 1.3073  cls 0.7145  dfl 1.0577)  | Base 99.535 (box 1.3192  cls 0.7424  dfl 1.0489)  | KD 9.160 (box 0.27241  cls 0.01229  dfl 0.00065  feat 0.00089)
  Epoch 22/30  Batch 873/2188 (39.9%)  | Super 109.488 (box 1.4004  cls 0.8899  dfl 1.1313)  | Base 111.750 (box 1.4286  cls 0.9278  dfl 1.1359)  | KD 11.641 (box 0.34910  cls 0.01283  dfl 0.00081  feat 0.00103)
  Epoch 22/30  Batch 1091/2188 (49.9%)  | Super 99.812 (box 1.3077  cls 0.7180  dfl 1.0934)  | Base 100.893 (box 1.3207  cls 0.7470  dfl 1.0852)  | KD 9.404 (box 0.28307  cls 0.00913  dfl 0.00069  feat 0.00097)
  Epoch 22/30  Batch 1309/2188 (59.8%)  | Super 97.328 (box 1.2140  cls 0.7286  dfl 1.0989)  | Base 97.892 (box 1.2290  cls 0.7418  dfl 1.0884)  | KD 10.054 (box 0.30208  cls 0.01038  dfl 0.00072  feat 0.00102)
  Epoch 22/30  Batch 1527/2188 (69.8%)  | Super 109.335 (box 1.4105  cls 0.8567  dfl 1.1495)  | Base 109.808 (box 1.4192  cls 0.8777  dfl 1.1346)  | KD 10.350 (box 0.30717  cls 0.01419  dfl 0.00083  feat 0.00123)
  Epoch 22/30  Batch 1745/2188 (79.8%)  | Super 101.700 (box 1.3292  cls 0.7366  dfl 1.1123)  | Base 103.174 (box 1.3408  cls 0.7847  dfl 1.0987)  | KD 10.610 (box 0.31276  cls 0.01684  dfl 0.00081  feat 0.00116)
  Epoch 22/30  Batch 1963/2188 (89.7%)  | Super 102.942 (box 1.3397  cls 0.7776  dfl 1.0996)  | Base 104.569 (box 1.3622  cls 0.7954  dfl 1.1102)  | KD 9.402 (box 0.28365  cls 0.00832  dfl 0.00068  feat 0.00118)
  Epoch 22/30  Batch 2181/2188 (99.7%)  | Super 104.347 (box 1.3747  cls 0.7237  dfl 1.1625)  | Base 105.969 (box 1.3882  cls 0.7667  dfl 1.1566)  | KD 9.450 (box 0.27911  cls 0.01433  dfl 0.00064  feat 0.00124)

================================================================================
  [Validation] Super model (skip=False)  |  Epoch 22/30
================================================================================
[*] Validation input tensor shape: torch.Size([32, 3, 736, 1312])
                 Class     Images  Instances      Box(P          R      mAP50  mAP50-95)
                   all      10000     185578      0.739      0.525      0.585      0.342

================================================================================
  [Validation] Base model  (skip=True)   |  Epoch 22/30
================================================================================
[*] Validation input tensor shape: torch.Size([32, 3, 736, 1312])
                 Class     Images  Instances      Box(P          R      mAP50  mAP50-95)
                   all      10000     185578      0.737      0.509      0.571      0.331

           Epoch         GPU_mem          box_om          cls_om          dfl_om          box_oo          cls_oo          dfl_oo       Instances            Size
  Epoch 23/30  Batch 1/2188 (0.0%)  | Super 102.476 (box 1.3068  cls 0.7695  dfl 1.1260)  | Base 104.380 (box 1.3285  cls 0.8073  dfl 1.1261)  | KD 11.010 (box 0.32802  cls 0.01427  dfl 0.00083  feat 0.00094)
  Epoch 23/30  Batch 219/2188 (10.0%)  | Super 108.803 (box 1.4346  cls 0.8235  dfl 1.1421)  | Base 109.407 (box 1.4355  cls 0.8478  dfl 1.1357)  | KD 9.907 (box 0.29849  cls 0.00936  dfl 0.00076  feat 0.00101)
  Epoch 23/30  Batch 437/2188 (20.0%)  | Super 111.629 (box 1.5328  cls 0.8222  dfl 1.1334)  | Base 112.032 (box 1.5320  cls 0.8594  dfl 1.1096)  | KD 11.624 (box 0.35164  cls 0.00975  dfl 0.00067  feat 0.00117)
  Epoch 23/30  Batch 655/2188 (29.9%)  | Super 98.956 (box 1.2753  cls 0.7383  dfl 1.0788)  | Base 100.968 (box 1.3028  cls 0.7715  dfl 1.0810)  | KD 10.077 (box 0.30346  cls 0.00973  dfl 0.00077  feat 0.00095)
  Epoch 23/30  Batch 873/2188 (39.9%)  | Super 114.287 (box 1.4688  cls 0.9201  dfl 1.1827)  | Base 114.803 (box 1.4733  cls 0.9335  dfl 1.1808)  | KD 11.719 (box 0.35172  cls 0.01270  dfl 0.00076  feat 0.00104)
  Epoch 23/30  Batch 1091/2188 (49.9%)  | Super 99.970 (box 1.3116  cls 0.7277  dfl 1.0848)  | Base 100.043 (box 1.3063  cls 0.7468  dfl 1.0732)  | KD 10.084 (box 0.30414  cls 0.00932  dfl 0.00074  feat 0.00094)
  Epoch 23/30  Batch 1309/2188 (59.8%)  | Super 103.514 (box 1.3155  cls 0.7586  dfl 1.1608)  | Base 104.003 (box 1.3294  cls 0.7724  dfl 1.1483)  | KD 10.296 (box 0.31076  cls 0.00932  dfl 0.00072  feat 0.00094)
  Epoch 23/30  Batch 1527/2188 (69.8%)  | Super 104.142 (box 1.3896  cls 0.7745  dfl 1.0904)  | Base 106.580 (box 1.4170  cls 0.8162  dfl 1.0975)  | KD 10.243 (box 0.29757  cls 0.02075  dfl 0.00079  feat 0.00098)
  Epoch 23/30  Batch 1745/2188 (79.8%)  | Super 95.683 (box 1.2635  cls 0.6739  dfl 1.0528)  | Base 97.301 (box 1.2735  cls 0.7298  dfl 1.0373)  | KD 9.826 (box 0.29605  cls 0.00937  dfl 0.00067  feat 0.00097)
  Epoch 23/30  Batch 1963/2188 (89.7%)  | Super 104.785 (box 1.3340  cls 0.8042  dfl 1.1364)  | Base 106.497 (box 1.3516  cls 0.8246  dfl 1.1518)  | KD 10.503 (box 0.31610  cls 0.01014  dfl 0.00077  feat 0.00121)
  Epoch 23/30  Batch 2181/2188 (99.7%)  | Super 103.883 (box 1.3481  cls 0.7497  dfl 1.1485)  | Base 103.804 (box 1.3487  cls 0.7635  dfl 1.1317)  | KD 9.582 (box 0.28683  cls 0.01064  dfl 0.00067  feat 0.00128)

================================================================================
  [Validation] Super model (skip=False)  |  Epoch 23/30
================================================================================
[*] Validation input tensor shape: torch.Size([32, 3, 736, 1312])
                 Class     Images  Instances      Box(P          R      mAP50  mAP50-95)
                   all      10000     185578      0.734      0.526      0.584      0.343

================================================================================
  [Validation] Base model  (skip=True)   |  Epoch 23/30
================================================================================
[*] Validation input tensor shape: torch.Size([32, 3, 736, 1312])
                 Class     Images  Instances      Box(P          R      mAP50  mAP50-95)
                   all      10000     185578      0.725      0.515      0.571      0.331

           Epoch         GPU_mem          box_om          cls_om          dfl_om          box_oo          cls_oo          dfl_oo       Instances            Size
  Epoch 24/30  Batch 1/2188 (0.0%)  | Super 106.756 (box 1.3802  cls 0.7893  dfl 1.1666)  | Base 108.046 (box 1.3911  cls 0.8258  dfl 1.1596)  | KD 11.172 (box 0.33614  cls 0.01127  dfl 0.00085  feat 0.00087)
  Epoch 24/30  Batch 219/2188 (10.0%)  | Super 110.557 (box 1.4681  cls 0.8212  dfl 1.1656)  | Base 113.391 (box 1.5017  cls 0.8650  dfl 1.1768)  | KD 10.220 (box 0.30530  cls 0.01219  dfl 0.00083  feat 0.00105)
  Epoch 24/30  Batch 437/2188 (20.0%)  | Super 115.561 (box 1.5758  cls 0.8657  dfl 1.1698)  | Base 116.893 (box 1.5933  cls 0.8948  dfl 1.1648)  | KD 11.676 (box 0.35235  cls 0.01078  dfl 0.00074  feat 0.00102)
  Epoch 24/30  Batch 655/2188 (29.9%)  | Super 98.434 (box 1.3017  cls 0.7156  dfl 1.0588)  | Base 99.489 (box 1.3118  cls 0.7418  dfl 1.0554)  | KD 9.534 (box 0.28149  cls 0.01489  dfl 0.00065  feat 0.00092)
  Epoch 24/30  Batch 873/2188 (39.9%)  | Super 108.921 (box 1.3917  cls 0.8733  dfl 1.1388)  | Base 110.857 (box 1.4132  cls 0.9027  dfl 1.1484)  | KD 12.281 (box 0.36875  cls 0.01317  dfl 0.00095  feat 0.00090)
  Epoch 24/30  Batch 1091/2188 (49.9%)  | Super 100.318 (box 1.3187  cls 0.7090  dfl 1.1073)  | Base 100.979 (box 1.3135  cls 0.7511  dfl 1.0910)  | KD 9.770 (box 0.29424  cls 0.00941  dfl 0.00077  feat 0.00090)
  Epoch 24/30  Batch 1309/2188 (59.8%)  | Super 98.026 (box 1.2829  cls 0.7180  dfl 1.0625)  | Base 99.397 (box 1.2957  cls 0.7508  dfl 1.0597)  | KD 10.596 (box 0.32011  cls 0.00930  dfl 0.00078  feat 0.00093)
  Epoch 24/30  Batch 1527/2188 (69.8%)  | Super 106.758 (box 1.4261  cls 0.7901  dfl 1.1200)  | Base 108.602 (box 1.4527  cls 0.8237  dfl 1.1174)  | KD 10.316 (box 0.30482  cls 0.01567  dfl 0.00090  feat 0.00100)
  Epoch 24/30  Batch 1745/2188 (79.8%)  | Super 98.755 (box 1.3025  cls 0.7239  dfl 1.0597)  | Base 100.711 (box 1.3245  cls 0.7705  dfl 1.0522)  | KD 10.330 (box 0.31080  cls 0.01027  dfl 0.00074  feat 0.00100)
  Epoch 24/30  Batch 1963/2188 (89.7%)  | Super 98.772 (box 1.2480  cls 0.7618  dfl 1.0769)  | Base 100.077 (box 1.2672  cls 0.7789  dfl 1.0814)  | KD 11.062 (box 0.33073  cls 0.01297  dfl 0.00086  feat 0.00113)
  Epoch 24/30  Batch 2181/2188 (99.7%)  | Super 102.729 (box 1.3471  cls 0.7437  dfl 1.1195)  | Base 103.713 (box 1.3564  cls 0.7712  dfl 1.1134)  | KD 10.523 (box 0.30768  cls 0.01935  dfl 0.00071  feat 0.00110)

================================================================================
  [Validation] Super model (skip=False)  |  Epoch 24/30
================================================================================
[*] Validation input tensor shape: torch.Size([32, 3, 736, 1312])
                 Class     Images  Instances      Box(P          R      mAP50  mAP50-95)
                   all      10000     185578      0.742      0.522      0.586      0.343

================================================================================
  [Validation] Base model  (skip=True)   |  Epoch 24/30
================================================================================
[*] Validation input tensor shape: torch.Size([32, 3, 736, 1312])
                 Class     Images  Instances      Box(P          R      mAP50  mAP50-95)
                   all      10000     185578      0.728      0.514      0.572      0.332

           Epoch         GPU_mem          box_om          cls_om          dfl_om          box_oo          cls_oo          dfl_oo       Instances            Size
  Epoch 25/30  Batch 1/2188 (0.0%)  | Super 106.401 (box 1.3549  cls 0.7976  dfl 1.1725)  | Base 108.719 (box 1.3814  cls 0.8417  dfl 1.1743)  | KD 10.978 (box 0.32715  cls 0.01415  dfl 0.00081  feat 0.00094)
  Epoch 25/30  Batch 219/2188 (10.0%)  | Super 107.945 (box 1.4235  cls 0.7939  dfl 1.1559)  | Base 108.697 (box 1.4224  cls 0.8417  dfl 1.1327)  | KD 9.889 (box 0.29545  cls 0.01172  dfl 0.00080  feat 0.00108)
  Epoch 25/30  Batch 437/2188 (20.0%)  | Super 113.203 (box 1.5625  cls 0.8327  dfl 1.1423)  | Base 114.153 (box 1.5674  cls 0.8662  dfl 1.1337)  | KD 11.017 (box 0.33205  cls 0.01049  dfl 0.00069  feat 0.00106)
  Epoch 25/30  Batch 655/2188 (29.9%)  | Super 99.715 (box 1.3092  cls 0.7186  dfl 1.0883)  | Base 100.464 (box 1.3046  cls 0.7618  dfl 1.0731)  | KD 9.152 (box 0.27566  cls 0.00874  dfl 0.00065  feat 0.00095)
  Epoch 25/30  Batch 873/2188 (39.9%)  | Super 110.411 (box 1.4008  cls 0.8913  dfl 1.1583)  | Base 111.882 (box 1.4226  cls 0.9214  dfl 1.1523)  | KD 11.836 (box 0.35661  cls 0.01143  dfl 0.00082  feat 0.00101)
  Epoch 25/30  Batch 1091/2188 (49.9%)  | Super 97.283 (box 1.2939  cls 0.7029  dfl 1.0432)  | Base 98.618 (box 1.3061  cls 0.7336  dfl 1.0420)  | KD 9.328 (box 0.27858  cls 0.01139  dfl 0.00063  feat 0.00089)
  Epoch 25/30  Batch 1309/2188 (59.8%)  | Super 96.008 (box 1.2089  cls 0.7194  dfl 1.0720)  | Base 98.058 (box 1.2380  cls 0.7492  dfl 1.0772)  | KD 10.752 (box 0.31798  cls 0.01625  dfl 0.00082  feat 0.00094)
  Epoch 25/30  Batch 1527/2188 (69.8%)  | Super 105.379 (box 1.3763  cls 0.7878  dfl 1.1290)  | Base 107.044 (box 1.3874  cls 0.8297  dfl 1.1280)  | KD 10.046 (box 0.29561  cls 0.01652  dfl 0.00080  feat 0.00100)
  Epoch 25/30  Batch 1745/2188 (79.8%)  | Super 102.654 (box 1.3300  cls 0.7663  dfl 1.1116)  | Base 104.157 (box 1.3458  cls 0.8036  dfl 1.1055)  | KD 11.423 (box 0.33771  cls 0.01738  dfl 0.00090  feat 0.00098)
  Epoch 25/30  Batch 1963/2188 (89.7%)  | Super 98.034 (box 1.2821  cls 0.7059  dfl 1.0755)  | Base 99.588 (box 1.2942  cls 0.7336  dfl 1.0843)  | KD 10.457 (box 0.31404  cls 0.01077  dfl 0.00086  feat 0.00111)
  Epoch 25/30  Batch 2181/2188 (99.7%)  | Super 101.582 (box 1.3105  cls 0.7582  dfl 1.1058)  | Base 103.082 (box 1.3284  cls 0.7880  dfl 1.1050)  | KD 9.723 (box 0.29171  cls 0.01041  dfl 0.00070  feat 0.00100)

================================================================================
  [Validation] Super model (skip=False)  |  Epoch 25/30
================================================================================
[*] Validation input tensor shape: torch.Size([32, 3, 736, 1312])
                 Class     Images  Instances      Box(P          R      mAP50  mAP50-95)
                   all      10000     185578      0.741      0.525      0.585      0.343

================================================================================
  [Validation] Base model  (skip=True)   |  Epoch 25/30
================================================================================
[*] Validation input tensor shape: torch.Size([32, 3, 736, 1312])
                 Class     Images  Instances      Box(P          R      mAP50  mAP50-95)
                   all      10000     185578      0.728      0.514      0.572      0.332

           Epoch         GPU_mem          box_om          cls_om          dfl_om          box_oo          cls_oo          dfl_oo       Instances            Size
  Epoch 26/30  Batch 1/2188 (0.0%)  | Super 110.518 (box 1.3929  cls 0.8451  dfl 1.2157)  | Base 111.615 (box 1.4050  cls 0.8789  dfl 1.2041)  | KD 10.593 (box 0.31577  cls 0.01345  dfl 0.00078  feat 0.00103)
  Epoch 26/30  Batch 219/2188 (10.0%)  | Super 106.810 (box 1.4204  cls 0.7878  dfl 1.1296)  | Base 107.522 (box 1.4333  cls 0.8064  dfl 1.1204)  | KD 9.698 (box 0.29117  cls 0.01008  dfl 0.00071  feat 0.00110)
  Epoch 26/30  Batch 437/2188 (20.0%)  | Super 112.008 (box 1.5521  cls 0.8047  dfl 1.1434)  | Base 113.260 (box 1.5689  cls 0.8295  dfl 1.1409)  | KD 11.316 (box 0.34187  cls 0.00993  dfl 0.00074  feat 0.00107)
  Epoch 26/30  Batch 655/2188 (29.9%)  | Super 102.531 (box 1.3406  cls 0.7866  dfl 1.0769)  | Base 103.610 (box 1.3505  cls 0.8162  dfl 1.0711)  | KD 10.706 (box 0.32015  cls 0.01259  dfl 0.00079  feat 0.00104)
  Epoch 26/30  Batch 873/2188 (39.9%)  | Super 109.480 (box 1.3994  cls 0.8664  dfl 1.1554)  | Base 111.839 (box 1.4421  cls 0.8868  dfl 1.1661)  | KD 11.626 (box 0.34928  cls 0.01225  dfl 0.00084  feat 0.00094)
  Epoch 26/30  Batch 1091/2188 (49.9%)  | Super 98.584 (box 1.2969  cls 0.7164  dfl 1.0675)  | Base 98.829 (box 1.2958  cls 0.7405  dfl 1.0521)  | KD 9.673 (box 0.28859  cls 0.01204  dfl 0.00065  feat 0.00101)
  Epoch 26/30  Batch 1309/2188 (59.8%)  | Super 97.566 (box 1.2571  cls 0.7219  dfl 1.0700)  | Base 97.871 (box 1.2684  cls 0.7347  dfl 1.0553)  | KD 10.258 (box 0.30080  cls 0.01801  dfl 0.00072  feat 0.00103)
  Epoch 26/30  Batch 1527/2188 (69.8%)  | Super 106.137 (box 1.3920  cls 0.8231  dfl 1.1016)  | Base 108.043 (box 1.4168  cls 0.8592  dfl 1.1004)  | KD 10.746 (box 0.31982  cls 0.01404  dfl 0.00091  feat 0.00105)
  Epoch 26/30  Batch 1745/2188 (79.8%)  | Super 101.835 (box 1.3349  cls 0.7596  dfl 1.0878)  | Base 103.208 (box 1.3386  cls 0.8046  dfl 1.0820)  | KD 10.120 (box 0.30345  cls 0.01108  dfl 0.00073  feat 0.00100)
  Epoch 26/30  Batch 1963/2188 (89.7%)  | Super 106.244 (box 1.3384  cls 0.8190  dfl 1.1628)  | Base 109.095 (box 1.3650  cls 0.8828  dfl 1.1614)  | KD 10.430 (box 0.31213  cls 0.01165  dfl 0.00086  feat 0.00129)
  Epoch 26/30  Batch 2181/2188 (99.7%)  | Super 106.000 (box 1.3910  cls 0.7409  dfl 1.1805)  | Base 107.078 (box 1.3981  cls 0.7794  dfl 1.1688)  | KD 10.168 (box 0.30171  cls 0.01408  dfl 0.00072  feat 0.00123)

================================================================================
  [Validation] Super model (skip=False)  |  Epoch 26/30
================================================================================
[*] Validation input tensor shape: torch.Size([32, 3, 736, 1312])
                 Class     Images  Instances      Box(P          R      mAP50  mAP50-95)
                   all      10000     185578      0.742      0.523      0.587      0.344

================================================================================
  [Validation] Base model  (skip=True)   |  Epoch 26/30
================================================================================
[*] Validation input tensor shape: torch.Size([32, 3, 736, 1312])
                 Class     Images  Instances      Box(P          R      mAP50  mAP50-95)
                   all      10000     185578      0.728      0.516      0.573      0.332

           Epoch         GPU_mem          box_om          cls_om          dfl_om          box_oo          cls_oo          dfl_oo       Instances            Size
  Epoch 27/30  Batch 1/2188 (0.0%)  | Super 103.283 (box 1.3264  cls 0.7794  dfl 1.1218)  | Base 105.033 (box 1.3354  cls 0.8354  dfl 1.1114)  | KD 11.202 (box 0.32948  cls 0.01879  dfl 0.00090  feat 0.00089)
  Epoch 27/30  Batch 219/2188 (10.0%)  | Super 109.260 (box 1.4494  cls 0.8176  dfl 1.1474)  | Base 110.076 (box 1.4564  cls 0.8416  dfl 1.1419)  | KD 9.530 (box 0.28434  cls 0.01172  dfl 0.00073  feat 0.00103)
  Epoch 27/30  Batch 437/2188 (20.0%)  | Super 113.495 (box 1.5598  cls 0.8244  dfl 1.1625)  | Base 113.996 (box 1.5646  cls 0.8451  dfl 1.1527)  | KD 11.038 (box 0.33158  cls 0.01164  dfl 0.00070  feat 0.00100)
  Epoch 27/30  Batch 655/2188 (29.9%)  | Super 99.455 (box 1.3238  cls 0.7121  dfl 1.0721)  | Base 100.371 (box 1.3256  cls 0.7449  dfl 1.0662)  | KD 9.676 (box 0.28784  cls 0.01282  dfl 0.00078  feat 0.00093)
  Epoch 27/30  Batch 873/2188 (39.9%)  | Super 111.427 (box 1.4037  cls 0.9121  dfl 1.1663)  | Base 112.715 (box 1.4073  cls 0.9498  dfl 1.1653)  | KD 11.836 (box 0.35295  cls 0.01485  dfl 0.00089  feat 0.00119)
  Epoch 27/30  Batch 1091/2188 (49.9%)  | Super 98.040 (box 1.2906  cls 0.7171  dfl 1.0560)  | Base 98.816 (box 1.3027  cls 0.7326  dfl 1.0527)  | KD 10.463 (box 0.31398  cls 0.01124  dfl 0.00086  feat 0.00089)
  Epoch 27/30  Batch 1309/2188 (59.8%)  | Super 98.214 (box 1.2445  cls 0.7210  dfl 1.1037)  | Base 98.705 (box 1.2454  cls 0.7371  dfl 1.1020)  | KD 10.525 (box 0.31679  cls 0.01041  dfl 0.00079  feat 0.00092)
  Epoch 27/30  Batch 1527/2188 (69.8%)  | Super 107.816 (box 1.4001  cls 0.8293  dfl 1.1398)  | Base 110.901 (box 1.4333  cls 0.8911  dfl 1.1412)  | KD 11.386 (box 0.33549  cls 0.01819  dfl 0.00104  feat 0.00108)
  Epoch 27/30  Batch 1745/2188 (79.8%)  | Super 104.523 (box 1.3320  cls 0.7972  dfl 1.1372)  | Base 105.792 (box 1.3389  cls 0.8362  dfl 1.1308)  | KD 10.658 (box 0.31545  cls 0.01564  dfl 0.00078  feat 0.00118)
  Epoch 27/30  Batch 1963/2188 (89.7%)  | Super 100.501 (box 1.2828  cls 0.7689  dfl 1.0889)  | Base 102.811 (box 1.3138  cls 0.8015  dfl 1.0975)  | KD 10.509 (box 0.31428  cls 0.01206  dfl 0.00077  feat 0.00131)
  Epoch 27/30  Batch 2181/2188 (99.7%)  | Super 104.038 (box 1.3470  cls 0.7674  dfl 1.1369)  | Base 104.176 (box 1.3470  cls 0.7813  dfl 1.1272)  | KD 10.156 (box 0.29996  cls 0.01556  dfl 0.00070  feat 0.00115)

================================================================================
  [Validation] Super model (skip=False)  |  Epoch 27/30
================================================================================
[*] Validation input tensor shape: torch.Size([32, 3, 736, 1312])
                 Class     Images  Instances      Box(P          R      mAP50  mAP50-95)
                   all      10000     185578      0.743      0.526      0.588      0.345

================================================================================
  [Validation] Base model  (skip=True)   |  Epoch 27/30
================================================================================
[*] Validation input tensor shape: torch.Size([32, 3, 736, 1312])
                 Class     Images  Instances      Box(P          R      mAP50  mAP50-95)
                   all      10000     185578      0.738      0.513      0.574      0.333

           Epoch         GPU_mem          box_om          cls_om          dfl_om          box_oo          cls_oo          dfl_oo       Instances            Size
  Epoch 28/30  Batch 1/2188 (0.0%)  | Super 105.534 (box 1.3536  cls 0.7905  dfl 1.1539)  | Base 107.059 (box 1.3717  cls 0.8232  dfl 1.1507)  | KD 10.941 (box 0.32238  cls 0.01784  dfl 0.00077  feat 0.00093)
  Epoch 28/30  Batch 219/2188 (10.0%)  | Super 108.956 (box 1.4459  cls 0.8354  dfl 1.1235)  | Base 110.281 (box 1.4565  cls 0.8667  dfl 1.1230)  | KD 10.097 (box 0.30053  cls 0.01323  dfl 0.00078  feat 0.00099)
  Epoch 28/30  Batch 437/2188 (20.0%)  | Super 110.246 (box 1.5109  cls 0.8222  dfl 1.1121)  | Base 110.367 (box 1.5074  cls 0.8470  dfl 1.0945)  | KD 11.994 (box 0.35937  cls 0.01356  dfl 0.00081  feat 0.00108)
  Epoch 28/30  Batch 655/2188 (29.9%)  | Super 99.515 (box 1.3071  cls 0.7251  dfl 1.0776)  | Base 101.309 (box 1.3257  cls 0.7570  dfl 1.0832)  | KD 9.279 (box 0.27714  cls 0.01117  dfl 0.00072  feat 0.00093)
  Epoch 28/30  Batch 873/2188 (39.9%)  | Super 115.879 (box 1.4705  cls 0.9307  dfl 1.2199)  | Base 116.223 (box 1.4744  cls 0.9650  dfl 1.1925)  | KD 11.253 (box 0.33511  cls 0.01452  dfl 0.00084  feat 0.00118)
  Epoch 28/30  Batch 1091/2188 (49.9%)  | Super 100.856 (box 1.3342  cls 0.7201  dfl 1.0974)  | Base 103.137 (box 1.3613  cls 0.7711  dfl 1.0906)  | KD 9.282 (box 0.27975  cls 0.00879  dfl 0.00065  feat 0.00088)
  Epoch 28/30  Batch 1309/2188 (59.8%)  | Super 103.011 (box 1.3209  cls 0.7732  dfl 1.1250)  | Base 104.066 (box 1.3428  cls 0.7960  dfl 1.1133)  | KD 10.357 (box 0.30747  cls 0.01446  dfl 0.00077  feat 0.00097)
  Epoch 28/30  Batch 1527/2188 (69.8%)  | Super 104.614 (box 1.3649  cls 0.7928  dfl 1.1115)  | Base 105.319 (box 1.3829  cls 0.8160  dfl 1.0923)  | KD 10.234 (box 0.29810  cls 0.01989  dfl 0.00080  feat 0.00103)
  Epoch 28/30  Batch 1745/2188 (79.8%)  | Super 102.209 (box 1.3509  cls 0.7324  dfl 1.1107)  | Base 103.749 (box 1.3574  cls 0.7753  dfl 1.1095)  | KD 10.027 (box 0.29136  cls 0.02030  dfl 0.00065  feat 0.00102)
  Epoch 28/30  Batch 1963/2188 (89.7%)  | Super 98.462 (box 1.2594  cls 0.7682  dfl 1.0493)  | Base 100.547 (box 1.2953  cls 0.7904  dfl 1.0565)  | KD 11.274 (box 0.33628  cls 0.01409  dfl 0.00089  feat 0.00107)
  Epoch 28/30  Batch 2181/2188 (99.7%)  | Super 103.858 (box 1.3619  cls 0.7314  dfl 1.1523)  | Base 104.038 (box 1.3523  cls 0.7685  dfl 1.1303)  | KD 9.027 (box 0.26814  cls 0.01212  dfl 0.00067  feat 0.00115)

================================================================================
  [Validation] Super model (skip=False)  |  Epoch 28/30
================================================================================
[*] Validation input tensor shape: torch.Size([32, 3, 736, 1312])
                 Class     Images  Instances      Box(P          R      mAP50  mAP50-95)
                   all      10000     185578      0.745      0.525      0.587      0.345

================================================================================
  [Validation] Base model  (skip=True)   |  Epoch 28/30
================================================================================
[*] Validation input tensor shape: torch.Size([32, 3, 736, 1312])
                 Class     Images  Instances      Box(P          R      mAP50  mAP50-95)
                   all      10000     185578      0.735      0.512      0.573      0.333

           Epoch         GPU_mem          box_om          cls_om          dfl_om          box_oo          cls_oo          dfl_oo       Instances            Size
  Epoch 29/30  Batch 1/2188 (0.0%)  | Super 104.272 (box 1.3569  cls 0.7623  dfl 1.1392)  | Base 105.540 (box 1.3594  cls 0.8096  dfl 1.1291)  | KD 11.048 (box 0.32659  cls 0.01687  dfl 0.00083  feat 0.00097)
  Epoch 29/30  Batch 219/2188 (10.0%)  | Super 112.713 (box 1.4802  cls 0.8317  dfl 1.2105)  | Base 114.414 (box 1.5009  cls 0.8681  dfl 1.2064)  | KD 9.932 (box 0.29646  cls 0.01214  dfl 0.00067  feat 0.00109)
  Epoch 29/30  Batch 437/2188 (20.0%)  | Super 110.340 (box 1.5174  cls 0.7941  dfl 1.1367)  | Base 112.484 (box 1.5388  cls 0.8435  dfl 1.1329)  | KD 11.643 (box 0.34873  cls 0.01333  dfl 0.00077  feat 0.00103)
  Epoch 29/30  Batch 655/2188 (29.9%)  | Super 96.812 (box 1.2469  cls 0.7176  dfl 1.0609)  | Base 97.548 (box 1.2514  cls 0.7489  dfl 1.0480)  | KD 9.582 (box 0.28828  cls 0.00960  dfl 0.00068  feat 0.00090)
  Epoch 29/30  Batch 873/2188 (39.9%)  | Super 112.760 (box 1.4575  cls 0.8714  dfl 1.1949)  | Base 114.093 (box 1.4628  cls 0.9151  dfl 1.1875)  | KD 11.199 (box 0.33648  cls 0.01169  dfl 0.00082  feat 0.00097)
  Epoch 29/30  Batch 1091/2188 (49.9%)  | Super 97.973 (box 1.2887  cls 0.7099  dfl 1.0631)  | Base 99.792 (box 1.3076  cls 0.7514  dfl 1.0595)  | KD 9.962 (box 0.29873  cls 0.01095  dfl 0.00075  feat 0.00087)
  Epoch 29/30  Batch 1309/2188 (59.8%)  | Super 98.700 (box 1.2352  cls 0.7428  dfl 1.1063)  | Base 99.317 (box 1.2396  cls 0.7700  dfl 1.0941)  | KD 10.547 (box 0.31509  cls 0.01263  dfl 0.00082  feat 0.00104)
  Epoch 29/30  Batch 1527/2188 (69.8%)  | Super 104.228 (box 1.3643  cls 0.8037  dfl 1.0892)  | Base 105.279 (box 1.3805  cls 0.8311  dfl 1.0784)  | KD 10.499 (box 0.31295  cls 0.01335  dfl 0.00078  feat 0.00102)
  Epoch 29/30  Batch 1745/2188 (79.8%)  | Super 99.871 (box 1.3077  cls 0.7221  dfl 1.0912)  | Base 100.217 (box 1.3035  cls 0.7579  dfl 1.0704)  | KD 10.357 (box 0.31323  cls 0.00877  dfl 0.00074  feat 0.00091)
  Epoch 29/30  Batch 1963/2188 (89.7%)  | Super 100.941 (box 1.3020  cls 0.7681  dfl 1.0843)  | Base 101.571 (box 1.3111  cls 0.7895  dfl 1.0735)  | KD 10.487 (box 0.31354  cls 0.01221  dfl 0.00076  feat 0.00120)
  Epoch 29/30  Batch 2181/2188 (99.7%)  | Super 103.515 (box 1.3534  cls 0.7461  dfl 1.1353)  | Base 105.228 (box 1.3646  cls 0.7973  dfl 1.1265)  | KD 10.573 (box 0.31472  cls 0.01374  dfl 0.00080  feat 0.00113)

================================================================================
  [Validation] Super model (skip=False)  |  Epoch 29/30
================================================================================
[*] Validation input tensor shape: torch.Size([32, 3, 736, 1312])
                 Class     Images  Instances      Box(P          R      mAP50  mAP50-95)
                   all      10000     185578      0.746      0.526      0.587      0.345

================================================================================
  [Validation] Base model  (skip=True)   |  Epoch 29/30
================================================================================
[*] Validation input tensor shape: torch.Size([32, 3, 736, 1312])
                 Class     Images  Instances      Box(P          R      mAP50  mAP50-95)
                   all      10000     185578      0.732      0.515      0.573      0.333

           Epoch         GPU_mem          box_om          cls_om          dfl_om          box_oo          cls_oo          dfl_oo       Instances            Size
  Epoch 30/30  Batch 1/2188 (0.0%)  | Super 103.758 (box 1.3526  cls 0.7725  dfl 1.1173)  | Base 105.357 (box 1.3716  cls 0.8155  dfl 1.1053)  | KD 11.069 (box 0.33056  cls 0.01364  dfl 0.00074  feat 0.00096)
  Epoch 30/30  Batch 219/2188 (10.0%)  | Super 108.590 (box 1.4196  cls 0.8049  dfl 1.1689)  | Base 110.280 (box 1.4356  cls 0.8479  dfl 1.1628)  | KD 10.310 (box 0.30714  cls 0.01318  dfl 0.00086  feat 0.00102)
  Epoch 30/30  Batch 437/2188 (20.0%)  | Super 114.468 (box 1.5907  cls 0.8351  dfl 1.1513)  | Base 115.660 (box 1.5879  cls 0.8841  dfl 1.1424)  | KD 12.028 (box 0.36420  cls 0.00978  dfl 0.00076  feat 0.00114)
  Epoch 30/30  Batch 655/2188 (29.9%)  | Super 97.745 (box 1.2782  cls 0.7099  dfl 1.0664)  | Base 98.300 (box 1.2801  cls 0.7450  dfl 1.0468)  | KD 9.084 (box 0.27257  cls 0.00978  dfl 0.00065  feat 0.00089)
  Epoch 30/30  Batch 873/2188 (39.9%)  | Super 108.854 (box 1.3694  cls 0.8850  dfl 1.1473)  | Base 110.295 (box 1.4013  cls 0.9108  dfl 1.1346)  | KD 12.156 (box 0.36605  cls 0.01197  dfl 0.00088  feat 0.00097)
  Epoch 30/30  Batch 1091/2188 (49.9%)  | Super 96.898 (box 1.2800  cls 0.6994  dfl 1.0487)  | Base 97.697 (box 1.2937  cls 0.7172  dfl 1.0421)  | KD 9.746 (box 0.29287  cls 0.01012  dfl 0.00073  feat 0.00085)
  Epoch 30/30  Batch 1309/2188 (59.8%)  | Super 97.489 (box 1.2472  cls 0.7246  dfl 1.0748)  | Base 98.779 (box 1.2662  cls 0.7472  dfl 1.0734)  | KD 10.933 (box 0.32324  cls 0.01652  dfl 0.00089  feat 0.00101)
  Epoch 30/30  Batch 1527/2188 (69.8%)  | Super 103.728 (box 1.3437  cls 0.7973  dfl 1.1004)  | Base 105.423 (box 1.3690  cls 0.8306  dfl 1.0949)  | KD 10.269 (box 0.30134  cls 0.01755  dfl 0.00086  feat 0.00117)
  Epoch 30/30  Batch 1745/2188 (79.8%)  | Super 99.494 (box 1.2931  cls 0.7339  dfl 1.0822)  | Base 101.589 (box 1.3174  cls 0.7828  dfl 1.0745)  | KD 10.015 (box 0.30030  cls 0.01091  dfl 0.00076  feat 0.00102)
  Epoch 30/30  Batch 1963/2188 (89.7%)  | Super 95.618 (box 1.2449  cls 0.7080  dfl 1.0351)  | Base 96.795 (box 1.2541  cls 0.7470  dfl 1.0237)  | KD 10.284 (box 0.30358  cls 0.01585  dfl 0.00077  feat 0.00119)
  Epoch 30/30  Batch 2181/2188 (99.7%)  | Super 105.000 (box 1.3722  cls 0.7277  dfl 1.1814)  | Base 106.496 (box 1.4029  cls 0.7570  dfl 1.1681)  | KD 9.985 (box 0.29830  cls 0.01187  dfl 0.00080  feat 0.00107)

================================================================================
  [Validation] Super model (skip=False)  |  Epoch 30/30
================================================================================
[*] Validation input tensor shape: torch.Size([32, 3, 736, 1312])
                 Class     Images  Instances      Box(P          R      mAP50  mAP50-95)
                   all      10000     185578      0.746      0.524      0.587      0.345

================================================================================
  [Validation] Base model  (skip=True)   |  Epoch 30/30
================================================================================
[*] Validation input tensor shape: torch.Size([32, 3, 736, 1312])
                 Class     Images  Instances      Box(P          R      mAP50  mAP50-95)
                   all      10000     185578       0.73      0.518      0.574      0.333

21 epochs completed in 5.062 hours.
Optimizer stripped from runs/bdd100k/detect/anydepth-yolov12s/train/weights/last.pt, 15.7MB
Optimizer stripped from runs/bdd100k/detect/anydepth-yolov12s/train/weights/best.pt, 15.7MB

Validating runs/bdd100k/detect/anydepth-yolov12s/train/weights/best.pt...
Ultralytics 8.3.63 🚀 Python-3.11.13 torch-2.2.2+cu121 CUDA:0 (NVIDIA RTX 6000 Ada Generation, 48509MiB)
                                                       CUDA:1 (NVIDIA RTX 6000 Ada Generation, 48500MiB)
YOLO-ad-v12s-orig summary: 827 layers, 7,403,518 parameters, 0 gradients, 22.3 GFLOPs

[*] FLOPs calculated at resolution: 736x1312
| module                 | #parameters or shape   | #flops   |
|:-----------------------|:-----------------------|:---------|
| base_model.model.model | 7.404M                 | 26.158G  |
| 0.conv                 | 0.896K                 | 0.209G   |
| 0.conv.weight          | (32, 3, 3, 3)          |          |
| 0.conv.bias            | (32,)                  |          |
| 1.conv                 | 9.28K                  | 0.556G   |
| 1.conv.weight          | (64, 16, 3, 3)         |          |
| 1.conv.bias            | (64,)                  |          |
| 2                      | 39.92K                 | 2.377G   |
| 2.cv1                  | 4.352K                 | 0.255G   |
| 2.cv1.conv             | 4.096K                 | 0.247G   |
| 2.cv1.bn               | 0.128K                 | 7.725M   |
| 2.cv1.bn_skip          | 0.128K                 |          |
| 2.cv2                  | 16.896K                | 1.004G   |
| 2.cv2.conv             | 16.384K                | 0.989G   |
| 2.cv2.bn               | 0.256K                 | 15.45M   |
| 2.cv2.bn_skip          | 0.256K                 |          |
| 2.m                    | 18.672K                | 1.118G   |
| 2.m.0                  | 9.408K                 | 0.562G   |
| 2.m.1                  | 9.264K                 | 0.556G   |
| 3                      | 37.376K                | 0.56G    |
| 3.conv                 | 36.864K                | 0.556G   |
| 3.conv.weight          | (128, 32, 3, 3)        |          |
| 3.bn                   | 0.256K                 | 3.863M   |
| 3.bn.weight            | (128,)                 |          |
| 3.bn.bias              | (128,)                 |          |
| 3.bn_skip              | 0.256K                 |          |
| 3.bn_skip.weight       | (128,)                 |          |
| 3.bn_skip.bias         | (128,)                 |          |
| 4                      | 0.158M                 | 2.363G   |
| 4.cv1                  | 16.896K                | 0.251G   |
| 4.cv1.conv             | 16.384K                | 0.247G   |
| 4.cv1.bn               | 0.256K                 | 3.863M   |
| 4.cv1.bn_skip          | 0.256K                 |          |
| 4.cv2                  | 66.56K                 | 0.997G   |
| 4.cv2.conv             | 65.536K                | 0.989G   |
| 4.cv2.bn               | 0.512K                 | 7.725M   |
| 4.cv2.bn_skip          | 0.512K                 |          |
| 4.m                    | 74.208K                | 1.115G   |
| 4.m.0                  | 37.248K                | 0.559G   |
| 4.m.1                  | 36.96K                 | 0.556G   |
| 5                      | 0.591M                 | 2.227G   |
| 5.conv                 | 0.59M                  | 2.225G   |
| 5.conv.weight          | (256, 256, 3, 3)       |          |
| 5.bn                   | 0.512K                 | 1.931M   |
| 5.bn.weight            | (256,)                 |          |
| 5.bn.bias              | (256,)                 |          |
| 5.bn_skip              | 0.512K                 |          |
| 5.bn_skip.weight       | (256,)                 |          |
| 5.bn_skip.bias         | (256,)                 |          |
| 6                      | 1.391M                 | 4.827G   |
| 6.gamma                | (256,)                 |          |
| 6.cv1                  | 33.28K                 | 0.125G   |
| 6.cv1.conv             | 32.768K                | 0.124G   |
| 6.cv1.bn               | 0.256K                 | 0.966M   |
| 6.cv1.bn_skip          | 0.256K                 |          |
| 6.cv2                  | 0.263M                 | 0.62G    |
| 6.cv2.conv             | 0.164M                 | 0.618G   |
| 6.cv2.bn               | 0.512K                 | 1.931M   |
| 6.cv2.bn_skip          | 0.512K                 |          |
| 6.cv2.conv_skip        | 98.304K                |          |
| 6.m                    | 1.095M                 | 4.083G   |
| 6.m.0                  | 0.277M                 | 1.028G   |
| 6.m.1                  | 0.277M                 | 1.028G   |
| 6.m.2                  | 0.271M                 | 1.013G   |
| 6.m.3                  | 0.271M                 | 1.013G   |
| 7                      | 0.591M                 | 0.557G   |
| 7.conv                 | 0.59M                  | 0.556G   |
| 7.conv.weight          | (256, 256, 3, 3)       |          |
| 7.bn                   | 0.512K                 | 0.483M   |
| 7.bn.weight            | (256,)                 |          |
| 7.bn.bias              | (256,)                 |          |
| 7.bn_skip              | 0.512K                 |          |
| 7.bn_skip.weight       | (256,)                 |          |
| 7.bn_skip.bias         | (256,)                 |          |
| 8                      | 1.391M                 | 1.207G   |
| 8.gamma                | (256,)                 |          |
| 8.cv1                  | 33.28K                 | 31.142M  |
| 8.cv1.conv             | 32.768K                | 30.9M    |
| 8.cv1.bn               | 0.256K                 | 0.241M   |
| 8.cv1.bn_skip          | 0.256K                 |          |
| 8.cv2                  | 0.263M                 | 0.155G   |
| 8.cv2.conv             | 0.164M                 | 0.155G   |
| 8.cv2.bn               | 0.512K                 | 0.483M   |
| 8.cv2.bn_skip          | 0.512K                 |          |
| 8.cv2.conv_skip        | 98.304K                |          |
| 8.m                    | 1.095M                 | 1.021G   |
| 8.m.0                  | 0.277M                 | 0.257G   |
| 8.m.1                  | 0.277M                 | 0.257G   |
| 8.m.2                  | 0.271M                 | 0.253G   |
| 8.m.3                  | 0.271M                 | 0.253G   |
| 11                     | 0.528M                 | 1.984G   |
| 11.cv1                 | 66.048K                | 0.248G   |
| 11.cv1.conv            | 65.536K                | 0.247G   |
| 11.cv1.bn              | 0.256K                 | 0.966M   |
| 11.cv1.bn_skip         | 0.256K                 |          |
| 11.cv2                 | 99.328K                | 0.373G   |
| 11.cv2.conv            | 98.304K                | 0.371G   |
| 11.cv2.bn              | 0.512K                 | 1.931M   |
| 11.cv2.bn_skip         | 0.512K                 |          |
| 11.m                   | 0.363M                 | 1.363G   |
| 11.m.0                 | 0.182M                 | 0.684G   |
| 11.m.1                 | 0.181M                 | 0.68G    |
| 14                     | 0.15M                  | 2.238G   |
| 14.cv1                 | 33.024K                | 0.496G   |
| 14.cv1.conv            | 32.768K                | 0.494G   |
| 14.cv1.bn              | 0.128K                 | 1.931M   |
| 14.cv1.bn_skip         | 0.128K                 |          |
| 14.cv2                 | 25.088K                | 0.375G   |
| 14.cv2.conv            | 24.576K                | 0.371G   |
| 14.cv2.bn              | 0.256K                 | 3.863M   |
| 14.cv2.bn_skip         | 0.256K                 |          |
| 14.m                   | 91.392K                | 1.367G   |
| 14.m.0                 | 46.08K                 | 0.688G   |
| 14.m.1                 | 45.312K                | 0.68G    |
| 15                     | 0.148M                 | 0.557G   |
| 15.conv                | 0.147M                 | 0.556G   |
| 15.conv.weight         | (128, 128, 3, 3)       |          |
| 15.bn                  | 0.256K                 | 0.966M   |
| 15.bn.weight           | (128,)                 |          |
| 15.bn.bias             | (128,)                 |          |
| 15.bn_skip             | 0.256K                 |          |
| 15.bn_skip.weight      | (128,)                 |          |
| 15.bn_skip.bias        | (128,)                 |          |
| 17                     | 0.512M                 | 1.923G   |
| 17.cv1                 | 49.664K                | 0.186G   |
| 17.cv1.conv            | 49.152K                | 0.185G   |
| 17.cv1.bn              | 0.256K                 | 0.966M   |
| 17.cv1.bn_skip         | 0.256K                 |          |
| 17.cv2                 | 99.328K                | 0.373G   |
| 17.cv2.conv            | 98.304K                | 0.371G   |
| 17.cv2.bn              | 0.512K                 | 1.931M   |
| 17.cv2.bn_skip         | 0.512K                 |          |
| 17.m                   | 0.363M                 | 1.363G   |
| 17.m.0                 | 0.182M                 | 0.684G   |
| 17.m.1                 | 0.181M                 | 0.68G    |
| 18                     | 0.591M                 | 0.557G   |
| 18.conv                | 0.59M                  | 0.556G   |
| 18.conv.weight         | (256, 256, 3, 3)       |          |
| 18.bn                  | 0.512K                 | 0.483M   |
| 18.bn.weight           | (256,)                 |          |
| 18.bn.bias             | (256,)                 |          |
| 18.bn_skip             | 0.512K                 |          |
| 18.bn_skip.weight      | (256,)                 |          |
| 18.bn_skip.bias        | (256,)                 |          |
| 20                     | 0.627M                 | 0.589G   |
| 20.cv1                 | 0.132M                 | 0.124G   |
| 20.cv1.conv            | 0.131M                 | 0.124G   |
| 20.cv1.bn              | 0.512K                 | 0.483M   |
| 20.cv1.bn_skip         | 0.512K                 |          |
| 20.cv2                 | 0.132M                 | 0.124G   |
| 20.cv2.conv            | 0.131M                 | 0.124G   |
| 20.cv2.bn              | 0.512K                 | 0.483M   |
| 20.cv2.bn_skip         | 0.512K                 |          |
| 20.m                   | 0.363M                 | 0.341G   |
| 20.m.0                 | 0.182M                 | 0.171G   |
| 20.m.1                 | 0.181M                 | 0.17G    |
| 21                     | 0.638M                 | 3.423G   |
| 21.cv2                 | 0.492M                 | 2.619G   |
| 21.cv2.0               | 0.115M                 | 1.73G    |
| 21.cv2.1               | 0.189M                 | 0.711G   |
| 21.cv2.2               | 0.189M                 | 0.178G   |
| 21.cv3                 | 0.146M                 | 0.803G   |
| 21.cv3.0               | 36.874K                | 0.548G   |
| 21.cv3.1               | 54.538K                | 0.203G   |
| 21.cv3.2               | 54.538K                | 50.816M  |
| 21.dfl.conv            | 16                     | 1.267M   |
| 21.dfl.conv.weight     | (1, 16, 1, 1)          |          |
| 9                      |                        | 0.966M   |
| 12                     |                        | 3.863M   |
  MACs  : 26.16 GMACs
  FLOPs : 52.32 GFLOPs
[*] Validation input tensor shape: torch.Size([32, 3, 736, 1312])
                 Class     Images  Instances      Box(P          R      mAP50  mAP50-95)
                   all      10000     185578      0.745      0.525      0.587      0.345
                person       3220      13265      0.793      0.617       0.72      0.387
                 rider        515        649      0.694      0.475      0.527      0.295
                   car       9879     102540       0.84       0.73      0.831      0.526
                   bus       1242       1597      0.682      0.584      0.655      0.515
                 truck       2689       4247      0.635      0.624       0.66      0.489
                  bike        578       1007      0.651      0.497      0.555      0.295
                 motor        334        452      0.677      0.436      0.508      0.266
         traffic light       5653      26891      0.733      0.618      0.681      0.275
          traffic sign       8221      34915      0.741      0.666      0.736      0.403
                 train         14         15          1          0          0          0
Speed: 0.1ms preprocess, 2.6ms inference, 0.0ms loss, 0.3ms postprocess per image
Results saved to [1mruns/bdd100k/detect/anydepth-yolov12s/train[0m
WARNING: Plotting error for runs/bdd100k/detect/anydepth-yolov12s/train/results.csv: could not convert string to float: 'super'
/home/hslee/context-anydepth-det/anydepth-yolov12/ultralytics/utils/plotting.py:1231: UserWarning: No artists with labels found to put in legend.  Note that artists whose label start with an underscore are ignored when legend() is called with no argument.
  ax[1].legend()
