WARNING:__main__:
*****************************************
Setting OMP_NUM_THREADS environment variable for each process to be 1 in default, to avoid your system being overloaded, please further tune the variable for optimal performance in your application as needed. 
*****************************************
[*] Image size: 1280
[*] Starting new training using pretrained weight: ./pretrained/yolo-ad-small_0.479_0.451.pt
task: detect
Loading YOLOv12 Any-Depth model from ultralytics/cfg/models/v12/yolo-ad-v12s-orig.yaml
Loading YOLOv12 Any-Depth model from ultralytics/cfg/models/v12/yolo-ad-v12s-orig.yaml
Found YOLOv12 Any-Depth model scale: s
Found YOLOv12 Any-Depth model scale: s
Transferred 1728/1728 items from pretrained weights
Ultralytics 8.3.63 🚀 Python-3.11.13 torch-2.2.2+cu121 CUDA:0 (NVIDIA RTX 6000 Ada Generation, 48509MiB)
                                                       CUDA:1 (NVIDIA RTX 6000 Ada Generation, 48500MiB)
Overriding model.yaml nc=80 with nc=10
Transferred 1722/1728 items from pretrained weights
Not transferred items (6):
  - [Shape Mismatch] model.21.cv3.0.2.bias: model [10] != pretrained [80]
  - [Shape Mismatch] model.21.cv3.0.2.weight: model [10, 128, 1, 1] != pretrained [80, 128, 1, 1]
  - [Shape Mismatch] model.21.cv3.1.2.bias: model [10] != pretrained [80]
  - [Shape Mismatch] model.21.cv3.1.2.weight: model [10, 128, 1, 1] != pretrained [80, 128, 1, 1]
  - [Shape Mismatch] model.21.cv3.2.2.bias: model [10] != pretrained [80]
  - [Shape Mismatch] model.21.cv3.2.2.weight: model [10, 128, 1, 1] != pretrained [80, 128, 1, 1]
Freezing layer 'model.21.dfl.conv.weight'
[34m[1mAMP: [0mrunning Automatic Mixed Precision (AMP) checks...
task: None
[34m[1mAMP: [0mchecks passed ✅
[34m[1mtrain: [0mScanning /media/data/bdd100k_yolo/train/labels.cache... 70000 images, 0 backgrounds, 0 corrupt: 100%|██████████| 70000/70000 [00:00<?, ?it/s][34m[1mtrain: [0mScanning /media/data/bdd100k_yolo/train/labels.cache... 70000 images, 0 backgrounds, 0 corrupt: 100%|██████████| 70000/70000 [00:00<?, ?it/s]
[34m[1mtrain: [0mWARNING ⚠️ /media/data/bdd100k_yolo/train/images/75055858-7d04a650.jpg: 1 duplicate labels removed
/home/hslee/anaconda3/envs/yolov12/lib/python3.11/site-packages/albumentations/__init__.py:28: UserWarning: A new version of Albumentations is available: '2.0.8' (you have '2.0.4'). Upgrade using: pip install -U albumentations. To disable automatic update checks, set the environment variable NO_ALBUMENTATIONS_UPDATE to 1.
  check_for_updates()
[34m[1malbumentations: [0mBlur(p=0.01, blur_limit=(3, 7)), MedianBlur(p=0.01, blur_limit=(3, 7)), ToGray(p=0.01, num_output_channels=3, method='weighted_average'), CLAHE(p=0.01, clip_limit=(1.0, 4.0), tile_grid_size=(8, 8))
WARNING ⚠️ 'rect=True' is incompatible with DataLoader shuffle, setting shuffle=False
[34m[1mval: [0mScanning /media/data/bdd100k_yolo/val/labels.cache... 10000 images, 0 backgrounds, 0 corrupt: 100%|██████████| 10000/10000 [00:00<?, ?it/s][34m[1mval: [0mScanning /media/data/bdd100k_yolo/val/labels.cache... 10000 images, 0 backgrounds, 0 corrupt: 100%|██████████| 10000/10000 [00:00<?, ?it/s]
Plotting labels to runs/bdd100k/detect/anydepth-yolov12s/train/labels.jpg... 
/home/hslee/anaconda3/envs/yolov12/lib/python3.11/site-packages/albumentations/__init__.py:28: UserWarning: A new version of Albumentations is available: '2.0.8' (you have '2.0.4'). Upgrade using: pip install -U albumentations. To disable automatic update checks, set the environment variable NO_ALBUMENTATIONS_UPDATE to 1.
  check_for_updates()
[34m[1moptimizer:[0m SGD(lr=0.001, momentum=0.9) with parameter groups 302 weight(decay=0.0), 212 weight(decay=0.0005), 308 bias(decay=0.0)
DistributedDataParallel(
  (module): DetectionModelAnyDepth(
    (model): Sequential(
      (0): Conv(
        (conv): Conv2d(3, 32, kernel_size=(3, 3), stride=(2, 2), padding=(1, 1), bias=False)
        (bn): BatchNorm2d(32, eps=0.001, momentum=0.03, affine=True, track_running_stats=True)
        (act): SiLU(inplace=True)
      )
      (1): Conv(
        (conv): Conv2d(32, 64, kernel_size=(3, 3), stride=(2, 2), padding=(1, 1), groups=2, bias=False)
        (bn): BatchNorm2d(64, eps=0.001, momentum=0.03, affine=True, track_running_stats=True)
        (act): SiLU(inplace=True)
      )
      (2): SkippableC3k2(
        (cv1): SwitchableConv(
          (conv): Conv2d(64, 64, kernel_size=(1, 1), stride=(1, 1), bias=False)
          (bn): BatchNorm2d(64, eps=0.001, momentum=0.03, affine=True, track_running_stats=True)
          (bn_skip): BatchNorm2d(64, eps=0.001, momentum=0.03, affine=True, track_running_stats=True)
          (act): SiLU(inplace=True)
        )
        (cv2): SwitchableConv(
          (conv): Conv2d(128, 128, kernel_size=(1, 1), stride=(1, 1), bias=False)
          (bn): BatchNorm2d(128, eps=0.001, momentum=0.03, affine=True, track_running_stats=True)
          (bn_skip): BatchNorm2d(128, eps=0.001, momentum=0.03, affine=True, track_running_stats=True)
          (act): SiLU(inplace=True)
        )
        (m): ModuleList(
          (0): Bottleneck(
            (cv1): SwitchableConv(
              (conv): Conv2d(32, 16, kernel_size=(3, 3), stride=(1, 1), padding=(1, 1), bias=False)
              (bn): BatchNorm2d(16, eps=0.001, momentum=0.03, affine=True, track_running_stats=True)
              (bn_skip): BatchNorm2d(16, eps=0.001, momentum=0.03, affine=True, track_running_stats=True)
              (act): SiLU(inplace=True)
            )
            (cv2): SwitchableConv(
              (conv): Conv2d(16, 32, kernel_size=(3, 3), stride=(1, 1), padding=(1, 1), bias=False)
              (bn): BatchNorm2d(32, eps=0.001, momentum=0.03, affine=True, track_running_stats=True)
              (bn_skip): BatchNorm2d(32, eps=0.001, momentum=0.03, affine=True, track_running_stats=True)
              (act): SiLU(inplace=True)
            )
          )
          (1): Bottleneck(
            (cv1): Conv(
              (conv): Conv2d(32, 16, kernel_size=(3, 3), stride=(1, 1), padding=(1, 1), bias=False)
              (bn): BatchNorm2d(16, eps=0.001, momentum=0.03, affine=True, track_running_stats=True)
              (act): SiLU(inplace=True)
            )
            (cv2): Conv(
              (conv): Conv2d(16, 32, kernel_size=(3, 3), stride=(1, 1), padding=(1, 1), bias=False)
              (bn): BatchNorm2d(32, eps=0.001, momentum=0.03, affine=True, track_running_stats=True)
              (act): SiLU(inplace=True)
            )
          )
        )
      )
      (3): SwitchableConv(
        (conv): Conv2d(128, 128, kernel_size=(3, 3), stride=(2, 2), padding=(1, 1), groups=4, bias=False)
        (bn): BatchNorm2d(128, eps=0.001, momentum=0.03, affine=True, track_running_stats=True)
        (bn_skip): BatchNorm2d(128, eps=0.001, momentum=0.03, affine=True, track_running_stats=True)
        (act): SiLU(inplace=True)
      )
      (4): SkippableC3k2(
        (cv1): SwitchableConv(
          (conv): Conv2d(128, 128, kernel_size=(1, 1), stride=(1, 1), bias=False)
          (bn): BatchNorm2d(128, eps=0.001, momentum=0.03, affine=True, track_running_stats=True)
          (bn_skip): BatchNorm2d(128, eps=0.001, momentum=0.03, affine=True, track_running_stats=True)
          (act): SiLU(inplace=True)
        )
        (cv2): SwitchableConv(
          (conv): Conv2d(256, 256, kernel_size=(1, 1), stride=(1, 1), bias=False)
          (bn): BatchNorm2d(256, eps=0.001, momentum=0.03, affine=True, track_running_stats=True)
          (bn_skip): BatchNorm2d(256, eps=0.001, momentum=0.03, affine=True, track_running_stats=True)
          (act): SiLU(inplace=True)
        )
        (m): ModuleList(
          (0): Bottleneck(
            (cv1): SwitchableConv(
              (conv): Conv2d(64, 32, kernel_size=(3, 3), stride=(1, 1), padding=(1, 1), bias=False)
              (bn): BatchNorm2d(32, eps=0.001, momentum=0.03, affine=True, track_running_stats=True)
              (bn_skip): BatchNorm2d(32, eps=0.001, momentum=0.03, affine=True, track_running_stats=True)
              (act): SiLU(inplace=True)
            )
            (cv2): SwitchableConv(
              (conv): Conv2d(32, 64, kernel_size=(3, 3), stride=(1, 1), padding=(1, 1), bias=False)
              (bn): BatchNorm2d(64, eps=0.001, momentum=0.03, affine=True, track_running_stats=True)
              (bn_skip): BatchNorm2d(64, eps=0.001, momentum=0.03, affine=True, track_running_stats=True)
              (act): SiLU(inplace=True)
            )
          )
          (1): Bottleneck(
            (cv1): Conv(
              (conv): Conv2d(64, 32, kernel_size=(3, 3), stride=(1, 1), padding=(1, 1), bias=False)
              (bn): BatchNorm2d(32, eps=0.001, momentum=0.03, affine=True, track_running_stats=True)
              (act): SiLU(inplace=True)
            )
            (cv2): Conv(
              (conv): Conv2d(32, 64, kernel_size=(3, 3), stride=(1, 1), padding=(1, 1), bias=False)
              (bn): BatchNorm2d(64, eps=0.001, momentum=0.03, affine=True, track_running_stats=True)
              (act): SiLU(inplace=True)
            )
          )
        )
      )
      (5): SwitchableConv(
        (conv): Conv2d(256, 256, kernel_size=(3, 3), stride=(2, 2), padding=(1, 1), bias=False)
        (bn): BatchNorm2d(256, eps=0.001, momentum=0.03, affine=True, track_running_stats=True)
        (bn_skip): BatchNorm2d(256, eps=0.001, momentum=0.03, affine=True, track_running_stats=True)
        (act): SiLU(inplace=True)
      )
      (6): SkippableA2C2f(
        (cv1): SwitchableConv(
          (conv): Conv2d(256, 128, kernel_size=(1, 1), stride=(1, 1), bias=False)
          (bn): BatchNorm2d(128, eps=0.001, momentum=0.03, affine=True, track_running_stats=True)
          (bn_skip): BatchNorm2d(128, eps=0.001, momentum=0.03, affine=True, track_running_stats=True)
          (act): SiLU(inplace=True)
        )
        (cv2): SwitchableConv(
          (conv): Conv2d(640, 256, kernel_size=(1, 1), stride=(1, 1), bias=False)
          (bn): BatchNorm2d(256, eps=0.001, momentum=0.03, affine=True, track_running_stats=True)
          (bn_skip): BatchNorm2d(256, eps=0.001, momentum=0.03, affine=True, track_running_stats=True)
          (conv_skip): Conv2d(384, 256, kernel_size=(1, 1), stride=(1, 1), bias=False)
          (act): SiLU(inplace=True)
        )
        (m): ModuleList(
          (0-1): 2 x SwitchableSequential(
            (0): ABlock(
              (attn): SwitchableAAttn(
                (qk): SwitchableConv(
                  (conv): Conv2d(128, 256, kernel_size=(1, 1), stride=(1, 1), bias=False)
                  (bn): BatchNorm2d(256, eps=0.001, momentum=0.03, affine=True, track_running_stats=True)
                  (bn_skip): BatchNorm2d(256, eps=0.001, momentum=0.03, affine=True, track_running_stats=True)
                  (act): Identity()
                )
                (v): SwitchableConv(
                  (conv): Conv2d(128, 128, kernel_size=(1, 1), stride=(1, 1), bias=False)
                  (bn): BatchNorm2d(128, eps=0.001, momentum=0.03, affine=True, track_running_stats=True)
                  (bn_skip): BatchNorm2d(128, eps=0.001, momentum=0.03, affine=True, track_running_stats=True)
                  (act): Identity()
                )
                (proj): SwitchableConv(
                  (conv): Conv2d(128, 128, kernel_size=(1, 1), stride=(1, 1), bias=False)
                  (bn): BatchNorm2d(128, eps=0.001, momentum=0.03, affine=True, track_running_stats=True)
                  (bn_skip): BatchNorm2d(128, eps=0.001, momentum=0.03, affine=True, track_running_stats=True)
                  (act): Identity()
                )
                (pe): SwitchableConv(
                  (conv): Conv2d(128, 128, kernel_size=(5, 5), stride=(1, 1), padding=(2, 2), groups=128, bias=False)
                  (bn): BatchNorm2d(128, eps=0.001, momentum=0.03, affine=True, track_running_stats=True)
                  (bn_skip): BatchNorm2d(128, eps=0.001, momentum=0.03, affine=True, track_running_stats=True)
                  (act): Identity()
                )
              )
              (mlp): SwitchableSequential(
                (0): SwitchableConv(
                  (conv): Conv2d(128, 256, kernel_size=(1, 1), stride=(1, 1), bias=False)
                  (bn): BatchNorm2d(256, eps=0.001, momentum=0.03, affine=True, track_running_stats=True)
                  (bn_skip): BatchNorm2d(256, eps=0.001, momentum=0.03, affine=True, track_running_stats=True)
                  (act): SiLU(inplace=True)
                )
                (1): SwitchableConv(
                  (conv): Conv2d(256, 128, kernel_size=(1, 1), stride=(1, 1), bias=False)
                  (bn): BatchNorm2d(128, eps=0.001, momentum=0.03, affine=True, track_running_stats=True)
                  (bn_skip): BatchNorm2d(128, eps=0.001, momentum=0.03, affine=True, track_running_stats=True)
                  (act): Identity()
                )
              )
            )
            (1): ABlock(
              (attn): SwitchableAAttn(
                (qk): SwitchableConv(
                  (conv): Conv2d(128, 256, kernel_size=(1, 1), stride=(1, 1), bias=False)
                  (bn): BatchNorm2d(256, eps=0.001, momentum=0.03, affine=True, track_running_stats=True)
                  (bn_skip): BatchNorm2d(256, eps=0.001, momentum=0.03, affine=True, track_running_stats=True)
                  (act): Identity()
                )
                (v): SwitchableConv(
                  (conv): Conv2d(128, 128, kernel_size=(1, 1), stride=(1, 1), bias=False)
                  (bn): BatchNorm2d(128, eps=0.001, momentum=0.03, affine=True, track_running_stats=True)
                  (bn_skip): BatchNorm2d(128, eps=0.001, momentum=0.03, affine=True, track_running_stats=True)
                  (act): Identity()
                )
                (proj): SwitchableConv(
                  (conv): Conv2d(128, 128, kernel_size=(1, 1), stride=(1, 1), bias=False)
                  (bn): BatchNorm2d(128, eps=0.001, momentum=0.03, affine=True, track_running_stats=True)
                  (bn_skip): BatchNorm2d(128, eps=0.001, momentum=0.03, affine=True, track_running_stats=True)
                  (act): Identity()
                )
                (pe): SwitchableConv(
                  (conv): Conv2d(128, 128, kernel_size=(5, 5), stride=(1, 1), padding=(2, 2), groups=128, bias=False)
                  (bn): BatchNorm2d(128, eps=0.001, momentum=0.03, affine=True, track_running_stats=True)
                  (bn_skip): BatchNorm2d(128, eps=0.001, momentum=0.03, affine=True, track_running_stats=True)
                  (act): Identity()
                )
              )
              (mlp): SwitchableSequential(
                (0): SwitchableConv(
                  (conv): Conv2d(128, 256, kernel_size=(1, 1), stride=(1, 1), bias=False)
                  (bn): BatchNorm2d(256, eps=0.001, momentum=0.03, affine=True, track_running_stats=True)
                  (bn_skip): BatchNorm2d(256, eps=0.001, momentum=0.03, affine=True, track_running_stats=True)
                  (act): SiLU(inplace=True)
                )
                (1): SwitchableConv(
                  (conv): Conv2d(256, 128, kernel_size=(1, 1), stride=(1, 1), bias=False)
                  (bn): BatchNorm2d(128, eps=0.001, momentum=0.03, affine=True, track_running_stats=True)
                  (bn_skip): BatchNorm2d(128, eps=0.001, momentum=0.03, affine=True, track_running_stats=True)
                  (act): Identity()
                )
              )
            )
          )
          (2-3): 2 x Sequential(
            (0): ABlock(
              (attn): AAttn(
                (qk): Conv(
                  (conv): Conv2d(128, 256, kernel_size=(1, 1), stride=(1, 1), bias=False)
                  (bn): BatchNorm2d(256, eps=0.001, momentum=0.03, affine=True, track_running_stats=True)
                  (act): Identity()
                )
                (v): Conv(
                  (conv): Conv2d(128, 128, kernel_size=(1, 1), stride=(1, 1), bias=False)
                  (bn): BatchNorm2d(128, eps=0.001, momentum=0.03, affine=True, track_running_stats=True)
                  (act): Identity()
                )
                (proj): Conv(
                  (conv): Conv2d(128, 128, kernel_size=(1, 1), stride=(1, 1), bias=False)
                  (bn): BatchNorm2d(128, eps=0.001, momentum=0.03, affine=True, track_running_stats=True)
                  (act): Identity()
                )
                (pe): Conv(
                  (conv): Conv2d(128, 128, kernel_size=(5, 5), stride=(1, 1), padding=(2, 2), groups=128, bias=False)
                  (bn): BatchNorm2d(128, eps=0.001, momentum=0.03, affine=True, track_running_stats=True)
                  (act): Identity()
                )
              )
              (mlp): Sequential(
                (0): Conv(
                  (conv): Conv2d(128, 256, kernel_size=(1, 1), stride=(1, 1), bias=False)
                  (bn): BatchNorm2d(256, eps=0.001, momentum=0.03, affine=True, track_running_stats=True)
                  (act): SiLU(inplace=True)
                )
                (1): Conv(
                  (conv): Conv2d(256, 128, kernel_size=(1, 1), stride=(1, 1), bias=False)
                  (bn): BatchNorm2d(128, eps=0.001, momentum=0.03, affine=True, track_running_stats=True)
                  (act): Identity()
                )
              )
            )
            (1): ABlock(
              (attn): AAttn(
                (qk): Conv(
                  (conv): Conv2d(128, 256, kernel_size=(1, 1), stride=(1, 1), bias=False)
                  (bn): BatchNorm2d(256, eps=0.001, momentum=0.03, affine=True, track_running_stats=True)
                  (act): Identity()
                )
                (v): Conv(
                  (conv): Conv2d(128, 128, kernel_size=(1, 1), stride=(1, 1), bias=False)
                  (bn): BatchNorm2d(128, eps=0.001, momentum=0.03, affine=True, track_running_stats=True)
                  (act): Identity()
                )
                (proj): Conv(
                  (conv): Conv2d(128, 128, kernel_size=(1, 1), stride=(1, 1), bias=False)
                  (bn): BatchNorm2d(128, eps=0.001, momentum=0.03, affine=True, track_running_stats=True)
                  (act): Identity()
                )
                (pe): Conv(
                  (conv): Conv2d(128, 128, kernel_size=(5, 5), stride=(1, 1), padding=(2, 2), groups=128, bias=False)
                  (bn): BatchNorm2d(128, eps=0.001, momentum=0.03, affine=True, track_running_stats=True)
                  (act): Identity()
                )
              )
              (mlp): Sequential(
                (0): Conv(
                  (conv): Conv2d(128, 256, kernel_size=(1, 1), stride=(1, 1), bias=False)
                  (bn): BatchNorm2d(256, eps=0.001, momentum=0.03, affine=True, track_running_stats=True)
                  (act): SiLU(inplace=True)
                )
                (1): Conv(
                  (conv): Conv2d(256, 128, kernel_size=(1, 1), stride=(1, 1), bias=False)
                  (bn): BatchNorm2d(128, eps=0.001, momentum=0.03, affine=True, track_running_stats=True)
                  (act): Identity()
                )
              )
            )
          )
        )
      )
      (7): SwitchableConv(
        (conv): Conv2d(256, 256, kernel_size=(3, 3), stride=(2, 2), padding=(1, 1), bias=False)
        (bn): BatchNorm2d(256, eps=0.001, momentum=0.03, affine=True, track_running_stats=True)
        (bn_skip): BatchNorm2d(256, eps=0.001, momentum=0.03, affine=True, track_running_stats=True)
        (act): SiLU(inplace=True)
      )
      (8): SkippableA2C2f(
        (cv1): SwitchableConv(
          (conv): Conv2d(256, 128, kernel_size=(1, 1), stride=(1, 1), bias=False)
          (bn): BatchNorm2d(128, eps=0.001, momentum=0.03, affine=True, track_running_stats=True)
          (bn_skip): BatchNorm2d(128, eps=0.001, momentum=0.03, affine=True, track_running_stats=True)
          (act): SiLU(inplace=True)
        )
        (cv2): SwitchableConv(
          (conv): Conv2d(640, 256, kernel_size=(1, 1), stride=(1, 1), bias=False)
          (bn): BatchNorm2d(256, eps=0.001, momentum=0.03, affine=True, track_running_stats=True)
          (bn_skip): BatchNorm2d(256, eps=0.001, momentum=0.03, affine=True, track_running_stats=True)
          (conv_skip): Conv2d(384, 256, kernel_size=(1, 1), stride=(1, 1), bias=False)
          (act): SiLU(inplace=True)
        )
        (m): ModuleList(
          (0-1): 2 x SwitchableSequential(
            (0): ABlock(
              (attn): SwitchableAAttn(
                (qk): SwitchableConv(
                  (conv): Conv2d(128, 256, kernel_size=(1, 1), stride=(1, 1), bias=False)
                  (bn): BatchNorm2d(256, eps=0.001, momentum=0.03, affine=True, track_running_stats=True)
                  (bn_skip): BatchNorm2d(256, eps=0.001, momentum=0.03, affine=True, track_running_stats=True)
                  (act): Identity()
                )
                (v): SwitchableConv(
                  (conv): Conv2d(128, 128, kernel_size=(1, 1), stride=(1, 1), bias=False)
                  (bn): BatchNorm2d(128, eps=0.001, momentum=0.03, affine=True, track_running_stats=True)
                  (bn_skip): BatchNorm2d(128, eps=0.001, momentum=0.03, affine=True, track_running_stats=True)
                  (act): Identity()
                )
                (proj): SwitchableConv(
                  (conv): Conv2d(128, 128, kernel_size=(1, 1), stride=(1, 1), bias=False)
                  (bn): BatchNorm2d(128, eps=0.001, momentum=0.03, affine=True, track_running_stats=True)
                  (bn_skip): BatchNorm2d(128, eps=0.001, momentum=0.03, affine=True, track_running_stats=True)
                  (act): Identity()
                )
                (pe): SwitchableConv(
                  (conv): Conv2d(128, 128, kernel_size=(5, 5), stride=(1, 1), padding=(2, 2), groups=128, bias=False)
                  (bn): BatchNorm2d(128, eps=0.001, momentum=0.03, affine=True, track_running_stats=True)
                  (bn_skip): BatchNorm2d(128, eps=0.001, momentum=0.03, affine=True, track_running_stats=True)
                  (act): Identity()
                )
              )
              (mlp): SwitchableSequential(
                (0): SwitchableConv(
                  (conv): Conv2d(128, 256, kernel_size=(1, 1), stride=(1, 1), bias=False)
                  (bn): BatchNorm2d(256, eps=0.001, momentum=0.03, affine=True, track_running_stats=True)
                  (bn_skip): BatchNorm2d(256, eps=0.001, momentum=0.03, affine=True, track_running_stats=True)
                  (act): SiLU(inplace=True)
                )
                (1): SwitchableConv(
                  (conv): Conv2d(256, 128, kernel_size=(1, 1), stride=(1, 1), bias=False)
                  (bn): BatchNorm2d(128, eps=0.001, momentum=0.03, affine=True, track_running_stats=True)
                  (bn_skip): BatchNorm2d(128, eps=0.001, momentum=0.03, affine=True, track_running_stats=True)
                  (act): Identity()
                )
              )
            )
            (1): ABlock(
              (attn): SwitchableAAttn(
                (qk): SwitchableConv(
                  (conv): Conv2d(128, 256, kernel_size=(1, 1), stride=(1, 1), bias=False)
                  (bn): BatchNorm2d(256, eps=0.001, momentum=0.03, affine=True, track_running_stats=True)
                  (bn_skip): BatchNorm2d(256, eps=0.001, momentum=0.03, affine=True, track_running_stats=True)
                  (act): Identity()
                )
                (v): SwitchableConv(
                  (conv): Conv2d(128, 128, kernel_size=(1, 1), stride=(1, 1), bias=False)
                  (bn): BatchNorm2d(128, eps=0.001, momentum=0.03, affine=True, track_running_stats=True)
                  (bn_skip): BatchNorm2d(128, eps=0.001, momentum=0.03, affine=True, track_running_stats=True)
                  (act): Identity()
                )
                (proj): SwitchableConv(
                  (conv): Conv2d(128, 128, kernel_size=(1, 1), stride=(1, 1), bias=False)
                  (bn): BatchNorm2d(128, eps=0.001, momentum=0.03, affine=True, track_running_stats=True)
                  (bn_skip): BatchNorm2d(128, eps=0.001, momentum=0.03, affine=True, track_running_stats=True)
                  (act): Identity()
                )
                (pe): SwitchableConv(
                  (conv): Conv2d(128, 128, kernel_size=(5, 5), stride=(1, 1), padding=(2, 2), groups=128, bias=False)
                  (bn): BatchNorm2d(128, eps=0.001, momentum=0.03, affine=True, track_running_stats=True)
                  (bn_skip): BatchNorm2d(128, eps=0.001, momentum=0.03, affine=True, track_running_stats=True)
                  (act): Identity()
                )
              )
              (mlp): SwitchableSequential(
                (0): SwitchableConv(
                  (conv): Conv2d(128, 256, kernel_size=(1, 1), stride=(1, 1), bias=False)
                  (bn): BatchNorm2d(256, eps=0.001, momentum=0.03, affine=True, track_running_stats=True)
                  (bn_skip): BatchNorm2d(256, eps=0.001, momentum=0.03, affine=True, track_running_stats=True)
                  (act): SiLU(inplace=True)
                )
                (1): SwitchableConv(
                  (conv): Conv2d(256, 128, kernel_size=(1, 1), stride=(1, 1), bias=False)
                  (bn): BatchNorm2d(128, eps=0.001, momentum=0.03, affine=True, track_running_stats=True)
                  (bn_skip): BatchNorm2d(128, eps=0.001, momentum=0.03, affine=True, track_running_stats=True)
                  (act): Identity()
                )
              )
            )
          )
          (2-3): 2 x Sequential(
            (0): ABlock(
              (attn): AAttn(
                (qk): Conv(
                  (conv): Conv2d(128, 256, kernel_size=(1, 1), stride=(1, 1), bias=False)
                  (bn): BatchNorm2d(256, eps=0.001, momentum=0.03, affine=True, track_running_stats=True)
                  (act): Identity()
                )
                (v): Conv(
                  (conv): Conv2d(128, 128, kernel_size=(1, 1), stride=(1, 1), bias=False)
                  (bn): BatchNorm2d(128, eps=0.001, momentum=0.03, affine=True, track_running_stats=True)
                  (act): Identity()
                )
                (proj): Conv(
                  (conv): Conv2d(128, 128, kernel_size=(1, 1), stride=(1, 1), bias=False)
                  (bn): BatchNorm2d(128, eps=0.001, momentum=0.03, affine=True, track_running_stats=True)
                  (act): Identity()
                )
                (pe): Conv(
                  (conv): Conv2d(128, 128, kernel_size=(5, 5), stride=(1, 1), padding=(2, 2), groups=128, bias=False)
                  (bn): BatchNorm2d(128, eps=0.001, momentum=0.03, affine=True, track_running_stats=True)
                  (act): Identity()
                )
              )
              (mlp): Sequential(
                (0): Conv(
                  (conv): Conv2d(128, 256, kernel_size=(1, 1), stride=(1, 1), bias=False)
                  (bn): BatchNorm2d(256, eps=0.001, momentum=0.03, affine=True, track_running_stats=True)
                  (act): SiLU(inplace=True)
                )
                (1): Conv(
                  (conv): Conv2d(256, 128, kernel_size=(1, 1), stride=(1, 1), bias=False)
                  (bn): BatchNorm2d(128, eps=0.001, momentum=0.03, affine=True, track_running_stats=True)
                  (act): Identity()
                )
              )
            )
            (1): ABlock(
              (attn): AAttn(
                (qk): Conv(
                  (conv): Conv2d(128, 256, kernel_size=(1, 1), stride=(1, 1), bias=False)
                  (bn): BatchNorm2d(256, eps=0.001, momentum=0.03, affine=True, track_running_stats=True)
                  (act): Identity()
                )
                (v): Conv(
                  (conv): Conv2d(128, 128, kernel_size=(1, 1), stride=(1, 1), bias=False)
                  (bn): BatchNorm2d(128, eps=0.001, momentum=0.03, affine=True, track_running_stats=True)
                  (act): Identity()
                )
                (proj): Conv(
                  (conv): Conv2d(128, 128, kernel_size=(1, 1), stride=(1, 1), bias=False)
                  (bn): BatchNorm2d(128, eps=0.001, momentum=0.03, affine=True, track_running_stats=True)
                  (act): Identity()
                )
                (pe): Conv(
                  (conv): Conv2d(128, 128, kernel_size=(5, 5), stride=(1, 1), padding=(2, 2), groups=128, bias=False)
                  (bn): BatchNorm2d(128, eps=0.001, momentum=0.03, affine=True, track_running_stats=True)
                  (act): Identity()
                )
              )
              (mlp): Sequential(
                (0): Conv(
                  (conv): Conv2d(128, 256, kernel_size=(1, 1), stride=(1, 1), bias=False)
                  (bn): BatchNorm2d(256, eps=0.001, momentum=0.03, affine=True, track_running_stats=True)
                  (act): SiLU(inplace=True)
                )
                (1): Conv(
                  (conv): Conv2d(256, 128, kernel_size=(1, 1), stride=(1, 1), bias=False)
                  (bn): BatchNorm2d(128, eps=0.001, momentum=0.03, affine=True, track_running_stats=True)
                  (act): Identity()
                )
              )
            )
          )
        )
      )
      (9): Upsample(scale_factor=2.0, mode='nearest')
      (10): Concat()
      (11): SkippableA2C2f(
        (cv1): SwitchableConv(
          (conv): Conv2d(512, 128, kernel_size=(1, 1), stride=(1, 1), bias=False)
          (bn): BatchNorm2d(128, eps=0.001, momentum=0.03, affine=True, track_running_stats=True)
          (bn_skip): BatchNorm2d(128, eps=0.001, momentum=0.03, affine=True, track_running_stats=True)
          (act): SiLU(inplace=True)
        )
        (cv2): SwitchableConv(
          (conv): Conv2d(384, 256, kernel_size=(1, 1), stride=(1, 1), bias=False)
          (bn): BatchNorm2d(256, eps=0.001, momentum=0.03, affine=True, track_running_stats=True)
          (bn_skip): BatchNorm2d(256, eps=0.001, momentum=0.03, affine=True, track_running_stats=True)
          (act): SiLU(inplace=True)
        )
        (m): ModuleList(
          (0): C3k(
            (cv1): SwitchableConv(
              (conv): Conv2d(128, 64, kernel_size=(1, 1), stride=(1, 1), bias=False)
              (bn): BatchNorm2d(64, eps=0.001, momentum=0.03, affine=True, track_running_stats=True)
              (bn_skip): BatchNorm2d(64, eps=0.001, momentum=0.03, affine=True, track_running_stats=True)
              (act): SiLU(inplace=True)
            )
            (cv2): SwitchableConv(
              (conv): Conv2d(128, 64, kernel_size=(1, 1), stride=(1, 1), bias=False)
              (bn): BatchNorm2d(64, eps=0.001, momentum=0.03, affine=True, track_running_stats=True)
              (bn_skip): BatchNorm2d(64, eps=0.001, momentum=0.03, affine=True, track_running_stats=True)
              (act): SiLU(inplace=True)
            )
            (cv3): SwitchableConv(
              (conv): Conv2d(128, 128, kernel_size=(1, 1), stride=(1, 1), bias=False)
              (bn): BatchNorm2d(128, eps=0.001, momentum=0.03, affine=True, track_running_stats=True)
              (bn_skip): BatchNorm2d(128, eps=0.001, momentum=0.03, affine=True, track_running_stats=True)
              (act): SiLU(inplace=True)
            )
            (m): SwitchableSequential(
              (0): Bottleneck(
                (cv1): SwitchableConv(
                  (conv): Conv2d(64, 64, kernel_size=(3, 3), stride=(1, 1), padding=(1, 1), bias=False)
                  (bn): BatchNorm2d(64, eps=0.001, momentum=0.03, affine=True, track_running_stats=True)
                  (bn_skip): BatchNorm2d(64, eps=0.001, momentum=0.03, affine=True, track_running_stats=True)
                  (act): SiLU(inplace=True)
                )
                (cv2): SwitchableConv(
                  (conv): Conv2d(64, 64, kernel_size=(3, 3), stride=(1, 1), padding=(1, 1), bias=False)
                  (bn): BatchNorm2d(64, eps=0.001, momentum=0.03, affine=True, track_running_stats=True)
                  (bn_skip): BatchNorm2d(64, eps=0.001, momentum=0.03, affine=True, track_running_stats=True)
                  (act): SiLU(inplace=True)
                )
              )
              (1): Bottleneck(
                (cv1): SwitchableConv(
                  (conv): Conv2d(64, 64, kernel_size=(3, 3), stride=(1, 1), padding=(1, 1), bias=False)
                  (bn): BatchNorm2d(64, eps=0.001, momentum=0.03, affine=True, track_running_stats=True)
                  (bn_skip): BatchNorm2d(64, eps=0.001, momentum=0.03, affine=True, track_running_stats=True)
                  (act): SiLU(inplace=True)
                )
                (cv2): SwitchableConv(
                  (conv): Conv2d(64, 64, kernel_size=(3, 3), stride=(1, 1), padding=(1, 1), bias=False)
                  (bn): BatchNorm2d(64, eps=0.001, momentum=0.03, affine=True, track_running_stats=True)
                  (bn_skip): BatchNorm2d(64, eps=0.001, momentum=0.03, affine=True, track_running_stats=True)
                  (act): SiLU(inplace=True)
                )
              )
            )
          )
          (1): C3k(
            (cv1): Conv(
              (conv): Conv2d(128, 64, kernel_size=(1, 1), stride=(1, 1), bias=False)
              (bn): BatchNorm2d(64, eps=0.001, momentum=0.03, affine=True, track_running_stats=True)
              (act): SiLU(inplace=True)
            )
            (cv2): Conv(
              (conv): Conv2d(128, 64, kernel_size=(1, 1), stride=(1, 1), bias=False)
              (bn): BatchNorm2d(64, eps=0.001, momentum=0.03, affine=True, track_running_stats=True)
              (act): SiLU(inplace=True)
            )
            (cv3): Conv(
              (conv): Conv2d(128, 128, kernel_size=(1, 1), stride=(1, 1), bias=False)
              (bn): BatchNorm2d(128, eps=0.001, momentum=0.03, affine=True, track_running_stats=True)
              (act): SiLU(inplace=True)
            )
            (m): Sequential(
              (0): Bottleneck(
                (cv1): Conv(
                  (conv): Conv2d(64, 64, kernel_size=(3, 3), stride=(1, 1), padding=(1, 1), bias=False)
                  (bn): BatchNorm2d(64, eps=0.001, momentum=0.03, affine=True, track_running_stats=True)
                  (act): SiLU(inplace=True)
                )
                (cv2): Conv(
                  (conv): Conv2d(64, 64, kernel_size=(3, 3), stride=(1, 1), padding=(1, 1), bias=False)
                  (bn): BatchNorm2d(64, eps=0.001, momentum=0.03, affine=True, track_running_stats=True)
                  (act): SiLU(inplace=True)
                )
              )
              (1): Bottleneck(
                (cv1): Conv(
                  (conv): Conv2d(64, 64, kernel_size=(3, 3), stride=(1, 1), padding=(1, 1), bias=False)
                  (bn): BatchNorm2d(64, eps=0.001, momentum=0.03, affine=True, track_running_stats=True)
                  (act): SiLU(inplace=True)
                )
                (cv2): Conv(
                  (conv): Conv2d(64, 64, kernel_size=(3, 3), stride=(1, 1), padding=(1, 1), bias=False)
                  (bn): BatchNorm2d(64, eps=0.001, momentum=0.03, affine=True, track_running_stats=True)
                  (act): SiLU(inplace=True)
                )
              )
            )
          )
        )
      )
      (12): Upsample(scale_factor=2.0, mode='nearest')
      (13): Concat()
      (14): SkippableA2C2f(
        (cv1): SwitchableConv(
          (conv): Conv2d(512, 64, kernel_size=(1, 1), stride=(1, 1), bias=False)
          (bn): BatchNorm2d(64, eps=0.001, momentum=0.03, affine=True, track_running_stats=True)
          (bn_skip): BatchNorm2d(64, eps=0.001, momentum=0.03, affine=True, track_running_stats=True)
          (act): SiLU(inplace=True)
        )
        (cv2): SwitchableConv(
          (conv): Conv2d(192, 128, kernel_size=(1, 1), stride=(1, 1), bias=False)
          (bn): BatchNorm2d(128, eps=0.001, momentum=0.03, affine=True, track_running_stats=True)
          (bn_skip): BatchNorm2d(128, eps=0.001, momentum=0.03, affine=True, track_running_stats=True)
          (act): SiLU(inplace=True)
        )
        (m): ModuleList(
          (0): C3k(
            (cv1): SwitchableConv(
              (conv): Conv2d(64, 32, kernel_size=(1, 1), stride=(1, 1), bias=False)
              (bn): BatchNorm2d(32, eps=0.001, momentum=0.03, affine=True, track_running_stats=True)
              (bn_skip): BatchNorm2d(32, eps=0.001, momentum=0.03, affine=True, track_running_stats=True)
              (act): SiLU(inplace=True)
            )
            (cv2): SwitchableConv(
              (conv): Conv2d(64, 32, kernel_size=(1, 1), stride=(1, 1), bias=False)
              (bn): BatchNorm2d(32, eps=0.001, momentum=0.03, affine=True, track_running_stats=True)
              (bn_skip): BatchNorm2d(32, eps=0.001, momentum=0.03, affine=True, track_running_stats=True)
              (act): SiLU(inplace=True)
            )
            (cv3): SwitchableConv(
              (conv): Conv2d(64, 64, kernel_size=(1, 1), stride=(1, 1), bias=False)
              (bn): BatchNorm2d(64, eps=0.001, momentum=0.03, affine=True, track_running_stats=True)
              (bn_skip): BatchNorm2d(64, eps=0.001, momentum=0.03, affine=True, track_running_stats=True)
              (act): SiLU(inplace=True)
            )
            (m): SwitchableSequential(
              (0): Bottleneck(
                (cv1): SwitchableConv(
                  (conv): Conv2d(32, 32, kernel_size=(3, 3), stride=(1, 1), padding=(1, 1), bias=False)
                  (bn): BatchNorm2d(32, eps=0.001, momentum=0.03, affine=True, track_running_stats=True)
                  (bn_skip): BatchNorm2d(32, eps=0.001, momentum=0.03, affine=True, track_running_stats=True)
                  (act): SiLU(inplace=True)
                )
                (cv2): SwitchableConv(
                  (conv): Conv2d(32, 32, kernel_size=(3, 3), stride=(1, 1), padding=(1, 1), bias=False)
                  (bn): BatchNorm2d(32, eps=0.001, momentum=0.03, affine=True, track_running_stats=True)
                  (bn_skip): BatchNorm2d(32, eps=0.001, momentum=0.03, affine=True, track_running_stats=True)
                  (act): SiLU(inplace=True)
                )
              )
              (1): Bottleneck(
                (cv1): SwitchableConv(
                  (conv): Conv2d(32, 32, kernel_size=(3, 3), stride=(1, 1), padding=(1, 1), bias=False)
                  (bn): BatchNorm2d(32, eps=0.001, momentum=0.03, affine=True, track_running_stats=True)
                  (bn_skip): BatchNorm2d(32, eps=0.001, momentum=0.03, affine=True, track_running_stats=True)
                  (act): SiLU(inplace=True)
                )
                (cv2): SwitchableConv(
                  (conv): Conv2d(32, 32, kernel_size=(3, 3), stride=(1, 1), padding=(1, 1), bias=False)
                  (bn): BatchNorm2d(32, eps=0.001, momentum=0.03, affine=True, track_running_stats=True)
                  (bn_skip): BatchNorm2d(32, eps=0.001, momentum=0.03, affine=True, track_running_stats=True)
                  (act): SiLU(inplace=True)
                )
              )
            )
          )
          (1): C3k(
            (cv1): Conv(
              (conv): Conv2d(64, 32, kernel_size=(1, 1), stride=(1, 1), bias=False)
              (bn): BatchNorm2d(32, eps=0.001, momentum=0.03, affine=True, track_running_stats=True)
              (act): SiLU(inplace=True)
            )
            (cv2): Conv(
              (conv): Conv2d(64, 32, kernel_size=(1, 1), stride=(1, 1), bias=False)
              (bn): BatchNorm2d(32, eps=0.001, momentum=0.03, affine=True, track_running_stats=True)
              (act): SiLU(inplace=True)
            )
            (cv3): Conv(
              (conv): Conv2d(64, 64, kernel_size=(1, 1), stride=(1, 1), bias=False)
              (bn): BatchNorm2d(64, eps=0.001, momentum=0.03, affine=True, track_running_stats=True)
              (act): SiLU(inplace=True)
            )
            (m): Sequential(
              (0): Bottleneck(
                (cv1): Conv(
                  (conv): Conv2d(32, 32, kernel_size=(3, 3), stride=(1, 1), padding=(1, 1), bias=False)
                  (bn): BatchNorm2d(32, eps=0.001, momentum=0.03, affine=True, track_running_stats=True)
                  (act): SiLU(inplace=True)
                )
                (cv2): Conv(
                  (conv): Conv2d(32, 32, kernel_size=(3, 3), stride=(1, 1), padding=(1, 1), bias=False)
                  (bn): BatchNorm2d(32, eps=0.001, momentum=0.03, affine=True, track_running_stats=True)
                  (act): SiLU(inplace=True)
                )
              )
              (1): Bottleneck(
                (cv1): Conv(
                  (conv): Conv2d(32, 32, kernel_size=(3, 3), stride=(1, 1), padding=(1, 1), bias=False)
                  (bn): BatchNorm2d(32, eps=0.001, momentum=0.03, affine=True, track_running_stats=True)
                  (act): SiLU(inplace=True)
                )
                (cv2): Conv(
                  (conv): Conv2d(32, 32, kernel_size=(3, 3), stride=(1, 1), padding=(1, 1), bias=False)
                  (bn): BatchNorm2d(32, eps=0.001, momentum=0.03, affine=True, track_running_stats=True)
                  (act): SiLU(inplace=True)
                )
              )
            )
          )
        )
      )
      (15): SwitchableConv(
        (conv): Conv2d(128, 128, kernel_size=(3, 3), stride=(2, 2), padding=(1, 1), bias=False)
        (bn): BatchNorm2d(128, eps=0.001, momentum=0.03, affine=True, track_running_stats=True)
        (bn_skip): BatchNorm2d(128, eps=0.001, momentum=0.03, affine=True, track_running_stats=True)
        (act): SiLU(inplace=True)
      )
      (16): Concat()
      (17): SkippableA2C2f(
        (cv1): SwitchableConv(
          (conv): Conv2d(384, 128, kernel_size=(1, 1), stride=(1, 1), bias=False)
          (bn): BatchNorm2d(128, eps=0.001, momentum=0.03, affine=True, track_running_stats=True)
          (bn_skip): BatchNorm2d(128, eps=0.001, momentum=0.03, affine=True, track_running_stats=True)
          (act): SiLU(inplace=True)
        )
        (cv2): SwitchableConv(
          (conv): Conv2d(384, 256, kernel_size=(1, 1), stride=(1, 1), bias=False)
          (bn): BatchNorm2d(256, eps=0.001, momentum=0.03, affine=True, track_running_stats=True)
          (bn_skip): BatchNorm2d(256, eps=0.001, momentum=0.03, affine=True, track_running_stats=True)
          (act): SiLU(inplace=True)
        )
        (m): ModuleList(
          (0): C3k(
            (cv1): SwitchableConv(
              (conv): Conv2d(128, 64, kernel_size=(1, 1), stride=(1, 1), bias=False)
              (bn): BatchNorm2d(64, eps=0.001, momentum=0.03, affine=True, track_running_stats=True)
              (bn_skip): BatchNorm2d(64, eps=0.001, momentum=0.03, affine=True, track_running_stats=True)
              (act): SiLU(inplace=True)
            )
            (cv2): SwitchableConv(
              (conv): Conv2d(128, 64, kernel_size=(1, 1), stride=(1, 1), bias=False)
              (bn): BatchNorm2d(64, eps=0.001, momentum=0.03, affine=True, track_running_stats=True)
              (bn_skip): BatchNorm2d(64, eps=0.001, momentum=0.03, affine=True, track_running_stats=True)
              (act): SiLU(inplace=True)
            )
            (cv3): SwitchableConv(
              (conv): Conv2d(128, 128, kernel_size=(1, 1), stride=(1, 1), bias=False)
              (bn): BatchNorm2d(128, eps=0.001, momentum=0.03, affine=True, track_running_stats=True)
              (bn_skip): BatchNorm2d(128, eps=0.001, momentum=0.03, affine=True, track_running_stats=True)
              (act): SiLU(inplace=True)
            )
            (m): SwitchableSequential(
              (0): Bottleneck(
                (cv1): SwitchableConv(
                  (conv): Conv2d(64, 64, kernel_size=(3, 3), stride=(1, 1), padding=(1, 1), bias=False)
                  (bn): BatchNorm2d(64, eps=0.001, momentum=0.03, affine=True, track_running_stats=True)
                  (bn_skip): BatchNorm2d(64, eps=0.001, momentum=0.03, affine=True, track_running_stats=True)
                  (act): SiLU(inplace=True)
                )
                (cv2): SwitchableConv(
                  (conv): Conv2d(64, 64, kernel_size=(3, 3), stride=(1, 1), padding=(1, 1), bias=False)
                  (bn): BatchNorm2d(64, eps=0.001, momentum=0.03, affine=True, track_running_stats=True)
                  (bn_skip): BatchNorm2d(64, eps=0.001, momentum=0.03, affine=True, track_running_stats=True)
                  (act): SiLU(inplace=True)
                )
              )
              (1): Bottleneck(
                (cv1): SwitchableConv(
                  (conv): Conv2d(64, 64, kernel_size=(3, 3), stride=(1, 1), padding=(1, 1), bias=False)
                  (bn): BatchNorm2d(64, eps=0.001, momentum=0.03, affine=True, track_running_stats=True)
                  (bn_skip): BatchNorm2d(64, eps=0.001, momentum=0.03, affine=True, track_running_stats=True)
                  (act): SiLU(inplace=True)
                )
                (cv2): SwitchableConv(
                  (conv): Conv2d(64, 64, kernel_size=(3, 3), stride=(1, 1), padding=(1, 1), bias=False)
                  (bn): BatchNorm2d(64, eps=0.001, momentum=0.03, affine=True, track_running_stats=True)
                  (bn_skip): BatchNorm2d(64, eps=0.001, momentum=0.03, affine=True, track_running_stats=True)
                  (act): SiLU(inplace=True)
                )
              )
            )
          )
          (1): C3k(
            (cv1): Conv(
              (conv): Conv2d(128, 64, kernel_size=(1, 1), stride=(1, 1), bias=False)
              (bn): BatchNorm2d(64, eps=0.001, momentum=0.03, affine=True, track_running_stats=True)
              (act): SiLU(inplace=True)
            )
            (cv2): Conv(
              (conv): Conv2d(128, 64, kernel_size=(1, 1), stride=(1, 1), bias=False)
              (bn): BatchNorm2d(64, eps=0.001, momentum=0.03, affine=True, track_running_stats=True)
              (act): SiLU(inplace=True)
            )
            (cv3): Conv(
              (conv): Conv2d(128, 128, kernel_size=(1, 1), stride=(1, 1), bias=False)
              (bn): BatchNorm2d(128, eps=0.001, momentum=0.03, affine=True, track_running_stats=True)
              (act): SiLU(inplace=True)
            )
            (m): Sequential(
              (0): Bottleneck(
                (cv1): Conv(
                  (conv): Conv2d(64, 64, kernel_size=(3, 3), stride=(1, 1), padding=(1, 1), bias=False)
                  (bn): BatchNorm2d(64, eps=0.001, momentum=0.03, affine=True, track_running_stats=True)
                  (act): SiLU(inplace=True)
                )
                (cv2): Conv(
                  (conv): Conv2d(64, 64, kernel_size=(3, 3), stride=(1, 1), padding=(1, 1), bias=False)
                  (bn): BatchNorm2d(64, eps=0.001, momentum=0.03, affine=True, track_running_stats=True)
                  (act): SiLU(inplace=True)
                )
              )
              (1): Bottleneck(
                (cv1): Conv(
                  (conv): Conv2d(64, 64, kernel_size=(3, 3), stride=(1, 1), padding=(1, 1), bias=False)
                  (bn): BatchNorm2d(64, eps=0.001, momentum=0.03, affine=True, track_running_stats=True)
                  (act): SiLU(inplace=True)
                )
                (cv2): Conv(
                  (conv): Conv2d(64, 64, kernel_size=(3, 3), stride=(1, 1), padding=(1, 1), bias=False)
                  (bn): BatchNorm2d(64, eps=0.001, momentum=0.03, affine=True, track_running_stats=True)
                  (act): SiLU(inplace=True)
                )
              )
            )
          )
        )
      )
      (18): SwitchableConv(
        (conv): Conv2d(256, 256, kernel_size=(3, 3), stride=(2, 2), padding=(1, 1), bias=False)
        (bn): BatchNorm2d(256, eps=0.001, momentum=0.03, affine=True, track_running_stats=True)
        (bn_skip): BatchNorm2d(256, eps=0.001, momentum=0.03, affine=True, track_running_stats=True)
        (act): SiLU(inplace=True)
      )
      (19): Concat()
      (20): SkippableC3k2(
        (cv1): SwitchableConv(
          (conv): Conv2d(512, 256, kernel_size=(1, 1), stride=(1, 1), bias=False)
          (bn): BatchNorm2d(256, eps=0.001, momentum=0.03, affine=True, track_running_stats=True)
          (bn_skip): BatchNorm2d(256, eps=0.001, momentum=0.03, affine=True, track_running_stats=True)
          (act): SiLU(inplace=True)
        )
        (cv2): SwitchableConv(
          (conv): Conv2d(512, 256, kernel_size=(1, 1), stride=(1, 1), bias=False)
          (bn): BatchNorm2d(256, eps=0.001, momentum=0.03, affine=True, track_running_stats=True)
          (bn_skip): BatchNorm2d(256, eps=0.001, momentum=0.03, affine=True, track_running_stats=True)
          (act): SiLU(inplace=True)
        )
        (m): ModuleList(
          (0): C3k(
            (cv1): SwitchableConv(
              (conv): Conv2d(128, 64, kernel_size=(1, 1), stride=(1, 1), bias=False)
              (bn): BatchNorm2d(64, eps=0.001, momentum=0.03, affine=True, track_running_stats=True)
              (bn_skip): BatchNorm2d(64, eps=0.001, momentum=0.03, affine=True, track_running_stats=True)
              (act): SiLU(inplace=True)
            )
            (cv2): SwitchableConv(
              (conv): Conv2d(128, 64, kernel_size=(1, 1), stride=(1, 1), bias=False)
              (bn): BatchNorm2d(64, eps=0.001, momentum=0.03, affine=True, track_running_stats=True)
              (bn_skip): BatchNorm2d(64, eps=0.001, momentum=0.03, affine=True, track_running_stats=True)
              (act): SiLU(inplace=True)
            )
            (cv3): SwitchableConv(
              (conv): Conv2d(128, 128, kernel_size=(1, 1), stride=(1, 1), bias=False)
              (bn): BatchNorm2d(128, eps=0.001, momentum=0.03, affine=True, track_running_stats=True)
              (bn_skip): BatchNorm2d(128, eps=0.001, momentum=0.03, affine=True, track_running_stats=True)
              (act): SiLU(inplace=True)
            )
            (m): SwitchableSequential(
              (0): Bottleneck(
                (cv1): SwitchableConv(
                  (conv): Conv2d(64, 64, kernel_size=(3, 3), stride=(1, 1), padding=(1, 1), bias=False)
                  (bn): BatchNorm2d(64, eps=0.001, momentum=0.03, affine=True, track_running_stats=True)
                  (bn_skip): BatchNorm2d(64, eps=0.001, momentum=0.03, affine=True, track_running_stats=True)
                  (act): SiLU(inplace=True)
                )
                (cv2): SwitchableConv(
                  (conv): Conv2d(64, 64, kernel_size=(3, 3), stride=(1, 1), padding=(1, 1), bias=False)
                  (bn): BatchNorm2d(64, eps=0.001, momentum=0.03, affine=True, track_running_stats=True)
                  (bn_skip): BatchNorm2d(64, eps=0.001, momentum=0.03, affine=True, track_running_stats=True)
                  (act): SiLU(inplace=True)
                )
              )
              (1): Bottleneck(
                (cv1): SwitchableConv(
                  (conv): Conv2d(64, 64, kernel_size=(3, 3), stride=(1, 1), padding=(1, 1), bias=False)
                  (bn): BatchNorm2d(64, eps=0.001, momentum=0.03, affine=True, track_running_stats=True)
                  (bn_skip): BatchNorm2d(64, eps=0.001, momentum=0.03, affine=True, track_running_stats=True)
                  (act): SiLU(inplace=True)
                )
                (cv2): SwitchableConv(
                  (conv): Conv2d(64, 64, kernel_size=(3, 3), stride=(1, 1), padding=(1, 1), bias=False)
                  (bn): BatchNorm2d(64, eps=0.001, momentum=0.03, affine=True, track_running_stats=True)
                  (bn_skip): BatchNorm2d(64, eps=0.001, momentum=0.03, affine=True, track_running_stats=True)
                  (act): SiLU(inplace=True)
                )
              )
            )
          )
          (1): C3k(
            (cv1): Conv(
              (conv): Conv2d(128, 64, kernel_size=(1, 1), stride=(1, 1), bias=False)
              (bn): BatchNorm2d(64, eps=0.001, momentum=0.03, affine=True, track_running_stats=True)
              (act): SiLU(inplace=True)
            )
            (cv2): Conv(
              (conv): Conv2d(128, 64, kernel_size=(1, 1), stride=(1, 1), bias=False)
              (bn): BatchNorm2d(64, eps=0.001, momentum=0.03, affine=True, track_running_stats=True)
              (act): SiLU(inplace=True)
            )
            (cv3): Conv(
              (conv): Conv2d(128, 128, kernel_size=(1, 1), stride=(1, 1), bias=False)
              (bn): BatchNorm2d(128, eps=0.001, momentum=0.03, affine=True, track_running_stats=True)
              (act): SiLU(inplace=True)
            )
            (m): Sequential(
              (0): Bottleneck(
                (cv1): Conv(
                  (conv): Conv2d(64, 64, kernel_size=(3, 3), stride=(1, 1), padding=(1, 1), bias=False)
                  (bn): BatchNorm2d(64, eps=0.001, momentum=0.03, affine=True, track_running_stats=True)
                  (act): SiLU(inplace=True)
                )
                (cv2): Conv(
                  (conv): Conv2d(64, 64, kernel_size=(3, 3), stride=(1, 1), padding=(1, 1), bias=False)
                  (bn): BatchNorm2d(64, eps=0.001, momentum=0.03, affine=True, track_running_stats=True)
                  (act): SiLU(inplace=True)
                )
              )
              (1): Bottleneck(
                (cv1): Conv(
                  (conv): Conv2d(64, 64, kernel_size=(3, 3), stride=(1, 1), padding=(1, 1), bias=False)
                  (bn): BatchNorm2d(64, eps=0.001, momentum=0.03, affine=True, track_running_stats=True)
                  (act): SiLU(inplace=True)
                )
                (cv2): Conv(
                  (conv): Conv2d(64, 64, kernel_size=(3, 3), stride=(1, 1), padding=(1, 1), bias=False)
                  (bn): BatchNorm2d(64, eps=0.001, momentum=0.03, affine=True, track_running_stats=True)
                  (act): SiLU(inplace=True)
                )
              )
            )
          )
        )
      )
      (21): Detect(
        (cv2): ModuleList(
          (0): Sequential(
            (0): Conv(
              (conv): Conv2d(128, 64, kernel_size=(3, 3), stride=(1, 1), padding=(1, 1), bias=False)
              (bn): BatchNorm2d(64, eps=0.001, momentum=0.03, affine=True, track_running_stats=True)
              (act): SiLU(inplace=True)
            )
            (1): Conv(
              (conv): Conv2d(64, 64, kernel_size=(3, 3), stride=(1, 1), padding=(1, 1), bias=False)
              (bn): BatchNorm2d(64, eps=0.001, momentum=0.03, affine=True, track_running_stats=True)
              (act): SiLU(inplace=True)
            )
            (2): Conv2d(64, 64, kernel_size=(1, 1), stride=(1, 1))
          )
          (1-2): 2 x Sequential(
            (0): Conv(
              (conv): Conv2d(256, 64, kernel_size=(3, 3), stride=(1, 1), padding=(1, 1), bias=False)
              (bn): BatchNorm2d(64, eps=0.001, momentum=0.03, affine=True, track_running_stats=True)
              (act): SiLU(inplace=True)
            )
            (1): Conv(
              (conv): Conv2d(64, 64, kernel_size=(3, 3), stride=(1, 1), padding=(1, 1), bias=False)
              (bn): BatchNorm2d(64, eps=0.001, momentum=0.03, affine=True, track_running_stats=True)
              (act): SiLU(inplace=True)
            )
            (2): Conv2d(64, 64, kernel_size=(1, 1), stride=(1, 1))
          )
        )
        (cv3): ModuleList(
          (0): Sequential(
            (0): Sequential(
              (0): DWConv(
                (conv): Conv2d(128, 128, kernel_size=(3, 3), stride=(1, 1), padding=(1, 1), groups=128, bias=False)
                (bn): BatchNorm2d(128, eps=0.001, momentum=0.03, affine=True, track_running_stats=True)
                (act): SiLU(inplace=True)
              )
              (1): Conv(
                (conv): Conv2d(128, 128, kernel_size=(1, 1), stride=(1, 1), bias=False)
                (bn): BatchNorm2d(128, eps=0.001, momentum=0.03, affine=True, track_running_stats=True)
                (act): SiLU(inplace=True)
              )
            )
            (1): Sequential(
              (0): DWConv(
                (conv): Conv2d(128, 128, kernel_size=(3, 3), stride=(1, 1), padding=(1, 1), groups=128, bias=False)
                (bn): BatchNorm2d(128, eps=0.001, momentum=0.03, affine=True, track_running_stats=True)
                (act): SiLU(inplace=True)
              )
              (1): Conv(
                (conv): Conv2d(128, 128, kernel_size=(1, 1), stride=(1, 1), bias=False)
                (bn): BatchNorm2d(128, eps=0.001, momentum=0.03, affine=True, track_running_stats=True)
                (act): SiLU(inplace=True)
              )
            )
            (2): Conv2d(128, 10, kernel_size=(1, 1), stride=(1, 1))
          )
          (1-2): 2 x Sequential(
            (0): Sequential(
              (0): DWConv(
                (conv): Conv2d(256, 256, kernel_size=(3, 3), stride=(1, 1), padding=(1, 1), groups=256, bias=False)
                (bn): BatchNorm2d(256, eps=0.001, momentum=0.03, affine=True, track_running_stats=True)
                (act): SiLU(inplace=True)
              )
              (1): Conv(
                (conv): Conv2d(256, 128, kernel_size=(1, 1), stride=(1, 1), bias=False)
                (bn): BatchNorm2d(128, eps=0.001, momentum=0.03, affine=True, track_running_stats=True)
                (act): SiLU(inplace=True)
              )
            )
            (1): Sequential(
              (0): DWConv(
                (conv): Conv2d(128, 128, kernel_size=(3, 3), stride=(1, 1), padding=(1, 1), groups=128, bias=False)
                (bn): BatchNorm2d(128, eps=0.001, momentum=0.03, affine=True, track_running_stats=True)
                (act): SiLU(inplace=True)
              )
              (1): Conv(
                (conv): Conv2d(128, 128, kernel_size=(1, 1), stride=(1, 1), bias=False)
                (bn): BatchNorm2d(128, eps=0.001, momentum=0.03, affine=True, track_running_stats=True)
                (act): SiLU(inplace=True)
              )
            )
            (2): Conv2d(128, 10, kernel_size=(1, 1), stride=(1, 1))
          )
        )
        (dfl): DFL(
          (conv): Conv2d(16, 1, kernel_size=(1, 1), stride=(1, 1), bias=False)
        )
      )
    )
  )
)
Image sizes 1280 train, 1280 val
Using 16 dataloader workers
Logging results to [1mruns/bdd100k/detect/anydepth-yolov12s/train[0m
Starting training for 30 epochs...

[FLOPs] Super model (skip=False) @ 736x1280:
| module             | #parameters or shape   | #flops   |
|:-------------------|:-----------------------|:---------|
| base_model.model   | 7.416M                 | 25.631G  |
| 0                  | 0.928K                 | 0.219G   |
| 0.conv             | 0.864K                 | 0.203G   |
| 0.conv.weight      | (32, 3, 3, 3)          |          |
| 0.bn               | 64                     | 15.073M  |
| 0.bn.weight        | (32,)                  |          |
| 0.bn.bias          | (32,)                  |          |
| 1                  | 9.344K                 | 0.55G    |
| 1.conv             | 9.216K                 | 0.543G   |
| 1.conv.weight      | (64, 16, 3, 3)         |          |
| 1.bn               | 0.128K                 | 7.537M   |
| 1.bn.weight        | (64,)                  |          |
| 1.bn.bias          | (64,)                  |          |
| 2                  | 39.968K                | 2.325G   |
| 2.cv1              | 4.352K                 | 0.249G   |
| 2.cv1.conv         | 4.096K                 | 0.241G   |
| 2.cv1.bn           | 0.128K                 | 7.537M   |
| 2.cv1.bn_skip      | 0.128K                 |          |
| 2.cv2              | 16.896K                | 0.98G    |
| 2.cv2.conv         | 16.384K                | 0.965G   |
| 2.cv2.bn           | 0.256K                 | 15.073M  |
| 2.cv2.bn_skip      | 0.256K                 |          |
| 2.m                | 18.72K                 | 1.097G   |
| 2.m.0              | 9.408K                 | 0.548G   |
| 2.m.1              | 9.312K                 | 0.548G   |
| 3                  | 37.376K                | 0.546G   |
| 3.conv             | 36.864K                | 0.543G   |
| 3.conv.weight      | (128, 32, 3, 3)        |          |
| 3.bn               | 0.256K                 | 3.768M   |
| 3.bn.weight        | (128,)                 |          |
| 3.bn.bias          | (128,)                 |          |
| 3.bn_skip          | 0.256K                 |          |
| 3.bn_skip.weight   | (128,)                 |          |
| 3.bn_skip.bias     | (128,)                 |          |
| 4                  | 0.158M                 | 2.308G   |
| 4.cv1              | 16.896K                | 0.245G   |
| 4.cv1.conv         | 16.384K                | 0.241G   |
| 4.cv1.bn           | 0.256K                 | 3.768M   |
| 4.cv1.bn_skip      | 0.256K                 |          |
| 4.cv2              | 66.56K                 | 0.972G   |
| 4.cv2.conv         | 65.536K                | 0.965G   |
| 4.cv2.bn           | 0.512K                 | 7.537M   |
| 4.cv2.bn_skip      | 0.512K                 |          |
| 4.m                | 74.304K                | 1.091G   |
| 4.m.0              | 37.248K                | 0.545G   |
| 4.m.1              | 37.056K                | 0.545G   |
| 5                  | 0.591M                 | 2.172G   |
| 5.conv             | 0.59M                  | 2.171G   |
| 5.conv.weight      | (256, 256, 3, 3)       |          |
| 5.bn               | 0.512K                 | 1.884M   |
| 5.bn.weight        | (256,)                 |          |
| 5.bn.bias          | (256,)                 |          |
| 5.bn_skip          | 0.512K                 |          |
| 5.bn_skip.weight   | (256,)                 |          |
| 5.bn_skip.bias     | (256,)                 |          |
| 6                  | 1.395M                 | 4.74G    |
| 6.gamma            | (256,)                 |          |
| 6.cv1              | 33.28K                 | 0.122G   |
| 6.cv1.conv         | 32.768K                | 0.121G   |
| 6.cv1.bn           | 0.256K                 | 0.942M   |
| 6.cv1.bn_skip      | 0.256K                 |          |
| 6.cv2              | 0.263M                 | 0.605G   |
| 6.cv2.conv         | 0.164M                 | 0.603G   |
| 6.cv2.bn           | 0.512K                 | 1.884M   |
| 6.cv2.bn_skip      | 0.512K                 |          |
| 6.cv2.conv_skip    | 98.304K                |          |
| 6.m                | 1.099M                 | 4.013G   |
| 6.m.0              | 0.277M                 | 1.003G   |
| 6.m.1              | 0.277M                 | 1.003G   |
| 6.m.2              | 0.273M                 | 1.003G   |
| 6.m.3              | 0.273M                 | 1.003G   |
| 7                  | 0.591M                 | 0.543G   |
| 7.conv             | 0.59M                  | 0.543G   |
| 7.conv.weight      | (256, 256, 3, 3)       |          |
| 7.bn               | 0.512K                 | 0.471M   |
| 7.bn.weight        | (256,)                 |          |
| 7.bn.bias          | (256,)                 |          |
| 7.bn_skip          | 0.512K                 |          |
| 7.bn_skip.weight   | (256,)                 |          |
| 7.bn_skip.bias     | (256,)                 |          |
| 8                  | 1.395M                 | 1.185G   |
| 8.gamma            | (256,)                 |          |
| 8.cv1              | 33.28K                 | 30.382M  |
| 8.cv1.conv         | 32.768K                | 30.147M  |
| 8.cv1.bn           | 0.256K                 | 0.236M   |
| 8.cv1.bn_skip      | 0.256K                 |          |
| 8.cv2              | 0.263M                 | 0.151G   |
| 8.cv2.conv         | 0.164M                 | 0.151G   |
| 8.cv2.bn           | 0.512K                 | 0.471M   |
| 8.cv2.bn_skip      | 0.512K                 |          |
| 8.cv2.conv_skip    | 98.304K                |          |
| 8.m                | 1.099M                 | 1.003G   |
| 8.m.0              | 0.277M                 | 0.251G   |
| 8.m.1              | 0.277M                 | 0.251G   |
| 8.m.2              | 0.273M                 | 0.251G   |
| 8.m.3              | 0.273M                 | 0.251G   |
| 11                 | 0.529M                 | 1.94G    |
| 11.cv1             | 66.048K                | 0.242G   |
| 11.cv1.conv        | 65.536K                | 0.241G   |
| 11.cv1.bn          | 0.256K                 | 0.942M   |
| 11.cv1.bn_skip     | 0.256K                 |          |
| 11.cv2             | 99.328K                | 0.364G   |
| 11.cv2.conv        | 98.304K                | 0.362G   |
| 11.cv2.bn          | 0.512K                 | 1.884M   |
| 11.cv2.bn_skip     | 0.512K                 |          |
| 11.m               | 0.364M                 | 1.334G   |
| 11.m.0             | 0.182M                 | 0.667G   |
| 11.m.1             | 0.181M                 | 0.667G   |
| 14                 | 0.15M                  | 2.191G   |
| 14.cv1             | 33.024K                | 0.484G   |
| 14.cv1.conv        | 32.768K                | 0.482G   |
| 14.cv1.bn          | 0.128K                 | 1.884M   |
| 14.cv1.bn_skip     | 0.128K                 |          |
| 14.cv2             | 25.088K                | 0.366G   |
| 14.cv2.conv        | 24.576K                | 0.362G   |
| 14.cv2.bn          | 0.256K                 | 3.768M   |
| 14.cv2.bn_skip     | 0.256K                 |          |
| 14.m               | 91.648K                | 1.342G   |
| 14.m.0             | 46.08K                 | 0.671G   |
| 14.m.1             | 45.568K                | 0.671G   |
| 15                 | 0.148M                 | 0.544G   |
| 15.conv            | 0.147M                 | 0.543G   |
| 15.conv.weight     | (128, 128, 3, 3)       |          |
| 15.bn              | 0.256K                 | 0.942M   |
| 15.bn.weight       | (128,)                 |          |
| 15.bn.bias         | (128,)                 |          |
| 15.bn_skip         | 0.256K                 |          |
| 15.bn_skip.weight  | (128,)                 |          |
| 15.bn_skip.bias    | (128,)                 |          |
| 17                 | 0.513M                 | 1.879G   |
| 17.cv1             | 49.664K                | 0.182G   |
| 17.cv1.conv        | 49.152K                | 0.181G   |
| 17.cv1.bn          | 0.256K                 | 0.942M   |
| 17.cv1.bn_skip     | 0.256K                 |          |
| 17.cv2             | 99.328K                | 0.364G   |
| 17.cv2.conv        | 98.304K                | 0.362G   |
| 17.cv2.bn          | 0.512K                 | 1.884M   |
| 17.cv2.bn_skip     | 0.512K                 |          |
| 17.m               | 0.364M                 | 1.334G   |
| 17.m.0             | 0.182M                 | 0.667G   |
| 17.m.1             | 0.181M                 | 0.667G   |
| 18                 | 0.591M                 | 0.543G   |
| 18.conv            | 0.59M                  | 0.543G   |
| 18.conv.weight     | (256, 256, 3, 3)       |          |
| 18.bn              | 0.512K                 | 0.471M   |
| 18.bn.weight       | (256,)                 |          |
| 18.bn.bias         | (256,)                 |          |
| 18.bn_skip         | 0.512K                 |          |
| 18.bn_skip.weight  | (256,)                 |          |
| 18.bn_skip.bias    | (256,)                 |          |
| 20                 | 0.628M                 | 0.576G   |
| 20.cv1             | 0.132M                 | 0.121G   |
| 20.cv1.conv        | 0.131M                 | 0.121G   |
| 20.cv1.bn          | 0.512K                 | 0.471M   |
| 20.cv1.bn_skip     | 0.512K                 |          |
| 20.cv2             | 0.132M                 | 0.121G   |
| 20.cv2.conv        | 0.131M                 | 0.121G   |
| 20.cv2.bn          | 0.512K                 | 0.471M   |
| 20.cv2.bn_skip     | 0.512K                 |          |
| 20.m               | 0.364M                 | 0.333G   |
| 20.m.0             | 0.182M                 | 0.167G   |
| 20.m.1             | 0.181M                 | 0.167G   |
| 21                 | 0.64M                  | 3.365G   |
| 21.cv2             | 0.492M                 | 2.56G    |
| 21.cv2.0           | 0.115M                 | 1.692G   |
| 21.cv2.1           | 0.189M                 | 0.694G   |
| 21.cv2.2           | 0.189M                 | 0.174G   |
| 21.cv3             | 0.148M                 | 0.804G   |
| 21.cv3.0           | 37.386K                | 0.55G    |
| 21.cv3.1           | 55.178K                | 0.203G   |
| 21.cv3.2           | 55.178K                | 50.755M  |
| 21.dfl.conv        | 16                     | 1.236M   |
| 21.dfl.conv.weight | (1, 16, 1, 1)          |          |
| 9                  |                        | 0.942M   |
| 12                 |                        | 3.768M   |
  MACs  (super): 25.63 GMACs
  FLOPs (super): 51.26 GFLOPs

[FLOPs] Base model (skip=True) @ 736x1280:
| module             | #parameters or shape   | #flops   |
|:-------------------|:-----------------------|:---------|
| base_model.model   | 7.416M                 | 18.682G  |
| 0                  | 0.928K                 | 0.219G   |
| 0.conv             | 0.864K                 | 0.203G   |
| 0.conv.weight      | (32, 3, 3, 3)          |          |
| 0.bn               | 64                     | 15.073M  |
| 0.bn.weight        | (32,)                  |          |
| 0.bn.bias          | (32,)                  |          |
| 1                  | 9.344K                 | 0.55G    |
| 1.conv             | 9.216K                 | 0.543G   |
| 1.conv.weight      | (64, 16, 3, 3)         |          |
| 1.bn               | 0.128K                 | 7.537M   |
| 1.bn.weight        | (64,)                  |          |
| 1.bn.bias          | (64,)                  |          |
| 2                  | 39.968K                | 1.536G   |
| 2.cv1              | 4.352K                 | 0.249G   |
| 2.cv1.conv         | 4.096K                 | 0.241G   |
| 2.cv1.bn           | 0.128K                 |          |
| 2.cv1.bn_skip      | 0.128K                 | 7.537M   |
| 2.cv2              | 16.896K                | 0.739G   |
| 2.cv2.conv         | 16.384K                |          |
| 2.cv2.bn           | 0.256K                 |          |
| 2.cv2.bn_skip      | 0.256K                 | 15.073M  |
| 2.m                | 18.72K                 | 0.548G   |
| 2.m.0              | 9.408K                 | 0.548G   |
| 2.m.1              | 9.312K                 |          |
| 3                  | 37.376K                | 0.546G   |
| 3.conv             | 36.864K                | 0.543G   |
| 3.conv.weight      | (128, 32, 3, 3)        |          |
| 3.bn               | 0.256K                 |          |
| 3.bn.weight        | (128,)                 |          |
| 3.bn.bias          | (128,)                 |          |
| 3.bn_skip          | 0.256K                 | 3.768M   |
| 3.bn_skip.weight   | (128,)                 |          |
| 3.bn_skip.bias     | (128,)                 |          |
| 4                  | 0.158M                 | 1.521G   |
| 4.cv1              | 16.896K                | 0.245G   |
| 4.cv1.conv         | 16.384K                | 0.241G   |
| 4.cv1.bn           | 0.256K                 |          |
| 4.cv1.bn_skip      | 0.256K                 | 3.768M   |
| 4.cv2              | 66.56K                 | 0.731G   |
| 4.cv2.conv         | 65.536K                |          |
| 4.cv2.bn           | 0.512K                 |          |
| 4.cv2.bn_skip      | 0.512K                 | 7.537M   |
| 4.m                | 74.304K                | 0.545G   |
| 4.m.0              | 37.248K                | 0.545G   |
| 4.m.1              | 37.056K                |          |
| 5                  | 0.591M                 | 2.172G   |
| 5.conv             | 0.59M                  | 2.171G   |
| 5.conv.weight      | (256, 256, 3, 3)       |          |
| 5.bn               | 0.512K                 |          |
| 5.bn.weight        | (256,)                 |          |
| 5.bn.bias          | (256,)                 |          |
| 5.bn_skip          | 0.512K                 | 1.884M   |
| 5.bn_skip.weight   | (256,)                 |          |
| 5.bn_skip.bias     | (256,)                 |          |
| 6                  | 1.395M                 | 2.492G   |
| 6.gamma            | (256,)                 |          |
| 6.cv1              | 33.28K                 | 0.122G   |
| 6.cv1.conv         | 32.768K                | 0.121G   |
| 6.cv1.bn           | 0.256K                 |          |
| 6.cv1.bn_skip      | 0.256K                 | 0.942M   |
| 6.cv2              | 0.263M                 | 0.364G   |
| 6.cv2.conv         | 0.164M                 |          |
| 6.cv2.bn           | 0.512K                 |          |
| 6.cv2.bn_skip      | 0.512K                 | 1.884M   |
| 6.cv2.conv_skip    | 98.304K                | 0.362G   |
| 6.m                | 1.099M                 | 2.007G   |
| 6.m.0              | 0.277M                 | 1.003G   |
| 6.m.1              | 0.277M                 | 1.003G   |
| 6.m.2              | 0.273M                 |          |
| 6.m.3              | 0.273M                 |          |
| 7                  | 0.591M                 | 0.543G   |
| 7.conv             | 0.59M                  | 0.543G   |
| 7.conv.weight      | (256, 256, 3, 3)       |          |
| 7.bn               | 0.512K                 |          |
| 7.bn.weight        | (256,)                 |          |
| 7.bn.bias          | (256,)                 |          |
| 7.bn_skip          | 0.512K                 | 0.471M   |
| 7.bn_skip.weight   | (256,)                 |          |
| 7.bn_skip.bias     | (256,)                 |          |
| 8                  | 1.395M                 | 0.623G   |
| 8.gamma            | (256,)                 |          |
| 8.cv1              | 33.28K                 | 30.382M  |
| 8.cv1.conv         | 32.768K                | 30.147M  |
| 8.cv1.bn           | 0.256K                 |          |
| 8.cv1.bn_skip      | 0.256K                 | 0.236M   |
| 8.cv2              | 0.263M                 | 90.911M  |
| 8.cv2.conv         | 0.164M                 |          |
| 8.cv2.bn           | 0.512K                 |          |
| 8.cv2.bn_skip      | 0.512K                 | 0.471M   |
| 8.cv2.conv_skip    | 98.304K                | 90.44M   |
| 8.m                | 1.099M                 | 0.502G   |
| 8.m.0              | 0.277M                 | 0.251G   |
| 8.m.1              | 0.277M                 | 0.251G   |
| 8.m.2              | 0.273M                 |          |
| 8.m.3              | 0.273M                 |          |
| 11                 | 0.529M                 | 1.152G   |
| 11.cv1             | 66.048K                | 0.242G   |
| 11.cv1.conv        | 65.536K                | 0.241G   |
| 11.cv1.bn          | 0.256K                 |          |
| 11.cv1.bn_skip     | 0.256K                 | 0.942M   |
| 11.cv2             | 99.328K                | 0.243G   |
| 11.cv2.conv        | 98.304K                |          |
| 11.cv2.bn          | 0.512K                 |          |
| 11.cv2.bn_skip     | 0.512K                 | 1.884M   |
| 11.m               | 0.364M                 | 0.667G   |
| 11.m.0             | 0.182M                 | 0.667G   |
| 11.m.1             | 0.181M                 |          |
| 14                 | 0.15M                  | 1.4G     |
| 14.cv1             | 33.024K                | 0.484G   |
| 14.cv1.conv        | 32.768K                | 0.482G   |
| 14.cv1.bn          | 0.128K                 |          |
| 14.cv1.bn_skip     | 0.128K                 | 1.884M   |
| 14.cv2             | 25.088K                | 0.245G   |
| 14.cv2.conv        | 24.576K                |          |
| 14.cv2.bn          | 0.256K                 |          |
| 14.cv2.bn_skip     | 0.256K                 | 3.768M   |
| 14.m               | 91.648K                | 0.671G   |
| 14.m.0             | 46.08K                 | 0.671G   |
| 14.m.1             | 45.568K                |          |
| 15                 | 0.148M                 | 0.544G   |
| 15.conv            | 0.147M                 | 0.543G   |
| 15.conv.weight     | (128, 128, 3, 3)       |          |
| 15.bn              | 0.256K                 |          |
| 15.bn.weight       | (128,)                 |          |
| 15.bn.bias         | (128,)                 |          |
| 15.bn_skip         | 0.256K                 | 0.942M   |
| 15.bn_skip.weight  | (128,)                 |          |
| 15.bn_skip.bias    | (128,)                 |          |
| 17                 | 0.513M                 | 1.092G   |
| 17.cv1             | 49.664K                | 0.182G   |
| 17.cv1.conv        | 49.152K                | 0.181G   |
| 17.cv1.bn          | 0.256K                 |          |
| 17.cv1.bn_skip     | 0.256K                 | 0.942M   |
| 17.cv2             | 99.328K                | 0.243G   |
| 17.cv2.conv        | 98.304K                |          |
| 17.cv2.bn          | 0.512K                 |          |
| 17.cv2.bn_skip     | 0.512K                 | 1.884M   |
| 17.m               | 0.364M                 | 0.667G   |
| 17.m.0             | 0.182M                 | 0.667G   |
| 17.m.1             | 0.181M                 |          |
| 18                 | 0.591M                 | 0.543G   |
| 18.conv            | 0.59M                  | 0.543G   |
| 18.conv.weight     | (256, 256, 3, 3)       |          |
| 18.bn              | 0.512K                 |          |
| 18.bn.weight       | (256,)                 |          |
| 18.bn.bias         | (256,)                 |          |
| 18.bn_skip         | 0.512K                 | 0.471M   |
| 18.bn_skip.weight  | (256,)                 |          |
| 18.bn_skip.bias    | (256,)                 |          |
| 20                 | 0.628M                 | 0.379G   |
| 20.cv1             | 0.132M                 | 0.121G   |
| 20.cv1.conv        | 0.131M                 | 0.121G   |
| 20.cv1.bn          | 0.512K                 |          |
| 20.cv1.bn_skip     | 0.512K                 | 0.471M   |
| 20.cv2             | 0.132M                 | 90.911M  |
| 20.cv2.conv        | 0.131M                 |          |
| 20.cv2.bn          | 0.512K                 |          |
| 20.cv2.bn_skip     | 0.512K                 | 0.471M   |
| 20.m               | 0.364M                 | 0.167G   |
| 20.m.0             | 0.182M                 | 0.167G   |
| 20.m.1             | 0.181M                 |          |
| 21                 | 0.64M                  | 3.365G   |
| 21.cv2             | 0.492M                 | 2.56G    |
| 21.cv2.0           | 0.115M                 | 1.692G   |
| 21.cv2.1           | 0.189M                 | 0.694G   |
| 21.cv2.2           | 0.189M                 | 0.174G   |
| 21.cv3             | 0.148M                 | 0.804G   |
| 21.cv3.0           | 37.386K                | 0.55G    |
| 21.cv3.1           | 55.178K                | 0.203G   |
| 21.cv3.2           | 55.178K                | 50.755M  |
| 21.dfl.conv        | 16                     | 1.236M   |
| 21.dfl.conv.weight | (1, 16, 1, 1)          |          |
| 9                  |                        | 0.942M   |
| 12                 |                        | 3.768M   |
  MACs  (base): 18.68 GMACs
  FLOPs (base): 37.36 GFLOPs

           Epoch         GPU_mem          box_om          cls_om          dfl_om          box_oo          cls_oo          dfl_oo       Instances            Size
/home/hslee/anaconda3/envs/yolov12/lib/python3.11/site-packages/torch/autograd/__init__.py:266: UserWarning: Grad strides do not match bucket view strides. This may indicate grad was not created according to the gradient layout contract, or that the param's strides changed since DDP was constructed.  This is not an error, but may impair performance.
grad.sizes() = [128, 128, 1, 1], strides() = [128, 1, 128, 128]
bucket_view.sizes() = [128, 128, 1, 1], strides() = [128, 1, 1, 1] (Triggered internally at ../torch/csrc/distributed/c10d/reducer.cpp:322.)
  Variable._execution_engine.run_backward(  # Calls into the C++ engine to run the backward pass
/home/hslee/anaconda3/envs/yolov12/lib/python3.11/site-packages/torch/autograd/__init__.py:266: UserWarning: Grad strides do not match bucket view strides. This may indicate grad was not created according to the gradient layout contract, or that the param's strides changed since DDP was constructed.  This is not an error, but may impair performance.
grad.sizes() = [128, 128, 1, 1], strides() = [128, 1, 128, 128]
bucket_view.sizes() = [128, 128, 1, 1], strides() = [128, 1, 1, 1] (Triggered internally at ../torch/csrc/distributed/c10d/reducer.cpp:322.)
  Variable._execution_engine.run_backward(  # Calls into the C++ engine to run the backward pass
  Epoch 1/30  Batch 1/2188 (0.0%)  | Super 205.561 (box 1.6296  cls 3.4781  dfl 1.3160)  | Base 222.416 (box 1.7446  cls 3.8339  dfl 1.3720)  | KD 29.095 (box 0.76010  cls 0.14419  dfl 0.00240  feat 0.00254)
  Epoch 1/30  Batch 219/2188 (10.0%)  | Super 177.349 (box 1.6468  cls 2.6073  dfl 1.2880)  | Base 186.707 (box 1.7299  cls 2.8034  dfl 1.3013)  | KD 26.901 (box 0.75287  cls 0.08240  dfl 0.00287  feat 0.00251)
  Epoch 1/30  Batch 437/2188 (20.0%)  | Super 159.992 (box 1.8230  cls 1.8359  dfl 1.3409)  | Base 165.182 (box 1.8402  cls 1.9768  dfl 1.3450)  | KD 27.971 (box 0.79384  cls 0.07523  dfl 0.00258  feat 0.00243)
  Epoch 1/30  Batch 655/2188 (29.9%)  | Super 125.093 (box 1.4458  cls 1.2915  dfl 1.1719)  | Base 130.168 (box 1.4928  cls 1.3919  dfl 1.1831)  | KD 18.340 (box 0.51611  cls 0.05390  dfl 0.00134  feat 0.00177)
  Epoch 1/30  Batch 873/2188 (39.9%)  | Super 137.763 (box 1.5753  cls 1.4945  dfl 1.2353)  | Base 140.957 (box 1.5857  cls 1.5950  dfl 1.2242)  | KD 20.992 (box 0.58390  cls 0.06860  dfl 0.00157  feat 0.00194)
  Epoch 1/30  Batch 1091/2188 (49.9%)  | Super 115.761 (box 1.3990  cls 1.0686  dfl 1.1499)  | Base 120.282 (box 1.4153  cls 1.1935  dfl 1.1500)  | KD 17.572 (box 0.50610  cls 0.04033  dfl 0.00122  feat 0.00147)
  Epoch 1/30  Batch 1309/2188 (59.8%)  | Super 113.811 (box 1.3767  cls 1.0564  dfl 1.1235)  | Base 116.882 (box 1.3977  cls 1.1247  dfl 1.1301)  | KD 15.161 (box 0.43688  cls 0.03435  dfl 0.00107  feat 0.00148)
  Epoch 1/30  Batch 1527/2188 (69.8%)  | Super 124.033 (box 1.5098  cls 1.1426  dfl 1.2236)  | Base 128.399 (box 1.5498  cls 1.2318  dfl 1.2310)  | KD 15.014 (box 0.42536  cls 0.04120  dfl 0.00107  feat 0.00156)
  Epoch 1/30  Batch 1745/2188 (79.8%)  | Super 113.882 (box 1.3679  cls 1.0498  dfl 1.1411)  | Base 117.145 (box 1.3847  cls 1.1392  dfl 1.1368)  | KD 15.753 (box 0.45036  cls 0.03933  dfl 0.00118  feat 0.00142)
  Epoch 1/30  Batch 1963/2188 (89.7%)  | Super 118.116 (box 1.4176  cls 1.0903  dfl 1.1833)  | Base 122.907 (box 1.4372  cls 1.1975  dfl 1.2061)  | KD 16.145 (box 0.46453  cls 0.03690  dfl 0.00128  feat 0.00182)
  Epoch 1/30  Batch 2181/2188 (99.7%)  | Super 114.363 (box 1.4246  cls 0.9786  dfl 1.1707)  | Base 117.207 (box 1.4459  cls 1.0568  dfl 1.1600)  | KD 15.778 (box 0.45514  cls 0.03487  dfl 0.00124  feat 0.00181)

================================================================================
  [Validation] Super model (skip=False)  |  Epoch 1/30
================================================================================
[*] Validation input tensor shape: torch.Size([32, 3, 736, 1312])
                 Class     Images  Instances      Box(P          R      mAP50  mAP50-95)
                   all      10000     185578      0.609       0.37       0.42      0.238

================================================================================
  [Validation] Base model  (skip=True)   |  Epoch 1/30
================================================================================
[*] Validation input tensor shape: torch.Size([32, 3, 736, 1312])
                 Class     Images  Instances      Box(P          R      mAP50  mAP50-95)
                   all      10000     185578      0.589      0.357      0.398      0.221

           Epoch         GPU_mem          box_om          cls_om          dfl_om          box_oo          cls_oo          dfl_oo       Instances            Size
  Epoch 2/30  Batch 1/2188 (0.0%)  | Super 123.225 (box 1.4803  cls 1.0797  dfl 1.2907)  | Base 128.061 (box 1.5329  cls 1.1560  dfl 1.3131)  | KD 16.317 (box 0.46769  cls 0.03908  dfl 0.00125  feat 0.00188)
  Epoch 2/30  Batch 219/2188 (10.0%)  | Super 114.039 (box 1.4573  cls 0.9656  dfl 1.1408)  | Base 117.099 (box 1.4783  cls 1.0425  dfl 1.1385)  | KD 14.144 (box 0.41041  cls 0.02893  dfl 0.00105  feat 0.00162)
  Epoch 2/30  Batch 437/2188 (20.0%)  | Super 132.619 (box 1.7207  cls 1.1203  dfl 1.3034)  | Base 135.858 (box 1.7374  cls 1.2140  dfl 1.2942)  | KD 18.982 (box 0.56254  cls 0.02759  dfl 0.00144  feat 0.00162)
  Epoch 2/30  Batch 655/2188 (29.9%)  | Super 109.995 (box 1.3630  cls 0.9458  dfl 1.1285)  | Base 112.981 (box 1.3765  cls 1.0266  dfl 1.1276)  | KD 14.666 (box 0.42501  cls 0.03088  dfl 0.00099  feat 0.00143)
  Epoch 2/30  Batch 873/2188 (39.9%)  | Super 124.828 (box 1.5100  cls 1.1522  dfl 1.2387)  | Base 126.285 (box 1.5396  cls 1.1868  dfl 1.2201)  | KD 15.880 (box 0.46311  cls 0.03048  dfl 0.00112  feat 0.00155)
  Epoch 2/30  Batch 1091/2188 (49.9%)  | Super 104.712 (box 1.3615  cls 0.8380  dfl 1.0728)  | Base 106.711 (box 1.3865  cls 0.8845  dfl 1.0637)  | KD 13.637 (box 0.40179  cls 0.02207  dfl 0.00103  feat 0.00127)
  Epoch 2/30  Batch 1309/2188 (59.8%)  | Super 104.027 (box 1.3336  cls 0.8335  dfl 1.0837)  | Base 106.292 (box 1.3383  cls 0.9108  dfl 1.0726)  | KD 14.122 (box 0.40423  cls 0.03459  dfl 0.00111  feat 0.00139)
  Epoch 2/30  Batch 1527/2188 (69.8%)  | Super 118.300 (box 1.4815  cls 0.9986  dfl 1.2168)  | Base 121.440 (box 1.5104  cls 1.0674  dfl 1.2172)  | KD 14.556 (box 0.42650  cls 0.02567  dfl 0.00127  feat 0.00142)
  Epoch 2/30  Batch 1745/2188 (79.8%)  | Super 108.123 (box 1.3554  cls 0.8972  dfl 1.1262)  | Base 110.898 (box 1.3954  cls 0.9313  dfl 1.1389)  | KD 13.135 (box 0.38855  cls 0.01958  dfl 0.00100  feat 0.00132)
  Epoch 2/30  Batch 1963/2188 (89.7%)  | Super 110.508 (box 1.3358  cls 0.9894  dfl 1.1282)  | Base 110.813 (box 1.3243  cls 1.0227  dfl 1.1159)  | KD 13.277 (box 0.38621  cls 0.02611  dfl 0.00104  feat 0.00155)
  Epoch 2/30  Batch 2181/2188 (99.7%)  | Super 110.434 (box 1.3996  cls 0.8782  dfl 1.1733)  | Base 116.801 (box 1.4760  cls 0.9724  dfl 1.2017)  | KD 14.338 (box 0.41375  cls 0.03163  dfl 0.00114  feat 0.00154)

================================================================================
  [Validation] Super model (skip=False)  |  Epoch 2/30
================================================================================
[*] Validation input tensor shape: torch.Size([32, 3, 736, 1312])
                 Class     Images  Instances      Box(P          R      mAP50  mAP50-95)
                   all      10000     185578      0.676      0.458      0.496      0.283

================================================================================
  [Validation] Base model  (skip=True)   |  Epoch 2/30
================================================================================
[*] Validation input tensor shape: torch.Size([32, 3, 736, 1312])
                 Class     Images  Instances      Box(P          R      mAP50  mAP50-95)
                   all      10000     185578      0.668      0.432      0.473      0.265

           Epoch         GPU_mem          box_om          cls_om          dfl_om          box_oo          cls_oo          dfl_oo       Instances            Size
  Epoch 3/30  Batch 1/2188 (0.0%)  | Super 112.857 (box 1.3978  cls 0.9466  dfl 1.1824)  | Base 114.395 (box 1.3978  cls 1.0130  dfl 1.1640)  | KD 13.819 (box 0.39953  cls 0.02983  dfl 0.00102  feat 0.00146)
  Epoch 3/30  Batch 219/2188 (10.0%)  | Super 116.959 (box 1.4930  cls 0.9655  dfl 1.1965)  | Base 118.415 (box 1.5166  cls 1.0027  dfl 1.1811)  | KD 13.227 (box 0.38757  cls 0.02299  dfl 0.00110  feat 0.00167)
  Epoch 3/30  Batch 437/2188 (20.0%)  | Super 123.238 (box 1.6445  cls 1.0193  dfl 1.1874)  | Base 125.918 (box 1.6783  cls 1.0733  dfl 1.1833)  | KD 15.509 (box 0.46184  cls 0.02021  dfl 0.00114  feat 0.00148)
  Epoch 3/30  Batch 655/2188 (29.9%)  | Super 106.923 (box 1.3629  cls 0.8641  dfl 1.1143)  | Base 109.304 (box 1.3874  cls 0.9134  dfl 1.1150)  | KD 11.894 (box 0.35136  cls 0.01796  dfl 0.00085  feat 0.00153)
  Epoch 3/30  Batch 873/2188 (39.9%)  | Super 113.056 (box 1.4220  cls 1.0061  dfl 1.1049)  | Base 114.892 (box 1.4430  cls 1.0524  dfl 1.0950)  | KD 13.635 (box 0.40175  cls 0.02198  dfl 0.00102  feat 0.00135)
  Epoch 3/30  Batch 1091/2188 (49.9%)  | Super 104.450 (box 1.3568  cls 0.7942  dfl 1.1130)  | Base 106.641 (box 1.3748  cls 0.8450  dfl 1.1127)  | KD 11.139 (box 0.33172  cls 0.01440  dfl 0.00081  feat 0.00117)
  Epoch 3/30  Batch 1309/2188 (59.8%)  | Super 106.385 (box 1.3443  cls 0.8179  dfl 1.1624)  | Base 107.005 (box 1.3390  cls 0.8635  dfl 1.1414)  | KD 13.545 (box 0.39808  cls 0.02287  dfl 0.00100  feat 0.00133)
  Epoch 3/30  Batch 1527/2188 (69.8%)  | Super 114.726 (box 1.4712  cls 0.9493  dfl 1.1647)  | Base 118.819 (box 1.5145  cls 1.0296  dfl 1.1690)  | KD 13.675 (box 0.39819  cls 0.02673  dfl 0.00107  feat 0.00134)
  Epoch 3/30  Batch 1745/2188 (79.8%)  | Super 107.704 (box 1.3652  cls 0.8763  dfl 1.1243)  | Base 109.932 (box 1.3878  cls 0.9268  dfl 1.1208)  | KD 12.688 (box 0.37385  cls 0.02056  dfl 0.00093  feat 0.00117)
  Epoch 3/30  Batch 1963/2188 (89.7%)  | Super 113.573 (box 1.3839  cls 0.9943  dfl 1.1709)  | Base 117.073 (box 1.4255  cls 1.0484  dfl 1.1847)  | KD 13.128 (box 0.38261  cls 0.02505  dfl 0.00099  feat 0.00160)
  Epoch 3/30  Batch 2181/2188 (99.7%)  | Super 110.738 (box 1.4286  cls 0.8368  dfl 1.1952)  | Base 114.437 (box 1.4734  cls 0.9006  dfl 1.2022)  | KD 11.131 (box 0.32829  cls 0.01742  dfl 0.00092  feat 0.00121)

================================================================================
  [Validation] Super model (skip=False)  |  Epoch 3/30
================================================================================
[*] Validation input tensor shape: torch.Size([32, 3, 736, 1312])
                 Class     Images  Instances      Box(P          R      mAP50  mAP50-95)
                   all      10000     185578        0.7      0.483      0.526      0.301

================================================================================
  [Validation] Base model  (skip=True)   |  Epoch 3/30
================================================================================
[*] Validation input tensor shape: torch.Size([32, 3, 736, 1312])
                 Class     Images  Instances      Box(P          R      mAP50  mAP50-95)
                   all      10000     185578      0.588      0.459      0.504      0.285

           Epoch         GPU_mem          box_om          cls_om          dfl_om          box_oo          cls_oo          dfl_oo       Instances            Size
  Epoch 4/30  Batch 1/2188 (0.0%)  | Super 111.813 (box 1.4064  cls 0.8959  dfl 1.1918)  | Base 114.775 (box 1.4364  cls 0.9519  dfl 1.1984)  | KD 13.125 (box 0.38751  cls 0.02045  dfl 0.00101  feat 0.00120)
  Epoch 4/30  Batch 219/2188 (10.0%)  | Super 116.093 (box 1.4772  cls 0.9651  dfl 1.1856)  | Base 116.830 (box 1.4766  cls 1.0105  dfl 1.1639)  | KD 11.824 (box 0.34805  cls 0.01913  dfl 0.00091  feat 0.00139)
  Epoch 4/30  Batch 437/2188 (20.0%)  | Super 118.677 (box 1.6080  cls 0.9546  dfl 1.1461)  | Base 119.873 (box 1.6186  cls 0.9903  dfl 1.1371)  | KD 14.759 (box 0.43992  cls 0.01902  dfl 0.00095  feat 0.00133)
  Epoch 4/30  Batch 655/2188 (29.9%)  | Super 103.862 (box 1.3334  cls 0.8159  dfl 1.0964)  | Base 105.346 (box 1.3360  cls 0.8655  dfl 1.0906)  | KD 10.724 (box 0.31882  cls 0.01439  dfl 0.00072  feat 0.00119)
  Epoch 4/30  Batch 873/2188 (39.9%)  | Super 117.221 (box 1.4986  cls 0.9648  dfl 1.1998)  | Base 119.627 (box 1.5247  cls 1.0210  dfl 1.1926)  | KD 13.933 (box 0.41623  cls 0.01698  dfl 0.00101  feat 0.00118)
  Epoch 4/30  Batch 1091/2188 (49.9%)  | Super 103.215 (box 1.3339  cls 0.8127  dfl 1.0789)  | Base 105.202 (box 1.3630  cls 0.8497  dfl 1.0748)  | KD 11.385 (box 0.33652  cls 0.01726  dfl 0.00086  feat 0.00113)
  Epoch 4/30  Batch 1309/2188 (59.8%)  | Super 102.039 (box 1.3158  cls 0.7664  dfl 1.1066)  | Base 103.434 (box 1.3308  cls 0.8012  dfl 1.1003)  | KD 12.411 (box 0.36995  cls 0.01572  dfl 0.00093  feat 0.00124)
  Epoch 4/30  Batch 1527/2188 (69.8%)  | Super 111.953 (box 1.4356  cls 0.8970  dfl 1.1659)  | Base 114.444 (box 1.4652  cls 0.9443  dfl 1.1668)  | KD 12.815 (box 0.37841  cls 0.01986  dfl 0.00102  feat 0.00119)
  Epoch 4/30  Batch 1745/2188 (79.8%)  | Super 105.352 (box 1.3572  cls 0.8332  dfl 1.1018)  | Base 107.612 (box 1.3789  cls 0.8814  dfl 1.1026)  | KD 12.456 (box 0.37303  cls 0.01419  dfl 0.00085  feat 0.00117)
  Epoch 4/30  Batch 1963/2188 (89.7%)  | Super 109.303 (box 1.3822  cls 0.8725  dfl 1.1610)  | Base 109.189 (box 1.3655  cls 0.9255  dfl 1.1211)  | KD 12.075 (box 0.35834  cls 0.01666  dfl 0.00092  feat 0.00142)
  Epoch 4/30  Batch 2181/2188 (99.7%)  | Super 108.831 (box 1.4180  cls 0.7754  dfl 1.2075)  | Base 109.868 (box 1.4105  cls 0.8415  dfl 1.1813)  | KD 11.377 (box 0.33157  cls 0.02174  dfl 0.00078  feat 0.00145)

================================================================================
  [Validation] Super model (skip=False)  |  Epoch 4/30
================================================================================
[*] Validation input tensor shape: torch.Size([32, 3, 736, 1312])
                 Class     Images  Instances      Box(P          R      mAP50  mAP50-95)
                   all      10000     185578      0.613      0.494      0.541      0.309

================================================================================
  [Validation] Base model  (skip=True)   |  Epoch 4/30
================================================================================
[*] Validation input tensor shape: torch.Size([32, 3, 736, 1312])
                 Class     Images  Instances      Box(P          R      mAP50  mAP50-95)
                   all      10000     185578      0.604      0.477      0.524      0.295

           Epoch         GPU_mem          box_om          cls_om          dfl_om          box_oo          cls_oo          dfl_oo       Instances            Size
  Epoch 5/30  Batch 1/2188 (0.0%)  | Super 109.720 (box 1.3996  cls 0.8677  dfl 1.1615)  | Base 111.371 (box 1.4052  cls 0.9219  dfl 1.1533)  | KD 11.826 (box 0.35152  cls 0.01618  dfl 0.00081  feat 0.00106)
  Epoch 5/30  Batch 219/2188 (10.0%)  | Super 110.105 (box 1.4626  cls 0.8964  dfl 1.0817)  | Base 111.341 (box 1.4579  cls 0.9431  dfl 1.0784)  | KD 12.634 (box 0.37065  cls 0.02193  dfl 0.00101  feat 0.00120)
  Epoch 5/30  Batch 437/2188 (20.0%)  | Super 117.352 (box 1.5708  cls 0.9085  dfl 1.1879)  | Base 119.749 (box 1.5953  cls 0.9617  dfl 1.1852)  | KD 14.801 (box 0.44566  cls 0.01435  dfl 0.00108  feat 0.00145)
  Epoch 5/30  Batch 655/2188 (29.9%)  | Super 104.082 (box 1.3625  cls 0.7898  dfl 1.1003)  | Base 105.871 (box 1.3680  cls 0.8476  dfl 1.0929)  | KD 11.313 (box 0.33814  cls 0.01350  dfl 0.00076  feat 0.00113)
  Epoch 5/30  Batch 873/2188 (39.9%)  | Super 116.441 (box 1.4385  cls 1.0241  dfl 1.1762)  | Base 117.778 (box 1.4678  cls 1.0461  dfl 1.1666)  | KD 12.805 (box 0.37800  cls 0.01997  dfl 0.00089  feat 0.00130)
  Epoch 5/30  Batch 1091/2188 (49.9%)  | Super 105.357 (box 1.3450  cls 0.8186  dfl 1.1288)  | Base 107.021 (box 1.3659  cls 0.8468  dfl 1.1317)  | KD 11.036 (box 0.32621  cls 0.01664  dfl 0.00077  feat 0.00126)
  Epoch 5/30  Batch 1309/2188 (59.8%)  | Super 100.378 (box 1.2533  cls 0.7933  dfl 1.0902)  | Base 102.296 (box 1.2858  cls 0.8230  dfl 1.0880)  | KD 12.257 (box 0.36887  cls 0.01225  dfl 0.00089  feat 0.00101)
  Epoch 5/30  Batch 1527/2188 (69.8%)  | Super 115.754 (box 1.4902  cls 0.9335  dfl 1.1936)  | Base 117.851 (box 1.5103  cls 0.9790  dfl 1.1935)  | KD 12.043 (box 0.35806  cls 0.01621  dfl 0.00095  feat 0.00111)
  Epoch 5/30  Batch 1745/2188 (79.8%)  | Super 104.720 (box 1.3532  cls 0.8086  dfl 1.1107)  | Base 107.656 (box 1.3887  cls 0.8564  dfl 1.1191)  | KD 11.715 (box 0.35176  cls 0.01233  dfl 0.00091  feat 0.00109)
  Epoch 5/30  Batch 1963/2188 (89.7%)  | Super 105.274 (box 1.3279  cls 0.8342  dfl 1.1277)  | Base 107.097 (box 1.3447  cls 0.8797  dfl 1.1224)  | KD 11.758 (box 0.35042  cls 0.01477  dfl 0.00090  feat 0.00134)
  Epoch 5/30  Batch 2181/2188 (99.7%)  | Super 108.409 (box 1.4051  cls 0.7841  dfl 1.1986)  | Base 107.990 (box 1.4033  cls 0.8105  dfl 1.1608)  | KD 11.016 (box 0.32617  cls 0.01592  dfl 0.00082  feat 0.00133)

================================================================================
  [Validation] Super model (skip=False)  |  Epoch 5/30
================================================================================
[*] Validation input tensor shape: torch.Size([32, 3, 736, 1312])
                 Class     Images  Instances      Box(P          R      mAP50  mAP50-95)
                   all      10000     185578      0.626      0.497      0.551      0.317

================================================================================
  [Validation] Base model  (skip=True)   |  Epoch 5/30
================================================================================
[*] Validation input tensor shape: torch.Size([32, 3, 736, 1312])
                 Class     Images  Instances      Box(P          R      mAP50  mAP50-95)
                   all      10000     185578      0.617      0.479      0.532      0.302

           Epoch         GPU_mem          box_om          cls_om          dfl_om          box_oo          cls_oo          dfl_oo       Instances            Size
  Epoch 6/30  Batch 1/2188 (0.0%)  | Super 108.255 (box 1.3774  cls 0.8566  dfl 1.1490)  | Base 110.738 (box 1.4073  cls 0.9090  dfl 1.1442)  | KD 12.040 (box 0.36008  cls 0.01415  dfl 0.00092  feat 0.00111)
  Epoch 6/30  Batch 219/2188 (10.0%)  | Super 106.688 (box 1.3823  cls 0.8341  dfl 1.1175)  | Base 108.658 (box 1.3963  cls 0.8940  dfl 1.1053)  | KD 12.168 (box 0.35851  cls 0.01965  dfl 0.00092  feat 0.00117)
  Epoch 6/30  Batch 437/2188 (20.0%)  | Super 117.472 (box 1.5858  cls 0.9413  dfl 1.1439)  | Base 119.256 (box 1.6134  cls 0.9777  dfl 1.1356)  | KD 13.303 (box 0.40099  cls 0.01269  dfl 0.00084  feat 0.00120)
  Epoch 6/30  Batch 655/2188 (29.9%)  | Super 103.927 (box 1.3581  cls 0.7647  dfl 1.1250)  | Base 105.067 (box 1.3582  cls 0.8041  dfl 1.1211)  | KD 10.424 (box 0.30845  cls 0.01550  dfl 0.00069  feat 0.00109)
  Epoch 6/30  Batch 873/2188 (39.9%)  | Super 115.327 (box 1.4516  cls 0.9683  dfl 1.1841)  | Base 118.031 (box 1.4951  cls 1.0064  dfl 1.1871)  | KD 12.739 (box 0.38129  cls 0.01473  dfl 0.00097  feat 0.00110)
  Epoch 6/30  Batch 1091/2188 (49.9%)  | Super 101.901 (box 1.3403  cls 0.7590  dfl 1.0851)  | Base 102.491 (box 1.3482  cls 0.7790  dfl 1.0756)  | KD 10.089 (box 0.30163  cls 0.01179  dfl 0.00070  feat 0.00118)
  Epoch 6/30  Batch 1309/2188 (59.8%)  | Super 105.099 (box 1.3509  cls 0.7965  dfl 1.1369)  | Base 107.192 (box 1.3712  cls 0.8341  dfl 1.1445)  | KD 11.171 (box 0.32966  cls 0.01754  dfl 0.00082  feat 0.00107)
  Epoch 6/30  Batch 1527/2188 (69.8%)  | Super 110.461 (box 1.4107  cls 0.8760  dfl 1.1653)  | Base 112.977 (box 1.4395  cls 0.9238  dfl 1.1673)  | KD 11.603 (box 0.34208  cls 0.01835  dfl 0.00091  feat 0.00124)
  Epoch 6/30  Batch 1745/2188 (79.8%)  | Super 98.864 (box 1.2744  cls 0.7625  dfl 1.0527)  | Base 100.691 (box 1.2883  cls 0.8006  dfl 1.0577)  | KD 11.027 (box 0.32925  cls 0.01353  dfl 0.00080  feat 0.00100)
  Epoch 6/30  Batch 1963/2188 (89.7%)  | Super 106.780 (box 1.3450  cls 0.8367  dfl 1.1551)  | Base 108.036 (box 1.3537  cls 0.8701  dfl 1.1523)  | KD 11.399 (box 0.34010  cls 0.01378  dfl 0.00088  feat 0.00146)
  Epoch 6/30  Batch 2181/2188 (99.7%)  | Super 105.008 (box 1.3786  cls 0.7420  dfl 1.1609)  | Base 106.311 (box 1.3885  cls 0.7712  dfl 1.1625)  | KD 10.772 (box 0.32273  cls 0.01182  dfl 0.00090  feat 0.00119)

================================================================================
  [Validation] Super model (skip=False)  |  Epoch 6/30
================================================================================
[*] Validation input tensor shape: torch.Size([32, 3, 736, 1312])
                 Class     Images  Instances      Box(P          R      mAP50  mAP50-95)
                   all      10000     185578      0.618      0.503      0.557       0.32

================================================================================
  [Validation] Base model  (skip=True)   |  Epoch 6/30
================================================================================
[*] Validation input tensor shape: torch.Size([32, 3, 736, 1312])
                 Class     Images  Instances      Box(P          R      mAP50  mAP50-95)
                   all      10000     185578      0.607      0.487      0.539      0.306

           Epoch         GPU_mem          box_om          cls_om          dfl_om          box_oo          cls_oo          dfl_oo       Instances            Size
  Epoch 7/30  Batch 1/2188 (0.0%)  | Super 108.408 (box 1.4154  cls 0.8049  dfl 1.1675)  | Base 110.314 (box 1.4415  cls 0.8452  dfl 1.1606)  | KD 11.579 (box 0.34297  cls 0.01708  dfl 0.00071  feat 0.00109)
  Epoch 7/30  Batch 219/2188 (10.0%)  | Super 111.914 (box 1.4682  cls 0.8918  dfl 1.1373)  | Base 113.718 (box 1.4913  cls 0.9281  dfl 1.1343)  | KD 11.924 (box 0.35016  cls 0.02032  dfl 0.00099  feat 0.00115)
  Epoch 7/30  Batch 437/2188 (20.0%)  | Super 113.968 (box 1.5665  cls 0.8562  dfl 1.1389)  | Base 115.029 (box 1.5704  cls 0.8973  dfl 1.1269)  | KD 12.938 (box 0.39177  cls 0.01039  dfl 0.00091  feat 0.00124)
  Epoch 7/30  Batch 655/2188 (29.9%)  | Super 100.846 (box 1.3139  cls 0.7597  dfl 1.0778)  | Base 101.286 (box 1.3148  cls 0.7806  dfl 1.0698)  | KD 10.285 (box 0.30783  cls 0.01186  dfl 0.00074  feat 0.00099)
  Epoch 7/30  Batch 873/2188 (39.9%)  | Super 113.624 (box 1.4522  cls 0.9412  dfl 1.1573)  | Base 114.859 (box 1.4593  cls 0.9807  dfl 1.1493)  | KD 12.324 (box 0.36506  cls 0.01806  dfl 0.00093  feat 0.00109)
  Epoch 7/30  Batch 1091/2188 (49.9%)  | Super 99.387 (box 1.3055  cls 0.7412  dfl 1.0591)  | Base 99.986 (box 1.3150  cls 0.7562  dfl 1.0534)  | KD 10.292 (box 0.30826  cls 0.01166  dfl 0.00071  feat 0.00101)
  Epoch 7/30  Batch 1309/2188 (59.8%)  | Super 102.592 (box 1.3110  cls 0.7522  dfl 1.1428)  | Base 102.861 (box 1.2994  cls 0.8024  dfl 1.1126)  | KD 11.236 (box 0.33478  cls 0.01435  dfl 0.00089  feat 0.00111)
  Epoch 7/30  Batch 1527/2188 (69.8%)  | Super 110.198 (box 1.4065  cls 0.8878  dfl 1.1494)  | Base 112.057 (box 1.4250  cls 0.9399  dfl 1.1369)  | KD 11.906 (box 0.35276  cls 0.01711  dfl 0.00095  feat 0.00123)
  Epoch 7/30  Batch 1745/2188 (79.8%)  | Super 102.743 (box 1.3340  cls 0.7914  dfl 1.0853)  | Base 105.067 (box 1.3655  cls 0.8297  dfl 1.0881)  | KD 10.985 (box 0.33058  cls 0.01075  dfl 0.00085  feat 0.00110)
  Epoch 7/30  Batch 1963/2188 (89.7%)  | Super 107.289 (box 1.3777  cls 0.8603  dfl 1.1148)  | Base 108.364 (box 1.3800  cls 0.8930  dfl 1.1134)  | KD 11.528 (box 0.34415  cls 0.01405  dfl 0.00090  feat 0.00116)
  Epoch 7/30  Batch 2181/2188 (99.7%)  | Super 109.503 (box 1.4298  cls 0.7513  dfl 1.2409)  | Base 110.895 (box 1.4486  cls 0.8002  dfl 1.2167)  | KD 10.692 (box 0.31173  cls 0.02023  dfl 0.00077  feat 0.00140)

================================================================================
  [Validation] Super model (skip=False)  |  Epoch 7/30
================================================================================
[*] Validation input tensor shape: torch.Size([32, 3, 736, 1312])
                 Class     Images  Instances      Box(P          R      mAP50  mAP50-95)
                   all      10000     185578      0.628      0.506      0.561      0.324

================================================================================
  [Validation] Base model  (skip=True)   |  Epoch 7/30
================================================================================
[*] Validation input tensor shape: torch.Size([32, 3, 736, 1312])
                 Class     Images  Instances      Box(P          R      mAP50  mAP50-95)
                   all      10000     185578      0.612       0.49      0.544       0.31

           Epoch         GPU_mem          box_om          cls_om          dfl_om          box_oo          cls_oo          dfl_oo       Instances            Size
  Epoch 8/30  Batch 1/2188 (0.0%)  | Super 108.146 (box 1.3669  cls 0.8560  dfl 1.1567)  | Base 110.608 (box 1.3959  cls 0.9058  dfl 1.1548)  | KD 10.981 (box 0.32587  cls 0.01543  dfl 0.00080  feat 0.00107)
  Epoch 8/30  Batch 219/2188 (10.0%)  | Super 104.059 (box 1.3910  cls 0.7844  dfl 1.0765)  | Base 106.513 (box 1.4266  cls 0.8229  dfl 1.0790)  | KD 10.748 (box 0.32000  cls 0.01385  dfl 0.00076  feat 0.00127)
  Epoch 8/30  Batch 437/2188 (20.0%)  | Super 115.828 (box 1.5923  cls 0.8883  dfl 1.1391)  | Base 117.379 (box 1.6030  cls 0.9283  dfl 1.1368)  | KD 13.698 (box 0.41172  cls 0.01416  dfl 0.00091  feat 0.00126)
  Epoch 8/30  Batch 655/2188 (29.9%)  | Super 98.984 (box 1.2719  cls 0.7645  dfl 1.0569)  | Base 100.236 (box 1.2842  cls 0.7903  dfl 1.0579)  | KD 10.199 (box 0.30459  cls 0.01236  dfl 0.00071  feat 0.00106)
  Epoch 8/30  Batch 873/2188 (39.9%)  | Super 120.398 (box 1.5376  cls 0.9930  dfl 1.2318)  | Base 121.899 (box 1.5602  cls 1.0289  dfl 1.2203)  | KD 12.428 (box 0.37081  cls 0.01560  dfl 0.00081  feat 0.00117)
  Epoch 8/30  Batch 1091/2188 (49.9%)  | Super 98.709 (box 1.2878  cls 0.7165  dfl 1.0804)  | Base 100.542 (box 1.3083  cls 0.7527  dfl 1.0809)  | KD 9.933 (box 0.29872  cls 0.00993  dfl 0.00081  feat 0.00095)
  Epoch 8/30  Batch 1309/2188 (59.8%)  | Super 101.181 (box 1.2841  cls 0.7583  dfl 1.1194)  | Base 101.163 (box 1.2804  cls 0.7812  dfl 1.0998)  | KD 11.638 (box 0.34448  cls 0.01731  dfl 0.00090  feat 0.00100)
  Epoch 8/30  Batch 1527/2188 (69.8%)  | Super 113.065 (box 1.4440  cls 0.9317  dfl 1.1575)  | Base 113.546 (box 1.4413  cls 0.9593  dfl 1.1477)  | KD 11.323 (box 0.33298  cls 0.01878  dfl 0.00085  feat 0.00123)
  Epoch 8/30  Batch 1745/2188 (79.8%)  | Super 104.548 (box 1.3478  cls 0.7928  dfl 1.1265)  | Base 106.313 (box 1.3706  cls 0.8350  dfl 1.1167)  | KD 11.489 (box 0.34813  cls 0.00892  dfl 0.00086  feat 0.00112)
  Epoch 8/30  Batch 1963/2188 (89.7%)  | Super 104.517 (box 1.3287  cls 0.8114  dfl 1.1260)  | Base 106.264 (box 1.3497  cls 0.8496  dfl 1.1215)  | KD 10.954 (box 0.32684  cls 0.01326  dfl 0.00081  feat 0.00141)
  Epoch 8/30  Batch 2181/2188 (99.7%)  | Super 106.443 (box 1.3861  cls 0.7558  dfl 1.1844)  | Base 108.262 (box 1.3995  cls 0.8020  dfl 1.1817)  | KD 9.928 (box 0.29523  cls 0.01303  dfl 0.00075  feat 0.00125)

================================================================================
  [Validation] Super model (skip=False)  |  Epoch 8/30
================================================================================
[*] Validation input tensor shape: torch.Size([32, 3, 736, 1312])
                 Class     Images  Instances      Box(P          R      mAP50  mAP50-95)
                   all      10000     185578      0.627       0.51      0.566      0.327

================================================================================
  [Validation] Base model  (skip=True)   |  Epoch 8/30
================================================================================
[*] Validation input tensor shape: torch.Size([32, 3, 736, 1312])
                 Class     Images  Instances      Box(P          R      mAP50  mAP50-95)
                   all      10000     185578      0.614      0.496      0.548      0.313

           Epoch         GPU_mem          box_om          cls_om          dfl_om          box_oo          cls_oo          dfl_oo       Instances            Size
  Epoch 9/30  Batch 1/2188 (0.0%)  | Super 101.766 (box 1.3119  cls 0.8010  dfl 1.0673)  | Base 104.210 (box 1.3408  cls 0.8395  dfl 1.0762)  | KD 11.929 (box 0.35516  cls 0.01576  dfl 0.00087  feat 0.00101)
  Epoch 9/30  Batch 219/2188 (10.0%)  | Super 112.489 (box 1.4766  cls 0.8754  dfl 1.1633)  | Base 114.776 (box 1.5027  cls 0.9220  dfl 1.1621)  | KD 10.893 (box 0.32213  cls 0.01648  dfl 0.00078  feat 0.00101)
  Epoch 9/30  Batch 437/2188 (20.0%)  | Super 115.741 (box 1.5987  cls 0.8786  dfl 1.1396)  | Base 117.446 (box 1.6162  cls 0.9099  dfl 1.1441)  | KD 12.301 (box 0.37034  cls 0.01199  dfl 0.00080  feat 0.00127)
  Epoch 9/30  Batch 655/2188 (29.9%)  | Super 97.826 (box 1.3007  cls 0.7088  dfl 1.0476)  | Base 99.313 (box 1.3146  cls 0.7423  dfl 1.0467)  | KD 9.432 (box 0.28462  cls 0.00852  dfl 0.00065  feat 0.00095)
  Epoch 9/30  Batch 873/2188 (39.9%)  | Super 114.047 (box 1.4537  cls 0.9259  dfl 1.1843)  | Base 116.562 (box 1.4857  cls 0.9812  dfl 1.1756)  | KD 12.002 (box 0.35875  cls 0.01448  dfl 0.00086  feat 0.00097)
  Epoch 9/30  Batch 1091/2188 (49.9%)  | Super 101.605 (box 1.3322  cls 0.7472  dfl 1.0958)  | Base 103.007 (box 1.3527  cls 0.7685  dfl 1.0977)  | KD 10.106 (box 0.30171  cls 0.01238  dfl 0.00073  feat 0.00099)
  Epoch 9/30  Batch 1309/2188 (59.8%)  | Super 101.315 (box 1.2991  cls 0.7629  dfl 1.1041)  | Base 103.026 (box 1.3099  cls 0.8076  dfl 1.1021)  | KD 11.262 (box 0.33443  cls 0.01561  dfl 0.00085  feat 0.00105)
  Epoch 9/30  Batch 1527/2188 (69.8%)  | Super 109.244 (box 1.4061  cls 0.8628  dfl 1.1449)  | Base 110.172 (box 1.4279  cls 0.8787  dfl 1.1362)  | KD 11.106 (box 0.32571  cls 0.01925  dfl 0.00093  feat 0.00116)
  Epoch 9/30  Batch 1745/2188 (79.8%)  | Super 100.623 (box 1.2870  cls 0.7600  dfl 1.0974)  | Base 102.144 (box 1.3153  cls 0.7901  dfl 1.0867)  | KD 11.081 (box 0.32823  cls 0.01628  dfl 0.00080  feat 0.00099)
  Epoch 9/30  Batch 1963/2188 (89.7%)  | Super 97.241 (box 1.2401  cls 0.7367  dfl 1.0619)  | Base 100.589 (box 1.2843  cls 0.7809  dfl 1.0782)  | KD 10.561 (box 0.31389  cls 0.01411  dfl 0.00083  feat 0.00122)
  Epoch 9/30  Batch 2181/2188 (99.7%)  | Super 107.145 (box 1.3866  cls 0.8051  dfl 1.1566)  | Base 108.624 (box 1.4043  cls 0.8425  dfl 1.1476)  | KD 11.531 (box 0.34025  cls 0.01811  dfl 0.00085  feat 0.00114)

================================================================================
  [Validation] Super model (skip=False)  |  Epoch 9/30
================================================================================
[*] Validation input tensor shape: torch.Size([32, 3, 736, 1312])
                 Class     Images  Instances      Box(P          R      mAP50  mAP50-95)
                   all      10000     185578      0.624      0.513      0.567      0.329

================================================================================
  [Validation] Base model  (skip=True)   |  Epoch 9/30
================================================================================
[*] Validation input tensor shape: torch.Size([32, 3, 736, 1312])
                 Class     Images  Instances      Box(P          R      mAP50  mAP50-95)
                   all      10000     185578       0.61      0.498       0.55      0.315

           Epoch         GPU_mem          box_om          cls_om          dfl_om          box_oo          cls_oo          dfl_oo       Instances            Size
  Epoch 10/30  Batch 1/2188 (0.0%)  | Super 106.988 (box 1.3607  cls 0.8457  dfl 1.1370)  | Base 109.967 (box 1.4007  cls 0.9037  dfl 1.1321)  | KD 10.980 (box 0.32507  cls 0.01612  dfl 0.00080  feat 0.00114)
  Epoch 10/30  Batch 219/2188 (10.0%)  | Super 108.832 (box 1.4188  cls 0.8257  dfl 1.1564)  | Base 110.687 (box 1.4374  cls 0.8733  dfl 1.1483)  | KD 10.540 (box 0.30759  cls 0.01985  dfl 0.00075  feat 0.00117)
  Epoch 10/30  Batch 437/2188 (20.0%)  | Super 116.166 (box 1.5775  cls 0.8891  dfl 1.1637)  | Base 117.307 (box 1.5959  cls 0.9039  dfl 1.1660)  | KD 13.002 (box 0.38977  cls 0.01456  dfl 0.00086  feat 0.00113)
  Epoch 10/30  Batch 655/2188 (29.9%)  | Super 103.750 (box 1.3559  cls 0.7766  dfl 1.1097)  | Base 105.107 (box 1.3635  cls 0.8192  dfl 1.1018)  | KD 10.601 (box 0.31516  cls 0.01428  dfl 0.00079  feat 0.00105)
  Epoch 10/30  Batch 873/2188 (39.9%)  | Super 114.823 (box 1.4580  cls 0.9459  dfl 1.1843)  | Base 118.061 (box 1.4899  cls 1.0020  dfl 1.1974)  | KD 12.046 (box 0.36234  cls 0.01204  dfl 0.00083  feat 0.00123)
  Epoch 10/30  Batch 1091/2188 (49.9%)  | Super 100.599 (box 1.3170  cls 0.7482  dfl 1.0786)  | Base 102.022 (box 1.3255  cls 0.7801  dfl 1.0826)  | KD 10.255 (box 0.30936  cls 0.00938  dfl 0.00077  feat 0.00095)
  Epoch 10/30  Batch 1309/2188 (59.8%)  | Super 101.878 (box 1.2848  cls 0.7676  dfl 1.1313)  | Base 103.073 (box 1.2967  cls 0.8004  dfl 1.1239)  | KD 11.146 (box 0.33663  cls 0.00975  dfl 0.00084  feat 0.00110)
  Epoch 10/30  Batch 1527/2188 (69.8%)  | Super 110.843 (box 1.4211  cls 0.8927  dfl 1.1500)  | Base 111.848 (box 1.4281  cls 0.9323  dfl 1.1349)  | KD 11.851 (box 0.35027  cls 0.01785  dfl 0.00103  feat 0.00120)
  Epoch 10/30  Batch 1745/2188 (79.8%)  | Super 102.335 (box 1.3358  cls 0.7709  dfl 1.0912)  | Base 103.975 (box 1.3443  cls 0.8226  dfl 1.0824)  | KD 11.081 (box 0.33198  cls 0.01244  dfl 0.00079  feat 0.00106)
  Epoch 10/30  Batch 1963/2188 (89.7%)  | Super 102.306 (box 1.3005  cls 0.7748  dfl 1.1218)  | Base 104.987 (box 1.3298  cls 0.8097  dfl 1.1414)  | KD 9.955 (box 0.29761  cls 0.01147  dfl 0.00071  feat 0.00133)
  Epoch 10/30  Batch 2181/2188 (99.7%)  | Super 106.819 (box 1.3966  cls 0.7743  dfl 1.1671)  | Base 108.145 (box 1.3977  cls 0.8335  dfl 1.1483)  | KD 10.136 (box 0.30222  cls 0.01273  dfl 0.00072  feat 0.00108)

================================================================================
  [Validation] Super model (skip=False)  |  Epoch 10/30
================================================================================
[*] Validation input tensor shape: torch.Size([32, 3, 736, 1312])
                 Class     Images  Instances      Box(P          R      mAP50  mAP50-95)
                   all      10000     185578      0.631      0.517      0.571      0.332

================================================================================
  [Validation] Base model  (skip=True)   |  Epoch 10/30
================================================================================
[*] Validation input tensor shape: torch.Size([32, 3, 736, 1312])
                 Class     Images  Instances      Box(P          R      mAP50  mAP50-95)
                   all      10000     185578      0.621      0.497      0.555      0.319

           Epoch         GPU_mem          box_om          cls_om          dfl_om          box_oo          cls_oo          dfl_oo       Instances            Size
  Epoch 11/30  Batch 1/2188 (0.0%)  | Super 103.535 (box 1.3349  cls 0.7894  dfl 1.1111)  | Base 106.198 (box 1.3492  cls 0.8467  dfl 1.1228)  | KD 11.655 (box 0.34349  cls 0.01882  dfl 0.00084  feat 0.00108)
  Epoch 11/30  Batch 219/2188 (10.0%)  | Super 116.357 (box 1.5518  cls 0.8893  dfl 1.1950)  | Base 117.804 (box 1.5508  cls 0.9420  dfl 1.1885)  | KD 11.108 (box 0.33241  cls 0.01282  dfl 0.00076  feat 0.00113)
  Epoch 11/30  Batch 437/2188 (20.0%)  | Super 113.296 (box 1.5411  cls 0.8874  dfl 1.1120)  | Base 115.386 (box 1.5774  cls 0.9202  dfl 1.1083)  | KD 12.509 (box 0.37569  cls 0.01332  dfl 0.00076  feat 0.00114)
  Epoch 11/30  Batch 655/2188 (29.9%)  | Super 99.163 (box 1.2920  cls 0.7379  dfl 1.0689)  | Base 100.249 (box 1.3005  cls 0.7708  dfl 1.0614)  | KD 10.655 (box 0.31953  cls 0.01171  dfl 0.00073  feat 0.00100)
  Epoch 11/30  Batch 873/2188 (39.9%)  | Super 117.302 (box 1.4950  cls 0.9608  dfl 1.2099)  | Base 119.168 (box 1.5252  cls 0.9914  dfl 1.2073)  | KD 12.650 (box 0.38040  cls 0.01281  dfl 0.00093  feat 0.00116)
  Epoch 11/30  Batch 1091/2188 (49.9%)  | Super 100.782 (box 1.3432  cls 0.7297  dfl 1.0766)  | Base 102.318 (box 1.3522  cls 0.7687  dfl 1.0765)  | KD 9.948 (box 0.29852  cls 0.01066  dfl 0.00073  feat 0.00097)
  Epoch 11/30  Batch 1309/2188 (59.8%)  | Super 94.783 (box 1.2192  cls 0.7034  dfl 1.0393)  | Base 95.887 (box 1.2314  cls 0.7268  dfl 1.0383)  | KD 10.627 (box 0.31790  cls 0.01241  dfl 0.00075  feat 0.00103)
  Epoch 11/30  Batch 1527/2188 (69.8%)  | Super 110.757 (box 1.4440  cls 0.8836  dfl 1.1335)  | Base 112.020 (box 1.4560  cls 0.9108  dfl 1.1338)  | KD 10.393 (box 0.30904  cls 0.01386  dfl 0.00080  feat 0.00108)
  Epoch 11/30  Batch 1745/2188 (79.8%)  | Super 102.568 (box 1.3306  cls 0.7724  dfl 1.1023)  | Base 105.266 (box 1.3679  cls 0.8166  dfl 1.1051)  | KD 10.725 (box 0.32398  cls 0.00937  dfl 0.00080  feat 0.00103)
  Epoch 11/30  Batch 1963/2188 (89.7%)  | Super 101.092 (box 1.2898  cls 0.7857  dfl 1.0837)  | Base 102.622 (box 1.3241  cls 0.8050  dfl 1.0778)  | KD 10.525 (box 0.31512  cls 0.01185  dfl 0.00074  feat 0.00120)
  Epoch 11/30  Batch 2181/2188 (99.7%)  | Super 106.972 (box 1.3873  cls 0.7565  dfl 1.1991)  | Base 109.503 (box 1.4108  cls 0.8196  dfl 1.1915)  | KD 10.648 (box 0.31148  cls 0.01941  dfl 0.00070  feat 0.00114)

================================================================================
  [Validation] Super model (skip=False)  |  Epoch 11/30
================================================================================
[*] Validation input tensor shape: torch.Size([32, 3, 736, 1312])
                 Class     Images  Instances      Box(P          R      mAP50  mAP50-95)
                   all      10000     185578      0.632      0.512      0.571      0.333

================================================================================
  [Validation] Base model  (skip=True)   |  Epoch 11/30
================================================================================
[*] Validation input tensor shape: torch.Size([32, 3, 736, 1312])
                 Class     Images  Instances      Box(P          R      mAP50  mAP50-95)
                   all      10000     185578      0.627      0.495      0.556      0.319

           Epoch         GPU_mem          box_om          cls_om          dfl_om          box_oo          cls_oo          dfl_oo       Instances            Size
  Epoch 12/30  Batch 1/2188 (0.0%)  | Super 104.738 (box 1.3493  cls 0.7880  dfl 1.1357)  | Base 105.974 (box 1.3617  cls 0.8184  dfl 1.1315)  | KD 11.339 (box 0.33696  cls 0.01556  dfl 0.00090  feat 0.00091)
  Epoch 12/30  Batch 219/2188 (10.0%)  | Super 110.928 (box 1.4718  cls 0.8462  dfl 1.1485)  | Base 111.069 (box 1.4654  cls 0.8741  dfl 1.1314)  | KD 10.540 (box 0.31239  cls 0.01514  dfl 0.00080  feat 0.00105)
  Epoch 12/30  Batch 437/2188 (20.0%)  | Super 112.591 (box 1.5352  cls 0.8833  dfl 1.1000)  | Base 114.078 (box 1.5525  cls 0.9045  dfl 1.1079)  | KD 11.993 (box 0.36274  cls 0.01019  dfl 0.00070  feat 0.00114)
  Epoch 12/30  Batch 655/2188 (29.9%)  | Super 100.023 (box 1.3117  cls 0.7302  dfl 1.0838)  | Base 100.554 (box 1.3074  cls 0.7570  dfl 1.0779)  | KD 9.174 (box 0.27637  cls 0.00864  dfl 0.00064  feat 0.00104)
  Epoch 12/30  Batch 873/2188 (39.9%)  | Super 118.879 (box 1.4949  cls 0.9976  dfl 1.2224)  | Base 121.484 (box 1.5254  cls 1.0314  dfl 1.2396)  | KD 11.208 (box 0.33467  cls 0.01369  dfl 0.00080  feat 0.00111)
  Epoch 12/30  Batch 1091/2188 (49.9%)  | Super 98.549 (box 1.3014  cls 0.7264  dfl 1.0519)  | Base 98.901 (box 1.3040  cls 0.7409  dfl 1.0457)  | KD 9.733 (box 0.29266  cls 0.00983  dfl 0.00072  feat 0.00094)
  Epoch 12/30  Batch 1309/2188 (59.8%)  | Super 98.954 (box 1.2488  cls 0.7668  dfl 1.0767)  | Base 100.178 (box 1.2677  cls 0.7883  dfl 1.0746)  | KD 10.910 (box 0.32540  cls 0.01347  dfl 0.00087  feat 0.00121)
  Epoch 12/30  Batch 1527/2188 (69.8%)  | Super 110.021 (box 1.4237  cls 0.8614  dfl 1.1531)  | Base 112.025 (box 1.4561  cls 0.8923  dfl 1.1524)  | KD 11.204 (box 0.32867  cls 0.01958  dfl 0.00085  feat 0.00104)
  Epoch 12/30  Batch 1745/2188 (79.8%)  | Super 101.345 (box 1.3413  cls 0.7312  dfl 1.0945)  | Base 102.488 (box 1.3510  cls 0.7660  dfl 1.0857)  | KD 10.020 (box 0.29985  cls 0.01151  dfl 0.00075  feat 0.00101)
  Epoch 12/30  Batch 1963/2188 (89.7%)  | Super 99.545 (box 1.2884  cls 0.7741  dfl 1.0483)  | Base 100.660 (box 1.2960  cls 0.8255  dfl 1.0241)  | KD 11.459 (box 0.34525  cls 0.01086  dfl 0.00081  feat 0.00117)
  Epoch 12/30  Batch 2181/2188 (99.7%)  | Super 105.720 (box 1.3717  cls 0.7685  dfl 1.1635)  | Base 106.578 (box 1.3764  cls 0.8053  dfl 1.1488)  | KD 9.985 (box 0.29652  cls 0.01368  dfl 0.00077  feat 0.00107)

================================================================================
  [Validation] Super model (skip=False)  |  Epoch 12/30
================================================================================
[*] Validation input tensor shape: torch.Size([32, 3, 736, 1312])
                 Class     Images  Instances      Box(P          R      mAP50  mAP50-95)
                   all      10000     185578      0.626      0.519      0.573      0.334

================================================================================
  [Validation] Base model  (skip=True)   |  Epoch 12/30
================================================================================
[*] Validation input tensor shape: torch.Size([32, 3, 736, 1312])
                 Class     Images  Instances      Box(P          R      mAP50  mAP50-95)
                   all      10000     185578      0.622        0.5      0.558      0.321

           Epoch         GPU_mem          box_om          cls_om          dfl_om          box_oo          cls_oo          dfl_oo       Instances            Size
  Epoch 13/30  Batch 1/2188 (0.0%)  | Super 108.085 (box 1.3996  cls 0.8228  dfl 1.1552)  | Base 111.037 (box 1.4377  cls 0.8693  dfl 1.1630)  | KD 12.306 (box 0.36218  cls 0.02043  dfl 0.00090  feat 0.00104)
  Epoch 13/30  Batch 219/2188 (10.0%)  | Super 109.042 (box 1.4302  cls 0.8424  dfl 1.1350)  | Base 109.956 (box 1.4535  cls 0.8492  dfl 1.1335)  | KD 10.423 (box 0.31245  cls 0.01144  dfl 0.00080  feat 0.00101)
  Epoch 13/30  Batch 437/2188 (20.0%)  | Super 114.531 (box 1.5678  cls 0.8540  dfl 1.1573)  | Base 115.370 (box 1.5740  cls 0.8812  dfl 1.1501)  | KD 11.468 (box 0.34620  cls 0.01027  dfl 0.00071  feat 0.00120)
  Epoch 13/30  Batch 655/2188 (29.9%)  | Super 100.135 (box 1.3224  cls 0.7331  dfl 1.0737)  | Base 100.269 (box 1.3255  cls 0.7554  dfl 1.0525)  | KD 10.019 (box 0.29865  cls 0.01284  dfl 0.00070  feat 0.00090)
  Epoch 13/30  Batch 873/2188 (39.9%)  | Super 110.137 (box 1.4079  cls 0.8932  dfl 1.1406)  | Base 113.029 (box 1.4396  cls 0.9584  dfl 1.1342)  | KD 11.369 (box 0.34093  cls 0.01253  dfl 0.00082  feat 0.00101)
  Epoch 13/30  Batch 1091/2188 (49.9%)  | Super 100.636 (box 1.3187  cls 0.7275  dfl 1.0987)  | Base 102.451 (box 1.3333  cls 0.7693  dfl 1.0990)  | KD 9.773 (box 0.29435  cls 0.00943  dfl 0.00068  feat 0.00096)
  Epoch 13/30  Batch 1309/2188 (59.8%)  | Super 97.906 (box 1.2246  cls 0.7319  dfl 1.1031)  | Base 98.740 (box 1.2431  cls 0.7540  dfl 1.0885)  | KD 10.544 (box 0.31719  cls 0.01045  dfl 0.00080  feat 0.00106)
  Epoch 13/30  Batch 1527/2188 (69.8%)  | Super 108.994 (box 1.4000  cls 0.8667  dfl 1.1394)  | Base 110.142 (box 1.4098  cls 0.8950  dfl 1.1371)  | KD 11.024 (box 0.32459  cls 0.01779  dfl 0.00091  feat 0.00121)
  Epoch 13/30  Batch 1745/2188 (79.8%)  | Super 102.719 (box 1.3427  cls 0.7573  dfl 1.1100)  | Base 104.477 (box 1.3572  cls 0.8014  dfl 1.1063)  | KD 10.957 (box 0.32767  cls 0.01275  dfl 0.00082  feat 0.00116)
  Epoch 13/30  Batch 1963/2188 (89.7%)  | Super 104.753 (box 1.3486  cls 0.7934  dfl 1.1315)  | Base 106.040 (box 1.3703  cls 0.8216  dfl 1.1218)  | KD 9.401 (box 0.28270  cls 0.00920  dfl 0.00071  feat 0.00117)
  Epoch 13/30  Batch 2181/2188 (99.7%)  | Super 104.137 (box 1.3637  cls 0.7308  dfl 1.1598)  | Base 105.563 (box 1.3718  cls 0.7736  dfl 1.1534)  | KD 9.709 (box 0.28764  cls 0.01389  dfl 0.00063  feat 0.00125)

================================================================================
  [Validation] Super model (skip=False)  |  Epoch 13/30
================================================================================
[*] Validation input tensor shape: torch.Size([32, 3, 736, 1312])
                 Class     Images  Instances      Box(P          R      mAP50  mAP50-95)
                   all      10000     185578      0.638       0.52      0.578      0.336

================================================================================
  [Validation] Base model  (skip=True)   |  Epoch 13/30
================================================================================
[*] Validation input tensor shape: torch.Size([32, 3, 736, 1312])
                 Class     Images  Instances      Box(P          R      mAP50  mAP50-95)
                   all      10000     185578      0.615      0.506       0.56      0.324

           Epoch         GPU_mem          box_om          cls_om          dfl_om          box_oo          cls_oo          dfl_oo       Instances            Size
  Epoch 14/30  Batch 1/2188 (0.0%)  | Super 102.546 (box 1.3045  cls 0.7899  dfl 1.1102)  | Base 106.056 (box 1.3440  cls 0.8306  dfl 1.1396)  | KD 11.348 (box 0.33861  cls 0.01425  dfl 0.00085  feat 0.00090)
  Epoch 14/30  Batch 219/2188 (10.0%)  | Super 109.317 (box 1.4306  cls 0.8399  dfl 1.1457)  | Base 110.921 (box 1.4521  cls 0.8687  dfl 1.1455)  | KD 10.078 (box 0.30199  cls 0.01116  dfl 0.00076  feat 0.00104)
  Epoch 14/30  Batch 437/2188 (20.0%)  | Super 112.429 (box 1.5374  cls 0.8409  dfl 1.1351)  | Base 113.522 (box 1.5476  cls 0.8685  dfl 1.1314)  | KD 11.577 (box 0.34974  cls 0.01017  dfl 0.00070  feat 0.00116)
  Epoch 14/30  Batch 655/2188 (29.9%)  | Super 100.150 (box 1.2859  cls 0.7597  dfl 1.0841)  | Base 102.202 (box 1.3099  cls 0.7993  dfl 1.0847)  | KD 9.921 (box 0.29759  cls 0.01079  dfl 0.00070  feat 0.00093)
  Epoch 14/30  Batch 873/2188 (39.9%)  | Super 115.125 (box 1.4737  cls 0.9293  dfl 1.1947)  | Base 115.800 (box 1.4861  cls 0.9554  dfl 1.1772)  | KD 12.173 (box 0.36558  cls 0.01296  dfl 0.00084  feat 0.00103)
  Epoch 14/30  Batch 1091/2188 (49.9%)  | Super 100.131 (box 1.3167  cls 0.7319  dfl 1.0805)  | Base 100.240 (box 1.3093  cls 0.7503  dfl 1.0729)  | KD 9.920 (box 0.29856  cls 0.00985  dfl 0.00071  feat 0.00090)
  Epoch 14/30  Batch 1309/2188 (59.8%)  | Super 103.443 (box 1.3144  cls 0.7692  dfl 1.1490)  | Base 103.766 (box 1.3233  cls 0.7877  dfl 1.1317)  | KD 10.848 (box 0.32801  cls 0.00930  dfl 0.00075  feat 0.00096)
  Epoch 14/30  Batch 1527/2188 (69.8%)  | Super 106.515 (box 1.4140  cls 0.8063  dfl 1.1083)  | Base 108.025 (box 1.4303  cls 0.8450  dfl 1.1005)  | KD 10.661 (box 0.31533  cls 0.01607  dfl 0.00078  feat 0.00096)
  Epoch 14/30  Batch 1745/2188 (79.8%)  | Super 96.799 (box 1.2810  cls 0.6995  dfl 1.0445)  | Base 97.993 (box 1.2790  cls 0.7482  dfl 1.0351)  | KD 10.335 (box 0.31134  cls 0.00999  dfl 0.00065  feat 0.00098)
  Epoch 14/30  Batch 1963/2188 (89.7%)  | Super 104.948 (box 1.3250  cls 0.8165  dfl 1.1381)  | Base 106.909 (box 1.3539  cls 0.8391  dfl 1.1479)  | KD 10.599 (box 0.32011  cls 0.00913  dfl 0.00072  feat 0.00127)
  Epoch 14/30  Batch 2181/2188 (99.7%)  | Super 104.129 (box 1.3576  cls 0.7568  dfl 1.1396)  | Base 105.175 (box 1.3708  cls 0.7774  dfl 1.1385)  | KD 9.110 (box 0.27143  cls 0.01130  dfl 0.00063  feat 0.00134)

================================================================================
  [Validation] Super model (skip=False)  |  Epoch 14/30
================================================================================
[*] Validation input tensor shape: torch.Size([32, 3, 736, 1312])
                 Class     Images  Instances      Box(P          R      mAP50  mAP50-95)
                   all      10000     185578      0.638      0.519      0.579      0.337

================================================================================
  [Validation] Base model  (skip=True)   |  Epoch 14/30
================================================================================
[*] Validation input tensor shape: torch.Size([32, 3, 736, 1312])
                 Class     Images  Instances      Box(P          R      mAP50  mAP50-95)
                   all      10000     185578      0.617      0.506      0.562      0.324

           Epoch         GPU_mem          box_om          cls_om          dfl_om          box_oo          cls_oo          dfl_oo       Instances            Size
  Epoch 15/30  Batch 1/2188 (0.0%)  | Super 107.416 (box 1.3751  cls 0.8206  dfl 1.1610)  | Base 108.946 (box 1.3989  cls 0.8432  dfl 1.1625)  | KD 10.645 (box 0.32120  cls 0.00974  dfl 0.00080  feat 0.00091)
  Epoch 15/30  Batch 219/2188 (10.0%)  | Super 111.621 (box 1.4821  cls 0.8390  dfl 1.1671)  | Base 114.910 (box 1.5189  cls 0.8896  dfl 1.1825)  | KD 10.683 (box 0.31827  cls 0.01364  dfl 0.00083  feat 0.00109)
  Epoch 15/30  Batch 437/2188 (20.0%)  | Super 115.689 (box 1.5820  cls 0.8852  dfl 1.1480)  | Base 118.215 (box 1.6138  cls 0.9155  dfl 1.1648)  | KD 11.756 (box 0.35411  cls 0.01145  dfl 0.00074  feat 0.00107)
  Epoch 15/30  Batch 655/2188 (29.9%)  | Super 99.552 (box 1.3194  cls 0.7252  dfl 1.0664)  | Base 100.118 (box 1.3208  cls 0.7540  dfl 1.0539)  | KD 9.466 (box 0.28228  cls 0.01196  dfl 0.00062  feat 0.00093)
  Epoch 15/30  Batch 873/2188 (39.9%)  | Super 111.239 (box 1.4242  cls 0.8961  dfl 1.1559)  | Base 111.891 (box 1.4211  cls 0.9220  dfl 1.1535)  | KD 12.107 (box 0.36379  cls 0.01275  dfl 0.00089  feat 0.00090)
  Epoch 15/30  Batch 1091/2188 (49.9%)  | Super 99.423 (box 1.3073  cls 0.7114  dfl 1.0883)  | Base 100.811 (box 1.3141  cls 0.7527  dfl 1.0836)  | KD 9.650 (box 0.29143  cls 0.00856  dfl 0.00067  feat 0.00090)
  Epoch 15/30  Batch 1309/2188 (59.8%)  | Super 99.055 (box 1.3021  cls 0.7248  dfl 1.0686)  | Base 100.616 (box 1.3150  cls 0.7655  dfl 1.0638)  | KD 10.879 (box 0.32686  cls 0.01136  dfl 0.00080  feat 0.00094)
  Epoch 15/30  Batch 1527/2188 (69.8%)  | Super 107.670 (box 1.4274  cls 0.8189  dfl 1.1184)  | Base 109.750 (box 1.4627  cls 0.8464  dfl 1.1205)  | KD 10.453 (box 0.30966  cls 0.01519  dfl 0.00085  feat 0.00094)
  Epoch 15/30  Batch 1745/2188 (79.8%)  | Super 99.280 (box 1.3027  cls 0.7480  dfl 1.0517)  | Base 101.168 (box 1.3215  cls 0.7898  dfl 1.0502)  | KD 10.241 (box 0.30824  cls 0.01011  dfl 0.00070  feat 0.00100)
  Epoch 15/30  Batch 1963/2188 (89.7%)  | Super 101.524 (box 1.2769  cls 0.7955  dfl 1.1002)  | Base 102.076 (box 1.2807  cls 0.8246  dfl 1.0845)  | KD 10.960 (box 0.32658  cls 0.01395  dfl 0.00085  feat 0.00112)
  Epoch 15/30  Batch 2181/2188 (99.7%)  | Super 103.490 (box 1.3640  cls 0.7444  dfl 1.1257)  | Base 105.526 (box 1.3845  cls 0.7823  dfl 1.1309)  | KD 10.317 (box 0.30572  cls 0.01483  dfl 0.00071  feat 0.00116)

================================================================================
  [Validation] Super model (skip=False)  |  Epoch 15/30
================================================================================
[*] Validation input tensor shape: torch.Size([32, 3, 736, 1312])
                 Class     Images  Instances      Box(P          R      mAP50  mAP50-95)
                   all      10000     185578      0.636      0.523      0.581      0.339

================================================================================
  [Validation] Base model  (skip=True)   |  Epoch 15/30
================================================================================
[*] Validation input tensor shape: torch.Size([32, 3, 736, 1312])
                 Class     Images  Instances      Box(P          R      mAP50  mAP50-95)
                   all      10000     185578      0.624      0.507      0.565      0.326

           Epoch         GPU_mem          box_om          cls_om          dfl_om          box_oo          cls_oo          dfl_oo       Instances            Size
  Epoch 16/30  Batch 1/2188 (0.0%)  | Super 107.121 (box 1.3681  cls 0.8027  dfl 1.1767)  | Base 109.583 (box 1.3947  cls 0.8511  dfl 1.1787)  | KD 11.450 (box 0.34270  cls 0.01333  dfl 0.00082  feat 0.00094)
  Epoch 16/30  Batch 219/2188 (10.0%)  | Super 109.186 (box 1.4357  cls 0.8216  dfl 1.1547)  | Base 110.875 (box 1.4516  cls 0.8693  dfl 1.1440)  | KD 9.339 (box 0.27886  cls 0.01114  dfl 0.00073  feat 0.00110)
  Epoch 16/30  Batch 437/2188 (20.0%)  | Super 114.379 (box 1.5703  cls 0.8588  dfl 1.1452)  | Base 115.148 (box 1.5721  cls 0.8894  dfl 1.1369)  | KD 11.182 (box 0.33773  cls 0.00995  dfl 0.00066  feat 0.00109)
  Epoch 16/30  Batch 655/2188 (29.9%)  | Super 99.990 (box 1.3143  cls 0.7245  dfl 1.0859)  | Base 100.991 (box 1.3094  cls 0.7723  dfl 1.0743)  | KD 9.167 (box 0.27637  cls 0.00849  dfl 0.00063  feat 0.00098)
  Epoch 16/30  Batch 873/2188 (39.9%)  | Super 111.464 (box 1.4186  cls 0.9050  dfl 1.1596)  | Base 112.576 (box 1.4245  cls 0.9426  dfl 1.1509)  | KD 11.719 (box 0.35254  cls 0.01187  dfl 0.00081  feat 0.00100)
  Epoch 16/30  Batch 1091/2188 (49.9%)  | Super 98.158 (box 1.3090  cls 0.7114  dfl 1.0470)  | Base 99.554 (box 1.3199  cls 0.7458  dfl 1.0453)  | KD 9.455 (box 0.28248  cls 0.01144  dfl 0.00065  feat 0.00090)
  Epoch 16/30  Batch 1309/2188 (59.8%)  | Super 95.388 (box 1.1991  cls 0.7248  dfl 1.0570)  | Base 97.755 (box 1.2259  cls 0.7608  dfl 1.0681)  | KD 10.713 (box 0.31857  cls 0.01450  dfl 0.00077  feat 0.00094)
  Epoch 16/30  Batch 1527/2188 (69.8%)  | Super 105.969 (box 1.3791  cls 0.8016  dfl 1.1308)  | Base 107.606 (box 1.3937  cls 0.8368  dfl 1.1321)  | KD 10.464 (box 0.30818  cls 0.01699  dfl 0.00083  feat 0.00099)
  Epoch 16/30  Batch 1745/2188 (79.8%)  | Super 103.394 (box 1.3510  cls 0.7652  dfl 1.1149)  | Base 105.001 (box 1.3608  cls 0.8082  dfl 1.1123)  | KD 11.214 (box 0.33058  cls 0.01806  dfl 0.00082  feat 0.00098)
  Epoch 16/30  Batch 1963/2188 (89.7%)  | Super 98.845 (box 1.2822  cls 0.7312  dfl 1.0756)  | Base 100.739 (box 1.3073  cls 0.7598  dfl 1.0811)  | KD 10.839 (box 0.32381  cls 0.01288  dfl 0.00087  feat 0.00116)
  Epoch 16/30  Batch 2181/2188 (99.7%)  | Super 102.339 (box 1.3305  cls 0.7700  dfl 1.0976)  | Base 103.340 (box 1.3300  cls 0.8059  dfl 1.0935)  | KD 9.699 (box 0.29015  cls 0.01119  dfl 0.00069  feat 0.00105)

================================================================================
  [Validation] Super model (skip=False)  |  Epoch 16/30
================================================================================
[*] Validation input tensor shape: torch.Size([32, 3, 736, 1312])
                 Class     Images  Instances      Box(P          R      mAP50  mAP50-95)
                   all      10000     185578      0.636      0.522      0.581      0.338

================================================================================
  [Validation] Base model  (skip=True)   |  Epoch 16/30
================================================================================
[*] Validation input tensor shape: torch.Size([32, 3, 736, 1312])
                 Class     Images  Instances      Box(P          R      mAP50  mAP50-95)
                   all      10000     185578      0.617      0.511      0.565      0.327

           Epoch         GPU_mem          box_om          cls_om          dfl_om          box_oo          cls_oo          dfl_oo       Instances            Size
  Epoch 17/30  Batch 1/2188 (0.0%)  | Super 110.278 (box 1.3890  cls 0.8625  dfl 1.1947)  | Base 112.402 (box 1.4105  cls 0.8937  dfl 1.2083)  | KD 10.285 (box 0.30481  cls 0.01484  dfl 0.00075  feat 0.00100)
  Epoch 17/30  Batch 219/2188 (10.0%)  | Super 107.273 (box 1.4194  cls 0.8007  dfl 1.1322)  | Base 108.747 (box 1.4523  cls 0.8207  dfl 1.1253)  | KD 9.869 (box 0.29334  cls 0.01329  dfl 0.00070  feat 0.00108)
  Epoch 17/30  Batch 437/2188 (20.0%)  | Super 112.658 (box 1.5579  cls 0.8222  dfl 1.1405)  | Base 113.921 (box 1.5743  cls 0.8494  dfl 1.1363)  | KD 11.450 (box 0.34440  cls 0.01157  dfl 0.00077  feat 0.00106)
  Epoch 17/30  Batch 655/2188 (29.9%)  | Super 103.569 (box 1.3486  cls 0.8005  dfl 1.0875)  | Base 105.191 (box 1.3698  cls 0.8359  dfl 1.0815)  | KD 10.778 (box 0.32180  cls 0.01320  dfl 0.00081  feat 0.00101)
  Epoch 17/30  Batch 873/2188 (39.9%)  | Super 110.154 (box 1.4030  cls 0.8907  dfl 1.1486)  | Base 112.991 (box 1.4474  cls 0.9195  dfl 1.1641)  | KD 11.384 (box 0.34236  cls 0.01162  dfl 0.00083  feat 0.00094)
  Epoch 17/30  Batch 1091/2188 (49.9%)  | Super 100.475 (box 1.3050  cls 0.7567  dfl 1.0781)  | Base 99.867 (box 1.3132  cls 0.7474  dfl 1.0602)  | KD 10.361 (box 0.29872  cls 0.02336  dfl 0.00071  feat 0.00099)
  Epoch 17/30  Batch 1309/2188 (59.8%)  | Super 98.179 (box 1.2682  cls 0.7260  dfl 1.0739)  | Base 98.715 (box 1.2720  cls 0.7471  dfl 1.0658)  | KD 10.163 (box 0.30457  cls 0.01130  dfl 0.00070  feat 0.00103)
  Epoch 17/30  Batch 1527/2188 (69.8%)  | Super 107.463 (box 1.4061  cls 0.8373  dfl 1.1148)  | Base 108.516 (box 1.4128  cls 0.8775  dfl 1.1008)  | KD 11.122 (box 0.32935  cls 0.01621  dfl 0.00094  feat 0.00105)
  Epoch 17/30  Batch 1745/2188 (79.8%)  | Super 101.631 (box 1.3288  cls 0.7535  dfl 1.0937)  | Base 103.511 (box 1.3396  cls 0.8117  dfl 1.0833)  | KD 10.522 (box 0.31572  cls 0.01126  dfl 0.00080  feat 0.00102)
  Epoch 17/30  Batch 1963/2188 (89.7%)  | Super 107.688 (box 1.3549  cls 0.8430  dfl 1.1674)  | Base 109.562 (box 1.3677  cls 0.8862  dfl 1.1700)  | KD 10.146 (box 0.30394  cls 0.01098  dfl 0.00085  feat 0.00129)
  Epoch 17/30  Batch 2181/2188 (99.7%)  | Super 105.633 (box 1.4021  cls 0.7205  dfl 1.1785)  | Base 107.949 (box 1.4080  cls 0.7893  dfl 1.1761)  | KD 10.026 (box 0.29307  cls 0.01837  dfl 0.00068  feat 0.00118)

================================================================================
  [Validation] Super model (skip=False)  |  Epoch 17/30
================================================================================
[*] Validation input tensor shape: torch.Size([32, 3, 736, 1312])
                 Class     Images  Instances      Box(P          R      mAP50  mAP50-95)
                   all      10000     185578      0.734      0.523      0.582       0.34

================================================================================
  [Validation] Base model  (skip=True)   |  Epoch 17/30
================================================================================
[*] Validation input tensor shape: torch.Size([32, 3, 736, 1312])
                 Class     Images  Instances      Box(P          R      mAP50  mAP50-95)
                   all      10000     185578      0.614      0.515      0.567      0.328

           Epoch         GPU_mem          box_om          cls_om          dfl_om          box_oo          cls_oo          dfl_oo       Instances            Size
  Epoch 18/30  Batch 1/2188 (0.0%)  | Super 103.584 (box 1.3426  cls 0.7695  dfl 1.1249)  | Base 104.844 (box 1.3317  cls 0.8328  dfl 1.1118)  | KD 11.670 (box 0.34131  cls 0.02156  dfl 0.00091  feat 0.00092)
  Epoch 18/30  Batch 219/2188 (10.0%)  | Super 109.006 (box 1.4407  cls 0.8335  dfl 1.1322)  | Base 111.417 (box 1.4662  cls 0.8795  dfl 1.1361)  | KD 10.325 (box 0.30855  cls 0.01228  dfl 0.00076  feat 0.00106)
  Epoch 18/30  Batch 437/2188 (20.0%)  | Super 113.540 (box 1.5655  cls 0.8289  dfl 1.1538)  | Base 114.811 (box 1.5752  cls 0.8546  dfl 1.1580)  | KD 11.071 (box 0.33416  cls 0.01008  dfl 0.00067  feat 0.00105)
  Epoch 18/30  Batch 655/2188 (29.9%)  | Super 99.420 (box 1.3257  cls 0.7163  dfl 1.0649)  | Base 100.499 (box 1.3292  cls 0.7486  dfl 1.0627)  | KD 9.213 (box 0.27303  cls 0.01330  dfl 0.00063  feat 0.00094)
  Epoch 18/30  Batch 873/2188 (39.9%)  | Super 111.149 (box 1.3956  cls 0.9263  dfl 1.1515)  | Base 114.451 (box 1.4255  cls 0.9852  dfl 1.1659)  | KD 11.580 (box 0.34738  cls 0.01252  dfl 0.00085  feat 0.00113)
  Epoch 18/30  Batch 1091/2188 (49.9%)  | Super 98.452 (box 1.2925  cls 0.7298  dfl 1.0543)  | Base 99.885 (box 1.3200  cls 0.7449  dfl 1.0565)  | KD 9.956 (box 0.30004  cls 0.00945  dfl 0.00075  feat 0.00088)
  Epoch 18/30  Batch 1309/2188 (59.8%)  | Super 98.636 (box 1.2474  cls 0.7293  dfl 1.1057)  | Base 98.317 (box 1.2349  cls 0.7478  dfl 1.0897)  | KD 10.258 (box 0.31035  cls 0.00847  dfl 0.00079  feat 0.00095)
  Epoch 18/30  Batch 1527/2188 (69.8%)  | Super 107.960 (box 1.3995  cls 0.8415  dfl 1.1328)  | Base 110.696 (box 1.4350  cls 0.8906  dfl 1.1337)  | KD 11.278 (box 0.33474  cls 0.01562  dfl 0.00105  feat 0.00102)
  Epoch 18/30  Batch 1745/2188 (79.8%)  | Super 105.223 (box 1.3477  cls 0.8023  dfl 1.1382)  | Base 107.378 (box 1.3596  cls 0.8642  dfl 1.1318)  | KD 11.182 (box 0.32991  cls 0.01747  dfl 0.00079  feat 0.00126)
  Epoch 18/30  Batch 1963/2188 (89.7%)  | Super 101.194 (box 1.2985  cls 0.7791  dfl 1.0848)  | Base 103.520 (box 1.3261  cls 0.8145  dfl 1.0944)  | KD 9.988 (box 0.29819  cls 0.01195  dfl 0.00069  feat 0.00129)
  Epoch 18/30  Batch 2181/2188 (99.7%)  | Super 105.196 (box 1.3659  cls 0.7805  dfl 1.1410)  | Base 105.982 (box 1.3725  cls 0.8068  dfl 1.1326)  | KD 10.218 (box 0.29728  cls 0.02019  dfl 0.00070  feat 0.00115)

================================================================================
  [Validation] Super model (skip=False)  |  Epoch 18/30
================================================================================
[*] Validation input tensor shape: torch.Size([32, 3, 736, 1312])
                 Class     Images  Instances      Box(P          R      mAP50  mAP50-95)
                   all      10000     185578      0.738      0.524      0.583      0.341

================================================================================
  [Validation] Base model  (skip=True)   |  Epoch 18/30
================================================================================
[*] Validation input tensor shape: torch.Size([32, 3, 736, 1312])
                 Class     Images  Instances      Box(P          R      mAP50  mAP50-95)
                   all      10000     185578      0.621      0.514      0.569      0.329

           Epoch         GPU_mem          box_om          cls_om          dfl_om          box_oo          cls_oo          dfl_oo       Instances            Size
  Epoch 19/30  Batch 1/2188 (0.0%)  | Super 105.884 (box 1.3549  cls 0.7980  dfl 1.1561)  | Base 106.832 (box 1.3606  cls 0.8342  dfl 1.1437)  | KD 11.254 (box 0.33023  cls 0.01974  dfl 0.00077  feat 0.00094)
  Epoch 19/30  Batch 219/2188 (10.0%)  | Super 109.744 (box 1.4615  cls 0.8427  dfl 1.1253)  | Base 110.866 (box 1.4626  cls 0.8837  dfl 1.1183)  | KD 10.152 (box 0.30279  cls 0.01271  dfl 0.00076  feat 0.00099)
  Epoch 19/30  Batch 437/2188 (20.0%)  | Super 109.950 (box 1.5052  cls 0.8289  dfl 1.1017)  | Base 111.244 (box 1.5208  cls 0.8608  dfl 1.0948)  | KD 12.379 (box 0.37131  cls 0.01362  dfl 0.00082  feat 0.00110)
  Epoch 19/30  Batch 655/2188 (29.9%)  | Super 99.097 (box 1.2963  cls 0.7297  dfl 1.0708)  | Base 101.471 (box 1.3185  cls 0.7709  dfl 1.0816)  | KD 9.206 (box 0.27349  cls 0.01261  dfl 0.00066  feat 0.00095)
  Epoch 19/30  Batch 873/2188 (39.9%)  | Super 115.220 (box 1.4650  cls 0.9374  dfl 1.1982)  | Base 116.562 (box 1.4726  cls 0.9756  dfl 1.1944)  | KD 11.013 (box 0.33007  cls 0.01219  dfl 0.00079  feat 0.00110)
  Epoch 19/30  Batch 1091/2188 (49.9%)  | Super 101.690 (box 1.3436  cls 0.7448  dfl 1.0893)  | Base 102.902 (box 1.3569  cls 0.7735  dfl 1.0852)  | KD 9.632 (box 0.28988  cls 0.00954  dfl 0.00070  feat 0.00087)
  Epoch 19/30  Batch 1309/2188 (59.8%)  | Super 103.542 (box 1.3280  cls 0.7904  dfl 1.1173)  | Base 104.365 (box 1.3416  cls 0.8051  dfl 1.1147)  | KD 10.737 (box 0.31973  cls 0.01410  dfl 0.00077  feat 0.00093)
  Epoch 19/30  Batch 1527/2188 (69.8%)  | Super 104.520 (box 1.3731  cls 0.8060  dfl 1.0871)  | Base 105.642 (box 1.3894  cls 0.8250  dfl 1.0869)  | KD 10.091 (box 0.29722  cls 0.01638  dfl 0.00075  feat 0.00099)
  Epoch 19/30  Batch 1745/2188 (79.8%)  | Super 103.244 (box 1.3702  cls 0.7411  dfl 1.1150)  | Base 104.639 (box 1.3802  cls 0.7888  dfl 1.1010)  | KD 9.967 (box 0.29242  cls 0.01742  dfl 0.00062  feat 0.00102)
  Epoch 19/30  Batch 1963/2188 (89.7%)  | Super 98.696 (box 1.2673  cls 0.7856  dfl 1.0313)  | Base 101.162 (box 1.3010  cls 0.8097  dfl 1.0506)  | KD 10.981 (box 0.32693  cls 0.01433  dfl 0.00085  feat 0.00106)
  Epoch 19/30  Batch 2181/2188 (99.7%)  | Super 103.726 (box 1.3633  cls 0.7389  dfl 1.1392)  | Base 104.242 (box 1.3552  cls 0.7755  dfl 1.1269)  | KD 9.282 (box 0.27466  cls 0.01356  dfl 0.00068  feat 0.00118)

================================================================================
  [Validation] Super model (skip=False)  |  Epoch 19/30
================================================================================
[*] Validation input tensor shape: torch.Size([32, 3, 736, 1312])
                 Class     Images  Instances      Box(P          R      mAP50  mAP50-95)
                   all      10000     185578       0.74      0.523      0.583      0.341

================================================================================
  [Validation] Base model  (skip=True)   |  Epoch 19/30
================================================================================
[*] Validation input tensor shape: torch.Size([32, 3, 736, 1312])
                 Class     Images  Instances      Box(P          R      mAP50  mAP50-95)
                   all      10000     185578      0.623      0.511       0.57      0.329

           Epoch         GPU_mem          box_om          cls_om          dfl_om          box_oo          cls_oo          dfl_oo       Instances            Size
  Epoch 20/30  Batch 1/2188 (0.0%)  | Super 104.251 (box 1.3616  cls 0.7724  dfl 1.1238)  | Base 105.662 (box 1.3650  cls 0.8135  dfl 1.1234)  | KD 10.907 (box 0.32246  cls 0.01663  dfl 0.00079  feat 0.00095)
  Epoch 20/30  Batch 219/2188 (10.0%)  | Super 113.205 (box 1.4999  cls 0.8347  dfl 1.2030)  | Base 115.562 (box 1.5291  cls 0.8757  dfl 1.2065)  | KD 9.783 (box 0.29398  cls 0.00997  dfl 0.00063  feat 0.00113)
  Epoch 20/30  Batch 437/2188 (20.0%)  | Super 111.652 (box 1.5404  cls 0.8068  dfl 1.1420)  | Base 113.035 (box 1.5438  cls 0.8517  dfl 1.1369)  | KD 11.528 (box 0.34642  cls 0.01205  dfl 0.00076  feat 0.00102)
  Epoch 20/30  Batch 655/2188 (29.9%)  | Super 97.033 (box 1.2573  cls 0.7203  dfl 1.0547)  | Base 98.116 (box 1.2624  cls 0.7542  dfl 1.0495)  | KD 9.625 (box 0.28987  cls 0.00936  dfl 0.00068  feat 0.00087)
  Epoch 20/30  Batch 873/2188 (39.9%)  | Super 112.889 (box 1.4618  cls 0.8838  dfl 1.1821)  | Base 114.259 (box 1.4705  cls 0.9169  dfl 1.1831)  | KD 11.022 (box 0.33018  cls 0.01250  dfl 0.00080  feat 0.00097)
  Epoch 20/30  Batch 1091/2188 (49.9%)  | Super 98.908 (box 1.3046  cls 0.7225  dfl 1.0638)  | Base 100.273 (box 1.3169  cls 0.7541  dfl 1.0625)  | KD 10.192 (box 0.30479  cls 0.01208  dfl 0.00075  feat 0.00086)
  Epoch 20/30  Batch 1309/2188 (59.8%)  | Super 99.405 (box 1.2539  cls 0.7367  dfl 1.1159)  | Base 100.024 (box 1.2618  cls 0.7688  dfl 1.0951)  | KD 10.828 (box 0.32311  cls 0.01346  dfl 0.00078  feat 0.00103)
  Epoch 20/30  Batch 1527/2188 (69.8%)  | Super 103.916 (box 1.3620  cls 0.8055  dfl 1.0799)  | Base 105.076 (box 1.3757  cls 0.8344  dfl 1.0735)  | KD 9.959 (box 0.29709  cls 0.01241  dfl 0.00076  feat 0.00097)
  Epoch 20/30  Batch 1745/2188 (79.8%)  | Super 99.532 (box 1.3122  cls 0.7212  dfl 1.0770)  | Base 100.221 (box 1.3135  cls 0.7482  dfl 1.0702)  | KD 10.129 (box 0.30627  cls 0.00862  dfl 0.00072  feat 0.00092)
  Epoch 20/30  Batch 1963/2188 (89.7%)  | Super 100.872 (box 1.3026  cls 0.7693  dfl 1.0804)  | Base 101.684 (box 1.3108  cls 0.7894  dfl 1.0774)  | KD 10.436 (box 0.31369  cls 0.01050  dfl 0.00073  feat 0.00119)
  Epoch 20/30  Batch 2181/2188 (99.7%)  | Super 103.530 (box 1.3700  cls 0.7558  dfl 1.1095)  | Base 106.116 (box 1.3786  cls 0.8138  dfl 1.1238)  | KD 10.203 (box 0.30331  cls 0.01371  dfl 0.00071  feat 0.00112)

================================================================================
  [Validation] Super model (skip=False)  |  Epoch 20/30
================================================================================
[*] Validation input tensor shape: torch.Size([32, 3, 736, 1312])
                 Class     Images  Instances      Box(P          R      mAP50  mAP50-95)
                   all      10000     185578      0.744      0.525      0.584      0.342

================================================================================
  [Validation] Base model  (skip=True)   |  Epoch 20/30
================================================================================
[*] Validation input tensor shape: torch.Size([32, 3, 736, 1312])
                 Class     Images  Instances      Box(P          R      mAP50  mAP50-95)
                   all      10000     185578      0.724      0.511      0.569       0.33

           Epoch         GPU_mem          box_om          cls_om          dfl_om          box_oo          cls_oo          dfl_oo       Instances            Size
  Epoch 21/30  Batch 1/2188 (0.0%)  | Super 104.257 (box 1.3704  cls 0.7847  dfl 1.1030)  | Base 105.523 (box 1.3709  cls 0.8274  dfl 1.0993)  | KD 11.136 (box 0.33079  cls 0.01551  dfl 0.00076  feat 0.00093)
  Epoch 21/30  Batch 219/2188 (10.0%)  | Super 109.434 (box 1.4345  cls 0.8319  dfl 1.1535)  | Base 110.908 (box 1.4498  cls 0.8644  dfl 1.1517)  | KD 10.100 (box 0.30184  cls 0.01201  dfl 0.00077  feat 0.00100)
  Epoch 21/30  Batch 437/2188 (20.0%)  | Super 114.837 (box 1.5848  cls 0.8661  dfl 1.1377)  | Base 115.771 (box 1.5835  cls 0.9001  dfl 1.1343)  | KD 11.870 (box 0.36021  cls 0.00887  dfl 0.00071  feat 0.00116)
  Epoch 21/30  Batch 655/2188 (29.9%)  | Super 97.628 (box 1.2770  cls 0.7265  dfl 1.0474)  | Base 98.562 (box 1.2760  cls 0.7618  dfl 1.0423)  | KD 9.411 (box 0.28108  cls 0.01144  dfl 0.00069  feat 0.00089)
  Epoch 21/30  Batch 873/2188 (39.9%)  | Super 108.734 (box 1.3742  cls 0.8964  dfl 1.1273)  | Base 110.562 (box 1.3910  cls 0.9324  dfl 1.1317)  | KD 11.948 (box 0.36153  cls 0.01003  dfl 0.00082  feat 0.00099)
  Epoch 21/30  Batch 1091/2188 (49.9%)  | Super 96.835 (box 1.2787  cls 0.7092  dfl 1.0382)  | Base 98.318 (box 1.3032  cls 0.7267  dfl 1.0425)  | KD 9.476 (box 0.28459  cls 0.01001  dfl 0.00066  feat 0.00086)
  Epoch 21/30  Batch 1309/2188 (59.8%)  | Super 97.425 (box 1.2541  cls 0.7257  dfl 1.0647)  | Base 98.940 (box 1.2697  cls 0.7513  dfl 1.0709)  | KD 10.859 (box 0.31878  cls 0.01872  dfl 0.00081  feat 0.00104)
  Epoch 21/30  Batch 1527/2188 (69.8%)  | Super 104.455 (box 1.3591  cls 0.8050  dfl 1.1001)  | Base 106.361 (box 1.3779  cls 0.8485  dfl 1.0974)  | KD 10.829 (box 0.31712  cls 0.01925  dfl 0.00090  feat 0.00113)
  Epoch 21/30  Batch 1745/2188 (79.8%)  | Super 99.389 (box 1.2894  cls 0.7401  dfl 1.0764)  | Base 101.910 (box 1.3188  cls 0.7912  dfl 1.0747)  | KD 10.134 (box 0.30331  cls 0.01164  dfl 0.00071  feat 0.00102)
  Epoch 21/30  Batch 1963/2188 (89.7%)  | Super 96.850 (box 1.2708  cls 0.7225  dfl 1.0333)  | Base 97.155 (box 1.2615  cls 0.7528  dfl 1.0218)  | KD 9.964 (box 0.29865  cls 0.01075  dfl 0.00073  feat 0.00122)
  Epoch 21/30  Batch 2181/2188 (99.7%)  | Super 105.557 (box 1.3861  cls 0.7447  dfl 1.1679)  | Base 107.451 (box 1.4220  cls 0.7713  dfl 1.1646)  | KD 9.484 (box 0.28232  cls 0.01233  dfl 0.00070  feat 0.00102)

================================================================================
  [Validation] Super model (skip=False)  |  Epoch 21/30
================================================================================
[*] Validation input tensor shape: torch.Size([32, 3, 736, 1312])
                 Class     Images  Instances      Box(P          R      mAP50  mAP50-95)
                   all      10000     185578      0.741      0.525      0.583      0.342

================================================================================
  [Validation] Base model  (skip=True)   |  Epoch 21/30
================================================================================
[*] Validation input tensor shape: torch.Size([32, 3, 736, 1312])
                 Class     Images  Instances      Box(P          R      mAP50  mAP50-95)
                   all      10000     185578      0.734      0.509      0.571      0.331

           Epoch         GPU_mem          box_om          cls_om          dfl_om          box_oo          cls_oo          dfl_oo       Instances            Size
  Epoch 22/30  Batch 1/2188 (0.0%)  | Super 106.016 (box 1.3582  cls 0.7939  dfl 1.1609)  | Base 109.649 (box 1.4055  cls 0.8615  dfl 1.1595)  | KD 11.129 (box 0.32923  cls 0.01657  dfl 0.00086  feat 0.00111)
  Epoch 22/30  Batch 219/2188 (10.0%)  | Super 105.338 (box 1.4176  cls 0.7839  dfl 1.0903)  | Base 107.811 (box 1.4546  cls 0.8179  dfl 1.0967)  | KD 10.258 (box 0.30786  cls 0.01093  dfl 0.00075  feat 0.00101)
  Epoch 22/30  Batch 437/2188 (20.0%)  | Super 112.784 (box 1.5380  cls 0.8471  dfl 1.1394)  | Base 113.425 (box 1.5491  cls 0.8631  dfl 1.1324)  | KD 11.905 (box 0.36032  cls 0.00994  dfl 0.00074  feat 0.00103)
  Epoch 22/30  Batch 655/2188 (29.9%)  | Super 99.613 (box 1.3300  cls 0.7159  dfl 1.0670)  | Base 101.171 (box 1.3374  cls 0.7559  dfl 1.0683)  | KD 9.292 (box 0.27819  cls 0.01057  dfl 0.00059  feat 0.00104)
  Epoch 22/30  Batch 873/2188 (39.9%)  | Super 109.913 (box 1.4215  cls 0.8602  dfl 1.1531)  | Base 111.560 (box 1.4327  cls 0.9139  dfl 1.1397)  | KD 11.359 (box 0.34239  cls 0.01084  dfl 0.00081  feat 0.00093)
  Epoch 22/30  Batch 1091/2188 (49.9%)  | Super 100.094 (box 1.3333  cls 0.7220  dfl 1.0727)  | Base 100.592 (box 1.3394  cls 0.7400  dfl 1.0641)  | KD 9.250 (box 0.27254  cls 0.01500  dfl 0.00059  feat 0.00094)
  Epoch 22/30  Batch 1309/2188 (59.8%)  | Super 100.286 (box 1.2687  cls 0.7515  dfl 1.1137)  | Base 100.611 (box 1.2818  cls 0.7562  dfl 1.1061)  | KD 10.016 (box 0.30111  cls 0.00983  dfl 0.00081  feat 0.00125)
  Epoch 22/30  Batch 1527/2188 (69.8%)  | Super 109.512 (box 1.4415  cls 0.8323  dfl 1.1485)  | Base 109.763 (box 1.4443  cls 0.8472  dfl 1.1387)  | KD 10.616 (box 0.31273  cls 0.01718  dfl 0.00079  feat 0.00107)
  Epoch 22/30  Batch 1745/2188 (79.8%)  | Super 100.355 (box 1.3201  cls 0.7093  dfl 1.1067)  | Base 102.240 (box 1.3266  cls 0.7682  dfl 1.1002)  | KD 9.645 (box 0.28784  cls 0.01192  dfl 0.00068  feat 0.00096)
  Epoch 22/30  Batch 1963/2188 (89.7%)  | Super 100.787 (box 1.2799  cls 0.7614  dfl 1.1083)  | Base 103.566 (box 1.3014  cls 0.8203  dfl 1.1148)  | KD 9.732 (box 0.29019  cls 0.01185  dfl 0.00078  feat 0.00129)
  Epoch 22/30  Batch 2181/2188 (99.7%)  | Super 104.907 (box 1.3923  cls 0.7299  dfl 1.1561)  | Base 105.617 (box 1.4004  cls 0.7556  dfl 1.1445)  | KD 10.169 (box 0.30129  cls 0.01467  dfl 0.00079  feat 0.00101)

================================================================================
  [Validation] Super model (skip=False)  |  Epoch 22/30
================================================================================
[*] Validation input tensor shape: torch.Size([32, 3, 736, 1312])
                 Class     Images  Instances      Box(P          R      mAP50  mAP50-95)
                   all      10000     185578       0.74      0.527      0.585      0.343

================================================================================
  [Validation] Base model  (skip=True)   |  Epoch 22/30
================================================================================
[*] Validation input tensor shape: torch.Size([32, 3, 736, 1312])
                 Class     Images  Instances      Box(P          R      mAP50  mAP50-95)
                   all      10000     185578      0.722      0.513      0.569      0.331

           Epoch         GPU_mem          box_om          cls_om          dfl_om          box_oo          cls_oo          dfl_oo       Instances            Size
  Epoch 23/30  Batch 1/2188 (0.0%)  | Super 104.012 (box 1.3439  cls 0.7795  dfl 1.1269)  | Base 106.354 (box 1.3628  cls 0.8351  dfl 1.1257)  | KD 11.326 (box 0.33468  cls 0.01735  dfl 0.00089  feat 0.00103)
  Epoch 23/30  Batch 219/2188 (10.0%)  | Super 107.546 (box 1.4313  cls 0.7772  dfl 1.1523)  | Base 109.601 (box 1.4629  cls 0.8138  dfl 1.1483)  | KD 9.399 (box 0.27366  cls 0.01815  dfl 0.00070  feat 0.00121)
  Epoch 23/30  Batch 437/2188 (20.0%)  | Super 115.562 (box 1.5792  cls 0.8525  dfl 1.1796)  | Base 117.281 (box 1.6031  cls 0.8744  dfl 1.1876)  | KD 11.603 (box 0.34893  cls 0.01160  dfl 0.00079  feat 0.00126)
  Epoch 23/30  Batch 655/2188 (29.9%)  | Super 98.633 (box 1.2876  cls 0.7260  dfl 1.0687)  | Base 99.036 (box 1.2941  cls 0.7444  dfl 1.0563)  | KD 9.588 (box 0.28539  cls 0.01263  dfl 0.00064  feat 0.00098)
  Epoch 23/30  Batch 873/2188 (39.9%)  | Super 109.406 (box 1.4047  cls 0.8860  dfl 1.1282)  | Base 109.869 (box 1.4153  cls 0.8952  dfl 1.1228)  | KD 11.787 (box 0.35192  cls 0.01465  dfl 0.00082  feat 0.00096)
  Epoch 23/30  Batch 1091/2188 (49.9%)  | Super 98.708 (box 1.2841  cls 0.7278  dfl 1.0727)  | Base 99.898 (box 1.3004  cls 0.7531  dfl 1.0683)  | KD 9.272 (box 0.27878  cls 0.00937  dfl 0.00072  feat 0.00088)
  Epoch 23/30  Batch 1309/2188 (59.8%)  | Super 102.536 (box 1.3232  cls 0.7591  dfl 1.1218)  | Base 102.173 (box 1.3093  cls 0.7711  dfl 1.1124)  | KD 10.722 (box 0.31471  cls 0.01856  dfl 0.00074  feat 0.00105)
  Epoch 23/30  Batch 1527/2188 (69.8%)  | Super 101.649 (box 1.3560  cls 0.7615  dfl 1.0590)  | Base 103.207 (box 1.3690  cls 0.7928  dfl 1.0634)  | KD 10.733 (box 0.31945  cls 0.01408  dfl 0.00085  feat 0.00102)
  Epoch 23/30  Batch 1745/2188 (79.8%)  | Super 100.770 (box 1.3384  cls 0.7138  dfl 1.0969)  | Base 102.330 (box 1.3516  cls 0.7486  dfl 1.0976)  | KD 9.302 (box 0.27996  cls 0.00898  dfl 0.00069  feat 0.00105)
  Epoch 23/30  Batch 1963/2188 (89.7%)  | Super 101.905 (box 1.3204  cls 0.7708  dfl 1.0933)  | Base 102.864 (box 1.3144  cls 0.8118  dfl 1.0883)  | KD 10.387 (box 0.31307  cls 0.00973  dfl 0.00069  feat 0.00112)
  Epoch 23/30  Batch 2181/2188 (99.7%)  | Super 101.826 (box 1.3613  cls 0.7129  dfl 1.1078)  | Base 103.813 (box 1.3740  cls 0.7423  dfl 1.1279)  | KD 9.492 (box 0.28007  cls 0.01485  dfl 0.00070  feat 0.00099)

================================================================================
  [Validation] Super model (skip=False)  |  Epoch 23/30
================================================================================
[*] Validation input tensor shape: torch.Size([32, 3, 736, 1312])
                 Class     Images  Instances      Box(P          R      mAP50  mAP50-95)
                   all      10000     185578      0.741      0.527      0.585      0.343

================================================================================
  [Validation] Base model  (skip=True)   |  Epoch 23/30
================================================================================
[*] Validation input tensor shape: torch.Size([32, 3, 736, 1312])
                 Class     Images  Instances      Box(P          R      mAP50  mAP50-95)
                   all      10000     185578      0.724      0.514      0.571      0.332

           Epoch         GPU_mem          box_om          cls_om          dfl_om          box_oo          cls_oo          dfl_oo       Instances            Size
  Epoch 24/30  Batch 1/2188 (0.0%)  | Super 103.994 (box 1.3253  cls 0.8087  dfl 1.1157)  | Base 105.666 (box 1.3388  cls 0.8519  dfl 1.1114)  | KD 11.356 (box 0.33449  cls 0.01854  dfl 0.00084  feat 0.00101)
  Epoch 24/30  Batch 219/2188 (10.0%)  | Super 106.956 (box 1.4297  cls 0.7586  dfl 1.1540)  | Base 109.050 (box 1.4582  cls 0.7896  dfl 1.1600)  | KD 9.448 (box 0.28179  cls 0.01175  dfl 0.00067  feat 0.00103)
  Epoch 24/30  Batch 437/2188 (20.0%)  | Super 112.703 (box 1.5500  cls 0.8404  dfl 1.1316)  | Base 112.741 (box 1.5433  cls 0.8658  dfl 1.1140)  | KD 11.907 (box 0.36221  cls 0.00811  dfl 0.00080  feat 0.00097)
  Epoch 24/30  Batch 655/2188 (29.9%)  | Super 95.352 (box 1.2468  cls 0.7059  dfl 1.0271)  | Base 96.158 (box 1.2668  cls 0.7128  dfl 1.0253)  | KD 9.252 (box 0.27783  cls 0.00971  dfl 0.00066  feat 0.00092)
  Epoch 24/30  Batch 873/2188 (39.9%)  | Super 111.737 (box 1.3926  cls 0.9573  dfl 1.1420)  | Base 113.765 (box 1.4133  cls 0.9806  dfl 1.1613)  | KD 11.385 (box 0.34009  cls 0.01389  dfl 0.00077  feat 0.00104)
  Epoch 24/30  Batch 1091/2188 (49.9%)  | Super 102.031 (box 1.3437  cls 0.7368  dfl 1.1080)  | Base 102.821 (box 1.3538  cls 0.7612  dfl 1.0981)  | KD 9.255 (box 0.27886  cls 0.00876  dfl 0.00064  feat 0.00097)
  Epoch 24/30  Batch 1309/2188 (59.8%)  | Super 100.843 (box 1.2865  cls 0.7178  dfl 1.1470)  | Base 101.730 (box 1.2956  cls 0.7430  dfl 1.1405)  | KD 9.969 (box 0.29755  cls 0.01214  dfl 0.00075  feat 0.00109)
  Epoch 24/30  Batch 1527/2188 (69.8%)  | Super 108.573 (box 1.4247  cls 0.8171  dfl 1.1511)  | Base 110.017 (box 1.4379  cls 0.8545  dfl 1.1456)  | KD 9.936 (box 0.29445  cls 0.01436  dfl 0.00078  feat 0.00090)
  Epoch 24/30  Batch 1745/2188 (79.8%)  | Super 100.070 (box 1.3144  cls 0.7232  dfl 1.0895)  | Base 100.975 (box 1.3260  cls 0.7441  dfl 1.0854)  | KD 10.287 (box 0.31085  cls 0.00892  dfl 0.00073  feat 0.00097)
  Epoch 24/30  Batch 1963/2188 (89.7%)  | Super 108.131 (box 1.3446  cls 0.8806  dfl 1.1539)  | Base 110.813 (box 1.3705  cls 0.9265  dfl 1.1659)  | KD 10.993 (box 0.32461  cls 0.01686  dfl 0.00086  feat 0.00120)
  Epoch 24/30  Batch 2181/2188 (99.7%)  | Super 103.798 (box 1.3709  cls 0.7280  dfl 1.1447)  | Base 104.298 (box 1.3637  cls 0.7753  dfl 1.1203)  | KD 9.929 (box 0.29772  cls 0.01072  dfl 0.00072  feat 0.00113)

================================================================================
  [Validation] Super model (skip=False)  |  Epoch 24/30
================================================================================
[*] Validation input tensor shape: torch.Size([32, 3, 736, 1312])
                 Class     Images  Instances      Box(P          R      mAP50  mAP50-95)
                   all      10000     185578      0.739      0.527      0.586      0.344

================================================================================
  [Validation] Base model  (skip=True)   |  Epoch 24/30
================================================================================
[*] Validation input tensor shape: torch.Size([32, 3, 736, 1312])
                 Class     Images  Instances      Box(P          R      mAP50  mAP50-95)
                   all      10000     185578      0.726      0.515      0.572      0.332

           Epoch         GPU_mem          box_om          cls_om          dfl_om          box_oo          cls_oo          dfl_oo       Instances            Size
  Epoch 25/30  Batch 1/2188 (0.0%)  | Super 100.119 (box 1.2972  cls 0.7327  dfl 1.0988)  | Base 101.950 (box 1.3156  cls 0.7742  dfl 1.0962)  | KD 10.086 (box 0.30125  cls 0.01222  dfl 0.00080  feat 0.00090)
  Epoch 25/30  Batch 219/2188 (10.0%)  | Super 107.876 (box 1.4458  cls 0.7735  dfl 1.1518)  | Base 110.522 (box 1.4788  cls 0.8191  dfl 1.1559)  | KD 9.366 (box 0.27598  cls 0.01503  dfl 0.00070  feat 0.00098)
  Epoch 25/30  Batch 437/2188 (20.0%)  | Super 116.065 (box 1.6035  cls 0.8429  dfl 1.1806)  | Base 118.155 (box 1.6314  cls 0.8735  dfl 1.1874)  | KD 11.037 (box 0.33393  cls 0.00918  dfl 0.00070  feat 0.00109)
  Epoch 25/30  Batch 655/2188 (29.9%)  | Super 98.081 (box 1.2858  cls 0.7163  dfl 1.0630)  | Base 99.127 (box 1.2974  cls 0.7482  dfl 1.0522)  | KD 9.423 (box 0.27837  cls 0.01452  dfl 0.00063  feat 0.00094)
  Epoch 25/30  Batch 873/2188 (39.9%)  | Super 107.441 (box 1.3881  cls 0.8496  dfl 1.1198)  | Base 108.025 (box 1.3845  cls 0.8772  dfl 1.1140)  | KD 11.163 (box 0.33651  cls 0.01062  dfl 0.00079  feat 0.00091)
  Epoch 25/30  Batch 1091/2188 (49.9%)  | Super 99.494 (box 1.3288  cls 0.7321  dfl 1.0483)  | Base 101.242 (box 1.3566  cls 0.7507  dfl 1.0566)  | KD 9.600 (box 0.28524  cls 0.01325  dfl 0.00067  feat 0.00084)
  Epoch 25/30  Batch 1309/2188 (59.8%)  | Super 99.419 (box 1.2719  cls 0.7254  dfl 1.1095)  | Base 99.966 (box 1.2732  cls 0.7521  dfl 1.0986)  | KD 9.907 (box 0.29928  cls 0.00863  dfl 0.00072  feat 0.00097)
  Epoch 25/30  Batch 1527/2188 (69.8%)  | Super 104.985 (box 1.3648  cls 0.8236  dfl 1.0924)  | Base 107.233 (box 1.4003  cls 0.8569  dfl 1.0938)  | KD 10.108 (box 0.29411  cls 0.02004  dfl 0.00066  feat 0.00107)
  Epoch 25/30  Batch 1745/2188 (79.8%)  | Super 102.548 (box 1.3197  cls 0.7870  dfl 1.0980)  | Base 105.250 (box 1.3482  cls 0.8477  dfl 1.0932)  | KD 10.525 (box 0.31537  cls 0.01183  dfl 0.00078  feat 0.00093)
  Epoch 25/30  Batch 1963/2188 (89.7%)  | Super 102.627 (box 1.3375  cls 0.8003  dfl 1.0694)  | Base 104.094 (box 1.3479  cls 0.8308  dfl 1.0743)  | KD 11.400 (box 0.33947  cls 0.01479  dfl 0.00087  feat 0.00113)
  Epoch 25/30  Batch 2181/2188 (99.7%)  | Super 108.417 (box 1.4381  cls 0.7641  dfl 1.1858)  | Base 110.158 (box 1.4510  cls 0.8048  dfl 1.1866)  | KD 9.779 (box 0.29155  cls 0.01236  dfl 0.00073  feat 0.00096)

================================================================================
  [Validation] Super model (skip=False)  |  Epoch 25/30
================================================================================
[*] Validation input tensor shape: torch.Size([32, 3, 736, 1312])
                 Class     Images  Instances      Box(P          R      mAP50  mAP50-95)
                   all      10000     185578      0.743      0.526      0.586      0.344

================================================================================
  [Validation] Base model  (skip=True)   |  Epoch 25/30
================================================================================
[*] Validation input tensor shape: torch.Size([32, 3, 736, 1312])
                 Class     Images  Instances      Box(P          R      mAP50  mAP50-95)
                   all      10000     185578      0.726      0.515      0.572      0.332

           Epoch         GPU_mem          box_om          cls_om          dfl_om          box_oo          cls_oo          dfl_oo       Instances            Size
  Epoch 26/30  Batch 1/2188 (0.0%)  | Super 105.937 (box 1.3646  cls 0.7829  dfl 1.1630)  | Base 110.121 (box 1.4053  cls 0.8595  dfl 1.1765)  | KD 10.787 (box 0.31899  cls 0.01627  dfl 0.00079  feat 0.00105)
  Epoch 26/30  Batch 219/2188 (10.0%)  | Super 110.978 (box 1.4767  cls 0.8778  dfl 1.1136)  | Base 112.459 (box 1.5027  cls 0.8877  dfl 1.1238)  | KD 10.337 (box 0.30675  cls 0.01465  dfl 0.00069  feat 0.00095)
  Epoch 26/30  Batch 437/2188 (20.0%)  | Super 112.930 (box 1.5556  cls 0.8614  dfl 1.1121)  | Base 114.291 (box 1.5729  cls 0.8881  dfl 1.1106)  | KD 11.940 (box 0.36074  cls 0.01056  dfl 0.00075  feat 0.00107)
  Epoch 26/30  Batch 655/2188 (29.9%)  | Super 101.060 (box 1.3323  cls 0.7383  dfl 1.0875)  | Base 101.132 (box 1.3361  cls 0.7433  dfl 1.0810)  | KD 9.846 (box 0.29333  cls 0.01272  dfl 0.00065  feat 0.00098)
  Epoch 26/30  Batch 873/2188 (39.9%)  | Super 105.890 (box 1.3845  cls 0.8185  dfl 1.1060)  | Base 106.784 (box 1.3907  cls 0.8582  dfl 1.0880)  | KD 10.775 (box 0.32342  cls 0.01158  dfl 0.00077  feat 0.00095)
  Epoch 26/30  Batch 1091/2188 (49.9%)  | Super 104.100 (box 1.3616  cls 0.7680  dfl 1.1236)  | Base 104.702 (box 1.3794  cls 0.7670  dfl 1.1256)  | KD 9.531 (box 0.28633  cls 0.00987  dfl 0.00069  feat 0.00096)
  Epoch 26/30  Batch 1309/2188 (59.8%)  | Super 94.976 (box 1.2300  cls 0.7050  dfl 1.0331)  | Base 96.588 (box 1.2536  cls 0.7160  dfl 1.0488)  | KD 10.399 (box 0.30765  cls 0.01561  dfl 0.00074  feat 0.00097)
  Epoch 26/30  Batch 1527/2188 (69.8%)  | Super 106.616 (box 1.3745  cls 0.8380  dfl 1.1193)  | Base 108.926 (box 1.4016  cls 0.8838  dfl 1.1185)  | KD 11.102 (box 0.32761  cls 0.01748  dfl 0.00083  feat 0.00100)
  Epoch 26/30  Batch 1745/2188 (79.8%)  | Super 102.246 (box 1.3345  cls 0.7463  dfl 1.1144)  | Base 103.132 (box 1.3427  cls 0.7755  dfl 1.1046)  | KD 10.556 (box 0.31141  cls 0.01663  dfl 0.00076  feat 0.00108)
  Epoch 26/30  Batch 1963/2188 (89.7%)  | Super 101.832 (box 1.3192  cls 0.7864  dfl 1.0767)  | Base 103.042 (box 1.3175  cls 0.8284  dfl 1.0741)  | KD 11.299 (box 0.33587  cls 0.01517  dfl 0.00085  feat 0.00121)
  Epoch 26/30  Batch 2181/2188 (99.7%)  | Super 103.988 (box 1.3540  cls 0.7790  dfl 1.1166)  | Base 105.090 (box 1.3614  cls 0.8058  dfl 1.1169)  | KD 10.044 (box 0.29648  cls 0.01566  dfl 0.00070  feat 0.00102)

================================================================================
  [Validation] Super model (skip=False)  |  Epoch 26/30
================================================================================
[*] Validation input tensor shape: torch.Size([32, 3, 736, 1312])
                 Class     Images  Instances      Box(P          R      mAP50  mAP50-95)
                   all      10000     185578      0.743      0.527      0.587      0.345

================================================================================
  [Validation] Base model  (skip=True)   |  Epoch 26/30
================================================================================
[*] Validation input tensor shape: torch.Size([32, 3, 736, 1312])
                 Class     Images  Instances      Box(P          R      mAP50  mAP50-95)
                   all      10000     185578      0.728      0.515      0.573      0.332

           Epoch         GPU_mem          box_om          cls_om          dfl_om          box_oo          cls_oo          dfl_oo       Instances            Size
  Epoch 27/30  Batch 1/2188 (0.0%)  | Super 102.636 (box 1.2983  cls 0.7924  dfl 1.1168)  | Base 105.273 (box 1.3368  cls 0.8234  dfl 1.1296)  | KD 11.445 (box 0.33736  cls 0.01851  dfl 0.00086  feat 0.00093)
  Epoch 27/30  Batch 219/2188 (10.0%)  | Super 102.804 (box 1.3716  cls 0.7954  dfl 1.0457)  | Base 105.192 (box 1.4031  cls 0.8327  dfl 1.0514)  | KD 9.445 (box 0.28487  cls 0.00863  dfl 0.00064  feat 0.00101)
  Epoch 27/30  Batch 437/2188 (20.0%)  | Super 112.648 (box 1.5503  cls 0.8249  dfl 1.1451)  | Base 114.968 (box 1.5875  cls 0.8531  dfl 1.1521)  | KD 11.626 (box 0.35083  cls 0.01069  dfl 0.00072  feat 0.00107)
  Epoch 27/30  Batch 655/2188 (29.9%)  | Super 98.580 (box 1.3013  cls 0.7166  dfl 1.0627)  | Base 99.282 (box 1.3020  cls 0.7349  dfl 1.0657)  | KD 9.250 (box 0.27643  cls 0.01104  dfl 0.00055  feat 0.00103)
  Epoch 27/30  Batch 873/2188 (39.9%)  | Super 111.318 (box 1.4154  cls 0.8990  dfl 1.1643)  | Base 112.451 (box 1.4160  cls 0.9440  dfl 1.1541)  | KD 11.451 (box 0.34544  cls 0.01059  dfl 0.00078  feat 0.00105)
  Epoch 27/30  Batch 1091/2188 (49.9%)  | Super 99.269 (box 1.3036  cls 0.7190  dfl 1.0796)  | Base 101.138 (box 1.3232  cls 0.7543  dfl 1.0831)  | KD 8.923 (box 0.26862  cls 0.00859  dfl 0.00063  feat 0.00100)
  Epoch 27/30  Batch 1309/2188 (59.8%)  | Super 99.247 (box 1.2722  cls 0.7355  dfl 1.0938)  | Base 99.454 (box 1.2650  cls 0.7585  dfl 1.0844)  | KD 10.261 (box 0.31066  cls 0.00831  dfl 0.00070  feat 0.00100)
  Epoch 27/30  Batch 1527/2188 (69.8%)  | Super 102.570 (box 1.3577  cls 0.7618  dfl 1.0858)  | Base 104.977 (box 1.3839  cls 0.8080  dfl 1.0886)  | KD 11.193 (box 0.32941  cls 0.01842  dfl 0.00098  feat 0.00097)
  Epoch 27/30  Batch 1745/2188 (79.8%)  | Super 102.455 (box 1.3448  cls 0.7454  dfl 1.1115)  | Base 104.466 (box 1.3642  cls 0.7866  dfl 1.1137)  | KD 10.394 (box 0.31271  cls 0.01041  dfl 0.00072  feat 0.00100)
  Epoch 27/30  Batch 1963/2188 (89.7%)  | Super 103.910 (box 1.3431  cls 0.8091  dfl 1.0950)  | Base 104.593 (box 1.3395  cls 0.8370  dfl 1.0921)  | KD 10.386 (box 0.31059  cls 0.01199  dfl 0.00072  feat 0.00125)
  Epoch 27/30  Batch 2181/2188 (99.7%)  | Super 107.058 (box 1.4078  cls 0.7483  dfl 1.1895)  | Base 108.647 (box 1.4313  cls 0.7667  dfl 1.1971)  | KD 9.781 (box 0.29107  cls 0.01265  dfl 0.00076  feat 0.00119)

================================================================================
  [Validation] Super model (skip=False)  |  Epoch 27/30
================================================================================
[*] Validation input tensor shape: torch.Size([32, 3, 736, 1312])
                 Class     Images  Instances      Box(P          R      mAP50  mAP50-95)
                   all      10000     185578      0.744      0.527      0.587      0.344

================================================================================
  [Validation] Base model  (skip=True)   |  Epoch 27/30
================================================================================
[*] Validation input tensor shape: torch.Size([32, 3, 736, 1312])
                 Class     Images  Instances      Box(P          R      mAP50  mAP50-95)
                   all      10000     185578      0.727      0.516      0.573      0.332

           Epoch         GPU_mem          box_om          cls_om          dfl_om          box_oo          cls_oo          dfl_oo       Instances            Size
  Epoch 28/30  Batch 1/2188 (0.0%)  | Super 102.206 (box 1.3265  cls 0.7479  dfl 1.1195)  | Base 104.578 (box 1.3620  cls 0.7855  dfl 1.1206)  | KD 10.318 (box 0.30902  cls 0.01177  dfl 0.00071  feat 0.00094)
  Epoch 28/30  Batch 219/2188 (10.0%)  | Super 102.361 (box 1.3568  cls 0.7676  dfl 1.0743)  | Base 104.848 (box 1.3777  cls 0.8241  dfl 1.0748)  | KD 10.426 (box 0.31185  cls 0.01208  dfl 0.00088  feat 0.00102)
  Epoch 28/30  Batch 437/2188 (20.0%)  | Super 109.893 (box 1.5194  cls 0.8051  dfl 1.1096)  | Base 111.501 (box 1.5406  cls 0.8314  dfl 1.1124)  | KD 11.744 (box 0.35302  cls 0.01219  dfl 0.00078  feat 0.00100)
  Epoch 28/30  Batch 655/2188 (29.9%)  | Super 98.377 (box 1.3057  cls 0.7098  dfl 1.0588)  | Base 99.389 (box 1.3116  cls 0.7431  dfl 1.0512)  | KD 8.935 (box 0.26541  cls 0.01233  dfl 0.00062  feat 0.00086)
  Epoch 28/30  Batch 873/2188 (39.9%)  | Super 107.813 (box 1.3919  cls 0.8417  dfl 1.1356)  | Base 111.363 (box 1.4265  cls 0.9000  dfl 1.1536)  | KD 11.456 (box 0.34274  cls 0.01341  dfl 0.00079  feat 0.00106)
  Epoch 28/30  Batch 1091/2188 (49.9%)  | Super 99.344 (box 1.3172  cls 0.6953  dfl 1.0920)  | Base 99.802 (box 1.3117  cls 0.7180  dfl 1.0891)  | KD 9.602 (box 0.28692  cls 0.01163  dfl 0.00062  feat 0.00090)
  Epoch 28/30  Batch 1309/2188 (59.8%)  | Super 92.979 (box 1.1823  cls 0.6939  dfl 1.0293)  | Base 93.681 (box 1.1848  cls 0.7165  dfl 1.0262)  | KD 9.725 (box 0.28641  cls 0.01576  dfl 0.00077  feat 0.00097)
  Epoch 28/30  Batch 1527/2188 (69.8%)  | Super 107.969 (box 1.4032  cls 0.8612  dfl 1.1097)  | Base 109.800 (box 1.4253  cls 0.8958  dfl 1.1102)  | KD 10.791 (box 0.31905  cls 0.01615  dfl 0.00093  feat 0.00108)
  Epoch 28/30  Batch 1745/2188 (79.8%)  | Super 97.785 (box 1.2828  cls 0.7261  dfl 1.0468)  | Base 98.813 (box 1.2830  cls 0.7620  dfl 1.0429)  | KD 10.329 (box 0.30997  cls 0.01108  dfl 0.00085  feat 0.00088)
  Epoch 28/30  Batch 1963/2188 (89.7%)  | Super 102.408 (box 1.2897  cls 0.8397  dfl 1.0709)  | Base 101.336 (box 1.2654  cls 0.8543  dfl 1.0470)  | KD 10.841 (box 0.32290  cls 0.01370  dfl 0.00092  feat 0.00126)
  Epoch 28/30  Batch 2181/2188 (99.7%)  | Super 104.172 (box 1.3677  cls 0.7368  dfl 1.1509)  | Base 105.090 (box 1.3814  cls 0.7676  dfl 1.1350)  | KD 9.529 (box 0.28431  cls 0.01160  dfl 0.00066  feat 0.00122)

================================================================================
  [Validation] Super model (skip=False)  |  Epoch 28/30
================================================================================
[*] Validation input tensor shape: torch.Size([32, 3, 736, 1312])
                 Class     Images  Instances      Box(P          R      mAP50  mAP50-95)
                   all      10000     185578      0.746      0.526      0.587      0.345

================================================================================
  [Validation] Base model  (skip=True)   |  Epoch 28/30
================================================================================
[*] Validation input tensor shape: torch.Size([32, 3, 736, 1312])
                 Class     Images  Instances      Box(P          R      mAP50  mAP50-95)
                   all      10000     185578      0.732      0.514      0.573      0.332

           Epoch         GPU_mem          box_om          cls_om          dfl_om          box_oo          cls_oo          dfl_oo       Instances            Size
  Epoch 29/30  Batch 1/2188 (0.0%)  | Super 103.041 (box 1.3177  cls 0.7962  dfl 1.1061)  | Base 106.291 (box 1.3517  cls 0.8418  dfl 1.1281)  | KD 10.697 (box 0.31811  cls 0.01437  dfl 0.00090  feat 0.00088)
  Epoch 29/30  Batch 219/2188 (10.0%)  | Super 103.873 (box 1.3895  cls 0.7681  dfl 1.0885)  | Base 105.738 (box 1.4215  cls 0.7995  dfl 1.0832)  | KD 9.349 (box 0.27824  cls 0.01209  dfl 0.00077  feat 0.00105)
  Epoch 29/30  Batch 437/2188 (20.0%)  | Super 113.583 (box 1.5595  cls 0.8502  dfl 1.1398)  | Base 115.839 (box 1.5882  cls 0.8872  dfl 1.1445)  | KD 11.302 (box 0.34044  cls 0.01104  dfl 0.00067  feat 0.00106)
  Epoch 29/30  Batch 655/2188 (29.9%)  | Super 98.391 (box 1.2896  cls 0.7394  dfl 1.0457)  | Base 99.430 (box 1.3002  cls 0.7699  dfl 1.0371)  | KD 9.081 (box 0.26997  cls 0.01220  dfl 0.00065  feat 0.00097)
  Epoch 29/30  Batch 873/2188 (39.9%)  | Super 108.111 (box 1.3844  cls 0.8911  dfl 1.1031)  | Base 109.221 (box 1.3865  cls 0.9161  dfl 1.1106)  | KD 11.101 (box 0.33507  cls 0.01012  dfl 0.00079  feat 0.00094)
  Epoch 29/30  Batch 1091/2188 (49.9%)  | Super 100.060 (box 1.3011  cls 0.7228  dfl 1.1030)  | Base 100.945 (box 1.3234  cls 0.7318  dfl 1.0994)  | KD 9.585 (box 0.28448  cls 0.01346  dfl 0.00065  feat 0.00095)
  Epoch 29/30  Batch 1309/2188 (59.8%)  | Super 97.286 (box 1.2490  cls 0.7105  dfl 1.0807)  | Base 98.977 (box 1.2762  cls 0.7291  dfl 1.0877)  | KD 10.484 (box 0.30999  cls 0.01597  dfl 0.00078  feat 0.00089)
  Epoch 29/30  Batch 1527/2188 (69.8%)  | Super 108.170 (box 1.4240  cls 0.8206  dfl 1.1357)  | Base 109.279 (box 1.4456  cls 0.8266  dfl 1.1428)  | KD 10.009 (box 0.29083  cls 0.02022  dfl 0.00072  feat 0.00102)
  Epoch 29/30  Batch 1745/2188 (79.8%)  | Super 103.379 (box 1.3466  cls 0.7690  dfl 1.1150)  | Base 103.827 (box 1.3415  cls 0.7922  dfl 1.1109)  | KD 9.596 (box 0.28971  cls 0.00849  dfl 0.00062  feat 0.00106)
  Epoch 29/30  Batch 1963/2188 (89.7%)  | Super 102.417 (box 1.3021  cls 0.7689  dfl 1.1295)  | Base 104.957 (box 1.3208  cls 0.8298  dfl 1.1293)  | KD 9.919 (box 0.29738  cls 0.01075  dfl 0.00071  feat 0.00112)
  Epoch 29/30  Batch 2181/2188 (99.7%)  | Super 105.375 (box 1.3918  cls 0.7444  dfl 1.1567)  | Base 106.382 (box 1.3982  cls 0.7718  dfl 1.1544)  | KD 9.881 (box 0.29227  cls 0.01463  dfl 0.00076  feat 0.00113)

================================================================================
  [Validation] Super model (skip=False)  |  Epoch 29/30
================================================================================
[*] Validation input tensor shape: torch.Size([32, 3, 736, 1312])
                 Class     Images  Instances      Box(P          R      mAP50  mAP50-95)
                   all      10000     185578      0.746      0.525      0.588      0.345

================================================================================
  [Validation] Base model  (skip=True)   |  Epoch 29/30
================================================================================
[*] Validation input tensor shape: torch.Size([32, 3, 736, 1312])
                 Class     Images  Instances      Box(P          R      mAP50  mAP50-95)
                   all      10000     185578      0.727      0.517      0.573      0.333

           Epoch         GPU_mem          box_om          cls_om          dfl_om          box_oo          cls_oo          dfl_oo       Instances            Size
  Epoch 30/30  Batch 1/2188 (0.0%)  | Super 103.612 (box 1.3157  cls 0.7957  dfl 1.1265)  | Base 106.135 (box 1.3499  cls 0.8360  dfl 1.1309)  | KD 11.003 (box 0.32537  cls 0.01666  dfl 0.00080  feat 0.00102)
  Epoch 30/30  Batch 219/2188 (10.0%)  | Super 107.555 (box 1.4333  cls 0.7883  dfl 1.1395)  | Base 108.415 (box 1.4347  cls 0.8295  dfl 1.1239)  | KD 9.480 (box 0.28509  cls 0.00906  dfl 0.00074  feat 0.00137)
  Epoch 30/30  Batch 437/2188 (20.0%)  | Super 112.006 (box 1.5457  cls 0.8200  dfl 1.1345)  | Base 114.063 (box 1.5782  cls 0.8443  dfl 1.1419)  | KD 11.020 (box 0.33204  cls 0.01063  dfl 0.00071  feat 0.00099)
  Epoch 30/30  Batch 655/2188 (29.9%)  | Super 100.962 (box 1.3287  cls 0.7370  dfl 1.0893)  | Base 101.583 (box 1.3387  cls 0.7560  dfl 1.0798)  | KD 9.534 (box 0.28431  cls 0.01199  dfl 0.00066  feat 0.00099)
  Epoch 30/30  Batch 873/2188 (39.9%)  | Super 114.514 (box 1.4607  cls 0.8957  dfl 1.2222)  | Base 115.319 (box 1.4745  cls 0.9198  dfl 1.2095)  | KD 11.720 (box 0.35270  cls 0.01172  dfl 0.00081  feat 0.00103)
  Epoch 30/30  Batch 1091/2188 (49.9%)  | Super 98.307 (box 1.2956  cls 0.6987  dfl 1.0778)  | Base 99.467 (box 1.3088  cls 0.7251  dfl 1.0744)  | KD 8.803 (box 0.26027  cls 0.01334  dfl 0.00058  feat 0.00088)
  Epoch 30/30  Batch 1309/2188 (59.8%)  | Super 94.905 (box 1.2274  cls 0.6771  dfl 1.0613)  | Base 95.333 (box 1.2385  cls 0.6827  dfl 1.0579)  | KD 10.443 (box 0.30938  cls 0.01523  dfl 0.00081  feat 0.00093)
  Epoch 30/30  Batch 1527/2188 (69.8%)  | Super 104.898 (box 1.3608  cls 0.8005  dfl 1.1168)  | Base 105.316 (box 1.3644  cls 0.8174  dfl 1.1093)  | KD 10.249 (box 0.29933  cls 0.01928  dfl 0.00075  feat 0.00092)
  Epoch 30/30  Batch 1745/2188 (79.8%)  | Super 101.307 (box 1.3238  cls 0.7506  dfl 1.0914)  | Base 102.977 (box 1.3466  cls 0.7798  dfl 1.0917)  | KD 10.040 (box 0.30160  cls 0.01040  dfl 0.00079  feat 0.00095)
  Epoch 30/30  Batch 1963/2188 (89.7%)  | Super 101.645 (box 1.3126  cls 0.7445  dfl 1.1193)  | Base 102.128 (box 1.2903  cls 0.7961  dfl 1.1051)  | KD 9.751 (box 0.29187  cls 0.01099  dfl 0.00070  feat 0.00116)
  Epoch 30/30  Batch 2181/2188 (99.7%)  | Super 103.544 (box 1.3471  cls 0.7449  dfl 1.1438)  | Base 105.415 (box 1.3655  cls 0.7819  dfl 1.1468)  | KD 9.695 (box 0.28630  cls 0.01488  dfl 0.00072  feat 0.00109)

================================================================================
  [Validation] Super model (skip=False)  |  Epoch 30/30
================================================================================
[*] Validation input tensor shape: torch.Size([32, 3, 736, 1312])
                 Class     Images  Instances      Box(P          R      mAP50  mAP50-95)
                   all      10000     185578      0.747      0.525      0.587      0.345

================================================================================
  [Validation] Base model  (skip=True)   |  Epoch 30/30
================================================================================
[*] Validation input tensor shape: torch.Size([32, 3, 736, 1312])
                 Class     Images  Instances      Box(P          R      mAP50  mAP50-95)
                   all      10000     185578      0.727      0.518      0.574      0.333

30 epochs completed in 7.246 hours.
Optimizer stripped from runs/bdd100k/detect/anydepth-yolov12s/train/weights/last.pt, 15.7MB
Optimizer stripped from runs/bdd100k/detect/anydepth-yolov12s/train/weights/best.pt, 15.7MB

Validating runs/bdd100k/detect/anydepth-yolov12s/train/weights/best.pt...
Ultralytics 8.3.63 🚀 Python-3.11.13 torch-2.2.2+cu121 CUDA:0 (NVIDIA RTX 6000 Ada Generation, 48509MiB)
                                                       CUDA:1 (NVIDIA RTX 6000 Ada Generation, 48500MiB)
YOLO-ad-v12s-orig summary: 827 layers, 7,403,518 parameters, 0 gradients, 22.3 GFLOPs

[*] FLOPs calculated at resolution: 736x1312
| module                 | #parameters or shape   | #flops   |
|:-----------------------|:-----------------------|:---------|
| base_model.model.model | 7.404M                 | 26.158G  |
| 0.conv                 | 0.896K                 | 0.209G   |
| 0.conv.weight          | (32, 3, 3, 3)          |          |
| 0.conv.bias            | (32,)                  |          |
| 1.conv                 | 9.28K                  | 0.556G   |
| 1.conv.weight          | (64, 16, 3, 3)         |          |
| 1.conv.bias            | (64,)                  |          |
| 2                      | 39.92K                 | 2.377G   |
| 2.cv1                  | 4.352K                 | 0.255G   |
| 2.cv1.conv             | 4.096K                 | 0.247G   |
| 2.cv1.bn               | 0.128K                 | 7.725M   |
| 2.cv1.bn_skip          | 0.128K                 |          |
| 2.cv2                  | 16.896K                | 1.004G   |
| 2.cv2.conv             | 16.384K                | 0.989G   |
| 2.cv2.bn               | 0.256K                 | 15.45M   |
| 2.cv2.bn_skip          | 0.256K                 |          |
| 2.m                    | 18.672K                | 1.118G   |
| 2.m.0                  | 9.408K                 | 0.562G   |
| 2.m.1                  | 9.264K                 | 0.556G   |
| 3                      | 37.376K                | 0.56G    |
| 3.conv                 | 36.864K                | 0.556G   |
| 3.conv.weight          | (128, 32, 3, 3)        |          |
| 3.bn                   | 0.256K                 | 3.863M   |
| 3.bn.weight            | (128,)                 |          |
| 3.bn.bias              | (128,)                 |          |
| 3.bn_skip              | 0.256K                 |          |
| 3.bn_skip.weight       | (128,)                 |          |
| 3.bn_skip.bias         | (128,)                 |          |
| 4                      | 0.158M                 | 2.363G   |
| 4.cv1                  | 16.896K                | 0.251G   |
| 4.cv1.conv             | 16.384K                | 0.247G   |
| 4.cv1.bn               | 0.256K                 | 3.863M   |
| 4.cv1.bn_skip          | 0.256K                 |          |
| 4.cv2                  | 66.56K                 | 0.997G   |
| 4.cv2.conv             | 65.536K                | 0.989G   |
| 4.cv2.bn               | 0.512K                 | 7.725M   |
| 4.cv2.bn_skip          | 0.512K                 |          |
| 4.m                    | 74.208K                | 1.115G   |
| 4.m.0                  | 37.248K                | 0.559G   |
| 4.m.1                  | 36.96K                 | 0.556G   |
| 5                      | 0.591M                 | 2.227G   |
| 5.conv                 | 0.59M                  | 2.225G   |
| 5.conv.weight          | (256, 256, 3, 3)       |          |
| 5.bn                   | 0.512K                 | 1.931M   |
| 5.bn.weight            | (256,)                 |          |
| 5.bn.bias              | (256,)                 |          |
| 5.bn_skip              | 0.512K                 |          |
| 5.bn_skip.weight       | (256,)                 |          |
| 5.bn_skip.bias         | (256,)                 |          |
| 6                      | 1.391M                 | 4.827G   |
| 6.gamma                | (256,)                 |          |
| 6.cv1                  | 33.28K                 | 0.125G   |
| 6.cv1.conv             | 32.768K                | 0.124G   |
| 6.cv1.bn               | 0.256K                 | 0.966M   |
| 6.cv1.bn_skip          | 0.256K                 |          |
| 6.cv2                  | 0.263M                 | 0.62G    |
| 6.cv2.conv             | 0.164M                 | 0.618G   |
| 6.cv2.bn               | 0.512K                 | 1.931M   |
| 6.cv2.bn_skip          | 0.512K                 |          |
| 6.cv2.conv_skip        | 98.304K                |          |
| 6.m                    | 1.095M                 | 4.083G   |
| 6.m.0                  | 0.277M                 | 1.028G   |
| 6.m.1                  | 0.277M                 | 1.028G   |
| 6.m.2                  | 0.271M                 | 1.013G   |
| 6.m.3                  | 0.271M                 | 1.013G   |
| 7                      | 0.591M                 | 0.557G   |
| 7.conv                 | 0.59M                  | 0.556G   |
| 7.conv.weight          | (256, 256, 3, 3)       |          |
| 7.bn                   | 0.512K                 | 0.483M   |
| 7.bn.weight            | (256,)                 |          |
| 7.bn.bias              | (256,)                 |          |
| 7.bn_skip              | 0.512K                 |          |
| 7.bn_skip.weight       | (256,)                 |          |
| 7.bn_skip.bias         | (256,)                 |          |
| 8                      | 1.391M                 | 1.207G   |
| 8.gamma                | (256,)                 |          |
| 8.cv1                  | 33.28K                 | 31.142M  |
| 8.cv1.conv             | 32.768K                | 30.9M    |
| 8.cv1.bn               | 0.256K                 | 0.241M   |
| 8.cv1.bn_skip          | 0.256K                 |          |
| 8.cv2                  | 0.263M                 | 0.155G   |
| 8.cv2.conv             | 0.164M                 | 0.155G   |
| 8.cv2.bn               | 0.512K                 | 0.483M   |
| 8.cv2.bn_skip          | 0.512K                 |          |
| 8.cv2.conv_skip        | 98.304K                |          |
| 8.m                    | 1.095M                 | 1.021G   |
| 8.m.0                  | 0.277M                 | 0.257G   |
| 8.m.1                  | 0.277M                 | 0.257G   |
| 8.m.2                  | 0.271M                 | 0.253G   |
| 8.m.3                  | 0.271M                 | 0.253G   |
| 11                     | 0.528M                 | 1.984G   |
| 11.cv1                 | 66.048K                | 0.248G   |
| 11.cv1.conv            | 65.536K                | 0.247G   |
| 11.cv1.bn              | 0.256K                 | 0.966M   |
| 11.cv1.bn_skip         | 0.256K                 |          |
| 11.cv2                 | 99.328K                | 0.373G   |
| 11.cv2.conv            | 98.304K                | 0.371G   |
| 11.cv2.bn              | 0.512K                 | 1.931M   |
| 11.cv2.bn_skip         | 0.512K                 |          |
| 11.m                   | 0.363M                 | 1.363G   |
| 11.m.0                 | 0.182M                 | 0.684G   |
| 11.m.1                 | 0.181M                 | 0.68G    |
| 14                     | 0.15M                  | 2.238G   |
| 14.cv1                 | 33.024K                | 0.496G   |
| 14.cv1.conv            | 32.768K                | 0.494G   |
| 14.cv1.bn              | 0.128K                 | 1.931M   |
| 14.cv1.bn_skip         | 0.128K                 |          |
| 14.cv2                 | 25.088K                | 0.375G   |
| 14.cv2.conv            | 24.576K                | 0.371G   |
| 14.cv2.bn              | 0.256K                 | 3.863M   |
| 14.cv2.bn_skip         | 0.256K                 |          |
| 14.m                   | 91.392K                | 1.367G   |
| 14.m.0                 | 46.08K                 | 0.688G   |
| 14.m.1                 | 45.312K                | 0.68G    |
| 15                     | 0.148M                 | 0.557G   |
| 15.conv                | 0.147M                 | 0.556G   |
| 15.conv.weight         | (128, 128, 3, 3)       |          |
| 15.bn                  | 0.256K                 | 0.966M   |
| 15.bn.weight           | (128,)                 |          |
| 15.bn.bias             | (128,)                 |          |
| 15.bn_skip             | 0.256K                 |          |
| 15.bn_skip.weight      | (128,)                 |          |
| 15.bn_skip.bias        | (128,)                 |          |
| 17                     | 0.512M                 | 1.923G   |
| 17.cv1                 | 49.664K                | 0.186G   |
| 17.cv1.conv            | 49.152K                | 0.185G   |
| 17.cv1.bn              | 0.256K                 | 0.966M   |
| 17.cv1.bn_skip         | 0.256K                 |          |
| 17.cv2                 | 99.328K                | 0.373G   |
| 17.cv2.conv            | 98.304K                | 0.371G   |
| 17.cv2.bn              | 0.512K                 | 1.931M   |
| 17.cv2.bn_skip         | 0.512K                 |          |
| 17.m                   | 0.363M                 | 1.363G   |
| 17.m.0                 | 0.182M                 | 0.684G   |
| 17.m.1                 | 0.181M                 | 0.68G    |
| 18                     | 0.591M                 | 0.557G   |
| 18.conv                | 0.59M                  | 0.556G   |
| 18.conv.weight         | (256, 256, 3, 3)       |          |
| 18.bn                  | 0.512K                 | 0.483M   |
| 18.bn.weight           | (256,)                 |          |
| 18.bn.bias             | (256,)                 |          |
| 18.bn_skip             | 0.512K                 |          |
| 18.bn_skip.weight      | (256,)                 |          |
| 18.bn_skip.bias        | (256,)                 |          |
| 20                     | 0.627M                 | 0.589G   |
| 20.cv1                 | 0.132M                 | 0.124G   |
| 20.cv1.conv            | 0.131M                 | 0.124G   |
| 20.cv1.bn              | 0.512K                 | 0.483M   |
| 20.cv1.bn_skip         | 0.512K                 |          |
| 20.cv2                 | 0.132M                 | 0.124G   |
| 20.cv2.conv            | 0.131M                 | 0.124G   |
| 20.cv2.bn              | 0.512K                 | 0.483M   |
| 20.cv2.bn_skip         | 0.512K                 |          |
| 20.m                   | 0.363M                 | 0.341G   |
| 20.m.0                 | 0.182M                 | 0.171G   |
| 20.m.1                 | 0.181M                 | 0.17G    |
| 21                     | 0.638M                 | 3.423G   |
| 21.cv2                 | 0.492M                 | 2.619G   |
| 21.cv2.0               | 0.115M                 | 1.73G    |
| 21.cv2.1               | 0.189M                 | 0.711G   |
| 21.cv2.2               | 0.189M                 | 0.178G   |
| 21.cv3                 | 0.146M                 | 0.803G   |
| 21.cv3.0               | 36.874K                | 0.548G   |
| 21.cv3.1               | 54.538K                | 0.203G   |
| 21.cv3.2               | 54.538K                | 50.816M  |
| 21.dfl.conv            | 16                     | 1.267M   |
| 21.dfl.conv.weight     | (1, 16, 1, 1)          |          |
| 9                      |                        | 0.966M   |
| 12                     |                        | 3.863M   |
  MACs  : 26.16 GMACs
  FLOPs : 52.32 GFLOPs
[*] Validation input tensor shape: torch.Size([32, 3, 736, 1312])
                 Class     Images  Instances      Box(P          R      mAP50  mAP50-95)
                   all      10000     185578      0.747      0.525      0.587      0.345
                person       3220      13265      0.789      0.619       0.72      0.388
                 rider        515        649      0.699      0.479      0.527      0.291
                   car       9879     102540      0.839      0.731      0.832      0.526
                   bus       1242       1597      0.682      0.581      0.654      0.514
                 truck       2689       4247      0.632      0.627      0.661      0.491
                  bike        578       1007      0.656      0.492      0.555      0.293
                 motor        334        452      0.698       0.43      0.503      0.268
         traffic light       5653      26891      0.733      0.622      0.683      0.276
          traffic sign       8221      34915      0.743      0.668      0.737      0.404
                 train         14         15          1          0          0          0
Speed: 0.1ms preprocess, 2.6ms inference, 0.0ms loss, 0.3ms postprocess per image
Results saved to [1mruns/bdd100k/detect/anydepth-yolov12s/train[0m
WARNING: Plotting error for runs/bdd100k/detect/anydepth-yolov12s/train/results.csv: could not convert string to float: 'super'
/home/hslee/context-anydepth-det/anydepth-yolov12/ultralytics/utils/plotting.py:1231: UserWarning: No artists with labels found to put in legend.  Note that artists whose label start with an underscore are ignored when legend() is called with no argument.
  ax[1].legend()
