WARNING:__main__:
*****************************************
Setting OMP_NUM_THREADS environment variable for each process to be 1 in default, to avoid your system being overloaded, please further tune the variable for optimal performance in your application as needed. 
*****************************************
[*] Image size: 1280Loading YOLOv12 Any-Depth model from
 [*] Starting new training using pretrained weight: ./pretrained/yolo-ad-small_0.479_0.451.pt
ultralytics/cfg/models/v12/yolo-ad-v12s-orig.yaml
task: detect
Loading YOLOv12 Any-Depth model from ultralytics/cfg/models/v12/yolo-ad-v12s-orig.yaml
Found YOLOv12 Any-Depth model scale: s
Found YOLOv12 Any-Depth model scale: s
Transferred 1728/1728 items from pretrained weights
Ultralytics 8.3.63 🚀 Python-3.11.13 torch-2.2.2+cu121 CUDA:0 (NVIDIA RTX 6000 Ada Generation, 48509MiB)
                                                       CUDA:1 (NVIDIA RTX 6000 Ada Generation, 48509MiB)
Overriding model.yaml nc=80 with nc=10
Transferred 1722/1728 items from pretrained weights
Not transferred items (6):
  - [Shape Mismatch] model.21.cv3.0.2.bias: model [10] != pretrained [80]
  - [Shape Mismatch] model.21.cv3.0.2.weight: model [10, 128, 1, 1] != pretrained [80, 128, 1, 1]
  - [Shape Mismatch] model.21.cv3.1.2.bias: model [10] != pretrained [80]
  - [Shape Mismatch] model.21.cv3.1.2.weight: model [10, 128, 1, 1] != pretrained [80, 128, 1, 1]
  - [Shape Mismatch] model.21.cv3.2.2.bias: model [10] != pretrained [80]
  - [Shape Mismatch] model.21.cv3.2.2.weight: model [10, 128, 1, 1] != pretrained [80, 128, 1, 1]
Freezing layer 'model.21.dfl.conv.weight'
[34m[1mAMP: [0mrunning Automatic Mixed Precision (AMP) checks...
task: None
[34m[1mAMP: [0mchecks passed ✅
[34m[1mtrain: [0mScanning /media/data/bdd100k_yolo/train/labels.cache... 70000 images, 0 backgrounds, 0 corrupt: 100%|██████████| 70000/70000 [00:00<?, ?it/s][34m[1mtrain: [0mScanning /media/data/bdd100k_yolo/train/labels.cache... 70000 images, 0 backgrounds, 0 corrupt: 100%|██████████| 70000/70000 [00:00<?, ?it/s]
[34m[1mtrain: [0mWARNING ⚠️ /media/data/bdd100k_yolo/train/images/75055858-7d04a650.jpg: 1 duplicate labels removed
/home/hslee/anaconda3/envs/yolov12/lib/python3.11/site-packages/albumentations/__init__.py:28: UserWarning: A new version of Albumentations is available: '2.0.8' (you have '2.0.4'). Upgrade using: pip install -U albumentations. To disable automatic update checks, set the environment variable NO_ALBUMENTATIONS_UPDATE to 1.
  check_for_updates()
[34m[1malbumentations: [0mBlur(p=0.01, blur_limit=(3, 7)), MedianBlur(p=0.01, blur_limit=(3, 7)), ToGray(p=0.01, num_output_channels=3, method='weighted_average'), CLAHE(p=0.01, clip_limit=(1.0, 4.0), tile_grid_size=(8, 8))
WARNING ⚠️ 'rect=True' is incompatible with DataLoader shuffle, setting shuffle=False
[34m[1mval: [0mScanning /media/data/bdd100k_yolo/val/labels.cache... 10000 images, 0 backgrounds, 0 corrupt: 100%|██████████| 10000/10000 [00:00<?, ?it/s][34m[1mval: [0mScanning /media/data/bdd100k_yolo/val/labels.cache... 10000 images, 0 backgrounds, 0 corrupt: 100%|██████████| 10000/10000 [00:00<?, ?it/s]
/home/hslee/anaconda3/envs/yolov12/lib/python3.11/site-packages/albumentations/__init__.py:28: UserWarning: A new version of Albumentations is available: '2.0.8' (you have '2.0.4'). Upgrade using: pip install -U albumentations. To disable automatic update checks, set the environment variable NO_ALBUMENTATIONS_UPDATE to 1.
  check_for_updates()
Plotting labels to runs/bdd100k/detect/anydepth-yolov12s/train2/labels.jpg... 
[34m[1moptimizer:[0m SGD(lr=0.001, momentum=0.9) with parameter groups 302 weight(decay=0.0), 212 weight(decay=0.0005), 308 bias(decay=0.0)
DistributedDataParallel(
  (module): DetectionModelAnyDepth(
    (model): Sequential(
      (0): Conv(
        (conv): Conv2d(3, 32, kernel_size=(3, 3), stride=(2, 2), padding=(1, 1), bias=False)
        (bn): BatchNorm2d(32, eps=0.001, momentum=0.03, affine=True, track_running_stats=True)
        (act): SiLU(inplace=True)
      )
      (1): Conv(
        (conv): Conv2d(32, 64, kernel_size=(3, 3), stride=(2, 2), padding=(1, 1), groups=2, bias=False)
        (bn): BatchNorm2d(64, eps=0.001, momentum=0.03, affine=True, track_running_stats=True)
        (act): SiLU(inplace=True)
      )
      (2): SkippableC3k2(
        (cv1): SwitchableConv(
          (conv): Conv2d(64, 64, kernel_size=(1, 1), stride=(1, 1), bias=False)
          (bn): BatchNorm2d(64, eps=0.001, momentum=0.03, affine=True, track_running_stats=True)
          (bn_skip): BatchNorm2d(64, eps=0.001, momentum=0.03, affine=True, track_running_stats=True)
          (act): SiLU(inplace=True)
        )
        (cv2): SwitchableConv(
          (conv): Conv2d(128, 128, kernel_size=(1, 1), stride=(1, 1), bias=False)
          (bn): BatchNorm2d(128, eps=0.001, momentum=0.03, affine=True, track_running_stats=True)
          (bn_skip): BatchNorm2d(128, eps=0.001, momentum=0.03, affine=True, track_running_stats=True)
          (act): SiLU(inplace=True)
        )
        (m): ModuleList(
          (0): Bottleneck(
            (cv1): SwitchableConv(
              (conv): Conv2d(32, 16, kernel_size=(3, 3), stride=(1, 1), padding=(1, 1), bias=False)
              (bn): BatchNorm2d(16, eps=0.001, momentum=0.03, affine=True, track_running_stats=True)
              (bn_skip): BatchNorm2d(16, eps=0.001, momentum=0.03, affine=True, track_running_stats=True)
              (act): SiLU(inplace=True)
            )
            (cv2): SwitchableConv(
              (conv): Conv2d(16, 32, kernel_size=(3, 3), stride=(1, 1), padding=(1, 1), bias=False)
              (bn): BatchNorm2d(32, eps=0.001, momentum=0.03, affine=True, track_running_stats=True)
              (bn_skip): BatchNorm2d(32, eps=0.001, momentum=0.03, affine=True, track_running_stats=True)
              (act): SiLU(inplace=True)
            )
          )
          (1): Bottleneck(
            (cv1): Conv(
              (conv): Conv2d(32, 16, kernel_size=(3, 3), stride=(1, 1), padding=(1, 1), bias=False)
              (bn): BatchNorm2d(16, eps=0.001, momentum=0.03, affine=True, track_running_stats=True)
              (act): SiLU(inplace=True)
            )
            (cv2): Conv(
              (conv): Conv2d(16, 32, kernel_size=(3, 3), stride=(1, 1), padding=(1, 1), bias=False)
              (bn): BatchNorm2d(32, eps=0.001, momentum=0.03, affine=True, track_running_stats=True)
              (act): SiLU(inplace=True)
            )
          )
        )
      )
      (3): SwitchableConv(
        (conv): Conv2d(128, 128, kernel_size=(3, 3), stride=(2, 2), padding=(1, 1), groups=4, bias=False)
        (bn): BatchNorm2d(128, eps=0.001, momentum=0.03, affine=True, track_running_stats=True)
        (bn_skip): BatchNorm2d(128, eps=0.001, momentum=0.03, affine=True, track_running_stats=True)
        (act): SiLU(inplace=True)
      )
      (4): SkippableC3k2(
        (cv1): SwitchableConv(
          (conv): Conv2d(128, 128, kernel_size=(1, 1), stride=(1, 1), bias=False)
          (bn): BatchNorm2d(128, eps=0.001, momentum=0.03, affine=True, track_running_stats=True)
          (bn_skip): BatchNorm2d(128, eps=0.001, momentum=0.03, affine=True, track_running_stats=True)
          (act): SiLU(inplace=True)
        )
        (cv2): SwitchableConv(
          (conv): Conv2d(256, 256, kernel_size=(1, 1), stride=(1, 1), bias=False)
          (bn): BatchNorm2d(256, eps=0.001, momentum=0.03, affine=True, track_running_stats=True)
          (bn_skip): BatchNorm2d(256, eps=0.001, momentum=0.03, affine=True, track_running_stats=True)
          (act): SiLU(inplace=True)
        )
        (m): ModuleList(
          (0): Bottleneck(
            (cv1): SwitchableConv(
              (conv): Conv2d(64, 32, kernel_size=(3, 3), stride=(1, 1), padding=(1, 1), bias=False)
              (bn): BatchNorm2d(32, eps=0.001, momentum=0.03, affine=True, track_running_stats=True)
              (bn_skip): BatchNorm2d(32, eps=0.001, momentum=0.03, affine=True, track_running_stats=True)
              (act): SiLU(inplace=True)
            )
            (cv2): SwitchableConv(
              (conv): Conv2d(32, 64, kernel_size=(3, 3), stride=(1, 1), padding=(1, 1), bias=False)
              (bn): BatchNorm2d(64, eps=0.001, momentum=0.03, affine=True, track_running_stats=True)
              (bn_skip): BatchNorm2d(64, eps=0.001, momentum=0.03, affine=True, track_running_stats=True)
              (act): SiLU(inplace=True)
            )
          )
          (1): Bottleneck(
            (cv1): Conv(
              (conv): Conv2d(64, 32, kernel_size=(3, 3), stride=(1, 1), padding=(1, 1), bias=False)
              (bn): BatchNorm2d(32, eps=0.001, momentum=0.03, affine=True, track_running_stats=True)
              (act): SiLU(inplace=True)
            )
            (cv2): Conv(
              (conv): Conv2d(32, 64, kernel_size=(3, 3), stride=(1, 1), padding=(1, 1), bias=False)
              (bn): BatchNorm2d(64, eps=0.001, momentum=0.03, affine=True, track_running_stats=True)
              (act): SiLU(inplace=True)
            )
          )
        )
      )
      (5): SwitchableConv(
        (conv): Conv2d(256, 256, kernel_size=(3, 3), stride=(2, 2), padding=(1, 1), bias=False)
        (bn): BatchNorm2d(256, eps=0.001, momentum=0.03, affine=True, track_running_stats=True)
        (bn_skip): BatchNorm2d(256, eps=0.001, momentum=0.03, affine=True, track_running_stats=True)
        (act): SiLU(inplace=True)
      )
      (6): SkippableA2C2f(
        (cv1): SwitchableConv(
          (conv): Conv2d(256, 128, kernel_size=(1, 1), stride=(1, 1), bias=False)
          (bn): BatchNorm2d(128, eps=0.001, momentum=0.03, affine=True, track_running_stats=True)
          (bn_skip): BatchNorm2d(128, eps=0.001, momentum=0.03, affine=True, track_running_stats=True)
          (act): SiLU(inplace=True)
        )
        (cv2): SwitchableConv(
          (conv): Conv2d(640, 256, kernel_size=(1, 1), stride=(1, 1), bias=False)
          (bn): BatchNorm2d(256, eps=0.001, momentum=0.03, affine=True, track_running_stats=True)
          (bn_skip): BatchNorm2d(256, eps=0.001, momentum=0.03, affine=True, track_running_stats=True)
          (conv_skip): Conv2d(384, 256, kernel_size=(1, 1), stride=(1, 1), bias=False)
          (act): SiLU(inplace=True)
        )
        (m): ModuleList(
          (0-1): 2 x SwitchableSequential(
            (0): ABlock(
              (attn): SwitchableAAttn(
                (qk): SwitchableConv(
                  (conv): Conv2d(128, 256, kernel_size=(1, 1), stride=(1, 1), bias=False)
                  (bn): BatchNorm2d(256, eps=0.001, momentum=0.03, affine=True, track_running_stats=True)
                  (bn_skip): BatchNorm2d(256, eps=0.001, momentum=0.03, affine=True, track_running_stats=True)
                  (act): Identity()
                )
                (v): SwitchableConv(
                  (conv): Conv2d(128, 128, kernel_size=(1, 1), stride=(1, 1), bias=False)
                  (bn): BatchNorm2d(128, eps=0.001, momentum=0.03, affine=True, track_running_stats=True)
                  (bn_skip): BatchNorm2d(128, eps=0.001, momentum=0.03, affine=True, track_running_stats=True)
                  (act): Identity()
                )
                (proj): SwitchableConv(
                  (conv): Conv2d(128, 128, kernel_size=(1, 1), stride=(1, 1), bias=False)
                  (bn): BatchNorm2d(128, eps=0.001, momentum=0.03, affine=True, track_running_stats=True)
                  (bn_skip): BatchNorm2d(128, eps=0.001, momentum=0.03, affine=True, track_running_stats=True)
                  (act): Identity()
                )
                (pe): SwitchableConv(
                  (conv): Conv2d(128, 128, kernel_size=(5, 5), stride=(1, 1), padding=(2, 2), groups=128, bias=False)
                  (bn): BatchNorm2d(128, eps=0.001, momentum=0.03, affine=True, track_running_stats=True)
                  (bn_skip): BatchNorm2d(128, eps=0.001, momentum=0.03, affine=True, track_running_stats=True)
                  (act): Identity()
                )
              )
              (mlp): SwitchableSequential(
                (0): SwitchableConv(
                  (conv): Conv2d(128, 256, kernel_size=(1, 1), stride=(1, 1), bias=False)
                  (bn): BatchNorm2d(256, eps=0.001, momentum=0.03, affine=True, track_running_stats=True)
                  (bn_skip): BatchNorm2d(256, eps=0.001, momentum=0.03, affine=True, track_running_stats=True)
                  (act): SiLU(inplace=True)
                )
                (1): SwitchableConv(
                  (conv): Conv2d(256, 128, kernel_size=(1, 1), stride=(1, 1), bias=False)
                  (bn): BatchNorm2d(128, eps=0.001, momentum=0.03, affine=True, track_running_stats=True)
                  (bn_skip): BatchNorm2d(128, eps=0.001, momentum=0.03, affine=True, track_running_stats=True)
                  (act): Identity()
                )
              )
            )
            (1): ABlock(
              (attn): SwitchableAAttn(
                (qk): SwitchableConv(
                  (conv): Conv2d(128, 256, kernel_size=(1, 1), stride=(1, 1), bias=False)
                  (bn): BatchNorm2d(256, eps=0.001, momentum=0.03, affine=True, track_running_stats=True)
                  (bn_skip): BatchNorm2d(256, eps=0.001, momentum=0.03, affine=True, track_running_stats=True)
                  (act): Identity()
                )
                (v): SwitchableConv(
                  (conv): Conv2d(128, 128, kernel_size=(1, 1), stride=(1, 1), bias=False)
                  (bn): BatchNorm2d(128, eps=0.001, momentum=0.03, affine=True, track_running_stats=True)
                  (bn_skip): BatchNorm2d(128, eps=0.001, momentum=0.03, affine=True, track_running_stats=True)
                  (act): Identity()
                )
                (proj): SwitchableConv(
                  (conv): Conv2d(128, 128, kernel_size=(1, 1), stride=(1, 1), bias=False)
                  (bn): BatchNorm2d(128, eps=0.001, momentum=0.03, affine=True, track_running_stats=True)
                  (bn_skip): BatchNorm2d(128, eps=0.001, momentum=0.03, affine=True, track_running_stats=True)
                  (act): Identity()
                )
                (pe): SwitchableConv(
                  (conv): Conv2d(128, 128, kernel_size=(5, 5), stride=(1, 1), padding=(2, 2), groups=128, bias=False)
                  (bn): BatchNorm2d(128, eps=0.001, momentum=0.03, affine=True, track_running_stats=True)
                  (bn_skip): BatchNorm2d(128, eps=0.001, momentum=0.03, affine=True, track_running_stats=True)
                  (act): Identity()
                )
              )
              (mlp): SwitchableSequential(
                (0): SwitchableConv(
                  (conv): Conv2d(128, 256, kernel_size=(1, 1), stride=(1, 1), bias=False)
                  (bn): BatchNorm2d(256, eps=0.001, momentum=0.03, affine=True, track_running_stats=True)
                  (bn_skip): BatchNorm2d(256, eps=0.001, momentum=0.03, affine=True, track_running_stats=True)
                  (act): SiLU(inplace=True)
                )
                (1): SwitchableConv(
                  (conv): Conv2d(256, 128, kernel_size=(1, 1), stride=(1, 1), bias=False)
                  (bn): BatchNorm2d(128, eps=0.001, momentum=0.03, affine=True, track_running_stats=True)
                  (bn_skip): BatchNorm2d(128, eps=0.001, momentum=0.03, affine=True, track_running_stats=True)
                  (act): Identity()
                )
              )
            )
          )
          (2-3): 2 x Sequential(
            (0): ABlock(
              (attn): AAttn(
                (qk): Conv(
                  (conv): Conv2d(128, 256, kernel_size=(1, 1), stride=(1, 1), bias=False)
                  (bn): BatchNorm2d(256, eps=0.001, momentum=0.03, affine=True, track_running_stats=True)
                  (act): Identity()
                )
                (v): Conv(
                  (conv): Conv2d(128, 128, kernel_size=(1, 1), stride=(1, 1), bias=False)
                  (bn): BatchNorm2d(128, eps=0.001, momentum=0.03, affine=True, track_running_stats=True)
                  (act): Identity()
                )
                (proj): Conv(
                  (conv): Conv2d(128, 128, kernel_size=(1, 1), stride=(1, 1), bias=False)
                  (bn): BatchNorm2d(128, eps=0.001, momentum=0.03, affine=True, track_running_stats=True)
                  (act): Identity()
                )
                (pe): Conv(
                  (conv): Conv2d(128, 128, kernel_size=(5, 5), stride=(1, 1), padding=(2, 2), groups=128, bias=False)
                  (bn): BatchNorm2d(128, eps=0.001, momentum=0.03, affine=True, track_running_stats=True)
                  (act): Identity()
                )
              )
              (mlp): Sequential(
                (0): Conv(
                  (conv): Conv2d(128, 256, kernel_size=(1, 1), stride=(1, 1), bias=False)
                  (bn): BatchNorm2d(256, eps=0.001, momentum=0.03, affine=True, track_running_stats=True)
                  (act): SiLU(inplace=True)
                )
                (1): Conv(
                  (conv): Conv2d(256, 128, kernel_size=(1, 1), stride=(1, 1), bias=False)
                  (bn): BatchNorm2d(128, eps=0.001, momentum=0.03, affine=True, track_running_stats=True)
                  (act): Identity()
                )
              )
            )
            (1): ABlock(
              (attn): AAttn(
                (qk): Conv(
                  (conv): Conv2d(128, 256, kernel_size=(1, 1), stride=(1, 1), bias=False)
                  (bn): BatchNorm2d(256, eps=0.001, momentum=0.03, affine=True, track_running_stats=True)
                  (act): Identity()
                )
                (v): Conv(
                  (conv): Conv2d(128, 128, kernel_size=(1, 1), stride=(1, 1), bias=False)
                  (bn): BatchNorm2d(128, eps=0.001, momentum=0.03, affine=True, track_running_stats=True)
                  (act): Identity()
                )
                (proj): Conv(
                  (conv): Conv2d(128, 128, kernel_size=(1, 1), stride=(1, 1), bias=False)
                  (bn): BatchNorm2d(128, eps=0.001, momentum=0.03, affine=True, track_running_stats=True)
                  (act): Identity()
                )
                (pe): Conv(
                  (conv): Conv2d(128, 128, kernel_size=(5, 5), stride=(1, 1), padding=(2, 2), groups=128, bias=False)
                  (bn): BatchNorm2d(128, eps=0.001, momentum=0.03, affine=True, track_running_stats=True)
                  (act): Identity()
                )
              )
              (mlp): Sequential(
                (0): Conv(
                  (conv): Conv2d(128, 256, kernel_size=(1, 1), stride=(1, 1), bias=False)
                  (bn): BatchNorm2d(256, eps=0.001, momentum=0.03, affine=True, track_running_stats=True)
                  (act): SiLU(inplace=True)
                )
                (1): Conv(
                  (conv): Conv2d(256, 128, kernel_size=(1, 1), stride=(1, 1), bias=False)
                  (bn): BatchNorm2d(128, eps=0.001, momentum=0.03, affine=True, track_running_stats=True)
                  (act): Identity()
                )
              )
            )
          )
        )
      )
      (7): SwitchableConv(
        (conv): Conv2d(256, 256, kernel_size=(3, 3), stride=(2, 2), padding=(1, 1), bias=False)
        (bn): BatchNorm2d(256, eps=0.001, momentum=0.03, affine=True, track_running_stats=True)
        (bn_skip): BatchNorm2d(256, eps=0.001, momentum=0.03, affine=True, track_running_stats=True)
        (act): SiLU(inplace=True)
      )
      (8): SkippableA2C2f(
        (cv1): SwitchableConv(
          (conv): Conv2d(256, 128, kernel_size=(1, 1), stride=(1, 1), bias=False)
          (bn): BatchNorm2d(128, eps=0.001, momentum=0.03, affine=True, track_running_stats=True)
          (bn_skip): BatchNorm2d(128, eps=0.001, momentum=0.03, affine=True, track_running_stats=True)
          (act): SiLU(inplace=True)
        )
        (cv2): SwitchableConv(
          (conv): Conv2d(640, 256, kernel_size=(1, 1), stride=(1, 1), bias=False)
          (bn): BatchNorm2d(256, eps=0.001, momentum=0.03, affine=True, track_running_stats=True)
          (bn_skip): BatchNorm2d(256, eps=0.001, momentum=0.03, affine=True, track_running_stats=True)
          (conv_skip): Conv2d(384, 256, kernel_size=(1, 1), stride=(1, 1), bias=False)
          (act): SiLU(inplace=True)
        )
        (m): ModuleList(
          (0-1): 2 x SwitchableSequential(
            (0): ABlock(
              (attn): SwitchableAAttn(
                (qk): SwitchableConv(
                  (conv): Conv2d(128, 256, kernel_size=(1, 1), stride=(1, 1), bias=False)
                  (bn): BatchNorm2d(256, eps=0.001, momentum=0.03, affine=True, track_running_stats=True)
                  (bn_skip): BatchNorm2d(256, eps=0.001, momentum=0.03, affine=True, track_running_stats=True)
                  (act): Identity()
                )
                (v): SwitchableConv(
                  (conv): Conv2d(128, 128, kernel_size=(1, 1), stride=(1, 1), bias=False)
                  (bn): BatchNorm2d(128, eps=0.001, momentum=0.03, affine=True, track_running_stats=True)
                  (bn_skip): BatchNorm2d(128, eps=0.001, momentum=0.03, affine=True, track_running_stats=True)
                  (act): Identity()
                )
                (proj): SwitchableConv(
                  (conv): Conv2d(128, 128, kernel_size=(1, 1), stride=(1, 1), bias=False)
                  (bn): BatchNorm2d(128, eps=0.001, momentum=0.03, affine=True, track_running_stats=True)
                  (bn_skip): BatchNorm2d(128, eps=0.001, momentum=0.03, affine=True, track_running_stats=True)
                  (act): Identity()
                )
                (pe): SwitchableConv(
                  (conv): Conv2d(128, 128, kernel_size=(5, 5), stride=(1, 1), padding=(2, 2), groups=128, bias=False)
                  (bn): BatchNorm2d(128, eps=0.001, momentum=0.03, affine=True, track_running_stats=True)
                  (bn_skip): BatchNorm2d(128, eps=0.001, momentum=0.03, affine=True, track_running_stats=True)
                  (act): Identity()
                )
              )
              (mlp): SwitchableSequential(
                (0): SwitchableConv(
                  (conv): Conv2d(128, 256, kernel_size=(1, 1), stride=(1, 1), bias=False)
                  (bn): BatchNorm2d(256, eps=0.001, momentum=0.03, affine=True, track_running_stats=True)
                  (bn_skip): BatchNorm2d(256, eps=0.001, momentum=0.03, affine=True, track_running_stats=True)
                  (act): SiLU(inplace=True)
                )
                (1): SwitchableConv(
                  (conv): Conv2d(256, 128, kernel_size=(1, 1), stride=(1, 1), bias=False)
                  (bn): BatchNorm2d(128, eps=0.001, momentum=0.03, affine=True, track_running_stats=True)
                  (bn_skip): BatchNorm2d(128, eps=0.001, momentum=0.03, affine=True, track_running_stats=True)
                  (act): Identity()
                )
              )
            )
            (1): ABlock(
              (attn): SwitchableAAttn(
                (qk): SwitchableConv(
                  (conv): Conv2d(128, 256, kernel_size=(1, 1), stride=(1, 1), bias=False)
                  (bn): BatchNorm2d(256, eps=0.001, momentum=0.03, affine=True, track_running_stats=True)
                  (bn_skip): BatchNorm2d(256, eps=0.001, momentum=0.03, affine=True, track_running_stats=True)
                  (act): Identity()
                )
                (v): SwitchableConv(
                  (conv): Conv2d(128, 128, kernel_size=(1, 1), stride=(1, 1), bias=False)
                  (bn): BatchNorm2d(128, eps=0.001, momentum=0.03, affine=True, track_running_stats=True)
                  (bn_skip): BatchNorm2d(128, eps=0.001, momentum=0.03, affine=True, track_running_stats=True)
                  (act): Identity()
                )
                (proj): SwitchableConv(
                  (conv): Conv2d(128, 128, kernel_size=(1, 1), stride=(1, 1), bias=False)
                  (bn): BatchNorm2d(128, eps=0.001, momentum=0.03, affine=True, track_running_stats=True)
                  (bn_skip): BatchNorm2d(128, eps=0.001, momentum=0.03, affine=True, track_running_stats=True)
                  (act): Identity()
                )
                (pe): SwitchableConv(
                  (conv): Conv2d(128, 128, kernel_size=(5, 5), stride=(1, 1), padding=(2, 2), groups=128, bias=False)
                  (bn): BatchNorm2d(128, eps=0.001, momentum=0.03, affine=True, track_running_stats=True)
                  (bn_skip): BatchNorm2d(128, eps=0.001, momentum=0.03, affine=True, track_running_stats=True)
                  (act): Identity()
                )
              )
              (mlp): SwitchableSequential(
                (0): SwitchableConv(
                  (conv): Conv2d(128, 256, kernel_size=(1, 1), stride=(1, 1), bias=False)
                  (bn): BatchNorm2d(256, eps=0.001, momentum=0.03, affine=True, track_running_stats=True)
                  (bn_skip): BatchNorm2d(256, eps=0.001, momentum=0.03, affine=True, track_running_stats=True)
                  (act): SiLU(inplace=True)
                )
                (1): SwitchableConv(
                  (conv): Conv2d(256, 128, kernel_size=(1, 1), stride=(1, 1), bias=False)
                  (bn): BatchNorm2d(128, eps=0.001, momentum=0.03, affine=True, track_running_stats=True)
                  (bn_skip): BatchNorm2d(128, eps=0.001, momentum=0.03, affine=True, track_running_stats=True)
                  (act): Identity()
                )
              )
            )
          )
          (2-3): 2 x Sequential(
            (0): ABlock(
              (attn): AAttn(
                (qk): Conv(
                  (conv): Conv2d(128, 256, kernel_size=(1, 1), stride=(1, 1), bias=False)
                  (bn): BatchNorm2d(256, eps=0.001, momentum=0.03, affine=True, track_running_stats=True)
                  (act): Identity()
                )
                (v): Conv(
                  (conv): Conv2d(128, 128, kernel_size=(1, 1), stride=(1, 1), bias=False)
                  (bn): BatchNorm2d(128, eps=0.001, momentum=0.03, affine=True, track_running_stats=True)
                  (act): Identity()
                )
                (proj): Conv(
                  (conv): Conv2d(128, 128, kernel_size=(1, 1), stride=(1, 1), bias=False)
                  (bn): BatchNorm2d(128, eps=0.001, momentum=0.03, affine=True, track_running_stats=True)
                  (act): Identity()
                )
                (pe): Conv(
                  (conv): Conv2d(128, 128, kernel_size=(5, 5), stride=(1, 1), padding=(2, 2), groups=128, bias=False)
                  (bn): BatchNorm2d(128, eps=0.001, momentum=0.03, affine=True, track_running_stats=True)
                  (act): Identity()
                )
              )
              (mlp): Sequential(
                (0): Conv(
                  (conv): Conv2d(128, 256, kernel_size=(1, 1), stride=(1, 1), bias=False)
                  (bn): BatchNorm2d(256, eps=0.001, momentum=0.03, affine=True, track_running_stats=True)
                  (act): SiLU(inplace=True)
                )
                (1): Conv(
                  (conv): Conv2d(256, 128, kernel_size=(1, 1), stride=(1, 1), bias=False)
                  (bn): BatchNorm2d(128, eps=0.001, momentum=0.03, affine=True, track_running_stats=True)
                  (act): Identity()
                )
              )
            )
            (1): ABlock(
              (attn): AAttn(
                (qk): Conv(
                  (conv): Conv2d(128, 256, kernel_size=(1, 1), stride=(1, 1), bias=False)
                  (bn): BatchNorm2d(256, eps=0.001, momentum=0.03, affine=True, track_running_stats=True)
                  (act): Identity()
                )
                (v): Conv(
                  (conv): Conv2d(128, 128, kernel_size=(1, 1), stride=(1, 1), bias=False)
                  (bn): BatchNorm2d(128, eps=0.001, momentum=0.03, affine=True, track_running_stats=True)
                  (act): Identity()
                )
                (proj): Conv(
                  (conv): Conv2d(128, 128, kernel_size=(1, 1), stride=(1, 1), bias=False)
                  (bn): BatchNorm2d(128, eps=0.001, momentum=0.03, affine=True, track_running_stats=True)
                  (act): Identity()
                )
                (pe): Conv(
                  (conv): Conv2d(128, 128, kernel_size=(5, 5), stride=(1, 1), padding=(2, 2), groups=128, bias=False)
                  (bn): BatchNorm2d(128, eps=0.001, momentum=0.03, affine=True, track_running_stats=True)
                  (act): Identity()
                )
              )
              (mlp): Sequential(
                (0): Conv(
                  (conv): Conv2d(128, 256, kernel_size=(1, 1), stride=(1, 1), bias=False)
                  (bn): BatchNorm2d(256, eps=0.001, momentum=0.03, affine=True, track_running_stats=True)
                  (act): SiLU(inplace=True)
                )
                (1): Conv(
                  (conv): Conv2d(256, 128, kernel_size=(1, 1), stride=(1, 1), bias=False)
                  (bn): BatchNorm2d(128, eps=0.001, momentum=0.03, affine=True, track_running_stats=True)
                  (act): Identity()
                )
              )
            )
          )
        )
      )
      (9): Upsample(scale_factor=2.0, mode='nearest')
      (10): Concat()
      (11): SkippableA2C2f(
        (cv1): SwitchableConv(
          (conv): Conv2d(512, 128, kernel_size=(1, 1), stride=(1, 1), bias=False)
          (bn): BatchNorm2d(128, eps=0.001, momentum=0.03, affine=True, track_running_stats=True)
          (bn_skip): BatchNorm2d(128, eps=0.001, momentum=0.03, affine=True, track_running_stats=True)
          (act): SiLU(inplace=True)
        )
        (cv2): SwitchableConv(
          (conv): Conv2d(384, 256, kernel_size=(1, 1), stride=(1, 1), bias=False)
          (bn): BatchNorm2d(256, eps=0.001, momentum=0.03, affine=True, track_running_stats=True)
          (bn_skip): BatchNorm2d(256, eps=0.001, momentum=0.03, affine=True, track_running_stats=True)
          (act): SiLU(inplace=True)
        )
        (m): ModuleList(
          (0): C3k(
            (cv1): SwitchableConv(
              (conv): Conv2d(128, 64, kernel_size=(1, 1), stride=(1, 1), bias=False)
              (bn): BatchNorm2d(64, eps=0.001, momentum=0.03, affine=True, track_running_stats=True)
              (bn_skip): BatchNorm2d(64, eps=0.001, momentum=0.03, affine=True, track_running_stats=True)
              (act): SiLU(inplace=True)
            )
            (cv2): SwitchableConv(
              (conv): Conv2d(128, 64, kernel_size=(1, 1), stride=(1, 1), bias=False)
              (bn): BatchNorm2d(64, eps=0.001, momentum=0.03, affine=True, track_running_stats=True)
              (bn_skip): BatchNorm2d(64, eps=0.001, momentum=0.03, affine=True, track_running_stats=True)
              (act): SiLU(inplace=True)
            )
            (cv3): SwitchableConv(
              (conv): Conv2d(128, 128, kernel_size=(1, 1), stride=(1, 1), bias=False)
              (bn): BatchNorm2d(128, eps=0.001, momentum=0.03, affine=True, track_running_stats=True)
              (bn_skip): BatchNorm2d(128, eps=0.001, momentum=0.03, affine=True, track_running_stats=True)
              (act): SiLU(inplace=True)
            )
            (m): SwitchableSequential(
              (0): Bottleneck(
                (cv1): SwitchableConv(
                  (conv): Conv2d(64, 64, kernel_size=(3, 3), stride=(1, 1), padding=(1, 1), bias=False)
                  (bn): BatchNorm2d(64, eps=0.001, momentum=0.03, affine=True, track_running_stats=True)
                  (bn_skip): BatchNorm2d(64, eps=0.001, momentum=0.03, affine=True, track_running_stats=True)
                  (act): SiLU(inplace=True)
                )
                (cv2): SwitchableConv(
                  (conv): Conv2d(64, 64, kernel_size=(3, 3), stride=(1, 1), padding=(1, 1), bias=False)
                  (bn): BatchNorm2d(64, eps=0.001, momentum=0.03, affine=True, track_running_stats=True)
                  (bn_skip): BatchNorm2d(64, eps=0.001, momentum=0.03, affine=True, track_running_stats=True)
                  (act): SiLU(inplace=True)
                )
              )
              (1): Bottleneck(
                (cv1): SwitchableConv(
                  (conv): Conv2d(64, 64, kernel_size=(3, 3), stride=(1, 1), padding=(1, 1), bias=False)
                  (bn): BatchNorm2d(64, eps=0.001, momentum=0.03, affine=True, track_running_stats=True)
                  (bn_skip): BatchNorm2d(64, eps=0.001, momentum=0.03, affine=True, track_running_stats=True)
                  (act): SiLU(inplace=True)
                )
                (cv2): SwitchableConv(
                  (conv): Conv2d(64, 64, kernel_size=(3, 3), stride=(1, 1), padding=(1, 1), bias=False)
                  (bn): BatchNorm2d(64, eps=0.001, momentum=0.03, affine=True, track_running_stats=True)
                  (bn_skip): BatchNorm2d(64, eps=0.001, momentum=0.03, affine=True, track_running_stats=True)
                  (act): SiLU(inplace=True)
                )
              )
            )
          )
          (1): C3k(
            (cv1): Conv(
              (conv): Conv2d(128, 64, kernel_size=(1, 1), stride=(1, 1), bias=False)
              (bn): BatchNorm2d(64, eps=0.001, momentum=0.03, affine=True, track_running_stats=True)
              (act): SiLU(inplace=True)
            )
            (cv2): Conv(
              (conv): Conv2d(128, 64, kernel_size=(1, 1), stride=(1, 1), bias=False)
              (bn): BatchNorm2d(64, eps=0.001, momentum=0.03, affine=True, track_running_stats=True)
              (act): SiLU(inplace=True)
            )
            (cv3): Conv(
              (conv): Conv2d(128, 128, kernel_size=(1, 1), stride=(1, 1), bias=False)
              (bn): BatchNorm2d(128, eps=0.001, momentum=0.03, affine=True, track_running_stats=True)
              (act): SiLU(inplace=True)
            )
            (m): Sequential(
              (0): Bottleneck(
                (cv1): Conv(
                  (conv): Conv2d(64, 64, kernel_size=(3, 3), stride=(1, 1), padding=(1, 1), bias=False)
                  (bn): BatchNorm2d(64, eps=0.001, momentum=0.03, affine=True, track_running_stats=True)
                  (act): SiLU(inplace=True)
                )
                (cv2): Conv(
                  (conv): Conv2d(64, 64, kernel_size=(3, 3), stride=(1, 1), padding=(1, 1), bias=False)
                  (bn): BatchNorm2d(64, eps=0.001, momentum=0.03, affine=True, track_running_stats=True)
                  (act): SiLU(inplace=True)
                )
              )
              (1): Bottleneck(
                (cv1): Conv(
                  (conv): Conv2d(64, 64, kernel_size=(3, 3), stride=(1, 1), padding=(1, 1), bias=False)
                  (bn): BatchNorm2d(64, eps=0.001, momentum=0.03, affine=True, track_running_stats=True)
                  (act): SiLU(inplace=True)
                )
                (cv2): Conv(
                  (conv): Conv2d(64, 64, kernel_size=(3, 3), stride=(1, 1), padding=(1, 1), bias=False)
                  (bn): BatchNorm2d(64, eps=0.001, momentum=0.03, affine=True, track_running_stats=True)
                  (act): SiLU(inplace=True)
                )
              )
            )
          )
        )
      )
      (12): Upsample(scale_factor=2.0, mode='nearest')
      (13): Concat()
      (14): SkippableA2C2f(
        (cv1): SwitchableConv(
          (conv): Conv2d(512, 64, kernel_size=(1, 1), stride=(1, 1), bias=False)
          (bn): BatchNorm2d(64, eps=0.001, momentum=0.03, affine=True, track_running_stats=True)
          (bn_skip): BatchNorm2d(64, eps=0.001, momentum=0.03, affine=True, track_running_stats=True)
          (act): SiLU(inplace=True)
        )
        (cv2): SwitchableConv(
          (conv): Conv2d(192, 128, kernel_size=(1, 1), stride=(1, 1), bias=False)
          (bn): BatchNorm2d(128, eps=0.001, momentum=0.03, affine=True, track_running_stats=True)
          (bn_skip): BatchNorm2d(128, eps=0.001, momentum=0.03, affine=True, track_running_stats=True)
          (act): SiLU(inplace=True)
        )
        (m): ModuleList(
          (0): C3k(
            (cv1): SwitchableConv(
              (conv): Conv2d(64, 32, kernel_size=(1, 1), stride=(1, 1), bias=False)
              (bn): BatchNorm2d(32, eps=0.001, momentum=0.03, affine=True, track_running_stats=True)
              (bn_skip): BatchNorm2d(32, eps=0.001, momentum=0.03, affine=True, track_running_stats=True)
              (act): SiLU(inplace=True)
            )
            (cv2): SwitchableConv(
              (conv): Conv2d(64, 32, kernel_size=(1, 1), stride=(1, 1), bias=False)
              (bn): BatchNorm2d(32, eps=0.001, momentum=0.03, affine=True, track_running_stats=True)
              (bn_skip): BatchNorm2d(32, eps=0.001, momentum=0.03, affine=True, track_running_stats=True)
              (act): SiLU(inplace=True)
            )
            (cv3): SwitchableConv(
              (conv): Conv2d(64, 64, kernel_size=(1, 1), stride=(1, 1), bias=False)
              (bn): BatchNorm2d(64, eps=0.001, momentum=0.03, affine=True, track_running_stats=True)
              (bn_skip): BatchNorm2d(64, eps=0.001, momentum=0.03, affine=True, track_running_stats=True)
              (act): SiLU(inplace=True)
            )
            (m): SwitchableSequential(
              (0): Bottleneck(
                (cv1): SwitchableConv(
                  (conv): Conv2d(32, 32, kernel_size=(3, 3), stride=(1, 1), padding=(1, 1), bias=False)
                  (bn): BatchNorm2d(32, eps=0.001, momentum=0.03, affine=True, track_running_stats=True)
                  (bn_skip): BatchNorm2d(32, eps=0.001, momentum=0.03, affine=True, track_running_stats=True)
                  (act): SiLU(inplace=True)
                )
                (cv2): SwitchableConv(
                  (conv): Conv2d(32, 32, kernel_size=(3, 3), stride=(1, 1), padding=(1, 1), bias=False)
                  (bn): BatchNorm2d(32, eps=0.001, momentum=0.03, affine=True, track_running_stats=True)
                  (bn_skip): BatchNorm2d(32, eps=0.001, momentum=0.03, affine=True, track_running_stats=True)
                  (act): SiLU(inplace=True)
                )
              )
              (1): Bottleneck(
                (cv1): SwitchableConv(
                  (conv): Conv2d(32, 32, kernel_size=(3, 3), stride=(1, 1), padding=(1, 1), bias=False)
                  (bn): BatchNorm2d(32, eps=0.001, momentum=0.03, affine=True, track_running_stats=True)
                  (bn_skip): BatchNorm2d(32, eps=0.001, momentum=0.03, affine=True, track_running_stats=True)
                  (act): SiLU(inplace=True)
                )
                (cv2): SwitchableConv(
                  (conv): Conv2d(32, 32, kernel_size=(3, 3), stride=(1, 1), padding=(1, 1), bias=False)
                  (bn): BatchNorm2d(32, eps=0.001, momentum=0.03, affine=True, track_running_stats=True)
                  (bn_skip): BatchNorm2d(32, eps=0.001, momentum=0.03, affine=True, track_running_stats=True)
                  (act): SiLU(inplace=True)
                )
              )
            )
          )
          (1): C3k(
            (cv1): Conv(
              (conv): Conv2d(64, 32, kernel_size=(1, 1), stride=(1, 1), bias=False)
              (bn): BatchNorm2d(32, eps=0.001, momentum=0.03, affine=True, track_running_stats=True)
              (act): SiLU(inplace=True)
            )
            (cv2): Conv(
              (conv): Conv2d(64, 32, kernel_size=(1, 1), stride=(1, 1), bias=False)
              (bn): BatchNorm2d(32, eps=0.001, momentum=0.03, affine=True, track_running_stats=True)
              (act): SiLU(inplace=True)
            )
            (cv3): Conv(
              (conv): Conv2d(64, 64, kernel_size=(1, 1), stride=(1, 1), bias=False)
              (bn): BatchNorm2d(64, eps=0.001, momentum=0.03, affine=True, track_running_stats=True)
              (act): SiLU(inplace=True)
            )
            (m): Sequential(
              (0): Bottleneck(
                (cv1): Conv(
                  (conv): Conv2d(32, 32, kernel_size=(3, 3), stride=(1, 1), padding=(1, 1), bias=False)
                  (bn): BatchNorm2d(32, eps=0.001, momentum=0.03, affine=True, track_running_stats=True)
                  (act): SiLU(inplace=True)
                )
                (cv2): Conv(
                  (conv): Conv2d(32, 32, kernel_size=(3, 3), stride=(1, 1), padding=(1, 1), bias=False)
                  (bn): BatchNorm2d(32, eps=0.001, momentum=0.03, affine=True, track_running_stats=True)
                  (act): SiLU(inplace=True)
                )
              )
              (1): Bottleneck(
                (cv1): Conv(
                  (conv): Conv2d(32, 32, kernel_size=(3, 3), stride=(1, 1), padding=(1, 1), bias=False)
                  (bn): BatchNorm2d(32, eps=0.001, momentum=0.03, affine=True, track_running_stats=True)
                  (act): SiLU(inplace=True)
                )
                (cv2): Conv(
                  (conv): Conv2d(32, 32, kernel_size=(3, 3), stride=(1, 1), padding=(1, 1), bias=False)
                  (bn): BatchNorm2d(32, eps=0.001, momentum=0.03, affine=True, track_running_stats=True)
                  (act): SiLU(inplace=True)
                )
              )
            )
          )
        )
      )
      (15): SwitchableConv(
        (conv): Conv2d(128, 128, kernel_size=(3, 3), stride=(2, 2), padding=(1, 1), bias=False)
        (bn): BatchNorm2d(128, eps=0.001, momentum=0.03, affine=True, track_running_stats=True)
        (bn_skip): BatchNorm2d(128, eps=0.001, momentum=0.03, affine=True, track_running_stats=True)
        (act): SiLU(inplace=True)
      )
      (16): Concat()
      (17): SkippableA2C2f(
        (cv1): SwitchableConv(
          (conv): Conv2d(384, 128, kernel_size=(1, 1), stride=(1, 1), bias=False)
          (bn): BatchNorm2d(128, eps=0.001, momentum=0.03, affine=True, track_running_stats=True)
          (bn_skip): BatchNorm2d(128, eps=0.001, momentum=0.03, affine=True, track_running_stats=True)
          (act): SiLU(inplace=True)
        )
        (cv2): SwitchableConv(
          (conv): Conv2d(384, 256, kernel_size=(1, 1), stride=(1, 1), bias=False)
          (bn): BatchNorm2d(256, eps=0.001, momentum=0.03, affine=True, track_running_stats=True)
          (bn_skip): BatchNorm2d(256, eps=0.001, momentum=0.03, affine=True, track_running_stats=True)
          (act): SiLU(inplace=True)
        )
        (m): ModuleList(
          (0): C3k(
            (cv1): SwitchableConv(
              (conv): Conv2d(128, 64, kernel_size=(1, 1), stride=(1, 1), bias=False)
              (bn): BatchNorm2d(64, eps=0.001, momentum=0.03, affine=True, track_running_stats=True)
              (bn_skip): BatchNorm2d(64, eps=0.001, momentum=0.03, affine=True, track_running_stats=True)
              (act): SiLU(inplace=True)
            )
            (cv2): SwitchableConv(
              (conv): Conv2d(128, 64, kernel_size=(1, 1), stride=(1, 1), bias=False)
              (bn): BatchNorm2d(64, eps=0.001, momentum=0.03, affine=True, track_running_stats=True)
              (bn_skip): BatchNorm2d(64, eps=0.001, momentum=0.03, affine=True, track_running_stats=True)
              (act): SiLU(inplace=True)
            )
            (cv3): SwitchableConv(
              (conv): Conv2d(128, 128, kernel_size=(1, 1), stride=(1, 1), bias=False)
              (bn): BatchNorm2d(128, eps=0.001, momentum=0.03, affine=True, track_running_stats=True)
              (bn_skip): BatchNorm2d(128, eps=0.001, momentum=0.03, affine=True, track_running_stats=True)
              (act): SiLU(inplace=True)
            )
            (m): SwitchableSequential(
              (0): Bottleneck(
                (cv1): SwitchableConv(
                  (conv): Conv2d(64, 64, kernel_size=(3, 3), stride=(1, 1), padding=(1, 1), bias=False)
                  (bn): BatchNorm2d(64, eps=0.001, momentum=0.03, affine=True, track_running_stats=True)
                  (bn_skip): BatchNorm2d(64, eps=0.001, momentum=0.03, affine=True, track_running_stats=True)
                  (act): SiLU(inplace=True)
                )
                (cv2): SwitchableConv(
                  (conv): Conv2d(64, 64, kernel_size=(3, 3), stride=(1, 1), padding=(1, 1), bias=False)
                  (bn): BatchNorm2d(64, eps=0.001, momentum=0.03, affine=True, track_running_stats=True)
                  (bn_skip): BatchNorm2d(64, eps=0.001, momentum=0.03, affine=True, track_running_stats=True)
                  (act): SiLU(inplace=True)
                )
              )
              (1): Bottleneck(
                (cv1): SwitchableConv(
                  (conv): Conv2d(64, 64, kernel_size=(3, 3), stride=(1, 1), padding=(1, 1), bias=False)
                  (bn): BatchNorm2d(64, eps=0.001, momentum=0.03, affine=True, track_running_stats=True)
                  (bn_skip): BatchNorm2d(64, eps=0.001, momentum=0.03, affine=True, track_running_stats=True)
                  (act): SiLU(inplace=True)
                )
                (cv2): SwitchableConv(
                  (conv): Conv2d(64, 64, kernel_size=(3, 3), stride=(1, 1), padding=(1, 1), bias=False)
                  (bn): BatchNorm2d(64, eps=0.001, momentum=0.03, affine=True, track_running_stats=True)
                  (bn_skip): BatchNorm2d(64, eps=0.001, momentum=0.03, affine=True, track_running_stats=True)
                  (act): SiLU(inplace=True)
                )
              )
            )
          )
          (1): C3k(
            (cv1): Conv(
              (conv): Conv2d(128, 64, kernel_size=(1, 1), stride=(1, 1), bias=False)
              (bn): BatchNorm2d(64, eps=0.001, momentum=0.03, affine=True, track_running_stats=True)
              (act): SiLU(inplace=True)
            )
            (cv2): Conv(
              (conv): Conv2d(128, 64, kernel_size=(1, 1), stride=(1, 1), bias=False)
              (bn): BatchNorm2d(64, eps=0.001, momentum=0.03, affine=True, track_running_stats=True)
              (act): SiLU(inplace=True)
            )
            (cv3): Conv(
              (conv): Conv2d(128, 128, kernel_size=(1, 1), stride=(1, 1), bias=False)
              (bn): BatchNorm2d(128, eps=0.001, momentum=0.03, affine=True, track_running_stats=True)
              (act): SiLU(inplace=True)
            )
            (m): Sequential(
              (0): Bottleneck(
                (cv1): Conv(
                  (conv): Conv2d(64, 64, kernel_size=(3, 3), stride=(1, 1), padding=(1, 1), bias=False)
                  (bn): BatchNorm2d(64, eps=0.001, momentum=0.03, affine=True, track_running_stats=True)
                  (act): SiLU(inplace=True)
                )
                (cv2): Conv(
                  (conv): Conv2d(64, 64, kernel_size=(3, 3), stride=(1, 1), padding=(1, 1), bias=False)
                  (bn): BatchNorm2d(64, eps=0.001, momentum=0.03, affine=True, track_running_stats=True)
                  (act): SiLU(inplace=True)
                )
              )
              (1): Bottleneck(
                (cv1): Conv(
                  (conv): Conv2d(64, 64, kernel_size=(3, 3), stride=(1, 1), padding=(1, 1), bias=False)
                  (bn): BatchNorm2d(64, eps=0.001, momentum=0.03, affine=True, track_running_stats=True)
                  (act): SiLU(inplace=True)
                )
                (cv2): Conv(
                  (conv): Conv2d(64, 64, kernel_size=(3, 3), stride=(1, 1), padding=(1, 1), bias=False)
                  (bn): BatchNorm2d(64, eps=0.001, momentum=0.03, affine=True, track_running_stats=True)
                  (act): SiLU(inplace=True)
                )
              )
            )
          )
        )
      )
      (18): SwitchableConv(
        (conv): Conv2d(256, 256, kernel_size=(3, 3), stride=(2, 2), padding=(1, 1), bias=False)
        (bn): BatchNorm2d(256, eps=0.001, momentum=0.03, affine=True, track_running_stats=True)
        (bn_skip): BatchNorm2d(256, eps=0.001, momentum=0.03, affine=True, track_running_stats=True)
        (act): SiLU(inplace=True)
      )
      (19): Concat()
      (20): SkippableC3k2(
        (cv1): SwitchableConv(
          (conv): Conv2d(512, 256, kernel_size=(1, 1), stride=(1, 1), bias=False)
          (bn): BatchNorm2d(256, eps=0.001, momentum=0.03, affine=True, track_running_stats=True)
          (bn_skip): BatchNorm2d(256, eps=0.001, momentum=0.03, affine=True, track_running_stats=True)
          (act): SiLU(inplace=True)
        )
        (cv2): SwitchableConv(
          (conv): Conv2d(512, 256, kernel_size=(1, 1), stride=(1, 1), bias=False)
          (bn): BatchNorm2d(256, eps=0.001, momentum=0.03, affine=True, track_running_stats=True)
          (bn_skip): BatchNorm2d(256, eps=0.001, momentum=0.03, affine=True, track_running_stats=True)
          (act): SiLU(inplace=True)
        )
        (m): ModuleList(
          (0): C3k(
            (cv1): SwitchableConv(
              (conv): Conv2d(128, 64, kernel_size=(1, 1), stride=(1, 1), bias=False)
              (bn): BatchNorm2d(64, eps=0.001, momentum=0.03, affine=True, track_running_stats=True)
              (bn_skip): BatchNorm2d(64, eps=0.001, momentum=0.03, affine=True, track_running_stats=True)
              (act): SiLU(inplace=True)
            )
            (cv2): SwitchableConv(
              (conv): Conv2d(128, 64, kernel_size=(1, 1), stride=(1, 1), bias=False)
              (bn): BatchNorm2d(64, eps=0.001, momentum=0.03, affine=True, track_running_stats=True)
              (bn_skip): BatchNorm2d(64, eps=0.001, momentum=0.03, affine=True, track_running_stats=True)
              (act): SiLU(inplace=True)
            )
            (cv3): SwitchableConv(
              (conv): Conv2d(128, 128, kernel_size=(1, 1), stride=(1, 1), bias=False)
              (bn): BatchNorm2d(128, eps=0.001, momentum=0.03, affine=True, track_running_stats=True)
              (bn_skip): BatchNorm2d(128, eps=0.001, momentum=0.03, affine=True, track_running_stats=True)
              (act): SiLU(inplace=True)
            )
            (m): SwitchableSequential(
              (0): Bottleneck(
                (cv1): SwitchableConv(
                  (conv): Conv2d(64, 64, kernel_size=(3, 3), stride=(1, 1), padding=(1, 1), bias=False)
                  (bn): BatchNorm2d(64, eps=0.001, momentum=0.03, affine=True, track_running_stats=True)
                  (bn_skip): BatchNorm2d(64, eps=0.001, momentum=0.03, affine=True, track_running_stats=True)
                  (act): SiLU(inplace=True)
                )
                (cv2): SwitchableConv(
                  (conv): Conv2d(64, 64, kernel_size=(3, 3), stride=(1, 1), padding=(1, 1), bias=False)
                  (bn): BatchNorm2d(64, eps=0.001, momentum=0.03, affine=True, track_running_stats=True)
                  (bn_skip): BatchNorm2d(64, eps=0.001, momentum=0.03, affine=True, track_running_stats=True)
                  (act): SiLU(inplace=True)
                )
              )
              (1): Bottleneck(
                (cv1): SwitchableConv(
                  (conv): Conv2d(64, 64, kernel_size=(3, 3), stride=(1, 1), padding=(1, 1), bias=False)
                  (bn): BatchNorm2d(64, eps=0.001, momentum=0.03, affine=True, track_running_stats=True)
                  (bn_skip): BatchNorm2d(64, eps=0.001, momentum=0.03, affine=True, track_running_stats=True)
                  (act): SiLU(inplace=True)
                )
                (cv2): SwitchableConv(
                  (conv): Conv2d(64, 64, kernel_size=(3, 3), stride=(1, 1), padding=(1, 1), bias=False)
                  (bn): BatchNorm2d(64, eps=0.001, momentum=0.03, affine=True, track_running_stats=True)
                  (bn_skip): BatchNorm2d(64, eps=0.001, momentum=0.03, affine=True, track_running_stats=True)
                  (act): SiLU(inplace=True)
                )
              )
            )
          )
          (1): C3k(
            (cv1): Conv(
              (conv): Conv2d(128, 64, kernel_size=(1, 1), stride=(1, 1), bias=False)
              (bn): BatchNorm2d(64, eps=0.001, momentum=0.03, affine=True, track_running_stats=True)
              (act): SiLU(inplace=True)
            )
            (cv2): Conv(
              (conv): Conv2d(128, 64, kernel_size=(1, 1), stride=(1, 1), bias=False)
              (bn): BatchNorm2d(64, eps=0.001, momentum=0.03, affine=True, track_running_stats=True)
              (act): SiLU(inplace=True)
            )
            (cv3): Conv(
              (conv): Conv2d(128, 128, kernel_size=(1, 1), stride=(1, 1), bias=False)
              (bn): BatchNorm2d(128, eps=0.001, momentum=0.03, affine=True, track_running_stats=True)
              (act): SiLU(inplace=True)
            )
            (m): Sequential(
              (0): Bottleneck(
                (cv1): Conv(
                  (conv): Conv2d(64, 64, kernel_size=(3, 3), stride=(1, 1), padding=(1, 1), bias=False)
                  (bn): BatchNorm2d(64, eps=0.001, momentum=0.03, affine=True, track_running_stats=True)
                  (act): SiLU(inplace=True)
                )
                (cv2): Conv(
                  (conv): Conv2d(64, 64, kernel_size=(3, 3), stride=(1, 1), padding=(1, 1), bias=False)
                  (bn): BatchNorm2d(64, eps=0.001, momentum=0.03, affine=True, track_running_stats=True)
                  (act): SiLU(inplace=True)
                )
              )
              (1): Bottleneck(
                (cv1): Conv(
                  (conv): Conv2d(64, 64, kernel_size=(3, 3), stride=(1, 1), padding=(1, 1), bias=False)
                  (bn): BatchNorm2d(64, eps=0.001, momentum=0.03, affine=True, track_running_stats=True)
                  (act): SiLU(inplace=True)
                )
                (cv2): Conv(
                  (conv): Conv2d(64, 64, kernel_size=(3, 3), stride=(1, 1), padding=(1, 1), bias=False)
                  (bn): BatchNorm2d(64, eps=0.001, momentum=0.03, affine=True, track_running_stats=True)
                  (act): SiLU(inplace=True)
                )
              )
            )
          )
        )
      )
      (21): Detect(
        (cv2): ModuleList(
          (0): Sequential(
            (0): Conv(
              (conv): Conv2d(128, 64, kernel_size=(3, 3), stride=(1, 1), padding=(1, 1), bias=False)
              (bn): BatchNorm2d(64, eps=0.001, momentum=0.03, affine=True, track_running_stats=True)
              (act): SiLU(inplace=True)
            )
            (1): Conv(
              (conv): Conv2d(64, 64, kernel_size=(3, 3), stride=(1, 1), padding=(1, 1), bias=False)
              (bn): BatchNorm2d(64, eps=0.001, momentum=0.03, affine=True, track_running_stats=True)
              (act): SiLU(inplace=True)
            )
            (2): Conv2d(64, 64, kernel_size=(1, 1), stride=(1, 1))
          )
          (1-2): 2 x Sequential(
            (0): Conv(
              (conv): Conv2d(256, 64, kernel_size=(3, 3), stride=(1, 1), padding=(1, 1), bias=False)
              (bn): BatchNorm2d(64, eps=0.001, momentum=0.03, affine=True, track_running_stats=True)
              (act): SiLU(inplace=True)
            )
            (1): Conv(
              (conv): Conv2d(64, 64, kernel_size=(3, 3), stride=(1, 1), padding=(1, 1), bias=False)
              (bn): BatchNorm2d(64, eps=0.001, momentum=0.03, affine=True, track_running_stats=True)
              (act): SiLU(inplace=True)
            )
            (2): Conv2d(64, 64, kernel_size=(1, 1), stride=(1, 1))
          )
        )
        (cv3): ModuleList(
          (0): Sequential(
            (0): Sequential(
              (0): DWConv(
                (conv): Conv2d(128, 128, kernel_size=(3, 3), stride=(1, 1), padding=(1, 1), groups=128, bias=False)
                (bn): BatchNorm2d(128, eps=0.001, momentum=0.03, affine=True, track_running_stats=True)
                (act): SiLU(inplace=True)
              )
              (1): Conv(
                (conv): Conv2d(128, 128, kernel_size=(1, 1), stride=(1, 1), bias=False)
                (bn): BatchNorm2d(128, eps=0.001, momentum=0.03, affine=True, track_running_stats=True)
                (act): SiLU(inplace=True)
              )
            )
            (1): Sequential(
              (0): DWConv(
                (conv): Conv2d(128, 128, kernel_size=(3, 3), stride=(1, 1), padding=(1, 1), groups=128, bias=False)
                (bn): BatchNorm2d(128, eps=0.001, momentum=0.03, affine=True, track_running_stats=True)
                (act): SiLU(inplace=True)
              )
              (1): Conv(
                (conv): Conv2d(128, 128, kernel_size=(1, 1), stride=(1, 1), bias=False)
                (bn): BatchNorm2d(128, eps=0.001, momentum=0.03, affine=True, track_running_stats=True)
                (act): SiLU(inplace=True)
              )
            )
            (2): Conv2d(128, 10, kernel_size=(1, 1), stride=(1, 1))
          )
          (1-2): 2 x Sequential(
            (0): Sequential(
              (0): DWConv(
                (conv): Conv2d(256, 256, kernel_size=(3, 3), stride=(1, 1), padding=(1, 1), groups=256, bias=False)
                (bn): BatchNorm2d(256, eps=0.001, momentum=0.03, affine=True, track_running_stats=True)
                (act): SiLU(inplace=True)
              )
              (1): Conv(
                (conv): Conv2d(256, 128, kernel_size=(1, 1), stride=(1, 1), bias=False)
                (bn): BatchNorm2d(128, eps=0.001, momentum=0.03, affine=True, track_running_stats=True)
                (act): SiLU(inplace=True)
              )
            )
            (1): Sequential(
              (0): DWConv(
                (conv): Conv2d(128, 128, kernel_size=(3, 3), stride=(1, 1), padding=(1, 1), groups=128, bias=False)
                (bn): BatchNorm2d(128, eps=0.001, momentum=0.03, affine=True, track_running_stats=True)
                (act): SiLU(inplace=True)
              )
              (1): Conv(
                (conv): Conv2d(128, 128, kernel_size=(1, 1), stride=(1, 1), bias=False)
                (bn): BatchNorm2d(128, eps=0.001, momentum=0.03, affine=True, track_running_stats=True)
                (act): SiLU(inplace=True)
              )
            )
            (2): Conv2d(128, 10, kernel_size=(1, 1), stride=(1, 1))
          )
        )
        (dfl): DFL(
          (conv): Conv2d(16, 1, kernel_size=(1, 1), stride=(1, 1), bias=False)
        )
      )
    )
  )
)
Image sizes 1280 train, 1280 val
Using 16 dataloader workers
Logging results to [1mruns/bdd100k/detect/anydepth-yolov12s/train2[0m
Starting training for 50 epochs...

[FLOPs] Super model (skip=False) @ 736x1280:
| module             | #parameters or shape   | #flops   |
|:-------------------|:-----------------------|:---------|
| base_model.model   | 7.416M                 | 25.631G  |
| 0                  | 0.928K                 | 0.219G   |
| 0.conv             | 0.864K                 | 0.203G   |
| 0.conv.weight      | (32, 3, 3, 3)          |          |
| 0.bn               | 64                     | 15.073M  |
| 0.bn.weight        | (32,)                  |          |
| 0.bn.bias          | (32,)                  |          |
| 1                  | 9.344K                 | 0.55G    |
| 1.conv             | 9.216K                 | 0.543G   |
| 1.conv.weight      | (64, 16, 3, 3)         |          |
| 1.bn               | 0.128K                 | 7.537M   |
| 1.bn.weight        | (64,)                  |          |
| 1.bn.bias          | (64,)                  |          |
| 2                  | 39.968K                | 2.325G   |
| 2.cv1              | 4.352K                 | 0.249G   |
| 2.cv1.conv         | 4.096K                 | 0.241G   |
| 2.cv1.bn           | 0.128K                 | 7.537M   |
| 2.cv1.bn_skip      | 0.128K                 |          |
| 2.cv2              | 16.896K                | 0.98G    |
| 2.cv2.conv         | 16.384K                | 0.965G   |
| 2.cv2.bn           | 0.256K                 | 15.073M  |
| 2.cv2.bn_skip      | 0.256K                 |          |
| 2.m                | 18.72K                 | 1.097G   |
| 2.m.0              | 9.408K                 | 0.548G   |
| 2.m.1              | 9.312K                 | 0.548G   |
| 3                  | 37.376K                | 0.546G   |
| 3.conv             | 36.864K                | 0.543G   |
| 3.conv.weight      | (128, 32, 3, 3)        |          |
| 3.bn               | 0.256K                 | 3.768M   |
| 3.bn.weight        | (128,)                 |          |
| 3.bn.bias          | (128,)                 |          |
| 3.bn_skip          | 0.256K                 |          |
| 3.bn_skip.weight   | (128,)                 |          |
| 3.bn_skip.bias     | (128,)                 |          |
| 4                  | 0.158M                 | 2.308G   |
| 4.cv1              | 16.896K                | 0.245G   |
| 4.cv1.conv         | 16.384K                | 0.241G   |
| 4.cv1.bn           | 0.256K                 | 3.768M   |
| 4.cv1.bn_skip      | 0.256K                 |          |
| 4.cv2              | 66.56K                 | 0.972G   |
| 4.cv2.conv         | 65.536K                | 0.965G   |
| 4.cv2.bn           | 0.512K                 | 7.537M   |
| 4.cv2.bn_skip      | 0.512K                 |          |
| 4.m                | 74.304K                | 1.091G   |
| 4.m.0              | 37.248K                | 0.545G   |
| 4.m.1              | 37.056K                | 0.545G   |
| 5                  | 0.591M                 | 2.172G   |
| 5.conv             | 0.59M                  | 2.171G   |
| 5.conv.weight      | (256, 256, 3, 3)       |          |
| 5.bn               | 0.512K                 | 1.884M   |
| 5.bn.weight        | (256,)                 |          |
| 5.bn.bias          | (256,)                 |          |
| 5.bn_skip          | 0.512K                 |          |
| 5.bn_skip.weight   | (256,)                 |          |
| 5.bn_skip.bias     | (256,)                 |          |
| 6                  | 1.395M                 | 4.74G    |
| 6.gamma            | (256,)                 |          |
| 6.cv1              | 33.28K                 | 0.122G   |
| 6.cv1.conv         | 32.768K                | 0.121G   |
| 6.cv1.bn           | 0.256K                 | 0.942M   |
| 6.cv1.bn_skip      | 0.256K                 |          |
| 6.cv2              | 0.263M                 | 0.605G   |
| 6.cv2.conv         | 0.164M                 | 0.603G   |
| 6.cv2.bn           | 0.512K                 | 1.884M   |
| 6.cv2.bn_skip      | 0.512K                 |          |
| 6.cv2.conv_skip    | 98.304K                |          |
| 6.m                | 1.099M                 | 4.013G   |
| 6.m.0              | 0.277M                 | 1.003G   |
| 6.m.1              | 0.277M                 | 1.003G   |
| 6.m.2              | 0.273M                 | 1.003G   |
| 6.m.3              | 0.273M                 | 1.003G   |
| 7                  | 0.591M                 | 0.543G   |
| 7.conv             | 0.59M                  | 0.543G   |
| 7.conv.weight      | (256, 256, 3, 3)       |          |
| 7.bn               | 0.512K                 | 0.471M   |
| 7.bn.weight        | (256,)                 |          |
| 7.bn.bias          | (256,)                 |          |
| 7.bn_skip          | 0.512K                 |          |
| 7.bn_skip.weight   | (256,)                 |          |
| 7.bn_skip.bias     | (256,)                 |          |
| 8                  | 1.395M                 | 1.185G   |
| 8.gamma            | (256,)                 |          |
| 8.cv1              | 33.28K                 | 30.382M  |
| 8.cv1.conv         | 32.768K                | 30.147M  |
| 8.cv1.bn           | 0.256K                 | 0.236M   |
| 8.cv1.bn_skip      | 0.256K                 |          |
| 8.cv2              | 0.263M                 | 0.151G   |
| 8.cv2.conv         | 0.164M                 | 0.151G   |
| 8.cv2.bn           | 0.512K                 | 0.471M   |
| 8.cv2.bn_skip      | 0.512K                 |          |
| 8.cv2.conv_skip    | 98.304K                |          |
| 8.m                | 1.099M                 | 1.003G   |
| 8.m.0              | 0.277M                 | 0.251G   |
| 8.m.1              | 0.277M                 | 0.251G   |
| 8.m.2              | 0.273M                 | 0.251G   |
| 8.m.3              | 0.273M                 | 0.251G   |
| 11                 | 0.529M                 | 1.94G    |
| 11.cv1             | 66.048K                | 0.242G   |
| 11.cv1.conv        | 65.536K                | 0.241G   |
| 11.cv1.bn          | 0.256K                 | 0.942M   |
| 11.cv1.bn_skip     | 0.256K                 |          |
| 11.cv2             | 99.328K                | 0.364G   |
| 11.cv2.conv        | 98.304K                | 0.362G   |
| 11.cv2.bn          | 0.512K                 | 1.884M   |
| 11.cv2.bn_skip     | 0.512K                 |          |
| 11.m               | 0.364M                 | 1.334G   |
| 11.m.0             | 0.182M                 | 0.667G   |
| 11.m.1             | 0.181M                 | 0.667G   |
| 14                 | 0.15M                  | 2.191G   |
| 14.cv1             | 33.024K                | 0.484G   |
| 14.cv1.conv        | 32.768K                | 0.482G   |
| 14.cv1.bn          | 0.128K                 | 1.884M   |
| 14.cv1.bn_skip     | 0.128K                 |          |
| 14.cv2             | 25.088K                | 0.366G   |
| 14.cv2.conv        | 24.576K                | 0.362G   |
| 14.cv2.bn          | 0.256K                 | 3.768M   |
| 14.cv2.bn_skip     | 0.256K                 |          |
| 14.m               | 91.648K                | 1.342G   |
| 14.m.0             | 46.08K                 | 0.671G   |
| 14.m.1             | 45.568K                | 0.671G   |
| 15                 | 0.148M                 | 0.544G   |
| 15.conv            | 0.147M                 | 0.543G   |
| 15.conv.weight     | (128, 128, 3, 3)       |          |
| 15.bn              | 0.256K                 | 0.942M   |
| 15.bn.weight       | (128,)                 |          |
| 15.bn.bias         | (128,)                 |          |
| 15.bn_skip         | 0.256K                 |          |
| 15.bn_skip.weight  | (128,)                 |          |
| 15.bn_skip.bias    | (128,)                 |          |
| 17                 | 0.513M                 | 1.879G   |
| 17.cv1             | 49.664K                | 0.182G   |
| 17.cv1.conv        | 49.152K                | 0.181G   |
| 17.cv1.bn          | 0.256K                 | 0.942M   |
| 17.cv1.bn_skip     | 0.256K                 |          |
| 17.cv2             | 99.328K                | 0.364G   |
| 17.cv2.conv        | 98.304K                | 0.362G   |
| 17.cv2.bn          | 0.512K                 | 1.884M   |
| 17.cv2.bn_skip     | 0.512K                 |          |
| 17.m               | 0.364M                 | 1.334G   |
| 17.m.0             | 0.182M                 | 0.667G   |
| 17.m.1             | 0.181M                 | 0.667G   |
| 18                 | 0.591M                 | 0.543G   |
| 18.conv            | 0.59M                  | 0.543G   |
| 18.conv.weight     | (256, 256, 3, 3)       |          |
| 18.bn              | 0.512K                 | 0.471M   |
| 18.bn.weight       | (256,)                 |          |
| 18.bn.bias         | (256,)                 |          |
| 18.bn_skip         | 0.512K                 |          |
| 18.bn_skip.weight  | (256,)                 |          |
| 18.bn_skip.bias    | (256,)                 |          |
| 20                 | 0.628M                 | 0.576G   |
| 20.cv1             | 0.132M                 | 0.121G   |
| 20.cv1.conv        | 0.131M                 | 0.121G   |
| 20.cv1.bn          | 0.512K                 | 0.471M   |
| 20.cv1.bn_skip     | 0.512K                 |          |
| 20.cv2             | 0.132M                 | 0.121G   |
| 20.cv2.conv        | 0.131M                 | 0.121G   |
| 20.cv2.bn          | 0.512K                 | 0.471M   |
| 20.cv2.bn_skip     | 0.512K                 |          |
| 20.m               | 0.364M                 | 0.333G   |
| 20.m.0             | 0.182M                 | 0.167G   |
| 20.m.1             | 0.181M                 | 0.167G   |
| 21                 | 0.64M                  | 3.365G   |
| 21.cv2             | 0.492M                 | 2.56G    |
| 21.cv2.0           | 0.115M                 | 1.692G   |
| 21.cv2.1           | 0.189M                 | 0.694G   |
| 21.cv2.2           | 0.189M                 | 0.174G   |
| 21.cv3             | 0.148M                 | 0.804G   |
| 21.cv3.0           | 37.386K                | 0.55G    |
| 21.cv3.1           | 55.178K                | 0.203G   |
| 21.cv3.2           | 55.178K                | 50.755M  |
| 21.dfl.conv        | 16                     | 1.236M   |
| 21.dfl.conv.weight | (1, 16, 1, 1)          |          |
| 9                  |                        | 0.942M   |
| 12                 |                        | 3.768M   |
  MACs  (super): 25.63 GMACs
  FLOPs (super): 51.26 GFLOPs

[FLOPs] Base model (skip=True) @ 736x1280:
| module             | #parameters or shape   | #flops   |
|:-------------------|:-----------------------|:---------|
| base_model.model   | 7.416M                 | 18.682G  |
| 0                  | 0.928K                 | 0.219G   |
| 0.conv             | 0.864K                 | 0.203G   |
| 0.conv.weight      | (32, 3, 3, 3)          |          |
| 0.bn               | 64                     | 15.073M  |
| 0.bn.weight        | (32,)                  |          |
| 0.bn.bias          | (32,)                  |          |
| 1                  | 9.344K                 | 0.55G    |
| 1.conv             | 9.216K                 | 0.543G   |
| 1.conv.weight      | (64, 16, 3, 3)         |          |
| 1.bn               | 0.128K                 | 7.537M   |
| 1.bn.weight        | (64,)                  |          |
| 1.bn.bias          | (64,)                  |          |
| 2                  | 39.968K                | 1.536G   |
| 2.cv1              | 4.352K                 | 0.249G   |
| 2.cv1.conv         | 4.096K                 | 0.241G   |
| 2.cv1.bn           | 0.128K                 |          |
| 2.cv1.bn_skip      | 0.128K                 | 7.537M   |
| 2.cv2              | 16.896K                | 0.739G   |
| 2.cv2.conv         | 16.384K                |          |
| 2.cv2.bn           | 0.256K                 |          |
| 2.cv2.bn_skip      | 0.256K                 | 15.073M  |
| 2.m                | 18.72K                 | 0.548G   |
| 2.m.0              | 9.408K                 | 0.548G   |
| 2.m.1              | 9.312K                 |          |
| 3                  | 37.376K                | 0.546G   |
| 3.conv             | 36.864K                | 0.543G   |
| 3.conv.weight      | (128, 32, 3, 3)        |          |
| 3.bn               | 0.256K                 |          |
| 3.bn.weight        | (128,)                 |          |
| 3.bn.bias          | (128,)                 |          |
| 3.bn_skip          | 0.256K                 | 3.768M   |
| 3.bn_skip.weight   | (128,)                 |          |
| 3.bn_skip.bias     | (128,)                 |          |
| 4                  | 0.158M                 | 1.521G   |
| 4.cv1              | 16.896K                | 0.245G   |
| 4.cv1.conv         | 16.384K                | 0.241G   |
| 4.cv1.bn           | 0.256K                 |          |
| 4.cv1.bn_skip      | 0.256K                 | 3.768M   |
| 4.cv2              | 66.56K                 | 0.731G   |
| 4.cv2.conv         | 65.536K                |          |
| 4.cv2.bn           | 0.512K                 |          |
| 4.cv2.bn_skip      | 0.512K                 | 7.537M   |
| 4.m                | 74.304K                | 0.545G   |
| 4.m.0              | 37.248K                | 0.545G   |
| 4.m.1              | 37.056K                |          |
| 5                  | 0.591M                 | 2.172G   |
| 5.conv             | 0.59M                  | 2.171G   |
| 5.conv.weight      | (256, 256, 3, 3)       |          |
| 5.bn               | 0.512K                 |          |
| 5.bn.weight        | (256,)                 |          |
| 5.bn.bias          | (256,)                 |          |
| 5.bn_skip          | 0.512K                 | 1.884M   |
| 5.bn_skip.weight   | (256,)                 |          |
| 5.bn_skip.bias     | (256,)                 |          |
| 6                  | 1.395M                 | 2.492G   |
| 6.gamma            | (256,)                 |          |
| 6.cv1              | 33.28K                 | 0.122G   |
| 6.cv1.conv         | 32.768K                | 0.121G   |
| 6.cv1.bn           | 0.256K                 |          |
| 6.cv1.bn_skip      | 0.256K                 | 0.942M   |
| 6.cv2              | 0.263M                 | 0.364G   |
| 6.cv2.conv         | 0.164M                 |          |
| 6.cv2.bn           | 0.512K                 |          |
| 6.cv2.bn_skip      | 0.512K                 | 1.884M   |
| 6.cv2.conv_skip    | 98.304K                | 0.362G   |
| 6.m                | 1.099M                 | 2.007G   |
| 6.m.0              | 0.277M                 | 1.003G   |
| 6.m.1              | 0.277M                 | 1.003G   |
| 6.m.2              | 0.273M                 |          |
| 6.m.3              | 0.273M                 |          |
| 7                  | 0.591M                 | 0.543G   |
| 7.conv             | 0.59M                  | 0.543G   |
| 7.conv.weight      | (256, 256, 3, 3)       |          |
| 7.bn               | 0.512K                 |          |
| 7.bn.weight        | (256,)                 |          |
| 7.bn.bias          | (256,)                 |          |
| 7.bn_skip          | 0.512K                 | 0.471M   |
| 7.bn_skip.weight   | (256,)                 |          |
| 7.bn_skip.bias     | (256,)                 |          |
| 8                  | 1.395M                 | 0.623G   |
| 8.gamma            | (256,)                 |          |
| 8.cv1              | 33.28K                 | 30.382M  |
| 8.cv1.conv         | 32.768K                | 30.147M  |
| 8.cv1.bn           | 0.256K                 |          |
| 8.cv1.bn_skip      | 0.256K                 | 0.236M   |
| 8.cv2              | 0.263M                 | 90.911M  |
| 8.cv2.conv         | 0.164M                 |          |
| 8.cv2.bn           | 0.512K                 |          |
| 8.cv2.bn_skip      | 0.512K                 | 0.471M   |
| 8.cv2.conv_skip    | 98.304K                | 90.44M   |
| 8.m                | 1.099M                 | 0.502G   |
| 8.m.0              | 0.277M                 | 0.251G   |
| 8.m.1              | 0.277M                 | 0.251G   |
| 8.m.2              | 0.273M                 |          |
| 8.m.3              | 0.273M                 |          |
| 11                 | 0.529M                 | 1.152G   |
| 11.cv1             | 66.048K                | 0.242G   |
| 11.cv1.conv        | 65.536K                | 0.241G   |
| 11.cv1.bn          | 0.256K                 |          |
| 11.cv1.bn_skip     | 0.256K                 | 0.942M   |
| 11.cv2             | 99.328K                | 0.243G   |
| 11.cv2.conv        | 98.304K                |          |
| 11.cv2.bn          | 0.512K                 |          |
| 11.cv2.bn_skip     | 0.512K                 | 1.884M   |
| 11.m               | 0.364M                 | 0.667G   |
| 11.m.0             | 0.182M                 | 0.667G   |
| 11.m.1             | 0.181M                 |          |
| 14                 | 0.15M                  | 1.4G     |
| 14.cv1             | 33.024K                | 0.484G   |
| 14.cv1.conv        | 32.768K                | 0.482G   |
| 14.cv1.bn          | 0.128K                 |          |
| 14.cv1.bn_skip     | 0.128K                 | 1.884M   |
| 14.cv2             | 25.088K                | 0.245G   |
| 14.cv2.conv        | 24.576K                |          |
| 14.cv2.bn          | 0.256K                 |          |
| 14.cv2.bn_skip     | 0.256K                 | 3.768M   |
| 14.m               | 91.648K                | 0.671G   |
| 14.m.0             | 46.08K                 | 0.671G   |
| 14.m.1             | 45.568K                |          |
| 15                 | 0.148M                 | 0.544G   |
| 15.conv            | 0.147M                 | 0.543G   |
| 15.conv.weight     | (128, 128, 3, 3)       |          |
| 15.bn              | 0.256K                 |          |
| 15.bn.weight       | (128,)                 |          |
| 15.bn.bias         | (128,)                 |          |
| 15.bn_skip         | 0.256K                 | 0.942M   |
| 15.bn_skip.weight  | (128,)                 |          |
| 15.bn_skip.bias    | (128,)                 |          |
| 17                 | 0.513M                 | 1.092G   |
| 17.cv1             | 49.664K                | 0.182G   |
| 17.cv1.conv        | 49.152K                | 0.181G   |
| 17.cv1.bn          | 0.256K                 |          |
| 17.cv1.bn_skip     | 0.256K                 | 0.942M   |
| 17.cv2             | 99.328K                | 0.243G   |
| 17.cv2.conv        | 98.304K                |          |
| 17.cv2.bn          | 0.512K                 |          |
| 17.cv2.bn_skip     | 0.512K                 | 1.884M   |
| 17.m               | 0.364M                 | 0.667G   |
| 17.m.0             | 0.182M                 | 0.667G   |
| 17.m.1             | 0.181M                 |          |
| 18                 | 0.591M                 | 0.543G   |
| 18.conv            | 0.59M                  | 0.543G   |
| 18.conv.weight     | (256, 256, 3, 3)       |          |
| 18.bn              | 0.512K                 |          |
| 18.bn.weight       | (256,)                 |          |
| 18.bn.bias         | (256,)                 |          |
| 18.bn_skip         | 0.512K                 | 0.471M   |
| 18.bn_skip.weight  | (256,)                 |          |
| 18.bn_skip.bias    | (256,)                 |          |
| 20                 | 0.628M                 | 0.379G   |
| 20.cv1             | 0.132M                 | 0.121G   |
| 20.cv1.conv        | 0.131M                 | 0.121G   |
| 20.cv1.bn          | 0.512K                 |          |
| 20.cv1.bn_skip     | 0.512K                 | 0.471M   |
| 20.cv2             | 0.132M                 | 90.911M  |
| 20.cv2.conv        | 0.131M                 |          |
| 20.cv2.bn          | 0.512K                 |          |
| 20.cv2.bn_skip     | 0.512K                 | 0.471M   |
| 20.m               | 0.364M                 | 0.167G   |
| 20.m.0             | 0.182M                 | 0.167G   |
| 20.m.1             | 0.181M                 |          |
| 21                 | 0.64M                  | 3.365G   |
| 21.cv2             | 0.492M                 | 2.56G    |
| 21.cv2.0           | 0.115M                 | 1.692G   |
| 21.cv2.1           | 0.189M                 | 0.694G   |
| 21.cv2.2           | 0.189M                 | 0.174G   |
| 21.cv3             | 0.148M                 | 0.804G   |
| 21.cv3.0           | 37.386K                | 0.55G    |
| 21.cv3.1           | 55.178K                | 0.203G   |
| 21.cv3.2           | 55.178K                | 50.755M  |
| 21.dfl.conv        | 16                     | 1.236M   |
| 21.dfl.conv.weight | (1, 16, 1, 1)          |          |
| 9                  |                        | 0.942M   |
| 12                 |                        | 3.768M   |
  MACs  (base): 18.68 GMACs
  FLOPs (base): 37.36 GFLOPs

           Epoch         GPU_mem          box_om          cls_om          dfl_om          box_oo          cls_oo          dfl_oo       Instances            Size
/home/hslee/anaconda3/envs/yolov12/lib/python3.11/site-packages/torch/autograd/__init__.py:266: UserWarning: Grad strides do not match bucket view strides. This may indicate grad was not created according to the gradient layout contract, or that the param's strides changed since DDP was constructed.  This is not an error, but may impair performance.
grad.sizes() = [128, 128, 1, 1], strides() = [128, 1, 128, 128]
bucket_view.sizes() = [128, 128, 1, 1], strides() = [128, 1, 1, 1] (Triggered internally at ../torch/csrc/distributed/c10d/reducer.cpp:322.)
  Variable._execution_engine.run_backward(  # Calls into the C++ engine to run the backward pass
/home/hslee/anaconda3/envs/yolov12/lib/python3.11/site-packages/torch/autograd/__init__.py:266: UserWarning: Grad strides do not match bucket view strides. This may indicate grad was not created according to the gradient layout contract, or that the param's strides changed since DDP was constructed.  This is not an error, but may impair performance.
grad.sizes() = [128, 128, 1, 1], strides() = [128, 1, 128, 128]
bucket_view.sizes() = [128, 128, 1, 1], strides() = [128, 1, 1, 1] (Triggered internally at ../torch/csrc/distributed/c10d/reducer.cpp:322.)
  Variable._execution_engine.run_backward(  # Calls into the C++ engine to run the backward pass
  Epoch 1/50  Batch 1/2188 (0.0%)  | Super 205.561 (box 1.6296  cls 3.4781  dfl 1.3160)  | Base 222.416 (box 1.7446  cls 3.8339  dfl 1.3720)  | KD 29.095 (box 0.76010  cls 0.14419  dfl 0.00240  feat 0.00254)
  Epoch 1/50  Batch 219/2188 (10.0%)  | Super 178.494 (box 1.6404  cls 2.6478  dfl 1.2897)  | Base 188.164 (box 1.7216  cls 2.8596  dfl 1.2989)  | KD 26.593 (box 0.74683  cls 0.07882  dfl 0.00284  feat 0.00253)
  Epoch 1/50  Batch 437/2188 (20.0%)  | Super 160.802 (box 1.8133  cls 1.8772  dfl 1.3346)  | Base 166.240 (box 1.8295  cls 2.0264  dfl 1.3391)  | KD 27.660 (box 0.78949  cls 0.06993  dfl 0.00258  feat 0.00238)
  Epoch 1/50  Batch 655/2188 (29.9%)  | Super 126.256 (box 1.4507  cls 1.3186  dfl 1.1763)  | Base 131.721 (box 1.4955  cls 1.4333  dfl 1.1874)  | KD 18.017 (box 0.51275  cls 0.04721  dfl 0.00133  feat 0.00175)
  Epoch 1/50  Batch 873/2188 (39.9%)  | Super 138.657 (box 1.5773  cls 1.5171  dfl 1.2386)  | Base 142.387 (box 1.5804  cls 1.6412  dfl 1.2281)  | KD 20.065 (box 0.56756  cls 0.05606  dfl 0.00152  feat 0.00189)
  Epoch 1/50  Batch 1091/2188 (49.9%)  | Super 116.494 (box 1.4052  cls 1.0844  dfl 1.1508)  | Base 121.408 (box 1.4143  cls 1.2282  dfl 1.1515)  | KD 17.045 (box 0.49381  cls 0.03618  dfl 0.00121  feat 0.00145)
  Epoch 1/50  Batch 1309/2188 (59.8%)  | Super 114.325 (box 1.3759  cls 1.0721  dfl 1.1246)  | Base 117.839 (box 1.3937  cls 1.1582  dfl 1.1306)  | KD 14.485 (box 0.42321  cls 0.02694  dfl 0.00109  feat 0.00142)
  Epoch 1/50  Batch 1527/2188 (69.8%)  | Super 124.686 (box 1.5163  cls 1.1521  dfl 1.2280)  | Base 129.147 (box 1.5436  cls 1.2599  dfl 1.2323)  | KD 14.269 (box 0.41045  cls 0.03293  dfl 0.00102  feat 0.00151)
  Epoch 1/50  Batch 1745/2188 (79.8%)  | Super 114.370 (box 1.3729  cls 1.0663  dfl 1.1348)  | Base 117.987 (box 1.3902  cls 1.1633  dfl 1.1336)  | KD 15.140 (box 0.43808  cls 0.03248  dfl 0.00113  feat 0.00144)
  Epoch 1/50  Batch 1963/2188 (89.7%)  | Super 118.890 (box 1.4253  cls 1.1039  dfl 1.1860)  | Base 124.128 (box 1.4448  cls 1.2276  dfl 1.2066)  | KD 16.187 (box 0.46871  cls 0.03406  dfl 0.00127  feat 0.00179)
  Epoch 1/50  Batch 2181/2188 (99.7%)  | Super 114.806 (box 1.4250  cls 0.9927  dfl 1.1700)  | Base 117.210 (box 1.4346  cls 1.0730  dfl 1.1553)  | KD 15.521 (box 0.44860  cls 0.03341  dfl 0.00124  feat 0.00176)

================================================================================
  [Validation] Super model (skip=False)  |  Epoch 1/50
================================================================================
[*] Validation input tensor shape: torch.Size([32, 3, 736, 1312])
                 Class     Images  Instances      Box(P          R      mAP50  mAP50-95)
                   all      10000     185578       0.61       0.36      0.416      0.236

================================================================================
  [Validation] Base model  (skip=True)   |  Epoch 1/50
================================================================================
[*] Validation input tensor shape: torch.Size([32, 3, 736, 1312])
                 Class     Images  Instances      Box(P          R      mAP50  mAP50-95)
                   all      10000     185578      0.696      0.341      0.393      0.218

           Epoch         GPU_mem          box_om          cls_om          dfl_om          box_oo          cls_oo          dfl_oo       Instances            Size
  Epoch 2/50  Batch 1/2188 (0.0%)  | Super 122.822 (box 1.4713  cls 1.0809  dfl 1.2860)  | Base 128.633 (box 1.5212  cls 1.1872  dfl 1.3114)  | KD 15.721 (box 0.45379  cls 0.03442  dfl 0.00126  feat 0.00180)
  Epoch 2/50  Batch 219/2188 (10.0%)  | Super 113.985 (box 1.4451  cls 0.9797  dfl 1.1373)  | Base 116.800 (box 1.4683  cls 1.0429  dfl 1.1388)  | KD 13.830 (box 0.40385  cls 0.02579  dfl 0.00100  feat 0.00156)
  Epoch 2/50  Batch 437/2188 (20.0%)  | Super 132.672 (box 1.7210  cls 1.1367  dfl 1.2883)  | Base 136.211 (box 1.7393  cls 1.2247  dfl 1.2926)  | KD 18.457 (box 0.54946  cls 0.02429  dfl 0.00139  feat 0.00165)
  Epoch 2/50  Batch 655/2188 (29.9%)  | Super 109.872 (box 1.3625  cls 0.9498  dfl 1.1212)  | Base 113.385 (box 1.3749  cls 1.0418  dfl 1.1267)  | KD 13.962 (box 0.40619  cls 0.02777  dfl 0.00098  feat 0.00139)
  Epoch 2/50  Batch 873/2188 (39.9%)  | Super 125.462 (box 1.5152  cls 1.1676  dfl 1.2379)  | Base 127.023 (box 1.5340  cls 1.2150  dfl 1.2205)  | KD 15.317 (box 0.45046  cls 0.02558  dfl 0.00111  feat 0.00152)
  Epoch 2/50  Batch 1091/2188 (49.9%)  | Super 104.464 (box 1.3558  cls 0.8370  dfl 1.0717)  | Base 107.030 (box 1.3784  cls 0.8981  dfl 1.0682)  | KD 13.341 (box 0.39370  cls 0.02095  dfl 0.00102  feat 0.00122)
  Epoch 2/50  Batch 1309/2188 (59.8%)  | Super 104.521 (box 1.3346  cls 0.8430  dfl 1.0887)  | Base 107.128 (box 1.3396  cls 0.9298  dfl 1.0784)  | KD 13.580 (box 0.39409  cls 0.02786  dfl 0.00113  feat 0.00130)
  Epoch 2/50  Batch 1527/2188 (69.8%)  | Super 117.810 (box 1.4712  cls 1.0017  dfl 1.2087)  | Base 120.760 (box 1.4918  cls 1.0762  dfl 1.2057)  | KD 14.387 (box 0.42191  cls 0.02518  dfl 0.00117  feat 0.00134)
  Epoch 2/50  Batch 1745/2188 (79.8%)  | Super 107.852 (box 1.3516  cls 0.8989  dfl 1.1199)  | Base 110.901 (box 1.3856  cls 0.9456  dfl 1.1345)  | KD 12.486 (box 0.37183  cls 0.01622  dfl 0.00090  feat 0.00125)
  Epoch 2/50  Batch 1963/2188 (89.7%)  | Super 110.659 (box 1.3393  cls 0.9961  dfl 1.1228)  | Base 111.962 (box 1.3273  cls 1.0515  dfl 1.1200)  | KD 12.681 (box 0.36905  cls 0.02485  dfl 0.00098  feat 0.00139)
  Epoch 2/50  Batch 2181/2188 (99.7%)  | Super 110.442 (box 1.4065  cls 0.8849  dfl 1.1599)  | Base 115.368 (box 1.4464  cls 0.9759  dfl 1.1830)  | KD 13.413 (box 0.39409  cls 0.02258  dfl 0.00107  feat 0.00140)

================================================================================
  [Validation] Super model (skip=False)  |  Epoch 2/50
================================================================================
[*] Validation input tensor shape: torch.Size([32, 3, 736, 1312])
                 Class     Images  Instances      Box(P          R      mAP50  mAP50-95)
                   all      10000     185578      0.676      0.459      0.496      0.284

================================================================================
  [Validation] Base model  (skip=True)   |  Epoch 2/50
================================================================================
[*] Validation input tensor shape: torch.Size([32, 3, 736, 1312])
                 Class     Images  Instances      Box(P          R      mAP50  mAP50-95)
                   all      10000     185578      0.666      0.432      0.471      0.264

           Epoch         GPU_mem          box_om          cls_om          dfl_om          box_oo          cls_oo          dfl_oo       Instances            Size
  Epoch 3/50  Batch 1/2188 (0.0%)  | Super 112.880 (box 1.4000  cls 0.9491  dfl 1.1783)  | Base 114.761 (box 1.4029  cls 1.0280  dfl 1.1554)  | KD 13.195 (box 0.38318  cls 0.02679  dfl 0.00096  feat 0.00141)
  Epoch 3/50  Batch 219/2188 (10.0%)  | Super 117.051 (box 1.5049  cls 0.9639  dfl 1.1890)  | Base 119.640 (box 1.5288  cls 1.0171  dfl 1.1929)  | KD 12.434 (box 0.36688  cls 0.01911  dfl 0.00103  feat 0.00154)
  Epoch 3/50  Batch 437/2188 (20.0%)  | Super 123.432 (box 1.6598  cls 1.0136  dfl 1.1838)  | Base 126.567 (box 1.6758  cls 1.0932  dfl 1.1863)  | KD 14.952 (box 0.44758  cls 0.01724  dfl 0.00106  feat 0.00138)
  Epoch 3/50  Batch 655/2188 (29.9%)  | Super 107.271 (box 1.3604  cls 0.8635  dfl 1.1283)  | Base 110.417 (box 1.3896  cls 0.9289  dfl 1.1320)  | KD 11.462 (box 0.33848  cls 0.01748  dfl 0.00079  feat 0.00143)
  Epoch 3/50  Batch 873/2188 (39.9%)  | Super 113.016 (box 1.4331  cls 0.9964  dfl 1.1023)  | Base 115.525 (box 1.4485  cls 1.0636  dfl 1.0981)  | KD 13.423 (box 0.39725  cls 0.02005  dfl 0.00097  feat 0.00121)
  Epoch 3/50  Batch 1091/2188 (49.9%)  | Super 104.328 (box 1.3564  cls 0.7974  dfl 1.1065)  | Base 106.182 (box 1.3587  cls 0.8576  dfl 1.1019)  | KD 10.854 (box 0.32251  cls 0.01482  dfl 0.00079  feat 0.00106)
  Epoch 3/50  Batch 1309/2188 (59.8%)  | Super 106.120 (box 1.3362  cls 0.8250  dfl 1.1550)  | Base 107.651 (box 1.3379  cls 0.8824  dfl 1.1438)  | KD 12.607 (box 0.37126  cls 0.02056  dfl 0.00092  feat 0.00123)
  Epoch 3/50  Batch 1527/2188 (69.8%)  | Super 115.493 (box 1.4726  cls 0.9566  dfl 1.1801)  | Base 119.210 (box 1.4970  cls 1.0554  dfl 1.1729)  | KD 12.566 (box 0.36849  cls 0.02203  dfl 0.00093  feat 0.00124)
  Epoch 3/50  Batch 1745/2188 (79.8%)  | Super 108.346 (box 1.3709  cls 0.8825  dfl 1.1325)  | Base 111.189 (box 1.3979  cls 0.9408  dfl 1.1359)  | KD 12.626 (box 0.37266  cls 0.01989  dfl 0.00092  feat 0.00108)
  Epoch 3/50  Batch 1963/2188 (89.7%)  | Super 116.463 (box 1.4181  cls 1.0137  dfl 1.2078)  | Base 118.706 (box 1.4330  cls 1.0729  dfl 1.2037)  | KD 12.916 (box 0.37769  cls 0.02344  dfl 0.00100  feat 0.00148)
  Epoch 3/50  Batch 2181/2188 (99.7%)  | Super 111.734 (box 1.4403  cls 0.8265  dfl 1.2249)  | Base 114.624 (box 1.4602  cls 0.9025  dfl 1.2193)  | KD 11.473 (box 0.33834  cls 0.01815  dfl 0.00093  feat 0.00112)

================================================================================
  [Validation] Super model (skip=False)  |  Epoch 3/50
================================================================================
[*] Validation input tensor shape: torch.Size([32, 3, 736, 1312])
                 Class     Images  Instances      Box(P          R      mAP50  mAP50-95)
                   all      10000     185578      0.701      0.482      0.526        0.3

================================================================================
  [Validation] Base model  (skip=True)   |  Epoch 3/50
================================================================================
[*] Validation input tensor shape: torch.Size([32, 3, 736, 1312])
                 Class     Images  Instances      Box(P          R      mAP50  mAP50-95)
                   all      10000     185578      0.583      0.458      0.503      0.284

           Epoch         GPU_mem          box_om          cls_om          dfl_om          box_oo          cls_oo          dfl_oo       Instances            Size
  Epoch 4/50  Batch 1/2188 (0.0%)  | Super 114.123 (box 1.4274  cls 0.9128  dfl 1.2261)  | Base 115.841 (box 1.4371  cls 0.9735  dfl 1.2094)  | KD 12.809 (box 0.37712  cls 0.02107  dfl 0.00098  feat 0.00110)
  Epoch 4/50  Batch 219/2188 (10.0%)  | Super 116.389 (box 1.4704  cls 0.9675  dfl 1.1993)  | Base 117.378 (box 1.4716  cls 1.0214  dfl 1.1750)  | KD 11.644 (box 0.34285  cls 0.01881  dfl 0.00094  feat 0.00127)
  Epoch 4/50  Batch 437/2188 (20.0%)  | Super 118.912 (box 1.6050  cls 0.9642  dfl 1.1468)  | Base 121.514 (box 1.6325  cls 1.0118  dfl 1.1530)  | KD 14.496 (box 0.43314  cls 0.01777  dfl 0.00088  feat 0.00122)
  Epoch 4/50  Batch 655/2188 (29.9%)  | Super 103.509 (box 1.3197  cls 0.8144  dfl 1.1005)  | Base 105.540 (box 1.3359  cls 0.8641  dfl 1.0981)  | KD 10.559 (box 0.31394  cls 0.01419  dfl 0.00071  feat 0.00113)
  Epoch 4/50  Batch 873/2188 (39.9%)  | Super 117.798 (box 1.4965  cls 0.9747  dfl 1.2100)  | Base 121.572 (box 1.5348  cls 1.0475  dfl 1.2169)  | KD 14.024 (box 0.42030  cls 0.01577  dfl 0.00106  feat 0.00111)
  Epoch 4/50  Batch 1091/2188 (49.9%)  | Super 103.673 (box 1.3399  cls 0.8151  dfl 1.0847)  | Base 106.194 (box 1.3648  cls 0.8670  dfl 1.0867)  | KD 11.160 (box 0.33418  cls 0.01270  dfl 0.00081  feat 0.00107)
  Epoch 4/50  Batch 1309/2188 (59.8%)  | Super 102.108 (box 1.3087  cls 0.7718  dfl 1.1104)  | Base 104.141 (box 1.3296  cls 0.8107  dfl 1.1141)  | KD 12.025 (box 0.35965  cls 0.01411  dfl 0.00088  feat 0.00115)
  Epoch 4/50  Batch 1527/2188 (69.8%)  | Super 112.284 (box 1.4479  cls 0.8948  dfl 1.1661)  | Base 114.322 (box 1.4586  cls 0.9527  dfl 1.1613)  | KD 12.140 (box 0.35988  cls 0.01749  dfl 0.00093  feat 0.00108)
  Epoch 4/50  Batch 1745/2188 (79.8%)  | Super 105.782 (box 1.3566  cls 0.8459  dfl 1.1031)  | Base 107.659 (box 1.3694  cls 0.8908  dfl 1.1041)  | KD 12.082 (box 0.36164  cls 0.01400  dfl 0.00084  feat 0.00107)
  Epoch 4/50  Batch 1963/2188 (89.7%)  | Super 108.532 (box 1.3653  cls 0.8986  dfl 1.1277)  | Base 109.549 (box 1.3633  cls 0.9386  dfl 1.1214)  | KD 11.490 (box 0.34451  cls 0.01235  dfl 0.00084  feat 0.00136)
  Epoch 4/50  Batch 2181/2188 (99.7%)  | Super 109.292 (box 1.4024  cls 0.8114  dfl 1.2016)  | Base 110.603 (box 1.4064  cls 0.8599  dfl 1.1900)  | KD 11.110 (box 0.32451  cls 0.02045  dfl 0.00081  feat 0.00142)

================================================================================
  [Validation] Super model (skip=False)  |  Epoch 4/50
================================================================================
[*] Validation input tensor shape: torch.Size([32, 3, 736, 1312])
                 Class     Images  Instances      Box(P          R      mAP50  mAP50-95)
                   all      10000     185578      0.711       0.49      0.541       0.31

================================================================================
  [Validation] Base model  (skip=True)   |  Epoch 4/50
================================================================================
[*] Validation input tensor shape: torch.Size([32, 3, 736, 1312])
                 Class     Images  Instances      Box(P          R      mAP50  mAP50-95)
                   all      10000     185578      0.599      0.475      0.523      0.295

           Epoch         GPU_mem          box_om          cls_om          dfl_om          box_oo          cls_oo          dfl_oo       Instances            Size
  Epoch 5/50  Batch 1/2188 (0.0%)  | Super 109.150 (box 1.3866  cls 0.8672  dfl 1.1571)  | Base 111.547 (box 1.4054  cls 0.9223  dfl 1.1581)  | KD 11.061 (box 0.32985  cls 0.01405  dfl 0.00077  feat 0.00098)
  Epoch 5/50  Batch 219/2188 (10.0%)  | Super 110.367 (box 1.4624  cls 0.9005  dfl 1.0861)  | Base 110.889 (box 1.4454  cls 0.9414  dfl 1.0785)  | KD 11.786 (box 0.35112  cls 0.01517  dfl 0.00097  feat 0.00107)
  Epoch 5/50  Batch 437/2188 (20.0%)  | Super 118.496 (box 1.5887  cls 0.9263  dfl 1.1880)  | Base 120.985 (box 1.6142  cls 0.9696  dfl 1.1970)  | KD 13.855 (box 0.41645  cls 0.01410  dfl 0.00103  feat 0.00140)
  Epoch 5/50  Batch 655/2188 (29.9%)  | Super 104.368 (box 1.3577  cls 0.8015  dfl 1.1023)  | Base 106.917 (box 1.3711  cls 0.8658  dfl 1.1043)  | KD 11.055 (box 0.33226  cls 0.01147  dfl 0.00072  feat 0.00101)
  Epoch 5/50  Batch 873/2188 (39.9%)  | Super 117.630 (box 1.4395  cls 1.0395  dfl 1.1970)  | Base 118.690 (box 1.4650  cls 1.0590  dfl 1.1851)  | KD 12.570 (box 0.37161  cls 0.01905  dfl 0.00095  feat 0.00119)
  Epoch 5/50  Batch 1091/2188 (49.9%)  | Super 105.312 (box 1.3409  cls 0.8142  dfl 1.1359)  | Base 108.219 (box 1.3747  cls 0.8583  dfl 1.1488)  | KD 10.394 (box 0.30826  cls 0.01462  dfl 0.00076  feat 0.00117)
  Epoch 5/50  Batch 1309/2188 (59.8%)  | Super 100.395 (box 1.2608  cls 0.7888  dfl 1.0878)  | Base 102.982 (box 1.2898  cls 0.8362  dfl 1.0922)  | KD 11.494 (box 0.34625  cls 0.01119  dfl 0.00086  feat 0.00090)
  Epoch 5/50  Batch 1527/2188 (69.8%)  | Super 115.672 (box 1.4886  cls 0.9373  dfl 1.1889)  | Base 118.000 (box 1.5047  cls 0.9902  dfl 1.1926)  | KD 10.911 (box 0.32615  cls 0.01305  dfl 0.00078  feat 0.00099)
  Epoch 5/50  Batch 1745/2188 (79.8%)  | Super 105.133 (box 1.3650  cls 0.8083  dfl 1.1122)  | Base 107.233 (box 1.3835  cls 0.8568  dfl 1.1107)  | KD 11.222 (box 0.33738  cls 0.01149  dfl 0.00084  feat 0.00098)
  Epoch 5/50  Batch 1963/2188 (89.7%)  | Super 105.406 (box 1.3307  cls 0.8327  dfl 1.1306)  | Base 107.708 (box 1.3505  cls 0.8858  dfl 1.1295)  | KD 11.010 (box 0.32688  cls 0.01513  dfl 0.00080  feat 0.00125)
  Epoch 5/50  Batch 2181/2188 (99.7%)  | Super 109.048 (box 1.4206  cls 0.7822  dfl 1.2049)  | Base 109.056 (box 1.4180  cls 0.8131  dfl 1.1769)  | KD 10.466 (box 0.31251  cls 0.01262  dfl 0.00076  feat 0.00119)

================================================================================
  [Validation] Super model (skip=False)  |  Epoch 5/50
================================================================================
[*] Validation input tensor shape: torch.Size([32, 3, 736, 1312])
                 Class     Images  Instances      Box(P          R      mAP50  mAP50-95)
                   all      10000     185578       0.62      0.496      0.549      0.316

================================================================================
  [Validation] Base model  (skip=True)   |  Epoch 5/50
================================================================================
[*] Validation input tensor shape: torch.Size([32, 3, 736, 1312])
                 Class     Images  Instances      Box(P          R      mAP50  mAP50-95)
                   all      10000     185578      0.608       0.48      0.529        0.3

           Epoch         GPU_mem          box_om          cls_om          dfl_om          box_oo          cls_oo          dfl_oo       Instances            Size
  Epoch 6/50  Batch 1/2188 (0.0%)  | Super 108.516 (box 1.3808  cls 0.8571  dfl 1.1533)  | Base 111.979 (box 1.4186  cls 0.9248  dfl 1.1559)  | KD 11.874 (box 0.35577  cls 0.01337  dfl 0.00087  feat 0.00105)
  Epoch 6/50  Batch 219/2188 (10.0%)  | Super 107.573 (box 1.4084  cls 0.8307  dfl 1.1226)  | Base 109.614 (box 1.4139  cls 0.9004  dfl 1.1112)  | KD 11.349 (box 0.33656  cls 0.01629  dfl 0.00079  feat 0.00102)
  Epoch 6/50  Batch 437/2188 (20.0%)  | Super 118.960 (box 1.5994  cls 0.9474  dfl 1.1707)  | Base 120.671 (box 1.6222  cls 0.9861  dfl 1.1626)  | KD 12.806 (box 0.38624  cls 0.01203  dfl 0.00082  feat 0.00108)
  Epoch 6/50  Batch 655/2188 (29.9%)  | Super 104.533 (box 1.3586  cls 0.7713  dfl 1.1367)  | Base 106.508 (box 1.3653  cls 0.8320  dfl 1.1311)  | KD 10.041 (box 0.29626  cls 0.01578  dfl 0.00067  feat 0.00106)
  Epoch 6/50  Batch 873/2188 (39.9%)  | Super 116.834 (box 1.4600  cls 0.9796  dfl 1.2114)  | Base 118.607 (box 1.4910  cls 1.0172  dfl 1.1983)  | KD 12.255 (box 0.36775  cls 0.01325  dfl 0.00090  feat 0.00106)
  Epoch 6/50  Batch 1091/2188 (49.9%)  | Super 102.014 (box 1.3318  cls 0.7572  dfl 1.0990)  | Base 103.470 (box 1.3453  cls 0.7986  dfl 1.0895)  | KD 9.964 (box 0.29826  cls 0.01129  dfl 0.00074  feat 0.00108)
  Epoch 6/50  Batch 1309/2188 (59.8%)  | Super 104.755 (box 1.3446  cls 0.7876  dfl 1.1414)  | Base 106.936 (box 1.3575  cls 0.8396  dfl 1.1446)  | KD 11.441 (box 0.33595  cls 0.01973  dfl 0.00087  feat 0.00097)
  Epoch 6/50  Batch 1527/2188 (69.8%)  | Super 110.486 (box 1.4083  cls 0.8752  dfl 1.1692)  | Base 113.403 (box 1.4398  cls 0.9258  dfl 1.1782)  | KD 11.321 (box 0.33578  cls 0.01590  dfl 0.00093  feat 0.00119)
  Epoch 6/50  Batch 1745/2188 (79.8%)  | Super 98.696 (box 1.2764  cls 0.7613  dfl 1.0466)  | Base 99.548 (box 1.2708  cls 0.8006  dfl 1.0395)  | KD 10.512 (box 0.31358  cls 0.01324  dfl 0.00077  feat 0.00090)
  Epoch 6/50  Batch 1963/2188 (89.7%)  | Super 106.379 (box 1.3332  cls 0.8304  dfl 1.1608)  | Base 108.436 (box 1.3512  cls 0.8800  dfl 1.1574)  | KD 11.002 (box 0.33271  cls 0.00901  dfl 0.00085  feat 0.00124)
  Epoch 6/50  Batch 2181/2188 (99.7%)  | Super 106.224 (box 1.3923  cls 0.7616  dfl 1.1655)  | Base 107.171 (box 1.3985  cls 0.7868  dfl 1.1638)  | KD 10.712 (box 0.32095  cls 0.01185  dfl 0.00089  feat 0.00106)

================================================================================
  [Validation] Super model (skip=False)  |  Epoch 6/50
================================================================================
[*] Validation input tensor shape: torch.Size([32, 3, 736, 1312])
                 Class     Images  Instances      Box(P          R      mAP50  mAP50-95)
                   all      10000     185578      0.727        0.5      0.556      0.322

================================================================================
  [Validation] Base model  (skip=True)   |  Epoch 6/50
================================================================================
[*] Validation input tensor shape: torch.Size([32, 3, 736, 1312])
                 Class     Images  Instances      Box(P          R      mAP50  mAP50-95)
                   all      10000     185578      0.606      0.488      0.538      0.306

           Epoch         GPU_mem          box_om          cls_om          dfl_om          box_oo          cls_oo          dfl_oo       Instances            Size
  Epoch 7/50  Batch 1/2188 (0.0%)  | Super 107.919 (box 1.4067  cls 0.8047  dfl 1.1610)  | Base 110.067 (box 1.4267  cls 0.8504  dfl 1.1626)  | KD 10.682 (box 0.31852  cls 0.01363  dfl 0.00067  feat 0.00099)
  Epoch 7/50  Batch 219/2188 (10.0%)  | Super 111.641 (box 1.4544  cls 0.8999  dfl 1.1344)  | Base 114.813 (box 1.4883  cls 0.9439  dfl 1.1557)  | KD 11.150 (box 0.32187  cls 0.02457  dfl 0.00090  feat 0.00108)
  Epoch 7/50  Batch 437/2188 (20.0%)  | Super 114.534 (box 1.5731  cls 0.8811  dfl 1.1250)  | Base 116.305 (box 1.5938  cls 0.9135  dfl 1.1273)  | KD 12.834 (box 0.38853  cls 0.01069  dfl 0.00079  feat 0.00104)
  Epoch 7/50  Batch 655/2188 (29.9%)  | Super 100.393 (box 1.3105  cls 0.7536  dfl 1.0731)  | Base 101.100 (box 1.3095  cls 0.7841  dfl 1.0659)  | KD 9.473 (box 0.28416  cls 0.01034  dfl 0.00065  feat 0.00089)
  Epoch 7/50  Batch 873/2188 (39.9%)  | Super 114.444 (box 1.4608  cls 0.9598  dfl 1.1558)  | Base 116.204 (box 1.4699  cls 1.0002  dfl 1.1612)  | KD 12.483 (box 0.37514  cls 0.01307  dfl 0.00093  feat 0.00096)
  Epoch 7/50  Batch 1091/2188 (49.9%)  | Super 99.257 (box 1.2963  cls 0.7490  dfl 1.0565)  | Base 100.649 (box 1.3167  cls 0.7730  dfl 1.0556)  | KD 9.654 (box 0.29141  cls 0.00866  dfl 0.00065  feat 0.00095)
  Epoch 7/50  Batch 1309/2188 (59.8%)  | Super 101.601 (box 1.2977  cls 0.7450  dfl 1.1324)  | Base 103.043 (box 1.2998  cls 0.8086  dfl 1.1117)  | KD 10.612 (box 0.31771  cls 0.01212  dfl 0.00079  feat 0.00101)
  Epoch 7/50  Batch 1527/2188 (69.8%)  | Super 111.062 (box 1.4147  cls 0.9128  dfl 1.1432)  | Base 112.249 (box 1.4232  cls 0.9462  dfl 1.1383)  | KD 11.267 (box 0.33506  cls 0.01519  dfl 0.00083  feat 0.00103)
  Epoch 7/50  Batch 1745/2188 (79.8%)  | Super 102.674 (box 1.3341  cls 0.7842  dfl 1.0903)  | Base 105.379 (box 1.3560  cls 0.8465  dfl 1.0905)  | KD 10.348 (box 0.31207  cls 0.00961  dfl 0.00076  feat 0.00094)
  Epoch 7/50  Batch 1963/2188 (89.7%)  | Super 107.814 (box 1.3816  cls 0.8639  dfl 1.1237)  | Base 107.710 (box 1.3697  cls 0.8862  dfl 1.1101)  | KD 10.775 (box 0.32163  cls 0.01325  dfl 0.00075  feat 0.00110)
  Epoch 7/50  Batch 2181/2188 (99.7%)  | Super 109.318 (box 1.4463  cls 0.7502  dfl 1.2196)  | Base 109.999 (box 1.4475  cls 0.7877  dfl 1.2023)  | KD 9.683 (box 0.28544  cls 0.01528  dfl 0.00064  feat 0.00121)

================================================================================
  [Validation] Super model (skip=False)  |  Epoch 7/50
================================================================================
[*] Validation input tensor shape: torch.Size([32, 3, 736, 1312])
                 Class     Images  Instances      Box(P          R      mAP50  mAP50-95)
                   all      10000     185578       0.73      0.505      0.562      0.324

================================================================================
  [Validation] Base model  (skip=True)   |  Epoch 7/50
================================================================================
[*] Validation input tensor shape: torch.Size([32, 3, 736, 1312])
                 Class     Images  Instances      Box(P          R      mAP50  mAP50-95)
                   all      10000     185578      0.611       0.49      0.544       0.31

           Epoch         GPU_mem          box_om          cls_om          dfl_om          box_oo          cls_oo          dfl_oo       Instances            Size
  Epoch 8/50  Batch 1/2188 (0.0%)  | Super 107.444 (box 1.3572  cls 0.8506  dfl 1.1499)  | Base 110.219 (box 1.3816  cls 0.9126  dfl 1.1501)  | KD 10.755 (box 0.32079  cls 0.01366  dfl 0.00071  feat 0.00094)
  Epoch 8/50  Batch 219/2188 (10.0%)  | Super 104.099 (box 1.3903  cls 0.7933  dfl 1.0696)  | Base 107.032 (box 1.4253  cls 0.8379  dfl 1.0815)  | KD 10.339 (box 0.30990  cls 0.01130  dfl 0.00071  feat 0.00118)
  Epoch 8/50  Batch 437/2188 (20.0%)  | Super 115.633 (box 1.5969  cls 0.8868  dfl 1.1298)  | Base 118.496 (box 1.6209  cls 0.9421  dfl 1.1400)  | KD 12.776 (box 0.38624  cls 0.01112  dfl 0.00079  feat 0.00108)
  Epoch 8/50  Batch 655/2188 (29.9%)  | Super 99.033 (box 1.2734  cls 0.7674  dfl 1.0540)  | Base 100.813 (box 1.2825  cls 0.8091  dfl 1.0588)  | KD 9.721 (box 0.29067  cls 0.01152  dfl 0.00066  feat 0.00094)
  Epoch 8/50  Batch 873/2188 (39.9%)  | Super 119.613 (box 1.5246  cls 1.0039  dfl 1.2094)  | Base 121.664 (box 1.5454  cls 1.0386  dfl 1.2180)  | KD 11.711 (box 0.35135  cls 0.01280  dfl 0.00080  feat 0.00103)
  Epoch 8/50  Batch 1091/2188 (49.9%)  | Super 99.480 (box 1.2951  cls 0.7294  dfl 1.0843)  | Base 101.233 (box 1.3077  cls 0.7654  dfl 1.0905)  | KD 9.338 (box 0.28193  cls 0.00836  dfl 0.00069  feat 0.00084)
  Epoch 8/50  Batch 1309/2188 (59.8%)  | Super 101.436 (box 1.2984  cls 0.7576  dfl 1.1138)  | Base 100.875 (box 1.2794  cls 0.7830  dfl 1.0899)  | KD 10.581 (box 0.31568  cls 0.01327  dfl 0.00079  feat 0.00090)
  Epoch 8/50  Batch 1527/2188 (69.8%)  | Super 113.704 (box 1.4525  cls 0.9365  dfl 1.1642)  | Base 114.070 (box 1.4412  cls 0.9731  dfl 1.1504)  | KD 11.427 (box 0.33812  cls 0.01705  dfl 0.00083  feat 0.00110)
  Epoch 8/50  Batch 1745/2188 (79.8%)  | Super 104.133 (box 1.3379  cls 0.7950  dfl 1.1212)  | Base 106.777 (box 1.3720  cls 0.8459  dfl 1.1189)  | KD 10.391 (box 0.31555  cls 0.00745  dfl 0.00075  feat 0.00096)
  Epoch 8/50  Batch 1963/2188 (89.7%)  | Super 104.800 (box 1.3370  cls 0.8137  dfl 1.1244)  | Base 106.964 (box 1.3561  cls 0.8570  dfl 1.1296)  | KD 9.857 (box 0.29515  cls 0.01092  dfl 0.00072  feat 0.00122)
  Epoch 8/50  Batch 2181/2188 (99.7%)  | Super 106.686 (box 1.3867  cls 0.7560  dfl 1.1912)  | Base 108.492 (box 1.4000  cls 0.8066  dfl 1.1837)  | KD 9.726 (box 0.29000  cls 0.01206  dfl 0.00071  feat 0.00119)

================================================================================
  [Validation] Super model (skip=False)  |  Epoch 8/50
================================================================================
[*] Validation input tensor shape: torch.Size([32, 3, 736, 1312])
                 Class     Images  Instances      Box(P          R      mAP50  mAP50-95)
                   all      10000     185578      0.726      0.509      0.565      0.327

================================================================================
  [Validation] Base model  (skip=True)   |  Epoch 8/50
================================================================================
[*] Validation input tensor shape: torch.Size([32, 3, 736, 1312])
                 Class     Images  Instances      Box(P          R      mAP50  mAP50-95)
                   all      10000     185578      0.613      0.495      0.549      0.313

           Epoch         GPU_mem          box_om          cls_om          dfl_om          box_oo          cls_oo          dfl_oo       Instances            Size
  Epoch 9/50  Batch 1/2188 (0.0%)  | Super 101.549 (box 1.3062  cls 0.7995  dfl 1.0677)  | Base 103.925 (box 1.3276  cls 0.8493  dfl 1.0707)  | KD 11.637 (box 0.34820  cls 0.01376  dfl 0.00080  feat 0.00091)
  Epoch 9/50  Batch 219/2188 (10.0%)  | Super 114.132 (box 1.4949  cls 0.8829  dfl 1.1889)  | Base 115.300 (box 1.5054  cls 0.9253  dfl 1.1724)  | KD 10.290 (box 0.30831  cls 0.01160  dfl 0.00072  feat 0.00093)
  Epoch 9/50  Batch 437/2188 (20.0%)  | Super 115.851 (box 1.5948  cls 0.8891  dfl 1.1365)  | Base 117.705 (box 1.6152  cls 0.9179  dfl 1.1452)  | KD 11.942 (box 0.36064  cls 0.01067  dfl 0.00077  feat 0.00110)
  Epoch 9/50  Batch 655/2188 (29.9%)  | Super 98.772 (box 1.3089  cls 0.7232  dfl 1.0545)  | Base 99.899 (box 1.3151  cls 0.7556  dfl 1.0512)  | KD 9.061 (box 0.27342  cls 0.00827  dfl 0.00061  feat 0.00086)
  Epoch 9/50  Batch 873/2188 (39.9%)  | Super 115.281 (box 1.4798  cls 0.9417  dfl 1.1810)  | Base 117.176 (box 1.4938  cls 0.9843  dfl 1.1836)  | KD 11.592 (box 0.34876  cls 0.01178  dfl 0.00085  feat 0.00086)
  Epoch 9/50  Batch 1091/2188 (49.9%)  | Super 101.945 (box 1.3292  cls 0.7612  dfl 1.0953)  | Base 102.967 (box 1.3470  cls 0.7770  dfl 1.0937)  | KD 9.859 (box 0.29631  cls 0.01022  dfl 0.00065  feat 0.00092)
  Epoch 9/50  Batch 1309/2188 (59.8%)  | Super 101.744 (box 1.2987  cls 0.7664  dfl 1.1144)  | Base 102.358 (box 1.3021  cls 0.8019  dfl 1.0947)  | KD 10.472 (box 0.31351  cls 0.01198  dfl 0.00082  feat 0.00093)
  Epoch 9/50  Batch 1527/2188 (69.8%)  | Super 109.870 (box 1.4177  cls 0.8678  dfl 1.1480)  | Base 110.993 (box 1.4245  cls 0.9017  dfl 1.1423)  | KD 10.502 (box 0.31141  cls 0.01486  dfl 0.00085  feat 0.00107)
  Epoch 9/50  Batch 1745/2188 (79.8%)  | Super 100.993 (box 1.2955  cls 0.7634  dfl 1.0971)  | Base 103.161 (box 1.3256  cls 0.8019  dfl 1.0962)  | KD 10.331 (box 0.30706  cls 0.01416  dfl 0.00075  feat 0.00088)
  Epoch 9/50  Batch 1963/2188 (89.7%)  | Super 98.935 (box 1.2695  cls 0.7483  dfl 1.0739)  | Base 101.833 (box 1.2951  cls 0.7953  dfl 1.0918)  | KD 9.736 (box 0.28754  cls 0.01492  dfl 0.00076  feat 0.00103)
  Epoch 9/50  Batch 2181/2188 (99.7%)  | Super 106.796 (box 1.3716  cls 0.8005  dfl 1.1653)  | Base 109.621 (box 1.4191  cls 0.8362  dfl 1.1704)  | KD 10.808 (box 0.31701  cls 0.01900  dfl 0.00077  feat 0.00096)

================================================================================
  [Validation] Super model (skip=False)  |  Epoch 9/50
================================================================================
[*] Validation input tensor shape: torch.Size([32, 3, 736, 1312])
                 Class     Images  Instances      Box(P          R      mAP50  mAP50-95)
                   all      10000     185578      0.633       0.51      0.568       0.33

================================================================================
  [Validation] Base model  (skip=True)   |  Epoch 9/50
================================================================================
[*] Validation input tensor shape: torch.Size([32, 3, 736, 1312])
                 Class     Images  Instances      Box(P          R      mAP50  mAP50-95)
                   all      10000     185578       0.61        0.5       0.55      0.315

           Epoch         GPU_mem          box_om          cls_om          dfl_om          box_oo          cls_oo          dfl_oo       Instances            Size
  Epoch 10/50  Batch 1/2188 (0.0%)  | Super 106.504 (box 1.3472  cls 0.8343  dfl 1.1467)  | Base 110.577 (box 1.3931  cls 0.9134  dfl 1.1491)  | KD 10.135 (box 0.30156  cls 0.01337  dfl 0.00077  feat 0.00100)
  Epoch 10/50  Batch 219/2188 (10.0%)  | Super 108.794 (box 1.4168  cls 0.8199  dfl 1.1631)  | Base 111.649 (box 1.4528  cls 0.8739  dfl 1.1623)  | KD 9.836 (box 0.28763  cls 0.01796  dfl 0.00071  feat 0.00107)
  Epoch 10/50  Batch 437/2188 (20.0%)  | Super 116.858 (box 1.5965  cls 0.8834  dfl 1.1719)  | Base 118.185 (box 1.6115  cls 0.9071  dfl 1.1746)  | KD 12.253 (box 0.36795  cls 0.01313  dfl 0.00081  feat 0.00102)
  Epoch 10/50  Batch 655/2188 (29.9%)  | Super 104.329 (box 1.3634  cls 0.7836  dfl 1.1133)  | Base 105.664 (box 1.3647  cls 0.8280  dfl 1.1093)  | KD 9.896 (box 0.29637  cls 0.01123  dfl 0.00070  feat 0.00094)
  Epoch 10/50  Batch 873/2188 (39.9%)  | Super 116.415 (box 1.4695  cls 0.9585  dfl 1.2099)  | Base 117.502 (box 1.4780  cls 0.9905  dfl 1.2034)  | KD 11.465 (box 0.34510  cls 0.01127  dfl 0.00081  feat 0.00111)
  Epoch 10/50  Batch 1091/2188 (49.9%)  | Super 102.125 (box 1.3341  cls 0.7642  dfl 1.0932)  | Base 103.313 (box 1.3384  cls 0.7982  dfl 1.0919)  | KD 9.824 (box 0.29533  cls 0.01009  dfl 0.00071  feat 0.00087)
  Epoch 10/50  Batch 1309/2188 (59.8%)  | Super 102.543 (box 1.2967  cls 0.7821  dfl 1.1257)  | Base 103.612 (box 1.2993  cls 0.8001  dfl 1.1384)  | KD 10.290 (box 0.31106  cls 0.00879  dfl 0.00075  feat 0.00097)
  Epoch 10/50  Batch 1527/2188 (69.8%)  | Super 110.157 (box 1.4087  cls 0.8888  dfl 1.1449)  | Base 113.060 (box 1.4409  cls 0.9449  dfl 1.1473)  | KD 11.396 (box 0.33695  cls 0.01709  dfl 0.00097  feat 0.00111)
  Epoch 10/50  Batch 1745/2188 (79.8%)  | Super 102.348 (box 1.3277  cls 0.7798  dfl 1.0909)  | Base 104.143 (box 1.3368  cls 0.8281  dfl 1.0896)  | KD 10.154 (box 0.30604  cls 0.00954  dfl 0.00073  feat 0.00100)
  Epoch 10/50  Batch 1963/2188 (89.7%)  | Super 102.425 (box 1.2964  cls 0.7675  dfl 1.1368)  | Base 105.391 (box 1.3211  cls 0.8258  dfl 1.1466)  | KD 9.267 (box 0.27384  cls 0.01390  dfl 0.00069  feat 0.00115)
  Epoch 10/50  Batch 2181/2188 (99.7%)  | Super 107.680 (box 1.4153  cls 0.7712  dfl 1.1786)  | Base 108.639 (box 1.4027  cls 0.8281  dfl 1.1642)  | KD 9.999 (box 0.29767  cls 0.01316  dfl 0.00069  feat 0.00094)

================================================================================
  [Validation] Super model (skip=False)  |  Epoch 10/50
================================================================================
[*] Validation input tensor shape: torch.Size([32, 3, 736, 1312])
                 Class     Images  Instances      Box(P          R      mAP50  mAP50-95)
                   all      10000     185578      0.631      0.516      0.571      0.331

================================================================================
  [Validation] Base model  (skip=True)   |  Epoch 10/50
================================================================================
[*] Validation input tensor shape: torch.Size([32, 3, 736, 1312])
                 Class     Images  Instances      Box(P          R      mAP50  mAP50-95)
                   all      10000     185578      0.617      0.503      0.555      0.318

           Epoch         GPU_mem          box_om          cls_om          dfl_om          box_oo          cls_oo          dfl_oo       Instances            Size
  Epoch 11/50  Batch 1/2188 (0.0%)  | Super 104.069 (box 1.3340  cls 0.7957  dfl 1.1224)  | Base 107.138 (box 1.3591  cls 0.8575  dfl 1.1315)  | KD 10.838 (box 0.32393  cls 0.01304  dfl 0.00075  feat 0.00095)
  Epoch 11/50  Batch 219/2188 (10.0%)  | Super 116.215 (box 1.5439  cls 0.8936  dfl 1.1942)  | Base 117.537 (box 1.5477  cls 0.9314  dfl 1.1940)  | KD 10.720 (box 0.32008  cls 0.01321  dfl 0.00070  feat 0.00100)
  Epoch 11/50  Batch 437/2188 (20.0%)  | Super 112.701 (box 1.5226  cls 0.8911  dfl 1.1082)  | Base 115.170 (box 1.5605  cls 0.9324  dfl 1.1062)  | KD 11.913 (box 0.36123  cls 0.00933  dfl 0.00076  feat 0.00096)
  Epoch 11/50  Batch 655/2188 (29.9%)  | Super 99.874 (box 1.3026  cls 0.7429  dfl 1.0755)  | Base 101.112 (box 1.3122  cls 0.7795  dfl 1.0680)  | KD 9.555 (box 0.28635  cls 0.01075  dfl 0.00066  feat 0.00084)
  Epoch 11/50  Batch 873/2188 (39.9%)  | Super 118.603 (box 1.5038  cls 0.9790  dfl 1.2235)  | Base 120.065 (box 1.5330  cls 1.0007  dfl 1.2183)  | KD 12.667 (box 0.38051  cls 0.01343  dfl 0.00087  feat 0.00104)
  Epoch 11/50  Batch 1091/2188 (49.9%)  | Super 100.910 (box 1.3380  cls 0.7398  dfl 1.0756)  | Base 101.370 (box 1.3392  cls 0.7570  dfl 1.0717)  | KD 9.213 (box 0.27759  cls 0.00884  dfl 0.00066  feat 0.00081)
  Epoch 11/50  Batch 1309/2188 (59.8%)  | Super 95.516 (box 1.2241  cls 0.7252  dfl 1.0355)  | Base 96.471 (box 1.2303  cls 0.7470  dfl 1.0373)  | KD 9.957 (box 0.29849  cls 0.01110  dfl 0.00068  feat 0.00089)
  Epoch 11/50  Batch 1527/2188 (69.8%)  | Super 110.150 (box 1.4355  cls 0.8829  dfl 1.1238)  | Base 112.783 (box 1.4575  cls 0.9339  dfl 1.1330)  | KD 9.967 (box 0.29776  cls 0.01205  dfl 0.00070  feat 0.00096)
  Epoch 11/50  Batch 1745/2188 (79.8%)  | Super 101.765 (box 1.3250  cls 0.7782  dfl 1.0769)  | Base 104.308 (box 1.3447  cls 0.8256  dfl 1.0894)  | KD 10.611 (box 0.32197  cls 0.00790  dfl 0.00079  feat 0.00093)
  Epoch 11/50  Batch 1963/2188 (89.7%)  | Super 100.296 (box 1.2928  cls 0.7767  dfl 1.0648)  | Base 102.276 (box 1.3152  cls 0.8084  dfl 1.0726)  | KD 9.929 (box 0.29572  cls 0.01284  dfl 0.00068  feat 0.00105)
  Epoch 11/50  Batch 2181/2188 (99.7%)  | Super 107.709 (box 1.3973  cls 0.7794  dfl 1.1892)  | Base 108.945 (box 1.4056  cls 0.8170  dfl 1.1820)  | KD 9.758 (box 0.28747  cls 0.01582  dfl 0.00062  feat 0.00102)

================================================================================
  [Validation] Super model (skip=False)  |  Epoch 11/50
================================================================================
[*] Validation input tensor shape: torch.Size([32, 3, 736, 1312])
                 Class     Images  Instances      Box(P          R      mAP50  mAP50-95)
                   all      10000     185578      0.734      0.513      0.573      0.333

================================================================================
  [Validation] Base model  (skip=True)   |  Epoch 11/50
================================================================================
[*] Validation input tensor shape: torch.Size([32, 3, 736, 1312])
                 Class     Images  Instances      Box(P          R      mAP50  mAP50-95)
                   all      10000     185578      0.614      0.501      0.557       0.32

           Epoch         GPU_mem          box_om          cls_om          dfl_om          box_oo          cls_oo          dfl_oo       Instances            Size
  Epoch 12/50  Batch 1/2188 (0.0%)  | Super 105.594 (box 1.3620  cls 0.7975  dfl 1.1402)  | Base 106.447 (box 1.3694  cls 0.8176  dfl 1.1394)  | KD 9.990 (box 0.29504  cls 0.01557  dfl 0.00076  feat 0.00081)
  Epoch 12/50  Batch 219/2188 (10.0%)  | Super 111.234 (box 1.4725  cls 0.8526  dfl 1.1509)  | Base 112.129 (box 1.4771  cls 0.8933  dfl 1.1337)  | KD 9.437 (box 0.28065  cls 0.01264  dfl 0.00067  feat 0.00096)
  Epoch 12/50  Batch 437/2188 (20.0%)  | Super 112.155 (box 1.5165  cls 0.8910  dfl 1.0973)  | Base 115.056 (box 1.5606  cls 0.9201  dfl 1.1149)  | KD 11.469 (box 0.34699  cls 0.00984  dfl 0.00063  feat 0.00096)
  Epoch 12/50  Batch 655/2188 (29.9%)  | Super 99.932 (box 1.3048  cls 0.7371  dfl 1.0810)  | Base 100.500 (box 1.2999  cls 0.7641  dfl 1.0766)  | KD 8.448 (box 0.25469  cls 0.00781  dfl 0.00058  feat 0.00092)
  Epoch 12/50  Batch 873/2188 (39.9%)  | Super 119.030 (box 1.5030  cls 0.9974  dfl 1.2193)  | Base 121.306 (box 1.5288  cls 1.0254  dfl 1.2367)  | KD 10.912 (box 0.32589  cls 0.01343  dfl 0.00068  feat 0.00099)
  Epoch 12/50  Batch 1091/2188 (49.9%)  | Super 98.792 (box 1.3145  cls 0.7200  dfl 1.0528)  | Base 99.779 (box 1.3138  cls 0.7529  dfl 1.0514)  | KD 8.821 (box 0.26552  cls 0.00873  dfl 0.00059  feat 0.00082)
  Epoch 12/50  Batch 1309/2188 (59.8%)  | Super 99.325 (box 1.2490  cls 0.7744  dfl 1.0805)  | Base 101.189 (box 1.2671  cls 0.8179  dfl 1.0773)  | KD 9.991 (box 0.29935  cls 0.01106  dfl 0.00080  feat 0.00102)
  Epoch 12/50  Batch 1527/2188 (69.8%)  | Super 109.955 (box 1.4273  cls 0.8523  dfl 1.1565)  | Base 111.908 (box 1.4484  cls 0.8992  dfl 1.1496)  | KD 10.570 (box 0.31052  cls 0.01814  dfl 0.00072  feat 0.00093)
  Epoch 12/50  Batch 1745/2188 (79.8%)  | Super 101.781 (box 1.3475  cls 0.7355  dfl 1.0976)  | Base 102.574 (box 1.3451  cls 0.7713  dfl 1.0890)  | KD 9.461 (box 0.28377  cls 0.01033  dfl 0.00069  feat 0.00088)
  Epoch 12/50  Batch 1963/2188 (89.7%)  | Super 100.294 (box 1.2891  cls 0.7938  dfl 1.0513)  | Base 100.999 (box 1.2949  cls 0.8335  dfl 1.0279)  | KD 11.335 (box 0.34293  cls 0.00943  dfl 0.00078  feat 0.00108)
  Epoch 12/50  Batch 2181/2188 (99.7%)  | Super 106.535 (box 1.3752  cls 0.7912  dfl 1.1629)  | Base 106.838 (box 1.3819  cls 0.8049  dfl 1.1518)  | KD 9.347 (box 0.27782  cls 0.01262  dfl 0.00070  feat 0.00094)

================================================================================
  [Validation] Super model (skip=False)  |  Epoch 12/50
================================================================================
[*] Validation input tensor shape: torch.Size([32, 3, 736, 1312])
                 Class     Images  Instances      Box(P          R      mAP50  mAP50-95)
                   all      10000     185578      0.722      0.521      0.574      0.334

================================================================================
  [Validation] Base model  (skip=True)   |  Epoch 12/50
================================================================================
[*] Validation input tensor shape: torch.Size([32, 3, 736, 1312])
                 Class     Images  Instances      Box(P          R      mAP50  mAP50-95)
                   all      10000     185578      0.617      0.505      0.559      0.321

           Epoch         GPU_mem          box_om          cls_om          dfl_om          box_oo          cls_oo          dfl_oo       Instances            Size
  Epoch 13/50  Batch 1/2188 (0.0%)  | Super 105.895 (box 1.3751  cls 0.7906  dfl 1.1435)  | Base 109.778 (box 1.4222  cls 0.8522  dfl 1.1562)  | KD 11.280 (box 0.33140  cls 0.01937  dfl 0.00081  feat 0.00091)
  Epoch 13/50  Batch 219/2188 (10.0%)  | Super 109.340 (box 1.4432  cls 0.8346  dfl 1.1391)  | Base 110.652 (box 1.4567  cls 0.8662  dfl 1.1350)  | KD 10.243 (box 0.30760  cls 0.01088  dfl 0.00073  feat 0.00087)
  Epoch 13/50  Batch 437/2188 (20.0%)  | Super 114.550 (box 1.5682  cls 0.8629  dfl 1.1486)  | Base 115.761 (box 1.5754  cls 0.8928  dfl 1.1493)  | KD 11.174 (box 0.33715  cls 0.01028  dfl 0.00066  feat 0.00109)
  Epoch 13/50  Batch 655/2188 (29.9%)  | Super 99.450 (box 1.3194  cls 0.7266  dfl 1.0618)  | Base 100.456 (box 1.3204  cls 0.7644  dfl 1.0544)  | KD 9.287 (box 0.27757  cls 0.01122  dfl 0.00063  feat 0.00080)
  Epoch 13/50  Batch 873/2188 (39.9%)  | Super 110.367 (box 1.4063  cls 0.9054  dfl 1.1373)  | Base 113.713 (box 1.4485  cls 0.9600  dfl 1.1449)  | KD 10.572 (box 0.31678  cls 0.01196  dfl 0.00070  feat 0.00095)
  Epoch 13/50  Batch 1091/2188 (49.9%)  | Super 100.493 (box 1.3146  cls 0.7285  dfl 1.0973)  | Base 102.534 (box 1.3364  cls 0.7627  dfl 1.1050)  | KD 9.118 (box 0.27455  cls 0.00888  dfl 0.00066  feat 0.00086)
  Epoch 13/50  Batch 1309/2188 (59.8%)  | Super 97.903 (box 1.2339  cls 0.7261  dfl 1.0995)  | Base 98.794 (box 1.2387  cls 0.7644  dfl 1.0843)  | KD 9.841 (box 0.29676  cls 0.00917  dfl 0.00068  feat 0.00091)
  Epoch 13/50  Batch 1527/2188 (69.8%)  | Super 110.072 (box 1.4055  cls 0.8811  dfl 1.1531)  | Base 111.566 (box 1.4233  cls 0.9140  dfl 1.1491)  | KD 10.714 (box 0.31987  cls 0.01306  dfl 0.00086  feat 0.00102)
  Epoch 13/50  Batch 1745/2188 (79.8%)  | Super 103.481 (box 1.3473  cls 0.7667  dfl 1.1198)  | Base 105.218 (box 1.3601  cls 0.8121  dfl 1.1158)  | KD 9.883 (box 0.29654  cls 0.01058  dfl 0.00070  feat 0.00100)
  Epoch 13/50  Batch 1963/2188 (89.7%)  | Super 105.292 (box 1.3590  cls 0.7950  dfl 1.1364)  | Base 106.357 (box 1.3734  cls 0.8140  dfl 1.1362)  | KD 8.933 (box 0.26960  cls 0.00788  dfl 0.00065  feat 0.00101)
  Epoch 13/50  Batch 2181/2188 (99.7%)  | Super 104.517 (box 1.3741  cls 0.7208  dfl 1.1712)  | Base 106.901 (box 1.3865  cls 0.7877  dfl 1.1664)  | KD 8.955 (box 0.26451  cls 0.01370  dfl 0.00058  feat 0.00105)

================================================================================
  [Validation] Super model (skip=False)  |  Epoch 13/50
================================================================================
[*] Validation input tensor shape: torch.Size([32, 3, 736, 1312])
                 Class     Images  Instances      Box(P          R      mAP50  mAP50-95)
                   all      10000     185578      0.737      0.519      0.578      0.337

================================================================================
  [Validation] Base model  (skip=True)   |  Epoch 13/50
================================================================================
[*] Validation input tensor shape: torch.Size([32, 3, 736, 1312])
                 Class     Images  Instances      Box(P          R      mAP50  mAP50-95)
                   all      10000     185578      0.617      0.504      0.561      0.323

           Epoch         GPU_mem          box_om          cls_om          dfl_om          box_oo          cls_oo          dfl_oo       Instances            Size
  Epoch 14/50  Batch 1/2188 (0.0%)  | Super 103.307 (box 1.3075  cls 0.7693  dfl 1.1515)  | Base 105.787 (box 1.3299  cls 0.8410  dfl 1.1349)  | KD 11.136 (box 0.33279  cls 0.01356  dfl 0.00083  feat 0.00081)
  Epoch 14/50  Batch 219/2188 (10.0%)  | Super 108.973 (box 1.4247  cls 0.8331  dfl 1.1476)  | Base 110.462 (box 1.4466  cls 0.8590  dfl 1.1463)  | KD 9.577 (box 0.28596  cls 0.01168  dfl 0.00073  feat 0.00090)
  Epoch 14/50  Batch 437/2188 (20.0%)  | Super 111.788 (box 1.5258  cls 0.8445  dfl 1.1230)  | Base 113.273 (box 1.5388  cls 0.8775  dfl 1.1235)  | KD 10.991 (box 0.33339  cls 0.00844  dfl 0.00064  feat 0.00100)
  Epoch 14/50  Batch 655/2188 (29.9%)  | Super 99.968 (box 1.2806  cls 0.7614  dfl 1.0820)  | Base 101.806 (box 1.2974  cls 0.8016  dfl 1.0825)  | KD 9.254 (box 0.27904  cls 0.00868  dfl 0.00064  feat 0.00081)
  Epoch 14/50  Batch 873/2188 (39.9%)  | Super 116.162 (box 1.4860  cls 0.9573  dfl 1.1869)  | Base 116.703 (box 1.4920  cls 0.9700  dfl 1.1850)  | KD 11.650 (box 0.35199  cls 0.01041  dfl 0.00075  feat 0.00090)
  Epoch 14/50  Batch 1091/2188 (49.9%)  | Super 101.014 (box 1.3355  cls 0.7318  dfl 1.0894)  | Base 101.294 (box 1.3233  cls 0.7631  dfl 1.0790)  | KD 9.253 (box 0.27948  cls 0.00824  dfl 0.00065  feat 0.00078)
  Epoch 14/50  Batch 1309/2188 (59.8%)  | Super 103.891 (box 1.3278  cls 0.7789  dfl 1.1399)  | Base 104.600 (box 1.3329  cls 0.8011  dfl 1.1348)  | KD 9.866 (box 0.29921  cls 0.00759  dfl 0.00069  feat 0.00081)
  Epoch 14/50  Batch 1527/2188 (69.8%)  | Super 107.097 (box 1.4252  cls 0.8116  dfl 1.1100)  | Base 108.635 (box 1.4323  cls 0.8512  dfl 1.1113)  | KD 9.459 (box 0.27869  cls 0.01532  dfl 0.00072  feat 0.00085)
  Epoch 14/50  Batch 1745/2188 (79.8%)  | Super 96.057 (box 1.2577  cls 0.6993  dfl 1.0448)  | Base 97.577 (box 1.2619  cls 0.7492  dfl 1.0381)  | KD 9.548 (box 0.28857  cls 0.00834  dfl 0.00061  feat 0.00085)
  Epoch 14/50  Batch 1963/2188 (89.7%)  | Super 105.949 (box 1.3502  cls 0.8241  dfl 1.1366)  | Base 107.479 (box 1.3627  cls 0.8438  dfl 1.1522)  | KD 10.126 (box 0.30732  cls 0.00734  dfl 0.00067  feat 0.00111)
  Epoch 14/50  Batch 2181/2188 (99.7%)  | Super 104.305 (box 1.3648  cls 0.7403  dfl 1.1544)  | Base 105.500 (box 1.3748  cls 0.7669  dfl 1.1551)  | KD 8.723 (box 0.26073  cls 0.01009  dfl 0.00056  feat 0.00121)

================================================================================
  [Validation] Super model (skip=False)  |  Epoch 14/50
================================================================================
[*] Validation input tensor shape: torch.Size([32, 3, 736, 1312])
                 Class     Images  Instances      Box(P          R      mAP50  mAP50-95)
                   all      10000     185578      0.741      0.517       0.58      0.338

================================================================================
  [Validation] Base model  (skip=True)   |  Epoch 14/50
================================================================================
[*] Validation input tensor shape: torch.Size([32, 3, 736, 1312])
                 Class     Images  Instances      Box(P          R      mAP50  mAP50-95)
                   all      10000     185578      0.622      0.507      0.564      0.325

           Epoch         GPU_mem          box_om          cls_om          dfl_om          box_oo          cls_oo          dfl_oo       Instances            Size
  Epoch 15/50  Batch 1/2188 (0.0%)  | Super 107.328 (box 1.3786  cls 0.8104  dfl 1.1650)  | Base 109.512 (box 1.4056  cls 0.8551  dfl 1.1616)  | KD 10.131 (box 0.30597  cls 0.00916  dfl 0.00072  feat 0.00076)
  Epoch 15/50  Batch 219/2188 (10.0%)  | Super 112.546 (box 1.4976  cls 0.8344  dfl 1.1850)  | Base 115.461 (box 1.5269  cls 0.8848  dfl 1.1965)  | KD 9.972 (box 0.29750  cls 0.01245  dfl 0.00080  feat 0.00089)
  Epoch 15/50  Batch 437/2188 (20.0%)  | Super 116.111 (box 1.5866  cls 0.8809  dfl 1.1610)  | Base 118.451 (box 1.6089  cls 0.9253  dfl 1.1674)  | KD 11.245 (box 0.33885  cls 0.01101  dfl 0.00068  feat 0.00087)
  Epoch 15/50  Batch 655/2188 (29.9%)  | Super 98.742 (box 1.3068  cls 0.7287  dfl 1.0502)  | Base 100.012 (box 1.3183  cls 0.7565  dfl 1.0506)  | KD 8.883 (box 0.26599  cls 0.01024  dfl 0.00055  feat 0.00081)
  Epoch 15/50  Batch 873/2188 (39.9%)  | Super 110.970 (box 1.4201  cls 0.9045  dfl 1.1432)  | Base 112.763 (box 1.4317  cls 0.9376  dfl 1.1546)  | KD 11.052 (box 0.33174  cls 0.01209  dfl 0.00079  feat 0.00077)
  Epoch 15/50  Batch 1091/2188 (49.9%)  | Super 100.781 (box 1.3238  cls 0.7257  dfl 1.0999)  | Base 101.765 (box 1.3297  cls 0.7584  dfl 1.0920)  | KD 9.346 (box 0.28219  cls 0.00843  dfl 0.00065  feat 0.00078)
  Epoch 15/50  Batch 1309/2188 (59.8%)  | Super 99.230 (box 1.2957  cls 0.7380  dfl 1.0673)  | Base 101.313 (box 1.3217  cls 0.7675  dfl 1.0768)  | KD 10.091 (box 0.30233  cls 0.01148  dfl 0.00071  feat 0.00084)
  Epoch 15/50  Batch 1527/2188 (69.8%)  | Super 107.638 (box 1.4237  cls 0.8086  dfl 1.1314)  | Base 110.641 (box 1.4610  cls 0.8550  dfl 1.1414)  | KD 10.074 (box 0.30198  cls 0.01121  dfl 0.00079  feat 0.00082)
  Epoch 15/50  Batch 1745/2188 (79.8%)  | Super 100.403 (box 1.3174  cls 0.7458  dfl 1.0744)  | Base 102.281 (box 1.3339  cls 0.7996  dfl 1.0628)  | KD 10.222 (box 0.30560  cls 0.01225  dfl 0.00069  feat 0.00090)
  Epoch 15/50  Batch 1963/2188 (89.7%)  | Super 101.761 (box 1.2804  cls 0.7973  dfl 1.1023)  | Base 101.949 (box 1.2775  cls 0.8147  dfl 1.0937)  | KD 10.263 (box 0.30791  cls 0.01111  dfl 0.00072  feat 0.00099)
  Epoch 15/50  Batch 2181/2188 (99.7%)  | Super 102.802 (box 1.3476  cls 0.7445  dfl 1.1205)  | Base 105.540 (box 1.3760  cls 0.7928  dfl 1.1294)  | KD 9.476 (box 0.27998  cls 0.01451  dfl 0.00063  feat 0.00101)

================================================================================
  [Validation] Super model (skip=False)  |  Epoch 15/50
================================================================================
[*] Validation input tensor shape: torch.Size([32, 3, 736, 1312])
                 Class     Images  Instances      Box(P          R      mAP50  mAP50-95)
                   all      10000     185578      0.744      0.521      0.582      0.339

================================================================================
  [Validation] Base model  (skip=True)   |  Epoch 15/50
================================================================================
[*] Validation input tensor shape: torch.Size([32, 3, 736, 1312])
                 Class     Images  Instances      Box(P          R      mAP50  mAP50-95)
                   all      10000     185578      0.626      0.509      0.567      0.326

           Epoch         GPU_mem          box_om          cls_om          dfl_om          box_oo          cls_oo          dfl_oo       Instances            Size
  Epoch 16/50  Batch 1/2188 (0.0%)  | Super 106.185 (box 1.3456  cls 0.7951  dfl 1.1776)  | Base 108.750 (box 1.3739  cls 0.8522  dfl 1.1724)  | KD 11.079 (box 0.32977  cls 0.01481  dfl 0.00079  feat 0.00084)
  Epoch 16/50  Batch 219/2188 (10.0%)  | Super 108.733 (box 1.4352  cls 0.8176  dfl 1.1451)  | Base 111.012 (box 1.4537  cls 0.8681  dfl 1.1474)  | KD 8.957 (box 0.26649  cls 0.01180  dfl 0.00066  feat 0.00096)
  Epoch 16/50  Batch 437/2188 (20.0%)  | Super 114.382 (box 1.5770  cls 0.8456  dfl 1.1519)  | Base 115.302 (box 1.5699  cls 0.8884  dfl 1.1449)  | KD 10.223 (box 0.30918  cls 0.00881  dfl 0.00058  feat 0.00089)
  Epoch 16/50  Batch 655/2188 (29.9%)  | Super 100.430 (box 1.3073  cls 0.7415  dfl 1.0896)  | Base 101.184 (box 1.3059  cls 0.7730  dfl 1.0830)  | KD 8.905 (box 0.26674  cls 0.01004  dfl 0.00065  feat 0.00084)
  Epoch 16/50  Batch 873/2188 (39.9%)  | Super 112.927 (box 1.4245  cls 0.9240  dfl 1.1804)  | Base 112.823 (box 1.4199  cls 0.9489  dfl 1.1568)  | KD 11.809 (box 0.35555  cls 0.01180  dfl 0.00080  feat 0.00088)
  Epoch 16/50  Batch 1091/2188 (49.9%)  | Super 98.714 (box 1.3155  cls 0.7159  dfl 1.0534)  | Base 100.563 (box 1.3280  cls 0.7595  dfl 1.0550)  | KD 8.689 (box 0.26014  cls 0.01007  dfl 0.00058  feat 0.00074)
  Epoch 16/50  Batch 1309/2188 (59.8%)  | Super 96.982 (box 1.2046  cls 0.7543  dfl 1.0718)  | Base 99.237 (box 1.2363  cls 0.7845  dfl 1.0804)  | KD 9.745 (box 0.28731  cls 0.01569  dfl 0.00068  feat 0.00084)
  Epoch 16/50  Batch 1527/2188 (69.8%)  | Super 105.275 (box 1.3701  cls 0.7917  dfl 1.1280)  | Base 107.508 (box 1.3822  cls 0.8443  dfl 1.1331)  | KD 9.571 (box 0.28416  cls 0.01333  dfl 0.00074  feat 0.00088)
  Epoch 16/50  Batch 1745/2188 (79.8%)  | Super 103.786 (box 1.3404  cls 0.7792  dfl 1.1236)  | Base 104.764 (box 1.3461  cls 0.8077  dfl 1.1202)  | KD 10.775 (box 0.32341  cls 0.01158  dfl 0.00090  feat 0.00085)
  Epoch 16/50  Batch 1963/2188 (89.7%)  | Super 99.561 (box 1.2970  cls 0.7337  dfl 1.0806)  | Base 101.505 (box 1.3211  cls 0.7539  dfl 1.0970)  | KD 9.983 (box 0.29964  cls 0.01061  dfl 0.00073  feat 0.00099)
  Epoch 16/50  Batch 2181/2188 (99.7%)  | Super 102.860 (box 1.3274  cls 0.7657  dfl 1.1213)  | Base 104.164 (box 1.3316  cls 0.7960  dfl 1.1275)  | KD 9.272 (box 0.27754  cls 0.01058  dfl 0.00068  feat 0.00094)

================================================================================
  [Validation] Super model (skip=False)  |  Epoch 16/50
================================================================================
[*] Validation input tensor shape: torch.Size([32, 3, 736, 1312])
                 Class     Images  Instances      Box(P          R      mAP50  mAP50-95)
                   all      10000     185578      0.735      0.525       0.58       0.34

================================================================================
  [Validation] Base model  (skip=True)   |  Epoch 16/50
================================================================================
[*] Validation input tensor shape: torch.Size([32, 3, 736, 1312])
                 Class     Images  Instances      Box(P          R      mAP50  mAP50-95)
                   all      10000     185578      0.624      0.512      0.566      0.327

           Epoch         GPU_mem          box_om          cls_om          dfl_om          box_oo          cls_oo          dfl_oo       Instances            Size
  Epoch 17/50  Batch 1/2188 (0.0%)  | Super 111.004 (box 1.3871  cls 0.8714  dfl 1.2104)  | Base 113.256 (box 1.4105  cls 0.9065  dfl 1.2222)  | KD 10.169 (box 0.30271  cls 0.01346  dfl 0.00070  feat 0.00091)
  Epoch 17/50  Batch 219/2188 (10.0%)  | Super 107.807 (box 1.4227  cls 0.8102  dfl 1.1361)  | Base 109.033 (box 1.4507  cls 0.8264  dfl 1.1302)  | KD 9.533 (box 0.28593  cls 0.01041  dfl 0.00062  feat 0.00095)
  Epoch 17/50  Batch 437/2188 (20.0%)  | Super 114.124 (box 1.5706  cls 0.8329  dfl 1.1628)  | Base 114.951 (box 1.5795  cls 0.8648  dfl 1.1479)  | KD 10.710 (box 0.32236  cls 0.01071  dfl 0.00070  feat 0.00093)
  Epoch 17/50  Batch 655/2188 (29.9%)  | Super 103.746 (box 1.3442  cls 0.8040  dfl 1.0938)  | Base 105.297 (box 1.3647  cls 0.8396  dfl 1.0863)  | KD 10.182 (box 0.30361  cls 0.01290  dfl 0.00070  feat 0.00097)
  Epoch 17/50  Batch 873/2188 (39.9%)  | Super 110.753 (box 1.4000  cls 0.8976  dfl 1.1634)  | Base 113.291 (box 1.4409  cls 0.9246  dfl 1.1749)  | KD 11.148 (box 0.33609  cls 0.01063  dfl 0.00076  feat 0.00088)
  Epoch 17/50  Batch 1091/2188 (49.9%)  | Super 99.485 (box 1.3034  cls 0.7325  dfl 1.0731)  | Base 99.983 (box 1.3032  cls 0.7619  dfl 1.0594)  | KD 9.506 (box 0.28293  cls 0.01257  dfl 0.00061  feat 0.00096)
  Epoch 17/50  Batch 1309/2188 (59.8%)  | Super 99.829 (box 1.2789  cls 0.7426  dfl 1.0982)  | Base 99.793 (box 1.2852  cls 0.7572  dfl 1.0761)  | KD 10.304 (box 0.30492  cls 0.01543  dfl 0.00071  feat 0.00094)
  Epoch 17/50  Batch 1527/2188 (69.8%)  | Super 107.009 (box 1.3960  cls 0.8384  dfl 1.1096)  | Base 109.915 (box 1.4301  cls 0.8963  dfl 1.1085)  | KD 10.250 (box 0.30419  cls 0.01438  dfl 0.00081  feat 0.00093)
  Epoch 17/50  Batch 1745/2188 (79.8%)  | Super 102.592 (box 1.3411  cls 0.7679  dfl 1.0970)  | Base 104.096 (box 1.3433  cls 0.8170  dfl 1.0926)  | KD 10.439 (box 0.31112  cls 0.01342  dfl 0.00077  feat 0.00091)
  Epoch 17/50  Batch 1963/2188 (89.7%)  | Super 108.597 (box 1.3663  cls 0.8519  dfl 1.1754)  | Base 112.043 (box 1.4005  cls 0.9199  dfl 1.1809)  | KD 9.853 (box 0.29391  cls 0.01213  dfl 0.00072  feat 0.00116)
  Epoch 17/50  Batch 2181/2188 (99.7%)  | Super 106.908 (box 1.3980  cls 0.7434  dfl 1.1995)  | Base 108.315 (box 1.3999  cls 0.8020  dfl 1.1829)  | KD 9.202 (box 0.27028  cls 0.01566  dfl 0.00061  feat 0.00101)

================================================================================
  [Validation] Super model (skip=False)  |  Epoch 17/50
================================================================================
[*] Validation input tensor shape: torch.Size([32, 3, 736, 1312])
                 Class     Images  Instances      Box(P          R      mAP50  mAP50-95)
                   all      10000     185578      0.737      0.522      0.582      0.341

================================================================================
  [Validation] Base model  (skip=True)   |  Epoch 17/50
================================================================================
[*] Validation input tensor shape: torch.Size([32, 3, 736, 1312])
                 Class     Images  Instances      Box(P          R      mAP50  mAP50-95)
                   all      10000     185578      0.617      0.518       0.57      0.329

           Epoch         GPU_mem          box_om          cls_om          dfl_om          box_oo          cls_oo          dfl_oo       Instances            Size
  Epoch 18/50  Batch 1/2188 (0.0%)  | Super 104.892 (box 1.3559  cls 0.7890  dfl 1.1330)  | Base 105.944 (box 1.3444  cls 0.8426  dfl 1.1238)  | KD 11.191 (box 0.33361  cls 0.01447  dfl 0.00084  feat 0.00081)
  Epoch 18/50  Batch 219/2188 (10.0%)  | Super 109.986 (box 1.4517  cls 0.8434  dfl 1.1419)  | Base 111.047 (box 1.4635  cls 0.8677  dfl 1.1390)  | KD 9.351 (box 0.28046  cls 0.01015  dfl 0.00072  feat 0.00088)
  Epoch 18/50  Batch 437/2188 (20.0%)  | Super 113.370 (box 1.5600  cls 0.8265  dfl 1.1563)  | Base 115.048 (box 1.5707  cls 0.8617  dfl 1.1629)  | KD 10.215 (box 0.30857  cls 0.00910  dfl 0.00063  feat 0.00091)
  Epoch 18/50  Batch 655/2188 (29.9%)  | Super 99.790 (box 1.3241  cls 0.7204  dfl 1.0739)  | Base 100.415 (box 1.3197  cls 0.7531  dfl 1.0652)  | KD 8.833 (box 0.26369  cls 0.01087  dfl 0.00066  feat 0.00083)
  Epoch 18/50  Batch 873/2188 (39.9%)  | Super 111.727 (box 1.3990  cls 0.9214  dfl 1.1711)  | Base 114.494 (box 1.4223  cls 0.9759  dfl 1.1798)  | KD 11.248 (box 0.33576  cls 0.01389  dfl 0.00081  feat 0.00106)
  Epoch 18/50  Batch 1091/2188 (49.9%)  | Super 99.169 (box 1.3032  cls 0.7270  dfl 1.0689)  | Base 100.138 (box 1.3166  cls 0.7483  dfl 1.0645)  | KD 9.720 (box 0.29349  cls 0.00871  dfl 0.00076  feat 0.00077)
  Epoch 18/50  Batch 1309/2188 (59.8%)  | Super 99.282 (box 1.2527  cls 0.7376  dfl 1.1123)  | Base 100.177 (box 1.2573  cls 0.7560  dfl 1.1172)  | KD 10.063 (box 0.30418  cls 0.00862  dfl 0.00078  feat 0.00087)
  Epoch 18/50  Batch 1527/2188 (69.8%)  | Super 108.572 (box 1.4040  cls 0.8415  dfl 1.1473)  | Base 112.075 (box 1.4428  cls 0.9050  dfl 1.1546)  | KD 10.551 (box 0.31264  cls 0.01527  dfl 0.00088  feat 0.00092)
  Epoch 18/50  Batch 1745/2188 (79.8%)  | Super 105.733 (box 1.3472  cls 0.8049  dfl 1.1521)  | Base 107.222 (box 1.3561  cls 0.8548  dfl 1.1398)  | KD 10.640 (box 0.31707  cls 0.01360  dfl 0.00076  feat 0.00108)
  Epoch 18/50  Batch 1963/2188 (89.7%)  | Super 102.535 (box 1.3228  cls 0.7829  dfl 1.0985)  | Base 104.599 (box 1.3445  cls 0.8110  dfl 1.1132)  | KD 9.713 (box 0.29319  cls 0.00857  dfl 0.00068  feat 0.00110)
  Epoch 18/50  Batch 2181/2188 (99.7%)  | Super 105.819 (box 1.3621  cls 0.8027  dfl 1.1420)  | Base 105.520 (box 1.3625  cls 0.8041  dfl 1.1309)  | KD 9.568 (box 0.28434  cls 0.01306  dfl 0.00064  feat 0.00098)

================================================================================
  [Validation] Super model (skip=False)  |  Epoch 18/50
================================================================================
[*] Validation input tensor shape: torch.Size([32, 3, 736, 1312])
                 Class     Images  Instances      Box(P          R      mAP50  mAP50-95)
                   all      10000     185578      0.742      0.521      0.583      0.341

================================================================================
  [Validation] Base model  (skip=True)   |  Epoch 18/50
================================================================================
[*] Validation input tensor shape: torch.Size([32, 3, 736, 1312])
                 Class     Images  Instances      Box(P          R      mAP50  mAP50-95)
                   all      10000     185578      0.723      0.515       0.57      0.329

           Epoch         GPU_mem          box_om          cls_om          dfl_om          box_oo          cls_oo          dfl_oo       Instances            Size
  Epoch 19/50  Batch 1/2188 (0.0%)  | Super 105.915 (box 1.3506  cls 0.8010  dfl 1.1583)  | Base 107.062 (box 1.3571  cls 0.8425  dfl 1.1461)  | KD 10.106 (box 0.30061  cls 0.01374  dfl 0.00068  feat 0.00078)
  Epoch 19/50  Batch 219/2188 (10.0%)  | Super 111.378 (box 1.4756  cls 0.8668  dfl 1.1381)  | Base 113.422 (box 1.4951  cls 0.9058  dfl 1.1436)  | KD 10.274 (box 0.30449  cls 0.01501  dfl 0.00071  feat 0.00086)
  Epoch 19/50  Batch 437/2188 (20.0%)  | Super 110.740 (box 1.5284  cls 0.8249  dfl 1.1074)  | Base 111.377 (box 1.5196  cls 0.8588  dfl 1.1020)  | KD 11.320 (box 0.33994  cls 0.01222  dfl 0.00071  feat 0.00090)
  Epoch 19/50  Batch 655/2188 (29.9%)  | Super 100.489 (box 1.3150  cls 0.7414  dfl 1.0838)  | Base 101.624 (box 1.3255  cls 0.7642  dfl 1.0861)  | KD 8.863 (box 0.26169  cls 0.01387  dfl 0.00059  feat 0.00083)
  Epoch 19/50  Batch 873/2188 (39.9%)  | Super 116.845 (box 1.4677  cls 0.9651  dfl 1.2185)  | Base 117.388 (box 1.4797  cls 0.9909  dfl 1.1978)  | KD 10.914 (box 0.32657  cls 0.01276  dfl 0.00075  feat 0.00097)
  Epoch 19/50  Batch 1091/2188 (49.9%)  | Super 102.277 (box 1.3438  cls 0.7470  dfl 1.1053)  | Base 103.623 (box 1.3608  cls 0.7814  dfl 1.0961)  | KD 9.016 (box 0.27169  cls 0.00867  dfl 0.00063  feat 0.00078)
  Epoch 19/50  Batch 1309/2188 (59.8%)  | Super 104.066 (box 1.3387  cls 0.7853  dfl 1.1280)  | Base 104.995 (box 1.3488  cls 0.8018  dfl 1.1305)  | KD 10.253 (box 0.30226  cls 0.01658  dfl 0.00071  feat 0.00086)
  Epoch 19/50  Batch 1527/2188 (69.8%)  | Super 105.305 (box 1.3664  cls 0.8103  dfl 1.1141)  | Base 107.443 (box 1.3927  cls 0.8647  dfl 1.1002)  | KD 9.797 (box 0.28902  cls 0.01555  dfl 0.00070  feat 0.00090)
  Epoch 19/50  Batch 1745/2188 (79.8%)  | Super 103.043 (box 1.3571  cls 0.7452  dfl 1.1178)  | Base 105.316 (box 1.3789  cls 0.7908  dfl 1.1214)  | KD 9.933 (box 0.29211  cls 0.01674  dfl 0.00064  feat 0.00093)
  Epoch 19/50  Batch 1963/2188 (89.7%)  | Super 98.381 (box 1.2573  cls 0.7681  dfl 1.0490)  | Base 100.624 (box 1.2894  cls 0.7989  dfl 1.0562)  | KD 10.058 (box 0.30416  cls 0.00852  dfl 0.00071  feat 0.00094)
  Epoch 19/50  Batch 2181/2188 (99.7%)  | Super 105.049 (box 1.3688  cls 0.7569  dfl 1.1571)  | Base 105.546 (box 1.3670  cls 0.7782  dfl 1.1531)  | KD 8.788 (box 0.26396  cls 0.00905  dfl 0.00063  feat 0.00096)

================================================================================
  [Validation] Super model (skip=False)  |  Epoch 19/50
================================================================================
[*] Validation input tensor shape: torch.Size([32, 3, 736, 1312])
                 Class     Images  Instances      Box(P          R      mAP50  mAP50-95)
                   all      10000     185578      0.743      0.523      0.583      0.342

================================================================================
  [Validation] Base model  (skip=True)   |  Epoch 19/50
================================================================================
[*] Validation input tensor shape: torch.Size([32, 3, 736, 1312])
                 Class     Images  Instances      Box(P          R      mAP50  mAP50-95)
                   all      10000     185578      0.723      0.516      0.571       0.33

           Epoch         GPU_mem          box_om          cls_om          dfl_om          box_oo          cls_oo          dfl_oo       Instances            Size
  Epoch 20/50  Batch 1/2188 (0.0%)  | Super 105.650 (box 1.3710  cls 0.7876  dfl 1.1430)  | Base 106.590 (box 1.3672  cls 0.8216  dfl 1.1421)  | KD 10.578 (box 0.31379  cls 0.01513  dfl 0.00078  feat 0.00086)
  Epoch 20/50  Batch 219/2188 (10.0%)  | Super 114.929 (box 1.5104  cls 0.8519  dfl 1.2292)  | Base 116.113 (box 1.5144  cls 0.8935  dfl 1.2206)  | KD 9.175 (box 0.27465  cls 0.01048  dfl 0.00058  feat 0.00100)
  Epoch 20/50  Batch 437/2188 (20.0%)  | Super 112.599 (box 1.5424  cls 0.8246  dfl 1.1517)  | Base 115.798 (box 1.5764  cls 0.8759  dfl 1.1663)  | KD 10.923 (box 0.32535  cls 0.01438  dfl 0.00074  feat 0.00087)
  Epoch 20/50  Batch 655/2188 (29.9%)  | Super 97.174 (box 1.2481  cls 0.7256  dfl 1.0630)  | Base 98.432 (box 1.2565  cls 0.7612  dfl 1.0583)  | KD 8.985 (box 0.27029  cls 0.00916  dfl 0.00058  feat 0.00077)
  Epoch 20/50  Batch 873/2188 (39.9%)  | Super 113.154 (box 1.4608  cls 0.8702  dfl 1.2051)  | Base 115.542 (box 1.4855  cls 0.9221  dfl 1.2031)  | KD 10.419 (box 0.31370  cls 0.01031  dfl 0.00071  feat 0.00088)
  Epoch 20/50  Batch 1091/2188 (49.9%)  | Super 99.423 (box 1.3183  cls 0.7220  dfl 1.0668)  | Base 100.431 (box 1.3194  cls 0.7571  dfl 1.0620)  | KD 9.436 (box 0.28382  cls 0.00960  dfl 0.00066  feat 0.00079)
  Epoch 20/50  Batch 1309/2188 (59.8%)  | Super 99.645 (box 1.2571  cls 0.7395  dfl 1.1173)  | Base 100.713 (box 1.2658  cls 0.7730  dfl 1.1084)  | KD 9.743 (box 0.29123  cls 0.01159  dfl 0.00066  feat 0.00098)
  Epoch 20/50  Batch 1527/2188 (69.8%)  | Super 103.975 (box 1.3497  cls 0.8229  dfl 1.0766)  | Base 105.605 (box 1.3654  cls 0.8612  dfl 1.0735)  | KD 10.022 (box 0.29830  cls 0.01332  dfl 0.00071  feat 0.00087)
  Epoch 20/50  Batch 1745/2188 (79.8%)  | Super 100.025 (box 1.3143  cls 0.7220  dfl 1.0894)  | Base 100.827 (box 1.3191  cls 0.7576  dfl 1.0741)  | KD 9.887 (box 0.30000  cls 0.00753  dfl 0.00064  feat 0.00081)
  Epoch 20/50  Batch 1963/2188 (89.7%)  | Super 100.973 (box 1.2986  cls 0.7730  dfl 1.0838)  | Base 102.554 (box 1.3143  cls 0.8029  dfl 1.0876)  | KD 10.146 (box 0.30483  cls 0.01041  dfl 0.00075  feat 0.00108)
  Epoch 20/50  Batch 2181/2188 (99.7%)  | Super 104.378 (box 1.3690  cls 0.7653  dfl 1.1275)  | Base 105.613 (box 1.3753  cls 0.8040  dfl 1.1211)  | KD 9.797 (box 0.29180  cls 0.01277  dfl 0.00066  feat 0.00095)

================================================================================
  [Validation] Super model (skip=False)  |  Epoch 20/50
================================================================================
[*] Validation input tensor shape: torch.Size([32, 3, 736, 1312])
                 Class     Images  Instances      Box(P          R      mAP50  mAP50-95)
                   all      10000     185578      0.746      0.525      0.584      0.342

================================================================================
  [Validation] Base model  (skip=True)   |  Epoch 20/50
================================================================================
[*] Validation input tensor shape: torch.Size([32, 3, 736, 1312])
                 Class     Images  Instances      Box(P          R      mAP50  mAP50-95)
                   all      10000     185578      0.726      0.512       0.57      0.331

           Epoch         GPU_mem          box_om          cls_om          dfl_om          box_oo          cls_oo          dfl_oo       Instances            Size
  Epoch 21/50  Batch 1/2188 (0.0%)  | Super 104.968 (box 1.3757  cls 0.7901  dfl 1.1145)  | Base 105.872 (box 1.3712  cls 0.8265  dfl 1.1108)  | KD 10.856 (box 0.32437  cls 0.01337  dfl 0.00069  feat 0.00084)
  Epoch 21/50  Batch 219/2188 (10.0%)  | Super 110.583 (box 1.4396  cls 0.8391  dfl 1.1771)  | Base 112.570 (box 1.4578  cls 0.8904  dfl 1.1695)  | KD 9.950 (box 0.29690  cls 0.01238  dfl 0.00080  feat 0.00086)
  Epoch 21/50  Batch 437/2188 (20.0%)  | Super 115.228 (box 1.6031  cls 0.8538  dfl 1.1440)  | Base 116.054 (box 1.5950  cls 0.8944  dfl 1.1372)  | KD 11.201 (box 0.34023  cls 0.00823  dfl 0.00060  feat 0.00097)
  Epoch 21/50  Batch 655/2188 (29.9%)  | Super 98.207 (box 1.2866  cls 0.7301  dfl 1.0523)  | Base 99.351 (box 1.2863  cls 0.7703  dfl 1.0481)  | KD 8.312 (box 0.25054  cls 0.00788  dfl 0.00054  feat 0.00080)
  Epoch 21/50  Batch 873/2188 (39.9%)  | Super 110.279 (box 1.3939  cls 0.9121  dfl 1.1402)  | Base 112.075 (box 1.4072  cls 0.9574  dfl 1.1377)  | KD 10.806 (box 0.32578  cls 0.01034  dfl 0.00068  feat 0.00088)
  Epoch 21/50  Batch 1091/2188 (49.9%)  | Super 97.820 (box 1.2958  cls 0.7130  dfl 1.0481)  | Base 99.228 (box 1.3202  cls 0.7312  dfl 1.0495)  | KD 9.004 (box 0.27007  cls 0.00993  dfl 0.00061  feat 0.00078)
  Epoch 21/50  Batch 1309/2188 (59.8%)  | Super 97.091 (box 1.2422  cls 0.7227  dfl 1.0692)  | Base 98.893 (box 1.2620  cls 0.7506  dfl 1.0778)  | KD 10.317 (box 0.30558  cls 0.01515  dfl 0.00077  feat 0.00090)
  Epoch 21/50  Batch 1527/2188 (69.8%)  | Super 104.108 (box 1.3537  cls 0.8038  dfl 1.0959)  | Base 106.535 (box 1.3810  cls 0.8461  dfl 1.1021)  | KD 9.742 (box 0.28776  cls 0.01496  dfl 0.00073  feat 0.00098)
  Epoch 21/50  Batch 1745/2188 (79.8%)  | Super 100.967 (box 1.3033  cls 0.7623  dfl 1.0896)  | Base 102.548 (box 1.3191  cls 0.8052  dfl 1.0804)  | KD 9.704 (box 0.29140  cls 0.01026  dfl 0.00072  feat 0.00088)
  Epoch 21/50  Batch 1963/2188 (89.7%)  | Super 96.944 (box 1.2609  cls 0.7249  dfl 1.0437)  | Base 98.480 (box 1.2815  cls 0.7574  dfl 1.0386)  | KD 9.438 (box 0.28427  cls 0.00896  dfl 0.00066  feat 0.00105)
  Epoch 21/50  Batch 2181/2188 (99.7%)  | Super 105.691 (box 1.3791  cls 0.7470  dfl 1.1768)  | Base 107.966 (box 1.4078  cls 0.7847  dfl 1.1815)  | KD 9.020 (box 0.27057  cls 0.00972  dfl 0.00067  feat 0.00091)

================================================================================
  [Validation] Super model (skip=False)  |  Epoch 21/50
================================================================================
[*] Validation input tensor shape: torch.Size([32, 3, 736, 1312])
                 Class     Images  Instances      Box(P          R      mAP50  mAP50-95)
                   all      10000     185578      0.749      0.521      0.584      0.343

================================================================================
  [Validation] Base model  (skip=True)   |  Epoch 21/50
================================================================================
[*] Validation input tensor shape: torch.Size([32, 3, 736, 1312])
                 Class     Images  Instances      Box(P          R      mAP50  mAP50-95)
                   all      10000     185578       0.73      0.513      0.572      0.331

           Epoch         GPU_mem          box_om          cls_om          dfl_om          box_oo          cls_oo          dfl_oo       Instances            Size
  Epoch 22/50  Batch 1/2188 (0.0%)  | Super 106.579 (box 1.3656  cls 0.8017  dfl 1.1633)  | Base 109.681 (box 1.4052  cls 0.8535  dfl 1.1688)  | KD 10.557 (box 0.31488  cls 0.01336  dfl 0.00074  feat 0.00094)
  Epoch 22/50  Batch 219/2188 (10.0%)  | Super 106.394 (box 1.4313  cls 0.7905  dfl 1.1030)  | Base 108.881 (box 1.4584  cls 0.8360  dfl 1.1081)  | KD 9.125 (box 0.27389  cls 0.00978  dfl 0.00058  feat 0.00089)
  Epoch 22/50  Batch 437/2188 (20.0%)  | Super 112.216 (box 1.5308  cls 0.8366  dfl 1.1393)  | Base 113.245 (box 1.5363  cls 0.8658  dfl 1.1368)  | KD 10.728 (box 0.32373  cls 0.01009  dfl 0.00061  feat 0.00084)
  Epoch 22/50  Batch 655/2188 (29.9%)  | Super 99.793 (box 1.3287  cls 0.7200  dfl 1.0699)  | Base 101.218 (box 1.3365  cls 0.7519  dfl 1.0747)  | KD 8.991 (box 0.26910  cls 0.01047  dfl 0.00054  feat 0.00088)
  Epoch 22/50  Batch 873/2188 (39.9%)  | Super 111.414 (box 1.4455  cls 0.8610  dfl 1.1751)  | Base 113.179 (box 1.4498  cls 0.9208  dfl 1.1663)  | KD 10.711 (box 0.32119  cls 0.01194  dfl 0.00070  feat 0.00088)
  Epoch 22/50  Batch 1091/2188 (49.9%)  | Super 100.755 (box 1.3374  cls 0.7257  dfl 1.0856)  | Base 101.497 (box 1.3481  cls 0.7473  dfl 1.0763)  | KD 8.138 (box 0.24121  cls 0.01181  dfl 0.00049  feat 0.00081)
  Epoch 22/50  Batch 1309/2188 (59.8%)  | Super 100.716 (box 1.2695  cls 0.7536  dfl 1.1243)  | Base 101.843 (box 1.2931  cls 0.7636  dfl 1.1259)  | KD 9.870 (box 0.29446  cls 0.01197  dfl 0.00083  feat 0.00118)
  Epoch 22/50  Batch 1527/2188 (69.8%)  | Super 109.283 (box 1.4320  cls 0.8311  dfl 1.1520)  | Base 111.194 (box 1.4578  cls 0.8631  dfl 1.1539)  | KD 9.457 (box 0.28262  cls 0.01126  dfl 0.00067  feat 0.00097)
  Epoch 22/50  Batch 1745/2188 (79.8%)  | Super 101.278 (box 1.3312  cls 0.7183  dfl 1.1154)  | Base 103.227 (box 1.3417  cls 0.7708  dfl 1.1134)  | KD 9.495 (box 0.28449  cls 0.01067  dfl 0.00068  feat 0.00086)
  Epoch 22/50  Batch 1963/2188 (89.7%)  | Super 100.101 (box 1.2594  cls 0.7562  dfl 1.1125)  | Base 103.804 (box 1.3072  cls 0.8123  dfl 1.1244)  | KD 8.792 (box 0.26345  cls 0.00948  dfl 0.00062  feat 0.00121)
  Epoch 22/50  Batch 2181/2188 (99.7%)  | Super 104.679 (box 1.3761  cls 0.7476  dfl 1.1475)  | Base 105.597 (box 1.3851  cls 0.7668  dfl 1.1480)  | KD 9.589 (box 0.28554  cls 0.01249  dfl 0.00074  feat 0.00088)

================================================================================
  [Validation] Super model (skip=False)  |  Epoch 22/50
================================================================================
[*] Validation input tensor shape: torch.Size([32, 3, 736, 1312])
                 Class     Images  Instances      Box(P          R      mAP50  mAP50-95)
                   all      10000     185578      0.746      0.525      0.586      0.344

================================================================================
  [Validation] Base model  (skip=True)   |  Epoch 22/50
================================================================================
[*] Validation input tensor shape: torch.Size([32, 3, 736, 1312])
                 Class     Images  Instances      Box(P          R      mAP50  mAP50-95)
                   all      10000     185578      0.725      0.516      0.572      0.332

           Epoch         GPU_mem          box_om          cls_om          dfl_om          box_oo          cls_oo          dfl_oo       Instances            Size
  Epoch 23/50  Batch 1/2188 (0.0%)  | Super 104.731 (box 1.3445  cls 0.7867  dfl 1.1416)  | Base 105.968 (box 1.3537  cls 0.8291  dfl 1.1287)  | KD 10.867 (box 0.32054  cls 0.01731  dfl 0.00078  feat 0.00094)
  Epoch 23/50  Batch 219/2188 (10.0%)  | Super 108.974 (box 1.4585  cls 0.7764  dfl 1.1706)  | Base 111.518 (box 1.4901  cls 0.8197  dfl 1.1751)  | KD 8.292 (box 0.24645  cls 0.01094  dfl 0.00065  feat 0.00109)
  Epoch 23/50  Batch 437/2188 (20.0%)  | Super 115.340 (box 1.5751  cls 0.8525  dfl 1.1768)  | Base 117.467 (box 1.6054  cls 0.8778  dfl 1.1876)  | KD 10.604 (box 0.31985  cls 0.00977  dfl 0.00068  feat 0.00108)
  Epoch 23/50  Batch 655/2188 (29.9%)  | Super 98.569 (box 1.2815  cls 0.7301  dfl 1.0687)  | Base 99.656 (box 1.2998  cls 0.7512  dfl 1.0633)  | KD 9.069 (box 0.27185  cls 0.01011  dfl 0.00058  feat 0.00087)
  Epoch 23/50  Batch 873/2188 (39.9%)  | Super 109.917 (box 1.4225  cls 0.8788  dfl 1.1336)  | Base 110.765 (box 1.4262  cls 0.9033  dfl 1.1319)  | KD 10.611 (box 0.31738  cls 0.01257  dfl 0.00072  feat 0.00093)
  Epoch 23/50  Batch 1091/2188 (49.9%)  | Super 99.254 (box 1.2894  cls 0.7373  dfl 1.0750)  | Base 100.560 (box 1.3089  cls 0.7519  dfl 1.0817)  | KD 8.790 (box 0.26559  cls 0.00767  dfl 0.00062  feat 0.00080)
  Epoch 23/50  Batch 1309/2188 (59.8%)  | Super 103.490 (box 1.3261  cls 0.7702  dfl 1.1378)  | Base 103.663 (box 1.3219  cls 0.7801  dfl 1.1375)  | KD 9.918 (box 0.29354  cls 0.01478  dfl 0.00065  feat 0.00099)
  Epoch 23/50  Batch 1527/2188 (69.8%)  | Super 102.756 (box 1.3589  cls 0.7715  dfl 1.0807)  | Base 104.247 (box 1.3684  cls 0.8166  dfl 1.0727)  | KD 10.579 (box 0.31770  cls 0.01107  dfl 0.00091  feat 0.00092)
  Epoch 23/50  Batch 1745/2188 (79.8%)  | Super 101.986 (box 1.3470  cls 0.7316  dfl 1.1084)  | Base 103.198 (box 1.3542  cls 0.7713  dfl 1.0994)  | KD 8.561 (box 0.25819  cls 0.00777  dfl 0.00064  feat 0.00093)
  Epoch 23/50  Batch 1963/2188 (89.7%)  | Super 101.943 (box 1.3084  cls 0.7665  dfl 1.1108)  | Base 102.952 (box 1.3153  cls 0.8033  dfl 1.0987)  | KD 10.395 (box 0.31403  cls 0.00921  dfl 0.00066  feat 0.00096)
  Epoch 23/50  Batch 2181/2188 (99.7%)  | Super 102.885 (box 1.3635  cls 0.7024  dfl 1.1492)  | Base 103.580 (box 1.3645  cls 0.7339  dfl 1.1385)  | KD 9.147 (box 0.27503  cls 0.00927  dfl 0.00062  feat 0.00092)

================================================================================
  [Validation] Super model (skip=False)  |  Epoch 23/50
================================================================================
[*] Validation input tensor shape: torch.Size([32, 3, 736, 1312])
                 Class     Images  Instances      Box(P          R      mAP50  mAP50-95)
                   all      10000     185578      0.747      0.526      0.587      0.344

================================================================================
  [Validation] Base model  (skip=True)   |  Epoch 23/50
================================================================================
[*] Validation input tensor shape: torch.Size([32, 3, 736, 1312])
                 Class     Images  Instances      Box(P          R      mAP50  mAP50-95)
                   all      10000     185578      0.727      0.517      0.574      0.333

           Epoch         GPU_mem          box_om          cls_om          dfl_om          box_oo          cls_oo          dfl_oo       Instances            Size
  Epoch 24/50  Batch 1/2188 (0.0%)  | Super 104.508 (box 1.3296  cls 0.7967  dfl 1.1396)  | Base 107.171 (box 1.3599  cls 0.8536  dfl 1.1356)  | KD 10.943 (box 0.32528  cls 0.01495  dfl 0.00085  feat 0.00088)
  Epoch 24/50  Batch 219/2188 (10.0%)  | Super 107.402 (box 1.4333  cls 0.7537  dfl 1.1693)  | Base 109.446 (box 1.4589  cls 0.7855  dfl 1.1759)  | KD 8.767 (box 0.26144  cls 0.01100  dfl 0.00062  feat 0.00092)
  Epoch 24/50  Batch 437/2188 (20.0%)  | Super 112.824 (box 1.5470  cls 0.8341  dfl 1.1446)  | Base 113.942 (box 1.5554  cls 0.8741  dfl 1.1312)  | KD 10.473 (box 0.31944  cls 0.00637  dfl 0.00065  feat 0.00083)
  Epoch 24/50  Batch 655/2188 (29.9%)  | Super 96.115 (box 1.2487  cls 0.7120  dfl 1.0429)  | Base 97.027 (box 1.2684  cls 0.7291  dfl 1.0346)  | KD 8.838 (box 0.26346  cls 0.01134  dfl 0.00055  feat 0.00084)
  Epoch 24/50  Batch 873/2188 (39.9%)  | Super 112.396 (box 1.3956  cls 0.9569  dfl 1.1599)  | Base 115.447 (box 1.4339  cls 1.0043  dfl 1.1696)  | KD 11.421 (box 0.34160  cls 0.01361  dfl 0.00079  feat 0.00091)
  Epoch 24/50  Batch 1091/2188 (49.9%)  | Super 101.721 (box 1.3358  cls 0.7303  dfl 1.1126)  | Base 102.943 (box 1.3460  cls 0.7651  dfl 1.1058)  | KD 8.530 (box 0.25608  cls 0.00903  dfl 0.00058  feat 0.00088)
  Epoch 24/50  Batch 1309/2188 (59.8%)  | Super 102.107 (box 1.2913  cls 0.7416  dfl 1.1579)  | Base 103.043 (box 1.3023  cls 0.7668  dfl 1.1510)  | KD 9.445 (box 0.28303  cls 0.01039  dfl 0.00076  feat 0.00099)
  Epoch 24/50  Batch 1527/2188 (69.8%)  | Super 108.357 (box 1.4180  cls 0.8166  dfl 1.1516)  | Base 109.581 (box 1.4256  cls 0.8501  dfl 1.1487)  | KD 9.602 (box 0.28501  cls 0.01354  dfl 0.00070  feat 0.00080)
  Epoch 24/50  Batch 1745/2188 (79.8%)  | Super 100.167 (box 1.3152  cls 0.7069  dfl 1.1081)  | Base 101.339 (box 1.3257  cls 0.7465  dfl 1.0947)  | KD 9.153 (box 0.27667  cls 0.00783  dfl 0.00066  feat 0.00089)
  Epoch 24/50  Batch 1963/2188 (89.7%)  | Super 109.919 (box 1.3662  cls 0.8936  dfl 1.1751)  | Base 111.784 (box 1.3862  cls 0.9261  dfl 1.1810)  | KD 10.550 (box 0.31131  cls 0.01658  dfl 0.00075  feat 0.00105)
  Epoch 24/50  Batch 2181/2188 (99.7%)  | Super 103.423 (box 1.3574  cls 0.7270  dfl 1.1476)  | Base 104.542 (box 1.3608  cls 0.7744  dfl 1.1317)  | KD 9.374 (box 0.28151  cls 0.00981  dfl 0.00066  feat 0.00096)

================================================================================
  [Validation] Super model (skip=False)  |  Epoch 24/50
================================================================================
[*] Validation input tensor shape: torch.Size([32, 3, 736, 1312])
                 Class     Images  Instances      Box(P          R      mAP50  mAP50-95)
                   all      10000     185578      0.746      0.526      0.588      0.345

================================================================================
  [Validation] Base model  (skip=True)   |  Epoch 24/50
================================================================================
[*] Validation input tensor shape: torch.Size([32, 3, 736, 1312])
                 Class     Images  Instances      Box(P          R      mAP50  mAP50-95)
                   all      10000     185578      0.729      0.516      0.574      0.333

           Epoch         GPU_mem          box_om          cls_om          dfl_om          box_oo          cls_oo          dfl_oo       Instances            Size
  Epoch 25/50  Batch 1/2188 (0.0%)  | Super 99.833 (box 1.2852  cls 0.7360  dfl 1.0986)  | Base 101.737 (box 1.3096  cls 0.7645  dfl 1.1052)  | KD 9.776 (box 0.29419  cls 0.00972  dfl 0.00078  feat 0.00081)
  Epoch 25/50  Batch 219/2188 (10.0%)  | Super 109.183 (box 1.4590  cls 0.7771  dfl 1.1759)  | Base 111.371 (box 1.4831  cls 0.8200  dfl 1.1772)  | KD 8.479 (box 0.25379  cls 0.00968  dfl 0.00064  feat 0.00087)
  Epoch 25/50  Batch 437/2188 (20.0%)  | Super 116.263 (box 1.6082  cls 0.8360  dfl 1.1891)  | Base 118.500 (box 1.6260  cls 0.8807  dfl 1.1964)  | KD 10.787 (box 0.32810  cls 0.00739  dfl 0.00066  feat 0.00094)
  Epoch 25/50  Batch 655/2188 (29.9%)  | Super 99.050 (box 1.2972  cls 0.7258  dfl 1.0723)  | Base 99.418 (box 1.2946  cls 0.7510  dfl 1.0612)  | KD 9.057 (box 0.26779  cls 0.01384  dfl 0.00056  feat 0.00085)
  Epoch 25/50  Batch 873/2188 (39.9%)  | Super 107.168 (box 1.3774  cls 0.8446  dfl 1.1270)  | Base 108.472 (box 1.3793  cls 0.8915  dfl 1.1190)  | KD 10.118 (box 0.30517  cls 0.00952  dfl 0.00066  feat 0.00085)
  Epoch 25/50  Batch 1091/2188 (49.9%)  | Super 100.412 (box 1.3395  cls 0.7428  dfl 1.0556)  | Base 101.731 (box 1.3623  cls 0.7552  dfl 1.0616)  | KD 9.446 (box 0.28085  cls 0.01292  dfl 0.00062  feat 0.00080)
  Epoch 25/50  Batch 1309/2188 (59.8%)  | Super 100.108 (box 1.2715  cls 0.7310  dfl 1.1260)  | Base 101.267 (box 1.2855  cls 0.7677  dfl 1.1113)  | KD 9.788 (box 0.29574  cls 0.00853  dfl 0.00070  feat 0.00091)
  Epoch 25/50  Batch 1527/2188 (69.8%)  | Super 106.342 (box 1.3843  cls 0.8322  dfl 1.1066)  | Base 108.251 (box 1.4117  cls 0.8708  dfl 1.1004)  | KD 9.450 (box 0.28215  cls 0.01158  dfl 0.00060  feat 0.00099)
  Epoch 25/50  Batch 1745/2188 (79.8%)  | Super 102.858 (box 1.3298  cls 0.7852  dfl 1.0993)  | Base 104.646 (box 1.3342  cls 0.8400  dfl 1.0960)  | KD 10.007 (box 0.30127  cls 0.00989  dfl 0.00072  feat 0.00084)
  Epoch 25/50  Batch 1963/2188 (89.7%)  | Super 103.364 (box 1.3441  cls 0.8010  dfl 1.0850)  | Base 105.485 (box 1.3527  cls 0.8508  dfl 1.0929)  | KD 10.223 (box 0.30606  cls 0.01169  dfl 0.00074  feat 0.00098)
  Epoch 25/50  Batch 2181/2188 (99.7%)  | Super 109.336 (box 1.4435  cls 0.7727  dfl 1.2006)  | Base 110.436 (box 1.4544  cls 0.8023  dfl 1.1944)  | KD 9.153 (box 0.27406  cls 0.01042  dfl 0.00065  feat 0.00090)

================================================================================
  [Validation] Super model (skip=False)  |  Epoch 25/50
================================================================================
[*] Validation input tensor shape: torch.Size([32, 3, 736, 1312])
                 Class     Images  Instances      Box(P          R      mAP50  mAP50-95)
                   all      10000     185578      0.741      0.527      0.587      0.345

================================================================================
  [Validation] Base model  (skip=True)   |  Epoch 25/50
================================================================================
[*] Validation input tensor shape: torch.Size([32, 3, 736, 1312])
                 Class     Images  Instances      Box(P          R      mAP50  mAP50-95)
                   all      10000     185578       0.73      0.518      0.574      0.333

           Epoch         GPU_mem          box_om          cls_om          dfl_om          box_oo          cls_oo          dfl_oo       Instances            Size
  Epoch 26/50  Batch 1/2188 (0.0%)  | Super 106.887 (box 1.3614  cls 0.8139  dfl 1.1649)  | Base 109.966 (box 1.4021  cls 0.8439  dfl 1.1904)  | KD 10.393 (box 0.30902  cls 0.01418  dfl 0.00069  feat 0.00091)
  Epoch 26/50  Batch 219/2188 (10.0%)  | Super 111.883 (box 1.4926  cls 0.8660  dfl 1.1377)  | Base 112.821 (box 1.5121  cls 0.8745  dfl 1.1391)  | KD 9.442 (box 0.27983  cls 0.01376  dfl 0.00060  feat 0.00087)
  Epoch 26/50  Batch 437/2188 (20.0%)  | Super 112.946 (box 1.5578  cls 0.8557  dfl 1.1161)  | Base 114.718 (box 1.5823  cls 0.8858  dfl 1.1169)  | KD 11.229 (box 0.33896  cls 0.01032  dfl 0.00067  feat 0.00094)
  Epoch 26/50  Batch 655/2188 (29.9%)  | Super 100.718 (box 1.3273  cls 0.7339  dfl 1.0862)  | Base 101.614 (box 1.3369  cls 0.7523  dfl 1.0862)  | KD 9.101 (box 0.27057  cls 0.01229  dfl 0.00057  feat 0.00098)
  Epoch 26/50  Batch 873/2188 (39.9%)  | Super 105.234 (box 1.3604  cls 0.8169  dfl 1.1112)  | Base 105.902 (box 1.3595  cls 0.8572  dfl 1.0928)  | KD 10.851 (box 0.32685  cls 0.01067  dfl 0.00071  feat 0.00087)
  Epoch 26/50  Batch 1091/2188 (49.9%)  | Super 104.079 (box 1.3637  cls 0.7511  dfl 1.1376)  | Base 105.147 (box 1.3770  cls 0.7703  dfl 1.1386)  | KD 8.757 (box 0.26376  cls 0.00838  dfl 0.00065  feat 0.00088)
  Epoch 26/50  Batch 1309/2188 (59.8%)  | Super 95.454 (box 1.2309  cls 0.7074  dfl 1.0447)  | Base 97.063 (box 1.2561  cls 0.7293  dfl 1.0478)  | KD 9.664 (box 0.28483  cls 0.01561  dfl 0.00065  feat 0.00091)
  Epoch 26/50  Batch 1527/2188 (69.8%)  | Super 106.606 (box 1.3744  cls 0.8424  dfl 1.1146)  | Base 109.388 (box 1.3992  cls 0.8954  dfl 1.1238)  | KD 10.368 (box 0.30798  cls 0.01439  dfl 0.00074  feat 0.00090)
  Epoch 26/50  Batch 1745/2188 (79.8%)  | Super 102.037 (box 1.3402  cls 0.7256  dfl 1.1229)  | Base 103.224 (box 1.3334  cls 0.7836  dfl 1.1088)  | KD 10.039 (box 0.29694  cls 0.01502  dfl 0.00077  feat 0.00098)
  Epoch 26/50  Batch 1963/2188 (89.7%)  | Super 102.367 (box 1.3378  cls 0.7739  dfl 1.0872)  | Base 102.634 (box 1.3248  cls 0.8022  dfl 1.0803)  | KD 10.095 (box 0.30218  cls 0.01160  dfl 0.00069  feat 0.00099)
  Epoch 26/50  Batch 2181/2188 (99.7%)  | Super 104.227 (box 1.3517  cls 0.7633  dfl 1.1421)  | Base 104.858 (box 1.3531  cls 0.7946  dfl 1.1291)  | KD 9.447 (box 0.28132  cls 0.01240  dfl 0.00064  feat 0.00086)

================================================================================
  [Validation] Super model (skip=False)  |  Epoch 26/50
================================================================================
[*] Validation input tensor shape: torch.Size([32, 3, 736, 1312])
                 Class     Images  Instances      Box(P          R      mAP50  mAP50-95)
                   all      10000     185578      0.744       0.53      0.589      0.345

================================================================================
  [Validation] Base model  (skip=True)   |  Epoch 26/50
================================================================================
[*] Validation input tensor shape: torch.Size([32, 3, 736, 1312])
                 Class     Images  Instances      Box(P          R      mAP50  mAP50-95)
                   all      10000     185578      0.731      0.519      0.576      0.335

           Epoch         GPU_mem          box_om          cls_om          dfl_om          box_oo          cls_oo          dfl_oo       Instances            Size
  Epoch 27/50  Batch 1/2188 (0.0%)  | Super 102.757 (box 1.3042  cls 0.7775  dfl 1.1294)  | Base 106.232 (box 1.3341  cls 0.8450  dfl 1.1407)  | KD 10.648 (box 0.31454  cls 0.01661  dfl 0.00080  feat 0.00079)
  Epoch 27/50  Batch 219/2188 (10.0%)  | Super 103.122 (box 1.3710  cls 0.7929  dfl 1.0586)  | Base 105.004 (box 1.3949  cls 0.8310  dfl 1.0554)  | KD 8.622 (box 0.26092  cls 0.00707  dfl 0.00054  feat 0.00091)
  Epoch 27/50  Batch 437/2188 (20.0%)  | Super 113.539 (box 1.5555  cls 0.8165  dfl 1.1761)  | Base 115.872 (box 1.5899  cls 0.8562  dfl 1.1748)  | KD 10.998 (box 0.33103  cls 0.01104  dfl 0.00068  feat 0.00094)
  Epoch 27/50  Batch 655/2188 (29.9%)  | Super 98.753 (box 1.3001  cls 0.7212  dfl 1.0647)  | Base 99.910 (box 1.3086  cls 0.7443  dfl 1.0692)  | KD 9.164 (box 0.27303  cls 0.01184  dfl 0.00058  feat 0.00093)
  Epoch 27/50  Batch 873/2188 (39.9%)  | Super 111.458 (box 1.4116  cls 0.8971  dfl 1.1744)  | Base 113.299 (box 1.4088  cls 0.9630  dfl 1.1687)  | KD 10.739 (box 0.32324  cls 0.01071  dfl 0.00070  feat 0.00093)
  Epoch 27/50  Batch 1091/2188 (49.9%)  | Super 100.338 (box 1.3185  cls 0.7276  dfl 1.0895)  | Base 101.151 (box 1.3256  cls 0.7517  dfl 1.0837)  | KD 8.914 (box 0.26812  cls 0.00894  dfl 0.00060  feat 0.00090)
  Epoch 27/50  Batch 1309/2188 (59.8%)  | Super 99.806 (box 1.2759  cls 0.7437  dfl 1.0993)  | Base 100.023 (box 1.2694  cls 0.7652  dfl 1.0911)  | KD 9.550 (box 0.28920  cls 0.00767  dfl 0.00063  feat 0.00094)
  Epoch 27/50  Batch 1527/2188 (69.8%)  | Super 102.373 (box 1.3588  cls 0.7548  dfl 1.0855)  | Base 104.299 (box 1.3738  cls 0.7990  dfl 1.0865)  | KD 10.094 (box 0.29597  cls 0.01785  dfl 0.00078  feat 0.00084)
  Epoch 27/50  Batch 1745/2188 (79.8%)  | Super 103.508 (box 1.3566  cls 0.7479  dfl 1.1302)  | Base 105.523 (box 1.3762  cls 0.7928  dfl 1.1286)  | KD 9.741 (box 0.29377  cls 0.00906  dfl 0.00069  feat 0.00087)
  Epoch 27/50  Batch 1963/2188 (89.7%)  | Super 105.470 (box 1.3660  cls 0.8133  dfl 1.1167)  | Base 107.498 (box 1.3812  cls 0.8530  dfl 1.1251)  | KD 10.203 (box 0.30606  cls 0.01102  dfl 0.00069  feat 0.00107)
  Epoch 27/50  Batch 2181/2188 (99.7%)  | Super 108.637 (box 1.4292  cls 0.7566  dfl 1.2091)  | Base 109.509 (box 1.4337  cls 0.7752  dfl 1.2133)  | KD 9.129 (box 0.27337  cls 0.01019  dfl 0.00070  feat 0.00104)

================================================================================
  [Validation] Super model (skip=False)  |  Epoch 27/50
================================================================================
[*] Validation input tensor shape: torch.Size([32, 3, 736, 1312])
                 Class     Images  Instances      Box(P          R      mAP50  mAP50-95)
                   all      10000     185578      0.739      0.532      0.589      0.347

================================================================================
  [Validation] Base model  (skip=True)   |  Epoch 27/50
================================================================================
[*] Validation input tensor shape: torch.Size([32, 3, 736, 1312])
                 Class     Images  Instances      Box(P          R      mAP50  mAP50-95)
                   all      10000     185578      0.727      0.522      0.577      0.335

           Epoch         GPU_mem          box_om          cls_om          dfl_om          box_oo          cls_oo          dfl_oo       Instances            Size
  Epoch 28/50  Batch 1/2188 (0.0%)  | Super 102.052 (box 1.3197  cls 0.7457  dfl 1.1237)  | Base 104.272 (box 1.3508  cls 0.7856  dfl 1.1221)  | KD 10.103 (box 0.30206  cls 0.01216  dfl 0.00071  feat 0.00079)
  Epoch 28/50  Batch 219/2188 (10.0%)  | Super 103.453 (box 1.3656  cls 0.7823  dfl 1.0850)  | Base 105.797 (box 1.3842  cls 0.8446  dfl 1.0774)  | KD 9.826 (box 0.29424  cls 0.01113  dfl 0.00079  feat 0.00090)
  Epoch 28/50  Batch 437/2188 (20.0%)  | Super 110.686 (box 1.5238  cls 0.8157  dfl 1.1195)  | Base 112.735 (box 1.5538  cls 0.8462  dfl 1.1230)  | KD 11.025 (box 0.33013  cls 0.01283  dfl 0.00073  feat 0.00083)
  Epoch 28/50  Batch 655/2188 (29.9%)  | Super 98.907 (box 1.3093  cls 0.7152  dfl 1.0663)  | Base 100.414 (box 1.3217  cls 0.7500  dfl 1.0663)  | KD 8.151 (box 0.24333  cls 0.01013  dfl 0.00051  feat 0.00074)
  Epoch 28/50  Batch 873/2188 (39.9%)  | Super 108.658 (box 1.4036  cls 0.8490  dfl 1.1429)  | Base 112.025 (box 1.4269  cls 0.9114  dfl 1.1625)  | KD 10.513 (box 0.31537  cls 0.01153  dfl 0.00069  feat 0.00093)
  Epoch 28/50  Batch 1091/2188 (49.9%)  | Super 99.901 (box 1.3181  cls 0.7063  dfl 1.0975)  | Base 99.948 (box 1.3131  cls 0.7197  dfl 1.0905)  | KD 8.584 (box 0.25888  cls 0.00804  dfl 0.00053  feat 0.00079)
  Epoch 28/50  Batch 1309/2188 (59.8%)  | Super 93.711 (box 1.1939  cls 0.7000  dfl 1.0346)  | Base 94.197 (box 1.1947  cls 0.7208  dfl 1.0281)  | KD 9.258 (box 0.27746  cls 0.01031  dfl 0.00066  feat 0.00087)
  Epoch 28/50  Batch 1527/2188 (69.8%)  | Super 108.439 (box 1.4017  cls 0.8556  dfl 1.1314)  | Base 110.137 (box 1.4149  cls 0.9155  dfl 1.1114)  | KD 10.257 (box 0.30082  cls 0.01792  dfl 0.00082  feat 0.00097)
  Epoch 28/50  Batch 1745/2188 (79.8%)  | Super 98.272 (box 1.2912  cls 0.7206  dfl 1.0592)  | Base 99.556 (box 1.2942  cls 0.7630  dfl 1.0539)  | KD 9.577 (box 0.28815  cls 0.00955  dfl 0.00075  feat 0.00082)
  Epoch 28/50  Batch 1963/2188 (89.7%)  | Super 101.835 (box 1.2680  cls 0.8485  dfl 1.0659)  | Base 102.226 (box 1.2706  cls 0.8606  dfl 1.0634)  | KD 10.345 (box 0.30914  cls 0.01207  dfl 0.00083  feat 0.00124)
  Epoch 28/50  Batch 2181/2188 (99.7%)  | Super 105.501 (box 1.3848  cls 0.7484  dfl 1.1637)  | Base 106.480 (box 1.4016  cls 0.7739  dfl 1.1520)  | KD 8.524 (box 0.25633  cls 0.00841  dfl 0.00056  feat 0.00109)

================================================================================
  [Validation] Super model (skip=False)  |  Epoch 28/50
================================================================================
[*] Validation input tensor shape: torch.Size([32, 3, 736, 1312])
                 Class     Images  Instances      Box(P          R      mAP50  mAP50-95)
                   all      10000     185578      0.746      0.531       0.59      0.347

================================================================================
  [Validation] Base model  (skip=True)   |  Epoch 28/50
================================================================================
[*] Validation input tensor shape: torch.Size([32, 3, 736, 1312])
                 Class     Images  Instances      Box(P          R      mAP50  mAP50-95)
                   all      10000     185578      0.728      0.523      0.579      0.337

           Epoch         GPU_mem          box_om          cls_om          dfl_om          box_oo          cls_oo          dfl_oo       Instances            Size
  Epoch 29/50  Batch 1/2188 (0.0%)  | Super 102.720 (box 1.3069  cls 0.7942  dfl 1.1088)  | Base 107.090 (box 1.3617  cls 0.8471  dfl 1.1378)  | KD 9.984 (box 0.29825  cls 0.01207  dfl 0.00086  feat 0.00083)
  Epoch 29/50  Batch 219/2188 (10.0%)  | Super 104.752 (box 1.3930  cls 0.7686  dfl 1.1119)  | Base 105.823 (box 1.4136  cls 0.7902  dfl 1.1032)  | KD 8.701 (box 0.25972  cls 0.01060  dfl 0.00062  feat 0.00095)
  Epoch 29/50  Batch 437/2188 (20.0%)  | Super 113.281 (box 1.5526  cls 0.8409  dfl 1.1465)  | Base 115.513 (box 1.5786  cls 0.8872  dfl 1.1439)  | KD 10.435 (box 0.31471  cls 0.00985  dfl 0.00059  feat 0.00094)
  Epoch 29/50  Batch 655/2188 (29.9%)  | Super 98.658 (box 1.2916  cls 0.7390  dfl 1.0525)  | Base 99.124 (box 1.2895  cls 0.7622  dfl 1.0459)  | KD 8.605 (box 0.25729  cls 0.01014  dfl 0.00060  feat 0.00089)
  Epoch 29/50  Batch 873/2188 (39.9%)  | Super 108.112 (box 1.3879  cls 0.8784  dfl 1.1122)  | Base 109.088 (box 1.3770  cls 0.9209  dfl 1.1112)  | KD 10.546 (box 0.31885  cls 0.00916  dfl 0.00070  feat 0.00086)
  Epoch 29/50  Batch 1091/2188 (49.9%)  | Super 101.264 (box 1.3237  cls 0.7185  dfl 1.1222)  | Base 101.948 (box 1.3356  cls 0.7360  dfl 1.1142)  | KD 8.786 (box 0.26354  cls 0.00959  dfl 0.00061  feat 0.00081)
  Epoch 29/50  Batch 1309/2188 (59.8%)  | Super 96.743 (box 1.2399  cls 0.6990  dfl 1.0843)  | Base 98.187 (box 1.2556  cls 0.7243  dfl 1.0885)  | KD 9.019 (box 0.26789  cls 0.01252  dfl 0.00062  feat 0.00081)
  Epoch 29/50  Batch 1527/2188 (69.8%)  | Super 107.763 (box 1.4137  cls 0.8131  dfl 1.1408)  | Base 109.732 (box 1.4382  cls 0.8468  dfl 1.1441)  | KD 9.824 (box 0.28280  cls 0.02261  dfl 0.00066  feat 0.00093)
  Epoch 29/50  Batch 1745/2188 (79.8%)  | Super 103.544 (box 1.3447  cls 0.7627  dfl 1.1284)  | Base 104.894 (box 1.3547  cls 0.7983  dfl 1.1250)  | KD 9.213 (box 0.27698  cls 0.00937  dfl 0.00058  feat 0.00097)
  Epoch 29/50  Batch 1963/2188 (89.7%)  | Super 103.134 (box 1.2934  cls 0.7882  dfl 1.1413)  | Base 105.394 (box 1.3191  cls 0.8281  dfl 1.1464)  | KD 8.870 (box 0.26655  cls 0.00903  dfl 0.00063  feat 0.00099)
  Epoch 29/50  Batch 2181/2188 (99.7%)  | Super 105.946 (box 1.3891  cls 0.7589  dfl 1.1628)  | Base 107.029 (box 1.4029  cls 0.7796  dfl 1.1623)  | KD 9.363 (box 0.27699  cls 0.01395  dfl 0.00068  feat 0.00099)

================================================================================
  [Validation] Super model (skip=False)  |  Epoch 29/50
================================================================================
[*] Validation input tensor shape: torch.Size([32, 3, 736, 1312])
                 Class     Images  Instances      Box(P          R      mAP50  mAP50-95)
                   all      10000     185578      0.743      0.534      0.591      0.347

================================================================================
  [Validation] Base model  (skip=True)   |  Epoch 29/50
================================================================================
[*] Validation input tensor shape: torch.Size([32, 3, 736, 1312])
                 Class     Images  Instances      Box(P          R      mAP50  mAP50-95)
                   all      10000     185578      0.733       0.52      0.577      0.336

           Epoch         GPU_mem          box_om          cls_om          dfl_om          box_oo          cls_oo          dfl_oo       Instances            Size
  Epoch 30/50  Batch 1/2188 (0.0%)  | Super 103.000 (box 1.2936  cls 0.7927  dfl 1.1324)  | Base 105.989 (box 1.3337  cls 0.8454  dfl 1.1330)  | KD 10.178 (box 0.30178  cls 0.01474  dfl 0.00070  feat 0.00085)
  Epoch 30/50  Batch 219/2188 (10.0%)  | Super 107.191 (box 1.4253  cls 0.7871  dfl 1.1373)  | Base 107.707 (box 1.4239  cls 0.8208  dfl 1.1211)  | KD 8.875 (box 0.26701  cls 0.00860  dfl 0.00063  feat 0.00112)
  Epoch 30/50  Batch 437/2188 (20.0%)  | Super 112.673 (box 1.5461  cls 0.8165  dfl 1.1584)  | Base 114.303 (box 1.5765  cls 0.8391  dfl 1.1564)  | KD 10.367 (box 0.31210  cls 0.01039  dfl 0.00065  feat 0.00084)
  Epoch 30/50  Batch 655/2188 (29.9%)  | Super 100.688 (box 1.3245  cls 0.7343  dfl 1.0877)  | Base 101.857 (box 1.3334  cls 0.7655  dfl 1.0841)  | KD 8.780 (box 0.26274  cls 0.01018  dfl 0.00058  feat 0.00090)
  Epoch 30/50  Batch 873/2188 (39.9%)  | Super 114.229 (box 1.4443  cls 0.9025  dfl 1.2229)  | Base 116.452 (box 1.4766  cls 0.9430  dfl 1.2195)  | KD 11.652 (box 0.35223  cls 0.01018  dfl 0.00080  feat 0.00090)
  Epoch 30/50  Batch 1091/2188 (49.9%)  | Super 99.215 (box 1.3046  cls 0.7036  dfl 1.0922)  | Base 100.450 (box 1.3175  cls 0.7352  dfl 1.0864)  | KD 8.455 (box 0.25297  cls 0.00993  dfl 0.00054  feat 0.00079)
  Epoch 30/50  Batch 1309/2188 (59.8%)  | Super 94.897 (box 1.2229  cls 0.6937  dfl 1.0490)  | Base 96.404 (box 1.2501  cls 0.6948  dfl 1.0677)  | KD 9.729 (box 0.29227  cls 0.01019  dfl 0.00072  feat 0.00085)
  Epoch 30/50  Batch 1527/2188 (69.8%)  | Super 105.295 (box 1.3699  cls 0.8096  dfl 1.1110)  | Base 106.369 (box 1.3765  cls 0.8319  dfl 1.1156)  | KD 10.023 (box 0.29122  cls 0.02043  dfl 0.00072  feat 0.00085)
  Epoch 30/50  Batch 1745/2188 (79.8%)  | Super 101.116 (box 1.3138  cls 0.7468  dfl 1.0993)  | Base 102.958 (box 1.3405  cls 0.7790  dfl 1.0979)  | KD 9.212 (box 0.27796  cls 0.00836  dfl 0.00073  feat 0.00084)
  Epoch 30/50  Batch 1963/2188 (89.7%)  | Super 101.908 (box 1.3012  cls 0.7590  dfl 1.1245)  | Base 104.125 (box 1.3136  cls 0.8125  dfl 1.1279)  | KD 9.297 (box 0.27617  cls 0.01263  dfl 0.00066  feat 0.00108)
  Epoch 30/50  Batch 2181/2188 (99.7%)  | Super 105.372 (box 1.3749  cls 0.7568  dfl 1.1611)  | Base 106.342 (box 1.3772  cls 0.7900  dfl 1.1560)  | KD 9.093 (box 0.27048  cls 0.01207  dfl 0.00063  feat 0.00097)

================================================================================
  [Validation] Super model (skip=False)  |  Epoch 30/50
================================================================================
[*] Validation input tensor shape: torch.Size([32, 3, 736, 1312])
                 Class     Images  Instances      Box(P          R      mAP50  mAP50-95)
                   all      10000     185578      0.749      0.532      0.592      0.348

================================================================================
  [Validation] Base model  (skip=True)   |  Epoch 30/50
================================================================================
[*] Validation input tensor shape: torch.Size([32, 3, 736, 1312])
                 Class     Images  Instances      Box(P          R      mAP50  mAP50-95)
                   all      10000     185578      0.735       0.52      0.579      0.337

           Epoch         GPU_mem          box_om          cls_om          dfl_om          box_oo          cls_oo          dfl_oo       Instances            Size
  Epoch 31/50  Batch 1/2188 (0.0%)  | Super 106.681 (box 1.3499  cls 0.8111  dfl 1.1727)  | Base 109.637 (box 1.3870  cls 0.8518  dfl 1.1874)  | KD 9.911 (box 0.29756  cls 0.01058  dfl 0.00074  feat 0.00084)
  Epoch 31/50  Batch 219/2188 (10.0%)  | Super 105.629 (box 1.3885  cls 0.8203  dfl 1.0921)  | Base 106.615 (box 1.4058  cls 0.8342  dfl 1.0918)  | KD 9.605 (box 0.28791  cls 0.01070  dfl 0.00063  feat 0.00093)
  Epoch 31/50  Batch 437/2188 (20.0%)  | Super 114.857 (box 1.5673  cls 0.8384  dfl 1.1836)  | Base 116.660 (box 1.5911  cls 0.8683  dfl 1.1862)  | KD 10.929 (box 0.33007  cls 0.00975  dfl 0.00066  feat 0.00105)
  Epoch 31/50  Batch 655/2188 (29.9%)  | Super 97.761 (box 1.2919  cls 0.7020  dfl 1.0611)  | Base 97.797 (box 1.2917  cls 0.7148  dfl 1.0497)  | KD 8.901 (box 0.26651  cls 0.01028  dfl 0.00058  feat 0.00080)
  Epoch 31/50  Batch 873/2188 (39.9%)  | Super 114.217 (box 1.4686  cls 0.9233  dfl 1.1773)  | Base 115.426 (box 1.4842  cls 0.9603  dfl 1.1626)  | KD 10.013 (box 0.29896  cls 0.01223  dfl 0.00068  feat 0.00104)
  Epoch 31/50  Batch 1091/2188 (49.9%)  | Super 99.566 (box 1.2898  cls 0.7371  dfl 1.0845)  | Base 101.599 (box 1.3285  cls 0.7597  dfl 1.0868)  | KD 8.527 (box 0.25617  cls 0.00891  dfl 0.00056  feat 0.00084)
  Epoch 31/50  Batch 1309/2188 (59.8%)  | Super 101.801 (box 1.3203  cls 0.7412  dfl 1.1198)  | Base 104.527 (box 1.3381  cls 0.7975  dfl 1.1308)  | KD 9.981 (box 0.30112  cls 0.00902  dfl 0.00076  feat 0.00101)
  Epoch 31/50  Batch 1527/2188 (69.8%)  | Super 107.080 (box 1.4059  cls 0.8026  dfl 1.1377)  | Base 109.464 (box 1.4326  cls 0.8451  dfl 1.1431)  | KD 9.949 (box 0.29097  cls 0.01814  dfl 0.00073  feat 0.00106)
  Epoch 31/50  Batch 1745/2188 (79.8%)  | Super 101.400 (box 1.3245  cls 0.7641  dfl 1.0801)  | Base 102.649 (box 1.3267  cls 0.7929  dfl 1.0881)  | KD 9.381 (box 0.28274  cls 0.00895  dfl 0.00064  feat 0.00084)
  Epoch 31/50  Batch 1963/2188 (89.7%)  | Super 98.736 (box 1.2812  cls 0.7448  dfl 1.0595)  | Base 100.906 (box 1.3177  cls 0.7704  dfl 1.0653)  | KD 10.028 (box 0.29916  cls 0.01262  dfl 0.00064  feat 0.00096)
  Epoch 31/50  Batch 2181/2188 (99.7%)  | Super 103.161 (box 1.3471  cls 0.7260  dfl 1.1507)  | Base 104.873 (box 1.3780  cls 0.7429  dfl 1.1564)  | KD 9.288 (box 0.27676  cls 0.01194  dfl 0.00071  feat 0.00083)

================================================================================
  [Validation] Super model (skip=False)  |  Epoch 31/50
================================================================================
[*] Validation input tensor shape: torch.Size([32, 3, 736, 1312])
                 Class     Images  Instances      Box(P          R      mAP50  mAP50-95)
                   all      10000     185578      0.748      0.532      0.592      0.347

================================================================================
  [Validation] Base model  (skip=True)   |  Epoch 31/50
================================================================================
[*] Validation input tensor shape: torch.Size([32, 3, 736, 1312])
                 Class     Images  Instances      Box(P          R      mAP50  mAP50-95)
                   all      10000     185578      0.734      0.519      0.578      0.337

           Epoch         GPU_mem          box_om          cls_om          dfl_om          box_oo          cls_oo          dfl_oo       Instances            Size
  Epoch 32/50  Batch 1/2188 (0.0%)  | Super 100.040 (box 1.2966  cls 0.7543  dfl 1.0754)  | Base 103.864 (box 1.3553  cls 0.7941  dfl 1.0963)  | KD 10.724 (box 0.32116  cls 0.01235  dfl 0.00080  feat 0.00080)
  Epoch 32/50  Batch 219/2188 (10.0%)  | Super 101.206 (box 1.3615  cls 0.7136  dfl 1.0876)  | Base 101.688 (box 1.3701  cls 0.7258  dfl 1.0818)  | KD 9.259 (box 0.27882  cls 0.00908  dfl 0.00059  feat 0.00086)
  Epoch 32/50  Batch 437/2188 (20.0%)  | Super 113.361 (box 1.5608  cls 0.8256  dfl 1.1561)  | Base 115.737 (box 1.5817  cls 0.8746  dfl 1.1605)  | KD 10.837 (box 0.32772  cls 0.00941  dfl 0.00061  feat 0.00091)
  Epoch 32/50  Batch 655/2188 (29.9%)  | Super 99.545 (box 1.3004  cls 0.7209  dfl 1.0896)  | Base 99.639 (box 1.3025  cls 0.7376  dfl 1.0736)  | KD 8.189 (box 0.24508  cls 0.00955  dfl 0.00051  feat 0.00076)
  Epoch 32/50  Batch 873/2188 (39.9%)  | Super 108.118 (box 1.4032  cls 0.8276  dfl 1.1479)  | Base 112.223 (box 1.4354  cls 0.9050  dfl 1.1666)  | KD 11.484 (box 0.34064  cls 0.01660  dfl 0.00078  feat 0.00085)
  Epoch 32/50  Batch 1091/2188 (49.9%)  | Super 100.354 (box 1.3118  cls 0.7150  dfl 1.1093)  | Base 101.432 (box 1.3241  cls 0.7351  dfl 1.1106)  | KD 8.875 (box 0.26573  cls 0.01019  dfl 0.00060  feat 0.00083)
  Epoch 32/50  Batch 1309/2188 (59.8%)  | Super 102.599 (box 1.3321  cls 0.7364  dfl 1.1377)  | Base 103.769 (box 1.3297  cls 0.7898  dfl 1.1233)  | KD 9.667 (box 0.28818  cls 0.01242  dfl 0.00066  feat 0.00083)
  Epoch 32/50  Batch 1527/2188 (69.8%)  | Super 102.254 (box 1.3472  cls 0.7773  dfl 1.0709)  | Base 104.466 (box 1.3691  cls 0.8260  dfl 1.0695)  | KD 9.755 (box 0.28788  cls 0.01539  dfl 0.00070  feat 0.00088)
  Epoch 32/50  Batch 1745/2188 (79.8%)  | Super 98.458 (box 1.2890  cls 0.7177  dfl 1.0701)  | Base 99.983 (box 1.2990  cls 0.7623  dfl 1.0632)  | KD 9.092 (box 0.27351  cls 0.00919  dfl 0.00061  feat 0.00081)
  Epoch 32/50  Batch 1963/2188 (89.7%)  | Super 101.274 (box 1.3177  cls 0.7503  dfl 1.0969)  | Base 103.988 (box 1.3430  cls 0.7964  dfl 1.1103)  | KD 9.524 (box 0.28466  cls 0.01118  dfl 0.00071  feat 0.00108)
  Epoch 32/50  Batch 2181/2188 (99.7%)  | Super 105.438 (box 1.3810  cls 0.7421  dfl 1.1719)  | Base 106.692 (box 1.3942  cls 0.7738  dfl 1.1662)  | KD 9.452 (box 0.27733  cls 0.01651  dfl 0.00070  feat 0.00084)

================================================================================
  [Validation] Super model (skip=False)  |  Epoch 32/50
================================================================================
[*] Validation input tensor shape: torch.Size([32, 3, 736, 1312])
                 Class     Images  Instances      Box(P          R      mAP50  mAP50-95)
                   all      10000     185578      0.751      0.529      0.592      0.348

================================================================================
  [Validation] Base model  (skip=True)   |  Epoch 32/50
================================================================================
[*] Validation input tensor shape: torch.Size([32, 3, 736, 1312])
                 Class     Images  Instances      Box(P          R      mAP50  mAP50-95)
                   all      10000     185578      0.732       0.52      0.579      0.338

           Epoch         GPU_mem          box_om          cls_om          dfl_om          box_oo          cls_oo          dfl_oo       Instances            Size
  Epoch 33/50  Batch 1/2188 (0.0%)  | Super 100.912 (box 1.3022  cls 0.7431  dfl 1.1082)  | Base 103.169 (box 1.3213  cls 0.7962  dfl 1.1064)  | KD 10.221 (box 0.30112  cls 0.01671  dfl 0.00070  feat 0.00089)
  Epoch 33/50  Batch 219/2188 (10.0%)  | Super 107.199 (box 1.4325  cls 0.7975  dfl 1.1199)  | Base 108.508 (box 1.4386  cls 0.8327  dfl 1.1195)  | KD 9.162 (box 0.27127  cls 0.01356  dfl 0.00064  feat 0.00083)
  Epoch 33/50  Batch 437/2188 (20.0%)  | Super 111.987 (box 1.5554  cls 0.8088  dfl 1.1354)  | Base 113.841 (box 1.5791  cls 0.8425  dfl 1.1360)  | KD 10.196 (box 0.30565  cls 0.01155  dfl 0.00061  feat 0.00083)
  Epoch 33/50  Batch 655/2188 (29.9%)  | Super 100.681 (box 1.3353  cls 0.7402  dfl 1.0707)  | Base 101.498 (box 1.3389  cls 0.7645  dfl 1.0685)  | KD 9.689 (box 0.29133  cls 0.01003  dfl 0.00060  feat 0.00082)
  Epoch 33/50  Batch 873/2188 (39.9%)  | Super 114.865 (box 1.4826  cls 0.9167  dfl 1.1902)  | Base 114.853 (box 1.4771  cls 0.9414  dfl 1.1707)  | KD 10.664 (box 0.32271  cls 0.00895  dfl 0.00067  feat 0.00092)
  Epoch 33/50  Batch 1091/2188 (49.9%)  | Super 101.734 (box 1.3322  cls 0.7458  dfl 1.1011)  | Base 101.441 (box 1.3307  cls 0.7504  dfl 1.0889)  | KD 9.092 (box 0.27441  cls 0.00841  dfl 0.00060  feat 0.00071)
  Epoch 33/50  Batch 1309/2188 (59.8%)  | Super 96.318 (box 1.2346  cls 0.7303  dfl 1.0450)  | Base 98.219 (box 1.2563  cls 0.7665  dfl 1.0465)  | KD 9.614 (box 0.28054  cls 0.01841  dfl 0.00068  feat 0.00081)
  Epoch 33/50  Batch 1527/2188 (69.8%)  | Super 104.268 (box 1.3648  cls 0.7696  dfl 1.1240)  | Base 107.018 (box 1.3948  cls 0.8300  dfl 1.1195)  | KD 9.343 (box 0.27618  cls 0.01420  dfl 0.00067  feat 0.00091)
  Epoch 33/50  Batch 1745/2188 (79.8%)  | Super 102.097 (box 1.3284  cls 0.7451  dfl 1.1171)  | Base 103.896 (box 1.3450  cls 0.7822  dfl 1.1195)  | KD 10.005 (box 0.30193  cls 0.00920  dfl 0.00064  feat 0.00089)
  Epoch 33/50  Batch 1963/2188 (89.7%)  | Super 102.469 (box 1.3199  cls 0.7920  dfl 1.0902)  | Base 105.621 (box 1.3540  cls 0.8418  dfl 1.1049)  | KD 9.942 (box 0.29875  cls 0.01025  dfl 0.00068  feat 0.00100)
  Epoch 33/50  Batch 2181/2188 (99.7%)  | Super 103.107 (box 1.3506  cls 0.7433  dfl 1.1282)  | Base 104.367 (box 1.3674  cls 0.7615  dfl 1.1326)  | KD 8.272 (box 0.24678  cls 0.01035  dfl 0.00056  feat 0.00082)

================================================================================
  [Validation] Super model (skip=False)  |  Epoch 33/50
================================================================================
[*] Validation input tensor shape: torch.Size([32, 3, 736, 1312])
                 Class     Images  Instances      Box(P          R      mAP50  mAP50-95)
                   all      10000     185578      0.751      0.531      0.591      0.348

================================================================================
  [Validation] Base model  (skip=True)   |  Epoch 33/50
================================================================================
[*] Validation input tensor shape: torch.Size([32, 3, 736, 1312])
                 Class     Images  Instances      Box(P          R      mAP50  mAP50-95)
                   all      10000     185578      0.732      0.522       0.58      0.338

           Epoch         GPU_mem          box_om          cls_om          dfl_om          box_oo          cls_oo          dfl_oo       Instances            Size
  Epoch 34/50  Batch 1/2188 (0.0%)  | Super 102.196 (box 1.3074  cls 0.7692  dfl 1.1170)  | Base 105.860 (box 1.3509  cls 0.8201  dfl 1.1371)  | KD 10.876 (box 0.32329  cls 0.01497  dfl 0.00081  feat 0.00082)
  Epoch 34/50  Batch 219/2188 (10.0%)  | Super 104.804 (box 1.3991  cls 0.7538  dfl 1.1222)  | Base 107.128 (box 1.4312  cls 0.7934  dfl 1.1231)  | KD 9.426 (box 0.28181  cls 0.01123  dfl 0.00059  feat 0.00093)
  Epoch 34/50  Batch 437/2188 (20.0%)  | Super 109.292 (box 1.5263  cls 0.8038  dfl 1.0853)  | Base 112.536 (box 1.5700  cls 0.8464  dfl 1.1004)  | KD 11.038 (box 0.33346  cls 0.00988  dfl 0.00067  feat 0.00092)
  Epoch 34/50  Batch 655/2188 (29.9%)  | Super 98.389 (box 1.2909  cls 0.7070  dfl 1.0768)  | Base 98.794 (box 1.2809  cls 0.7337  dfl 1.0727)  | KD 8.584 (box 0.25662  cls 0.01031  dfl 0.00055  feat 0.00076)
  Epoch 34/50  Batch 873/2188 (39.9%)  | Super 108.615 (box 1.4009  cls 0.8653  dfl 1.1280)  | Base 109.833 (box 1.3973  cls 0.9148  dfl 1.1202)  | KD 10.401 (box 0.31137  cls 0.01204  dfl 0.00068  feat 0.00092)
  Epoch 34/50  Batch 1091/2188 (49.9%)  | Super 101.593 (box 1.3160  cls 0.7497  dfl 1.1092)  | Base 103.128 (box 1.3404  cls 0.7775  dfl 1.1048)  | KD 10.007 (box 0.30071  cls 0.01046  dfl 0.00080  feat 0.00076)
  Epoch 34/50  Batch 1309/2188 (59.8%)  | Super 97.122 (box 1.2462  cls 0.7075  dfl 1.0814)  | Base 98.146 (box 1.2494  cls 0.7415  dfl 1.0762)  | KD 9.032 (box 0.27193  cls 0.00880  dfl 0.00067  feat 0.00086)
  Epoch 34/50  Batch 1527/2188 (69.8%)  | Super 100.183 (box 1.3215  cls 0.7439  dfl 1.0654)  | Base 102.373 (box 1.3428  cls 0.7904  dfl 1.0660)  | KD 9.469 (box 0.27868  cls 0.01563  dfl 0.00072  feat 0.00088)
  Epoch 34/50  Batch 1745/2188 (79.8%)  | Super 102.208 (box 1.3383  cls 0.7468  dfl 1.1089)  | Base 102.304 (box 1.3281  cls 0.7710  dfl 1.0979)  | KD 8.931 (box 0.26469  cls 0.01295  dfl 0.00063  feat 0.00082)
  Epoch 34/50  Batch 1963/2188 (89.7%)  | Super 103.477 (box 1.3380  cls 0.7893  dfl 1.1063)  | Base 106.001 (box 1.3454  cls 0.8495  dfl 1.1177)  | KD 9.572 (box 0.28637  cls 0.01085  dfl 0.00073  feat 0.00118)
  Epoch 34/50  Batch 2181/2188 (99.7%)  | Super 98.773 (box 1.2929  cls 0.7078  dfl 1.0860)  | Base 100.365 (box 1.2990  cls 0.7491  dfl 1.0883)  | KD 9.131 (box 0.27151  cls 0.01227  dfl 0.00064  feat 0.00094)

================================================================================
  [Validation] Super model (skip=False)  |  Epoch 34/50
================================================================================
[*] Validation input tensor shape: torch.Size([32, 3, 736, 1312])
                 Class     Images  Instances      Box(P          R      mAP50  mAP50-95)
                   all      10000     185578       0.75      0.531      0.592      0.348

================================================================================
  [Validation] Base model  (skip=True)   |  Epoch 34/50
================================================================================
[*] Validation input tensor shape: torch.Size([32, 3, 736, 1312])
                 Class     Images  Instances      Box(P          R      mAP50  mAP50-95)
                   all      10000     185578       0.73      0.525      0.581      0.338

           Epoch         GPU_mem          box_om          cls_om          dfl_om          box_oo          cls_oo          dfl_oo       Instances            Size
  Epoch 35/50  Batch 1/2188 (0.0%)  | Super 102.451 (box 1.3188  cls 0.7675  dfl 1.1153)  | Base 104.859 (box 1.3343  cls 0.8227  dfl 1.1198)  | KD 10.614 (box 0.31166  cls 0.01830  dfl 0.00085  feat 0.00087)
  Epoch 35/50  Batch 219/2188 (10.0%)  | Super 105.623 (box 1.4064  cls 0.7651  dfl 1.1292)  | Base 107.651 (box 1.4290  cls 0.8085  dfl 1.1266)  | KD 8.719 (box 0.26247  cls 0.00854  dfl 0.00059  feat 0.00085)
  Epoch 35/50  Batch 437/2188 (20.0%)  | Super 113.538 (box 1.5682  cls 0.8243  dfl 1.1556)  | Base 114.318 (box 1.5700  cls 0.8557  dfl 1.1467)  | KD 10.474 (box 0.31767  cls 0.00805  dfl 0.00063  feat 0.00096)
  Epoch 35/50  Batch 655/2188 (29.9%)  | Super 98.413 (box 1.2892  cls 0.7144  dfl 1.0717)  | Base 98.764 (box 1.2868  cls 0.7416  dfl 1.0581)  | KD 8.494 (box 0.25248  cls 0.01155  dfl 0.00052  feat 0.00089)
  Epoch 35/50  Batch 873/2188 (39.9%)  | Super 112.185 (box 1.4499  cls 0.8920  dfl 1.1639)  | Base 112.206 (box 1.4231  cls 0.9305  dfl 1.1529)  | KD 11.056 (box 0.32861  cls 0.01527  dfl 0.00070  feat 0.00092)
  Epoch 35/50  Batch 1091/2188 (49.9%)  | Super 102.384 (box 1.3440  cls 0.7314  dfl 1.1241)  | Base 103.969 (box 1.3561  cls 0.7724  dfl 1.1205)  | KD 8.803 (box 0.26394  cls 0.00975  dfl 0.00059  feat 0.00082)
  Epoch 35/50  Batch 1309/2188 (59.8%)  | Super 99.367 (box 1.2876  cls 0.7149  dfl 1.1027)  | Base 100.588 (box 1.2948  cls 0.7479  dfl 1.1007)  | KD 9.199 (box 0.27149  cls 0.01428  dfl 0.00072  feat 0.00097)
  Epoch 35/50  Batch 1527/2188 (69.8%)  | Super 107.106 (box 1.3805  cls 0.8138  dfl 1.1528)  | Base 109.884 (box 1.4073  cls 0.8737  dfl 1.1529)  | KD 9.940 (box 0.29673  cls 0.01217  dfl 0.00070  feat 0.00102)
  Epoch 35/50  Batch 1745/2188 (79.8%)  | Super 101.431 (box 1.3261  cls 0.7291  dfl 1.1145)  | Base 103.625 (box 1.3452  cls 0.7833  dfl 1.1098)  | KD 9.030 (box 0.27120  cls 0.00922  dfl 0.00066  feat 0.00108)
  Epoch 35/50  Batch 1963/2188 (89.7%)  | Super 103.086 (box 1.3505  cls 0.7738  dfl 1.0971)  | Base 105.358 (box 1.3788  cls 0.8090  dfl 1.1047)  | KD 9.774 (box 0.28889  cls 0.01480  dfl 0.00075  feat 0.00098)
  Epoch 35/50  Batch 2181/2188 (99.7%)  | Super 107.370 (box 1.4052  cls 0.7955  dfl 1.1546)  | Base 108.756 (box 1.4103  cls 0.8246  dfl 1.1637)  | KD 9.249 (box 0.27688  cls 0.01061  dfl 0.00067  feat 0.00088)

================================================================================
  [Validation] Super model (skip=False)  |  Epoch 35/50
================================================================================
[*] Validation input tensor shape: torch.Size([32, 3, 736, 1312])
                 Class     Images  Instances      Box(P          R      mAP50  mAP50-95)
                   all      10000     185578      0.749      0.532      0.593      0.348

================================================================================
  [Validation] Base model  (skip=True)   |  Epoch 35/50
================================================================================
[*] Validation input tensor shape: torch.Size([32, 3, 736, 1312])
                 Class     Images  Instances      Box(P          R      mAP50  mAP50-95)
                   all      10000     185578      0.728      0.529      0.582      0.339

           Epoch         GPU_mem          box_om          cls_om          dfl_om          box_oo          cls_oo          dfl_oo       Instances            Size
  Epoch 36/50  Batch 1/2188 (0.0%)  | Super 105.187 (box 1.3337  cls 0.7901  dfl 1.1633)  | Base 108.499 (box 1.3803  cls 0.8284  dfl 1.1818)  | KD 10.692 (box 0.31459  cls 0.01784  dfl 0.00081  feat 0.00087)
  Epoch 36/50  Batch 219/2188 (10.0%)  | Super 102.894 (box 1.3579  cls 0.7588  dfl 1.0988)  | Base 104.871 (box 1.3683  cls 0.8063  dfl 1.1027)  | KD 9.330 (box 0.27988  cls 0.01003  dfl 0.00071  feat 0.00093)
  Epoch 36/50  Batch 437/2188 (20.0%)  | Super 114.996 (box 1.5823  cls 0.8305  dfl 1.1809)  | Base 117.702 (box 1.6182  cls 0.8700  dfl 1.1900)  | KD 10.790 (box 0.32570  cls 0.00981  dfl 0.00069  feat 0.00098)
  Epoch 36/50  Batch 655/2188 (29.9%)  | Super 96.531 (box 1.2697  cls 0.6910  dfl 1.0559)  | Base 97.566 (box 1.2811  cls 0.7212  dfl 1.0466)  | KD 8.471 (box 0.25094  cls 0.01240  dfl 0.00055  feat 0.00084)
  Epoch 36/50  Batch 873/2188 (39.9%)  | Super 111.167 (box 1.4334  cls 0.8966  dfl 1.1439)  | Base 112.244 (box 1.4407  cls 0.9407  dfl 1.1262)  | KD 10.514 (box 0.31811  cls 0.00885  dfl 0.00067  feat 0.00094)
  Epoch 36/50  Batch 1091/2188 (49.9%)  | Super 97.614 (box 1.2840  cls 0.7026  dfl 1.0638)  | Base 100.317 (box 1.3247  cls 0.7325  dfl 1.0777)  | KD 8.895 (box 0.26798  cls 0.00856  dfl 0.00064  feat 0.00078)
  Epoch 36/50  Batch 1309/2188 (59.8%)  | Super 97.448 (box 1.2136  cls 0.7157  dfl 1.1160)  | Base 97.790 (box 1.2235  cls 0.7327  dfl 1.0998)  | KD 9.397 (box 0.27961  cls 0.01241  dfl 0.00073  feat 0.00092)
  Epoch 36/50  Batch 1527/2188 (69.8%)  | Super 105.314 (box 1.3906  cls 0.7715  dfl 1.1289)  | Base 106.621 (box 1.4043  cls 0.8002  dfl 1.1274)  | KD 9.247 (box 0.27333  cls 0.01409  dfl 0.00066  feat 0.00090)
  Epoch 36/50  Batch 1745/2188 (79.8%)  | Super 100.967 (box 1.3107  cls 0.7292  dfl 1.1153)  | Base 101.980 (box 1.3191  cls 0.7703  dfl 1.0974)  | KD 9.672 (box 0.29018  cls 0.01053  dfl 0.00067  feat 0.00088)
  Epoch 36/50  Batch 1963/2188 (89.7%)  | Super 100.455 (box 1.2874  cls 0.7532  dfl 1.0987)  | Base 101.739 (box 1.2808  cls 0.8083  dfl 1.0902)  | KD 9.362 (box 0.28250  cls 0.00835  dfl 0.00068  feat 0.00104)
  Epoch 36/50  Batch 2181/2188 (99.7%)  | Super 107.822 (box 1.4398  cls 0.7592  dfl 1.1704)  | Base 108.037 (box 1.4341  cls 0.7776  dfl 1.1644)  | KD 8.879 (box 0.26192  cls 0.01379  dfl 0.00062  feat 0.00113)

================================================================================
  [Validation] Super model (skip=False)  |  Epoch 36/50
================================================================================
[*] Validation input tensor shape: torch.Size([32, 3, 736, 1312])
                 Class     Images  Instances      Box(P          R      mAP50  mAP50-95)
                   all      10000     185578      0.749      0.533      0.594      0.348

================================================================================
  [Validation] Base model  (skip=True)   |  Epoch 36/50
================================================================================
[*] Validation input tensor shape: torch.Size([32, 3, 736, 1312])
                 Class     Images  Instances      Box(P          R      mAP50  mAP50-95)
                   all      10000     185578      0.728      0.528      0.581      0.339

           Epoch         GPU_mem          box_om          cls_om          dfl_om          box_oo          cls_oo          dfl_oo       Instances            Size
  Epoch 37/50  Batch 1/2188 (0.0%)  | Super 103.360 (box 1.3388  cls 0.7680  dfl 1.1232)  | Base 105.356 (box 1.3509  cls 0.8073  dfl 1.1342)  | KD 10.571 (box 0.31590  cls 0.01285  dfl 0.00077  feat 0.00080)
  Epoch 37/50  Batch 219/2188 (10.0%)  | Super 110.562 (box 1.4591  cls 0.8327  dfl 1.1633)  | Base 111.223 (box 1.4552  cls 0.8666  dfl 1.1539)  | KD 9.236 (box 0.27646  cls 0.01044  dfl 0.00065  feat 0.00106)
  Epoch 37/50  Batch 437/2188 (20.0%)  | Super 114.130 (box 1.5730  cls 0.8526  dfl 1.1410)  | Base 115.356 (box 1.5845  cls 0.8775  dfl 1.1428)  | KD 11.399 (box 0.34402  cls 0.01059  dfl 0.00070  feat 0.00091)
  Epoch 37/50  Batch 655/2188 (29.9%)  | Super 99.782 (box 1.3141  cls 0.7165  dfl 1.0876)  | Base 100.762 (box 1.3187  cls 0.7491  dfl 1.0810)  | KD 8.684 (box 0.25804  cls 0.01193  dfl 0.00057  feat 0.00083)
  Epoch 37/50  Batch 873/2188 (39.9%)  | Super 112.404 (box 1.4184  cls 0.9063  dfl 1.1880)  | Base 114.169 (box 1.4247  cls 0.9483  dfl 1.1947)  | KD 10.551 (box 0.31975  cls 0.00832  dfl 0.00073  feat 0.00093)
  Epoch 37/50  Batch 1091/2188 (49.9%)  | Super 98.419 (box 1.3007  cls 0.7086  dfl 1.0663)  | Base 100.782 (box 1.3285  cls 0.7443  dfl 1.0767)  | KD 8.732 (box 0.26214  cls 0.00926  dfl 0.00062  feat 0.00087)
  Epoch 37/50  Batch 1309/2188 (59.8%)  | Super 95.845 (box 1.2228  cls 0.7149  dfl 1.0575)  | Base 98.294 (box 1.2518  cls 0.7566  dfl 1.0633)  | KD 9.624 (box 0.28482  cls 0.01426  dfl 0.00073  feat 0.00093)
  Epoch 37/50  Batch 1527/2188 (69.8%)  | Super 103.236 (box 1.3476  cls 0.8124  dfl 1.0662)  | Base 105.394 (box 1.3626  cls 0.8654  dfl 1.0656)  | KD 9.832 (box 0.29124  cls 0.01433  dfl 0.00074  feat 0.00095)
  Epoch 37/50  Batch 1745/2188 (79.8%)  | Super 99.602 (box 1.3033  cls 0.7252  dfl 1.0841)  | Base 101.007 (box 1.3166  cls 0.7652  dfl 1.0746)  | KD 9.908 (box 0.29895  cls 0.00923  dfl 0.00065  feat 0.00080)
  Epoch 37/50  Batch 1963/2188 (89.7%)  | Super 97.993 (box 1.2718  cls 0.7768  dfl 1.0136)  | Base 100.110 (box 1.2919  cls 0.8261  dfl 1.0105)  | KD 9.783 (box 0.29345  cls 0.01062  dfl 0.00067  feat 0.00097)
  Epoch 37/50  Batch 2181/2188 (99.7%)  | Super 104.803 (box 1.3919  cls 0.7339  dfl 1.1492)  | Base 105.313 (box 1.3877  cls 0.7644  dfl 1.1389)  | KD 8.858 (box 0.26078  cls 0.01452  dfl 0.00057  feat 0.00095)

================================================================================
  [Validation] Super model (skip=False)  |  Epoch 37/50
================================================================================
[*] Validation input tensor shape: torch.Size([32, 3, 736, 1312])
                 Class     Images  Instances      Box(P          R      mAP50  mAP50-95)
                   all      10000     185578       0.75      0.533      0.593      0.349

================================================================================
  [Validation] Base model  (skip=True)   |  Epoch 37/50
================================================================================
[*] Validation input tensor shape: torch.Size([32, 3, 736, 1312])
                 Class     Images  Instances      Box(P          R      mAP50  mAP50-95)
                   all      10000     185578      0.726      0.529      0.582       0.34

           Epoch         GPU_mem          box_om          cls_om          dfl_om          box_oo          cls_oo          dfl_oo       Instances            Size
  Epoch 38/50  Batch 1/2188 (0.0%)  | Super 98.911 (box 1.2644  cls 0.7655  dfl 1.0610)  | Base 101.789 (box 1.2896  cls 0.8237  dfl 1.0676)  | KD 11.102 (box 0.32891  cls 0.01647  dfl 0.00078  feat 0.00077)
  Epoch 38/50  Batch 219/2188 (10.0%)  | Super 106.177 (box 1.4269  cls 0.7900  dfl 1.1011)  | Base 107.368 (box 1.4421  cls 0.8192  dfl 1.0939)  | KD 9.370 (box 0.28208  cls 0.00917  dfl 0.00064  feat 0.00093)
  Epoch 38/50  Batch 437/2188 (20.0%)  | Super 113.227 (box 1.5617  cls 0.8192  dfl 1.1575)  | Base 115.179 (box 1.5817  cls 0.8564  dfl 1.1613)  | KD 10.173 (box 0.30790  cls 0.00845  dfl 0.00064  feat 0.00093)
  Epoch 38/50  Batch 655/2188 (29.9%)  | Super 95.763 (box 1.2597  cls 0.6759  dfl 1.0570)  | Base 96.122 (box 1.2640  cls 0.6925  dfl 1.0473)  | KD 8.315 (box 0.24673  cls 0.01176  dfl 0.00054  feat 0.00081)
  Epoch 38/50  Batch 873/2188 (39.9%)  | Super 107.765 (box 1.3744  cls 0.8703  dfl 1.1230)  | Base 108.623 (box 1.3788  cls 0.8934  dfl 1.1222)  | KD 10.432 (box 0.31542  cls 0.00902  dfl 0.00070  feat 0.00085)
  Epoch 38/50  Batch 1091/2188 (49.9%)  | Super 99.066 (box 1.2908  cls 0.7176  dfl 1.0874)  | Base 100.046 (box 1.3040  cls 0.7357  dfl 1.0867)  | KD 8.530 (box 0.25654  cls 0.00852  dfl 0.00063  feat 0.00089)
  Epoch 38/50  Batch 1309/2188 (59.8%)  | Super 98.417 (box 1.2722  cls 0.7146  dfl 1.0887)  | Base 99.020 (box 1.2833  cls 0.7383  dfl 1.0728)  | KD 9.164 (box 0.27060  cls 0.01417  dfl 0.00068  feat 0.00091)
  Epoch 38/50  Batch 1527/2188 (69.8%)  | Super 105.427 (box 1.4021  cls 0.7743  dfl 1.1183)  | Base 107.900 (box 1.4330  cls 0.8134  dfl 1.1255)  | KD 9.454 (box 0.28063  cls 0.01323  dfl 0.00066  feat 0.00091)
  Epoch 38/50  Batch 1745/2188 (79.8%)  | Super 103.158 (box 1.3476  cls 0.7367  dfl 1.1393)  | Base 104.207 (box 1.3396  cls 0.7976  dfl 1.1192)  | KD 9.190 (box 0.27605  cls 0.00969  dfl 0.00056  feat 0.00089)
  Epoch 38/50  Batch 1963/2188 (89.7%)  | Super 101.120 (box 1.3114  cls 0.7739  dfl 1.0746)  | Base 102.657 (box 1.3241  cls 0.8109  dfl 1.0730)  | KD 10.162 (box 0.30556  cls 0.01028  dfl 0.00071  feat 0.00102)
  Epoch 38/50  Batch 2181/2188 (99.7%)  | Super 103.451 (box 1.3633  cls 0.7463  dfl 1.1232)  | Base 104.436 (box 1.3683  cls 0.7667  dfl 1.1286)  | KD 9.191 (box 0.27542  cls 0.01010  dfl 0.00066  feat 0.00103)

================================================================================
  [Validation] Super model (skip=False)  |  Epoch 38/50
================================================================================
[*] Validation input tensor shape: torch.Size([32, 3, 736, 1312])
                 Class     Images  Instances      Box(P          R      mAP50  mAP50-95)
                   all      10000     185578      0.754      0.532      0.594      0.348

================================================================================
  [Validation] Base model  (skip=True)   |  Epoch 38/50
================================================================================
[*] Validation input tensor shape: torch.Size([32, 3, 736, 1312])
                 Class     Images  Instances      Box(P          R      mAP50  mAP50-95)
                   all      10000     185578      0.729      0.527      0.582      0.339

           Epoch         GPU_mem          box_om          cls_om          dfl_om          box_oo          cls_oo          dfl_oo       Instances            Size
  Epoch 39/50  Batch 1/2188 (0.0%)  | Super 104.844 (box 1.3756  cls 0.7941  dfl 1.1067)  | Base 109.142 (box 1.4189  cls 0.8611  dfl 1.1308)  | KD 10.357 (box 0.30663  cls 0.01528  dfl 0.00082  feat 0.00093)
  Epoch 39/50  Batch 219/2188 (10.0%)  | Super 104.360 (box 1.3902  cls 0.7899  dfl 1.0811)  | Base 106.370 (box 1.4192  cls 0.8212  dfl 1.0837)  | KD 9.370 (box 0.27898  cls 0.01227  dfl 0.00068  feat 0.00089)
  Epoch 39/50  Batch 437/2188 (20.0%)  | Super 112.380 (box 1.5365  cls 0.8543  dfl 1.1211)  | Base 113.243 (box 1.5343  cls 0.8878  dfl 1.1167)  | KD 11.518 (box 0.34633  cls 0.01213  dfl 0.00065  feat 0.00083)
  Epoch 39/50  Batch 655/2188 (29.9%)  | Super 97.511 (box 1.2987  cls 0.6930  dfl 1.0555)  | Base 98.476 (box 1.2989  cls 0.7301  dfl 1.0484)  | KD 8.395 (box 0.25030  cls 0.01076  dfl 0.00055  feat 0.00073)
  Epoch 39/50  Batch 873/2188 (39.9%)  | Super 108.610 (box 1.3616  cls 0.8775  dfl 1.1549)  | Base 110.399 (box 1.3829  cls 0.9047  dfl 1.1624)  | KD 10.596 (box 0.32002  cls 0.00953  dfl 0.00076  feat 0.00082)
  Epoch 39/50  Batch 1091/2188 (49.9%)  | Super 95.216 (box 1.2744  cls 0.6751  dfl 1.0260)  | Base 95.832 (box 1.2885  cls 0.6926  dfl 1.0137)  | KD 9.047 (box 0.26815  cls 0.01309  dfl 0.00069  feat 0.00078)
  Epoch 39/50  Batch 1309/2188 (59.8%)  | Super 98.604 (box 1.2602  cls 0.7239  dfl 1.0972)  | Base 99.519 (box 1.2717  cls 0.7558  dfl 1.0824)  | KD 9.585 (box 0.28002  cls 0.01791  dfl 0.00068  feat 0.00093)
  Epoch 39/50  Batch 1527/2188 (69.8%)  | Super 103.710 (box 1.3633  cls 0.7728  dfl 1.1049)  | Base 105.773 (box 1.3749  cls 0.8293  dfl 1.1012)  | KD 9.382 (box 0.27797  cls 0.01353  dfl 0.00077  feat 0.00090)
  Epoch 39/50  Batch 1745/2188 (79.8%)  | Super 96.236 (box 1.2702  cls 0.6757  dfl 1.0615)  | Base 98.005 (box 1.2845  cls 0.7163  dfl 1.0618)  | KD 8.998 (box 0.27079  cls 0.00895  dfl 0.00064  feat 0.00081)
  Epoch 39/50  Batch 1963/2188 (89.7%)  | Super 95.727 (box 1.2519  cls 0.6958  dfl 1.0437)  | Base 97.199 (box 1.2631  cls 0.7411  dfl 1.0333)  | KD 8.606 (box 0.25819  cls 0.00912  dfl 0.00057  feat 0.00107)
  Epoch 39/50  Batch 2181/2188 (99.7%)  | Super 100.675 (box 1.3137  cls 0.7099  dfl 1.1225)  | Base 101.704 (box 1.3282  cls 0.7433  dfl 1.1068)  | KD 9.284 (box 0.27500  cls 0.01356  dfl 0.00066  feat 0.00090)

================================================================================
  [Validation] Super model (skip=False)  |  Epoch 39/50
================================================================================
[*] Validation input tensor shape: torch.Size([32, 3, 736, 1312])
                 Class     Images  Instances      Box(P          R      mAP50  mAP50-95)
                   all      10000     185578      0.752      0.531      0.593      0.348

================================================================================
  [Validation] Base model  (skip=True)   |  Epoch 39/50
================================================================================
[*] Validation input tensor shape: torch.Size([32, 3, 736, 1312])
                 Class     Images  Instances      Box(P          R      mAP50  mAP50-95)
                   all      10000     185578       0.73      0.526      0.582      0.339

           Epoch         GPU_mem          box_om          cls_om          dfl_om          box_oo          cls_oo          dfl_oo       Instances            Size
  Epoch 40/50  Batch 1/2188 (0.0%)  | Super 99.849 (box 1.3099  cls 0.7469  dfl 1.0635)  | Base 103.596 (box 1.3525  cls 0.8086  dfl 1.0763)  | KD 10.905 (box 0.32367  cls 0.01550  dfl 0.00081  feat 0.00080)
  Epoch 40/50  Batch 219/2188 (10.0%)  | Super 107.143 (box 1.3983  cls 0.8077  dfl 1.1422)  | Base 108.532 (box 1.4196  cls 0.8348  dfl 1.1372)  | KD 10.483 (box 0.31312  cls 0.01259  dfl 0.00104  feat 0.00084)
  Epoch 40/50  Batch 437/2188 (20.0%)  | Super 113.341 (box 1.5588  cls 0.8239  dfl 1.1592)  | Base 114.482 (box 1.5722  cls 0.8575  dfl 1.1479)  | KD 10.714 (box 0.32354  cls 0.00979  dfl 0.00063  feat 0.00086)
  Epoch 40/50  Batch 655/2188 (29.9%)  | Super 97.253 (box 1.2736  cls 0.7095  dfl 1.0561)  | Base 97.956 (box 1.2731  cls 0.7328  dfl 1.0552)  | KD 8.686 (box 0.25564  cls 0.01438  dfl 0.00058  feat 0.00084)
  Epoch 40/50  Batch 873/2188 (39.9%)  | Super 110.039 (box 1.3953  cls 0.8979  dfl 1.1455)  | Base 112.437 (box 1.4204  cls 0.9525  dfl 1.1407)  | KD 10.815 (box 0.32648  cls 0.00982  dfl 0.00075  feat 0.00092)
  Epoch 40/50  Batch 1091/2188 (49.9%)  | Super 101.532 (box 1.3317  cls 0.7338  dfl 1.1074)  | Base 102.037 (box 1.3352  cls 0.7509  dfl 1.1026)  | KD 8.792 (box 0.26389  cls 0.00946  dfl 0.00062  feat 0.00078)
  Epoch 40/50  Batch 1309/2188 (59.8%)  | Super 99.894 (box 1.2772  cls 0.7292  dfl 1.1153)  | Base 100.359 (box 1.2815  cls 0.7447  dfl 1.1100)  | KD 9.862 (box 0.29449  cls 0.01188  dfl 0.00078  feat 0.00104)
  Epoch 40/50  Batch 1527/2188 (69.8%)  | Super 105.907 (box 1.3961  cls 0.7921  dfl 1.1214)  | Base 108.946 (box 1.4138  cls 0.8693  dfl 1.1214)  | KD 9.964 (box 0.28714  cls 0.02260  dfl 0.00071  feat 0.00091)
  Epoch 40/50  Batch 1745/2188 (79.8%)  | Super 103.161 (box 1.3589  cls 0.7416  dfl 1.1232)  | Base 104.551 (box 1.3666  cls 0.7885  dfl 1.1122)  | KD 9.798 (box 0.29692  cls 0.00773  dfl 0.00065  feat 0.00089)
  Epoch 40/50  Batch 1963/2188 (89.7%)  | Super 98.240 (box 1.2651  cls 0.7258  dfl 1.0792)  | Base 100.912 (box 1.2799  cls 0.7941  dfl 1.0795)  | KD 10.194 (box 0.30476  cls 0.01199  dfl 0.00082  feat 0.00100)
  Epoch 40/50  Batch 2181/2188 (99.7%)  | Super 102.748 (box 1.3419  cls 0.7529  dfl 1.1161)  | Base 104.842 (box 1.3882  cls 0.7610  dfl 1.1272)  | KD 9.323 (box 0.27947  cls 0.01027  dfl 0.00065  feat 0.00095)

================================================================================
  [Validation] Super model (skip=False)  |  Epoch 40/50
================================================================================
[*] Validation input tensor shape: torch.Size([32, 3, 736, 1312])
                 Class     Images  Instances      Box(P          R      mAP50  mAP50-95)
                   all      10000     185578      0.748      0.533      0.592      0.348

================================================================================
  [Validation] Base model  (skip=True)   |  Epoch 40/50
================================================================================
[*] Validation input tensor shape: torch.Size([32, 3, 736, 1312])
                 Class     Images  Instances      Box(P          R      mAP50  mAP50-95)
                   all      10000     185578      0.733      0.525      0.582       0.34

           Epoch         GPU_mem          box_om          cls_om          dfl_om          box_oo          cls_oo          dfl_oo       Instances            Size
  Epoch 41/50  Batch 1/2188 (0.0%)  | Super 100.999 (box 1.3175  cls 0.7360  dfl 1.1027)  | Base 103.971 (box 1.3348  cls 0.8081  dfl 1.1061)  | KD 9.880 (box 0.29442  cls 0.01290  dfl 0.00069  feat 0.00074)
  Epoch 41/50  Batch 219/2188 (10.0%)  | Super 108.423 (box 1.4550  cls 0.8009  dfl 1.1322)  | Base 110.303 (box 1.4838  cls 0.8254  dfl 1.1378)  | KD 8.666 (box 0.25917  cls 0.01014  dfl 0.00056  feat 0.00095)
  Epoch 41/50  Batch 437/2188 (20.0%)  | Super 113.138 (box 1.5723  cls 0.8322  dfl 1.1311)  | Base 114.478 (box 1.5806  cls 0.8607  dfl 1.1362)  | KD 10.311 (box 0.31281  cls 0.00787  dfl 0.00062  feat 0.00093)
  Epoch 41/50  Batch 655/2188 (29.9%)  | Super 97.600 (box 1.2933  cls 0.6898  dfl 1.0669)  | Base 98.504 (box 1.2950  cls 0.7164  dfl 1.0669)  | KD 8.256 (box 0.24889  cls 0.00776  dfl 0.00051  feat 0.00083)
  Epoch 41/50  Batch 873/2188 (39.9%)  | Super 113.763 (box 1.4280  cls 0.9538  dfl 1.1733)  | Base 116.818 (box 1.4715  cls 0.9953  dfl 1.1838)  | KD 10.901 (box 0.32830  cls 0.01051  dfl 0.00079  feat 0.00106)
  Epoch 41/50  Batch 1091/2188 (49.9%)  | Super 99.381 (box 1.3003  cls 0.7193  dfl 1.0860)  | Base 101.143 (box 1.3164  cls 0.7524  dfl 1.0920)  | KD 9.030 (box 0.27069  cls 0.00992  dfl 0.00072  feat 0.00087)
  Epoch 41/50  Batch 1309/2188 (59.8%)  | Super 100.225 (box 1.2803  cls 0.7299  dfl 1.1218)  | Base 100.039 (box 1.2715  cls 0.7432  dfl 1.1115)  | KD 9.283 (box 0.28014  cls 0.00805  dfl 0.00075  feat 0.00115)
  Epoch 41/50  Batch 1527/2188 (69.8%)  | Super 101.945 (box 1.3176  cls 0.7887  dfl 1.0795)  | Base 104.074 (box 1.3361  cls 0.8333  dfl 1.0829)  | KD 10.156 (box 0.29662  cls 0.01912  dfl 0.00073  feat 0.00089)
  Epoch 41/50  Batch 1745/2188 (79.8%)  | Super 102.557 (box 1.3461  cls 0.7552  dfl 1.1036)  | Base 104.081 (box 1.3534  cls 0.7917  dfl 1.1074)  | KD 9.850 (box 0.29498  cls 0.01123  dfl 0.00080  feat 0.00080)
  Epoch 41/50  Batch 1963/2188 (89.7%)  | Super 100.504 (box 1.2756  cls 0.7623  dfl 1.1029)  | Base 103.237 (box 1.3084  cls 0.8123  dfl 1.1056)  | KD 10.339 (box 0.31035  cls 0.01084  dfl 0.00080  feat 0.00112)
  Epoch 41/50  Batch 2181/2188 (99.7%)  | Super 102.791 (box 1.3739  cls 0.7135  dfl 1.1249)  | Base 104.550 (box 1.3917  cls 0.7514  dfl 1.1241)  | KD 8.753 (box 0.26316  cls 0.00870  dfl 0.00055  feat 0.00111)

================================================================================
  [Validation] Super model (skip=False)  |  Epoch 41/50
================================================================================
[*] Validation input tensor shape: torch.Size([32, 3, 736, 1312])
                 Class     Images  Instances      Box(P          R      mAP50  mAP50-95)
                   all      10000     185578      0.748      0.534      0.594      0.349

================================================================================
  [Validation] Base model  (skip=True)   |  Epoch 41/50
================================================================================
[*] Validation input tensor shape: torch.Size([32, 3, 736, 1312])
                 Class     Images  Instances      Box(P          R      mAP50  mAP50-95)
                   all      10000     185578      0.735      0.523      0.583       0.34

           Epoch         GPU_mem          box_om          cls_om          dfl_om          box_oo          cls_oo          dfl_oo       Instances            Size
  Epoch 42/50  Batch 1/2188 (0.0%)  | Super 106.806 (box 1.3670  cls 0.7742  dfl 1.1964)  | Base 108.876 (box 1.3677  cls 0.8360  dfl 1.1987)  | KD 10.593 (box 0.30974  cls 0.01946  dfl 0.00087  feat 0.00097)
  Epoch 42/50  Batch 219/2188 (10.0%)  | Super 104.783 (box 1.4050  cls 0.7644  dfl 1.1051)  | Base 107.384 (box 1.4281  cls 0.8168  dfl 1.1108)  | KD 8.852 (box 0.26350  cls 0.01157  dfl 0.00064  feat 0.00090)
  Epoch 42/50  Batch 437/2188 (20.0%)  | Super 116.954 (box 1.6035  cls 0.8582  dfl 1.1931)  | Base 119.985 (box 1.6396  cls 0.8975  dfl 1.2125)  | KD 10.965 (box 0.33033  cls 0.01043  dfl 0.00071  feat 0.00118)
  Epoch 42/50  Batch 655/2188 (29.9%)  | Super 97.730 (box 1.2850  cls 0.7018  dfl 1.0672)  | Base 98.439 (box 1.2924  cls 0.7197  dfl 1.0641)  | KD 8.300 (box 0.24833  cls 0.00979  dfl 0.00052  feat 0.00075)
  Epoch 42/50  Batch 873/2188 (39.9%)  | Super 108.893 (box 1.4083  cls 0.8291  dfl 1.1655)  | Base 108.669 (box 1.3945  cls 0.8583  dfl 1.1432)  | KD 10.007 (box 0.30107  cls 0.01012  dfl 0.00069  feat 0.00085)
  Epoch 42/50  Batch 1091/2188 (49.9%)  | Super 97.961 (box 1.2817  cls 0.7028  dfl 1.0767)  | Base 98.871 (box 1.2969  cls 0.7234  dfl 1.0694)  | KD 8.470 (box 0.25214  cls 0.01114  dfl 0.00055  feat 0.00086)
  Epoch 42/50  Batch 1309/2188 (59.8%)  | Super 100.012 (box 1.2858  cls 0.7187  dfl 1.1209)  | Base 102.865 (box 1.3130  cls 0.7796  dfl 1.1219)  | KD 9.113 (box 0.26955  cls 0.01356  dfl 0.00072  feat 0.00095)
  Epoch 42/50  Batch 1527/2188 (69.8%)  | Super 105.205 (box 1.3790  cls 0.8028  dfl 1.1059)  | Base 107.840 (box 1.4120  cls 0.8448  dfl 1.1132)  | KD 9.876 (box 0.28753  cls 0.01942  dfl 0.00073  feat 0.00094)
  Epoch 42/50  Batch 1745/2188 (79.8%)  | Super 101.456 (box 1.3218  cls 0.7422  dfl 1.1064)  | Base 102.897 (box 1.3394  cls 0.7687  dfl 1.1074)  | KD 9.662 (box 0.28840  cls 0.01175  dfl 0.00073  feat 0.00105)
  Epoch 42/50  Batch 1963/2188 (89.7%)  | Super 99.700 (box 1.3035  cls 0.7417  dfl 1.0704)  | Base 102.726 (box 1.3402  cls 0.7829  dfl 1.0871)  | KD 9.586 (box 0.28863  cls 0.00921  dfl 0.00064  feat 0.00107)
  Epoch 42/50  Batch 2181/2188 (99.7%)  | Super 100.804 (box 1.3474  cls 0.6927  dfl 1.1100)  | Base 103.671 (box 1.3767  cls 0.7391  dfl 1.1240)  | KD 9.199 (box 0.27406  cls 0.01176  dfl 0.00066  feat 0.00099)

================================================================================
  [Validation] Super model (skip=False)  |  Epoch 42/50
================================================================================
[*] Validation input tensor shape: torch.Size([32, 3, 736, 1312])
                 Class     Images  Instances      Box(P          R      mAP50  mAP50-95)
                   all      10000     185578      0.746      0.536      0.593      0.349

================================================================================
  [Validation] Base model  (skip=True)   |  Epoch 42/50
================================================================================
[*] Validation input tensor shape: torch.Size([32, 3, 736, 1312])
                 Class     Images  Instances      Box(P          R      mAP50  mAP50-95)
                   all      10000     185578      0.731      0.525      0.583       0.34

           Epoch         GPU_mem          box_om          cls_om          dfl_om          box_oo          cls_oo          dfl_oo       Instances            Size
  Epoch 43/50  Batch 1/2188 (0.0%)  | Super 101.561 (box 1.2933  cls 0.7607  dfl 1.1197)  | Base 105.737 (box 1.3417  cls 0.8088  dfl 1.1539)  | KD 10.683 (box 0.31751  cls 0.01461  dfl 0.00076  feat 0.00096)
  Epoch 43/50  Batch 219/2188 (10.0%)  | Super 107.939 (box 1.4376  cls 0.8121  dfl 1.1235)  | Base 110.194 (box 1.4624  cls 0.8523  dfl 1.1289)  | KD 9.235 (box 0.27743  cls 0.00960  dfl 0.00069  feat 0.00089)
  Epoch 43/50  Batch 437/2188 (20.0%)  | Super 111.462 (box 1.5431  cls 0.8006  dfl 1.1395)  | Base 113.308 (box 1.5613  cls 0.8383  dfl 1.1412)  | KD 10.118 (box 0.30566  cls 0.00892  dfl 0.00057  feat 0.00103)
  Epoch 43/50  Batch 655/2188 (29.9%)  | Super 97.779 (box 1.2705  cls 0.7086  dfl 1.0764)  | Base 98.253 (box 1.2716  cls 0.7328  dfl 1.0660)  | KD 8.266 (box 0.24389  cls 0.01304  dfl 0.00053  feat 0.00087)
  Epoch 43/50  Batch 873/2188 (39.9%)  | Super 108.565 (box 1.4241  cls 0.8026  dfl 1.1659)  | Base 109.905 (box 1.4261  cls 0.8490  dfl 1.1595)  | KD 10.459 (box 0.31469  cls 0.01054  dfl 0.00070  feat 0.00092)
  Epoch 43/50  Batch 1091/2188 (49.9%)  | Super 98.577 (box 1.3114  cls 0.6880  dfl 1.0811)  | Base 100.101 (box 1.3264  cls 0.7265  dfl 1.0753)  | KD 8.893 (box 0.26706  cls 0.00944  dfl 0.00065  feat 0.00075)
  Epoch 43/50  Batch 1309/2188 (59.8%)  | Super 98.975 (box 1.2694  cls 0.7443  dfl 1.0793)  | Base 101.139 (box 1.2959  cls 0.7731  dfl 1.0916)  | KD 9.191 (box 0.27787  cls 0.00783  dfl 0.00062  feat 0.00090)
  Epoch 43/50  Batch 1527/2188 (69.8%)  | Super 106.243 (box 1.3495  cls 0.8423  dfl 1.1283)  | Base 108.897 (box 1.3801  cls 0.8843  dfl 1.1386)  | KD 9.743 (box 0.28043  cls 0.02236  dfl 0.00077  feat 0.00091)
  Epoch 43/50  Batch 1745/2188 (79.8%)  | Super 101.185 (box 1.3228  cls 0.7613  dfl 1.0779)  | Base 102.915 (box 1.3382  cls 0.7996  dfl 1.0782)  | KD 10.155 (box 0.30402  cls 0.01165  dfl 0.00083  feat 0.00086)
  Epoch 43/50  Batch 1963/2188 (89.7%)  | Super 99.271 (box 1.2888  cls 0.7257  dfl 1.0877)  | Base 101.100 (box 1.2987  cls 0.7634  dfl 1.0973)  | KD 9.883 (box 0.29792  cls 0.00916  dfl 0.00071  feat 0.00104)
  Epoch 43/50  Batch 2181/2188 (99.7%)  | Super 100.915 (box 1.3285  cls 0.7043  dfl 1.1208)  | Base 102.825 (box 1.3422  cls 0.7401  dfl 1.1309)  | KD 9.266 (box 0.27790  cls 0.01001  dfl 0.00064  feat 0.00101)

================================================================================
  [Validation] Super model (skip=False)  |  Epoch 43/50
================================================================================
[*] Validation input tensor shape: torch.Size([32, 3, 736, 1312])
                 Class     Images  Instances      Box(P          R      mAP50  mAP50-95)
                   all      10000     185578      0.748      0.535      0.593      0.349

================================================================================
  [Validation] Base model  (skip=True)   |  Epoch 43/50
================================================================================
[*] Validation input tensor shape: torch.Size([32, 3, 736, 1312])
                 Class     Images  Instances      Box(P          R      mAP50  mAP50-95)
                   all      10000     185578      0.734      0.524      0.583       0.34

           Epoch         GPU_mem          box_om          cls_om          dfl_om          box_oo          cls_oo          dfl_oo       Instances            Size
  Epoch 44/50  Batch 1/2188 (0.0%)  | Super 102.304 (box 1.3474  cls 0.7307  dfl 1.1189)  | Base 105.005 (box 1.3620  cls 0.7956  dfl 1.1238)  | KD 10.067 (box 0.29901  cls 0.01402  dfl 0.00071  feat 0.00085)
  Epoch 44/50  Batch 219/2188 (10.0%)  | Super 103.061 (box 1.3567  cls 0.7640  dfl 1.1000)  | Base 105.025 (box 1.3812  cls 0.7954  dfl 1.1054)  | KD 9.397 (box 0.28080  cls 0.01135  dfl 0.00065  feat 0.00085)
  Epoch 44/50  Batch 437/2188 (20.0%)  | Super 112.202 (box 1.5638  cls 0.7992  dfl 1.1433)  | Base 113.770 (box 1.5677  cls 0.8431  dfl 1.1445)  | KD 10.835 (box 0.32555  cls 0.01156  dfl 0.00064  feat 0.00085)
  Epoch 44/50  Batch 655/2188 (29.9%)  | Super 97.740 (box 1.3102  cls 0.6855  dfl 1.0587)  | Base 98.807 (box 1.3198  cls 0.7175  dfl 1.0505)  | KD 8.746 (box 0.26300  cls 0.00894  dfl 0.00064  feat 0.00074)
  Epoch 44/50  Batch 873/2188 (39.9%)  | Super 108.063 (box 1.3671  cls 0.8732  dfl 1.1367)  | Base 109.428 (box 1.3864  cls 0.8900  dfl 1.1432)  | KD 10.900 (box 0.32946  cls 0.00954  dfl 0.00072  feat 0.00091)
  Epoch 44/50  Batch 1091/2188 (49.9%)  | Super 96.863 (box 1.2925  cls 0.6976  dfl 1.0368)  | Base 97.101 (box 1.2912  cls 0.7175  dfl 1.0257)  | KD 9.155 (box 0.26774  cls 0.01699  dfl 0.00059  feat 0.00077)
  Epoch 44/50  Batch 1309/2188 (59.8%)  | Super 100.836 (box 1.2941  cls 0.7433  dfl 1.1137)  | Base 101.911 (box 1.3131  cls 0.7614  dfl 1.1102)  | KD 9.870 (box 0.29501  cls 0.01173  dfl 0.00075  feat 0.00095)
  Epoch 44/50  Batch 1527/2188 (69.8%)  | Super 97.722 (box 1.2986  cls 0.7286  dfl 1.0266)  | Base 99.743 (box 1.3134  cls 0.7758  dfl 1.0277)  | KD 10.092 (box 0.29919  cls 0.01450  dfl 0.00081  feat 0.00088)
  Epoch 44/50  Batch 1745/2188 (79.8%)  | Super 100.399 (box 1.3307  cls 0.6996  dfl 1.1071)  | Base 102.374 (box 1.3440  cls 0.7507  dfl 1.1045)  | KD 9.410 (box 0.28264  cls 0.00988  dfl 0.00066  feat 0.00086)
  Epoch 44/50  Batch 1963/2188 (89.7%)  | Super 100.599 (box 1.3020  cls 0.7711  dfl 1.0706)  | Base 101.372 (box 1.2985  cls 0.8133  dfl 1.0561)  | KD 9.836 (box 0.29254  cls 0.01313  dfl 0.00067  feat 0.00103)
  Epoch 44/50  Batch 2181/2188 (99.7%)  | Super 102.358 (box 1.3540  cls 0.7397  dfl 1.1050)  | Base 103.665 (box 1.3659  cls 0.7747  dfl 1.0989)  | KD 8.731 (box 0.25549  cls 0.01581  dfl 0.00057  feat 0.00098)

================================================================================
  [Validation] Super model (skip=False)  |  Epoch 44/50
================================================================================
[*] Validation input tensor shape: torch.Size([32, 3, 736, 1312])
                 Class     Images  Instances      Box(P          R      mAP50  mAP50-95)
                   all      10000     185578      0.748      0.536      0.594      0.349

================================================================================
  [Validation] Base model  (skip=True)   |  Epoch 44/50
================================================================================
[*] Validation input tensor shape: torch.Size([32, 3, 736, 1312])
                 Class     Images  Instances      Box(P          R      mAP50  mAP50-95)
                   all      10000     185578      0.735      0.524      0.583       0.34

           Epoch         GPU_mem          box_om          cls_om          dfl_om          box_oo          cls_oo          dfl_oo       Instances            Size
  Epoch 45/50  Batch 1/2188 (0.0%)  | Super 105.592 (box 1.3789  cls 0.7552  dfl 1.1657)  | Base 107.958 (box 1.3969  cls 0.8097  dfl 1.1671)  | KD 10.035 (box 0.29926  cls 0.01263  dfl 0.00079  feat 0.00092)
  Epoch 45/50  Batch 219/2188 (10.0%)  | Super 106.294 (box 1.4341  cls 0.7541  dfl 1.1335)  | Base 107.521 (box 1.4404  cls 0.7807  dfl 1.1389)  | KD 9.079 (box 0.27367  cls 0.00855  dfl 0.00064  feat 0.00087)
  Epoch 45/50  Batch 437/2188 (20.0%)  | Super 112.144 (box 1.5590  cls 0.8058  dfl 1.1396)  | Base 112.851 (box 1.5724  cls 0.8183  dfl 1.1359)  | KD 10.811 (box 0.32766  cls 0.00867  dfl 0.00066  feat 0.00084)
  Epoch 45/50  Batch 655/2188 (29.9%)  | Super 101.583 (box 1.3046  cls 0.7512  dfl 1.1187)  | Base 102.612 (box 1.3115  cls 0.7836  dfl 1.1115)  | KD 9.064 (box 0.26977  cls 0.01178  dfl 0.00054  feat 0.00114)
  Epoch 45/50  Batch 873/2188 (39.9%)  | Super 110.401 (box 1.4117  cls 0.8726  dfl 1.1657)  | Base 111.759 (box 1.4196  cls 0.9163  dfl 1.1566)  | KD 10.363 (box 0.31001  cls 0.01214  dfl 0.00068  feat 0.00101)
  Epoch 45/50  Batch 1091/2188 (49.9%)  | Super 99.121 (box 1.3110  cls 0.7256  dfl 1.0610)  | Base 100.723 (box 1.3287  cls 0.7531  dfl 1.0658)  | KD 9.093 (box 0.26792  cls 0.01483  dfl 0.00069  feat 0.00073)
  Epoch 45/50  Batch 1309/2188 (59.8%)  | Super 94.930 (box 1.2080  cls 0.6768  dfl 1.0817)  | Base 97.072 (box 1.2342  cls 0.7151  dfl 1.0842)  | KD 9.037 (box 0.27313  cls 0.00767  dfl 0.00073  feat 0.00089)
  Epoch 45/50  Batch 1527/2188 (69.8%)  | Super 106.610 (box 1.4023  cls 0.7910  dfl 1.1383)  | Base 108.143 (box 1.4201  cls 0.8161  dfl 1.1433)  | KD 9.742 (box 0.28873  cls 0.01412  dfl 0.00067  feat 0.00092)
  Epoch 45/50  Batch 1745/2188 (79.8%)  | Super 100.066 (box 1.2795  cls 0.7347  dfl 1.1129)  | Base 102.322 (box 1.2983  cls 0.7896  dfl 1.1097)  | KD 9.812 (box 0.29272  cls 0.01226  dfl 0.00077  feat 0.00090)
  Epoch 45/50  Batch 1963/2188 (89.7%)  | Super 102.232 (box 1.3260  cls 0.7767  dfl 1.0920)  | Base 103.713 (box 1.3335  cls 0.8132  dfl 1.0943)  | KD 10.424 (box 0.31206  cls 0.01187  dfl 0.00076  feat 0.00106)
  Epoch 45/50  Batch 2181/2188 (99.7%)  | Super 101.133 (box 1.3301  cls 0.6906  dfl 1.1398)  | Base 102.782 (box 1.3697  cls 0.7048  dfl 1.1374)  | KD 8.666 (box 0.25999  cls 0.00931  dfl 0.00067  feat 0.00085)

================================================================================
  [Validation] Super model (skip=False)  |  Epoch 45/50
================================================================================
[*] Validation input tensor shape: torch.Size([32, 3, 736, 1312])
                 Class     Images  Instances      Box(P          R      mAP50  mAP50-95)
                   all      10000     185578      0.749      0.534      0.594      0.349

================================================================================
  [Validation] Base model  (skip=True)   |  Epoch 45/50
================================================================================
[*] Validation input tensor shape: torch.Size([32, 3, 736, 1312])
                 Class     Images  Instances      Box(P          R      mAP50  mAP50-95)
                   all      10000     185578      0.735      0.524      0.583       0.34

           Epoch         GPU_mem          box_om          cls_om          dfl_om          box_oo          cls_oo          dfl_oo       Instances            Size
  Epoch 46/50  Batch 1/2188 (0.0%)  | Super 101.325 (box 1.3123  cls 0.7362  dfl 1.1179)  | Base 103.506 (box 1.3217  cls 0.7864  dfl 1.1264)  | KD 10.451 (box 0.31141  cls 0.01349  dfl 0.00074  feat 0.00094)
  Epoch 46/50  Batch 219/2188 (10.0%)  | Super 105.588 (box 1.3955  cls 0.7997  dfl 1.1044)  | Base 108.492 (box 1.4377  cls 0.8385  dfl 1.1142)  | KD 9.460 (box 0.28336  cls 0.01067  dfl 0.00070  feat 0.00090)
  Epoch 46/50  Batch 437/2188 (20.0%)  | Super 109.364 (box 1.5149  cls 0.7843  dfl 1.1184)  | Base 111.627 (box 1.5429  cls 0.8234  dfl 1.1221)  | KD 10.250 (box 0.30936  cls 0.00925  dfl 0.00062  feat 0.00107)
  Epoch 46/50  Batch 655/2188 (29.9%)  | Super 98.622 (box 1.3054  cls 0.7104  dfl 1.0662)  | Base 99.516 (box 1.3036  cls 0.7425  dfl 1.0638)  | KD 8.543 (box 0.25591  cls 0.00971  dfl 0.00056  feat 0.00080)
  Epoch 46/50  Batch 873/2188 (39.9%)  | Super 109.467 (box 1.4043  cls 0.8566  dfl 1.1599)  | Base 111.459 (box 1.4267  cls 0.9040  dfl 1.1524)  | KD 10.883 (box 0.32138  cls 0.01702  dfl 0.00080  feat 0.00089)
  Epoch 46/50  Batch 1091/2188 (49.9%)  | Super 98.409 (box 1.3049  cls 0.6915  dfl 1.0789)  | Base 100.130 (box 1.3296  cls 0.7240  dfl 1.0754)  | KD 8.904 (box 0.26434  cls 0.01247  dfl 0.00066  feat 0.00080)
  Epoch 46/50  Batch 1309/2188 (59.8%)  | Super 101.011 (box 1.2937  cls 0.7594  dfl 1.1035)  | Base 102.953 (box 1.3254  cls 0.7789  dfl 1.1130)  | KD 9.373 (box 0.28164  cls 0.00981  dfl 0.00063  feat 0.00081)
  Epoch 46/50  Batch 1527/2188 (69.8%)  | Super 106.170 (box 1.4145  cls 0.7798  dfl 1.1236)  | Base 106.733 (box 1.4095  cls 0.8099  dfl 1.1160)  | KD 10.178 (box 0.29886  cls 0.01763  dfl 0.00072  feat 0.00085)
  Epoch 46/50  Batch 1745/2188 (79.8%)  | Super 100.341 (box 1.3076  cls 0.7173  dfl 1.1107)  | Base 102.891 (box 1.3344  cls 0.7778  dfl 1.1031)  | KD 9.304 (box 0.27923  cls 0.00995  dfl 0.00066  feat 0.00092)
  Epoch 46/50  Batch 1963/2188 (89.7%)  | Super 103.147 (box 1.3148  cls 0.7758  dfl 1.1327)  | Base 105.745 (box 1.3355  cls 0.8369  dfl 1.1321)  | KD 9.859 (box 0.29519  cls 0.01117  dfl 0.00074  feat 0.00098)
  Epoch 46/50  Batch 2181/2188 (99.7%)  | Super 104.330 (box 1.3723  cls 0.7068  dfl 1.1812)  | Base 106.186 (box 1.3900  cls 0.7582  dfl 1.1701)  | KD 9.258 (box 0.27761  cls 0.01010  dfl 0.00070  feat 0.00090)

================================================================================
  [Validation] Super model (skip=False)  |  Epoch 46/50
================================================================================
[*] Validation input tensor shape: torch.Size([32, 3, 736, 1312])
                 Class     Images  Instances      Box(P          R      mAP50  mAP50-95)
                   all      10000     185578      0.752      0.534      0.594      0.349

================================================================================
  [Validation] Base model  (skip=True)   |  Epoch 46/50
================================================================================
[*] Validation input tensor shape: torch.Size([32, 3, 736, 1312])
                 Class     Images  Instances      Box(P          R      mAP50  mAP50-95)
                   all      10000     185578      0.734      0.525      0.583       0.34

           Epoch         GPU_mem          box_om          cls_om          dfl_om          box_oo          cls_oo          dfl_oo       Instances            Size
  Epoch 47/50  Batch 1/2188 (0.0%)  | Super 102.327 (box 1.3266  cls 0.7515  dfl 1.1197)  | Base 104.475 (box 1.3486  cls 0.7924  dfl 1.1239)  | KD 10.460 (box 0.30983  cls 0.01523  dfl 0.00095  feat 0.00086)
  Epoch 47/50  Batch 219/2188 (10.0%)  | Super 107.974 (box 1.4110  cls 0.8404  dfl 1.1228)  | Base 110.292 (box 1.4412  cls 0.8756  dfl 1.1299)  | KD 9.217 (box 0.27872  cls 0.00761  dfl 0.00072  feat 0.00098)
  Epoch 47/50  Batch 437/2188 (20.0%)  | Super 113.378 (box 1.5713  cls 0.8352  dfl 1.1365)  | Base 115.667 (box 1.5864  cls 0.8918  dfl 1.1365)  | KD 10.308 (box 0.31299  cls 0.00773  dfl 0.00059  feat 0.00081)
  Epoch 47/50  Batch 655/2188 (29.9%)  | Super 98.041 (box 1.2880  cls 0.7042  dfl 1.0716)  | Base 98.390 (box 1.2822  cls 0.7294  dfl 1.0631)  | KD 8.650 (box 0.25639  cls 0.01241  dfl 0.00057  feat 0.00094)
  Epoch 47/50  Batch 873/2188 (39.9%)  | Super 109.695 (box 1.4049  cls 0.8722  dfl 1.1509)  | Base 111.285 (box 1.4309  cls 0.9017  dfl 1.1450)  | KD 10.796 (box 0.32726  cls 0.00852  dfl 0.00071  feat 0.00087)
  Epoch 47/50  Batch 1091/2188 (49.9%)  | Super 98.987 (box 1.3051  cls 0.7173  dfl 1.0709)  | Base 99.846 (box 1.3181  cls 0.7335  dfl 1.0687)  | KD 9.301 (box 0.27744  cls 0.01178  dfl 0.00058  feat 0.00084)
  Epoch 47/50  Batch 1309/2188 (59.8%)  | Super 99.718 (box 1.2832  cls 0.7223  dfl 1.1107)  | Base 101.250 (box 1.2880  cls 0.7589  dfl 1.1171)  | KD 9.831 (box 0.29335  cls 0.01206  dfl 0.00077  feat 0.00103)
  Epoch 47/50  Batch 1527/2188 (69.8%)  | Super 102.786 (box 1.3442  cls 0.7809  dfl 1.0870)  | Base 105.132 (box 1.3728  cls 0.8259  dfl 1.0867)  | KD 10.014 (box 0.29421  cls 0.01713  dfl 0.00077  feat 0.00082)
  Epoch 47/50  Batch 1745/2188 (79.8%)  | Super 101.400 (box 1.3420  cls 0.7303  dfl 1.0965)  | Base 104.044 (box 1.3651  cls 0.7823  dfl 1.1040)  | KD 9.436 (box 0.28479  cls 0.00839  dfl 0.00078  feat 0.00091)
  Epoch 47/50  Batch 1963/2188 (89.7%)  | Super 99.737 (box 1.2972  cls 0.7427  dfl 1.0769)  | Base 102.006 (box 1.3265  cls 0.7712  dfl 1.0900)  | KD 9.078 (box 0.27378  cls 0.00824  dfl 0.00066  feat 0.00102)
  Epoch 47/50  Batch 2181/2188 (99.7%)  | Super 105.213 (box 1.3807  cls 0.7440  dfl 1.1632)  | Base 107.156 (box 1.3987  cls 0.7801  dfl 1.1699)  | KD 9.051 (box 0.26966  cls 0.01158  dfl 0.00060  feat 0.00102)

================================================================================
  [Validation] Super model (skip=False)  |  Epoch 47/50
================================================================================
[*] Validation input tensor shape: torch.Size([32, 3, 736, 1312])
                 Class     Images  Instances      Box(P          R      mAP50  mAP50-95)
                   all      10000     185578      0.752      0.533      0.594      0.349

================================================================================
  [Validation] Base model  (skip=True)   |  Epoch 47/50
================================================================================
[*] Validation input tensor shape: torch.Size([32, 3, 736, 1312])
                 Class     Images  Instances      Box(P          R      mAP50  mAP50-95)
                   all      10000     185578      0.732      0.527      0.583      0.341

           Epoch         GPU_mem          box_om          cls_om          dfl_om          box_oo          cls_oo          dfl_oo       Instances            Size
  Epoch 48/50  Batch 1/2188 (0.0%)  | Super 100.947 (box 1.3237  cls 0.7457  dfl 1.0851)  | Base 103.278 (box 1.3400  cls 0.7958  dfl 1.0917)  | KD 9.709 (box 0.28903  cls 0.01284  dfl 0.00071  feat 0.00082)
  Epoch 48/50  Batch 219/2188 (10.0%)  | Super 108.554 (box 1.4377  cls 0.8189  dfl 1.1357)  | Base 110.393 (box 1.4634  cls 0.8442  dfl 1.1422)  | KD 8.589 (box 0.25694  cls 0.00980  dfl 0.00065  feat 0.00103)
  Epoch 48/50  Batch 437/2188 (20.0%)  | Super 111.629 (box 1.5397  cls 0.7741  dfl 1.1746)  | Base 112.659 (box 1.5452  cls 0.8162  dfl 1.1591)  | KD 9.889 (box 0.30022  cls 0.00731  dfl 0.00065  feat 0.00086)
  Epoch 48/50  Batch 655/2188 (29.9%)  | Super 96.112 (box 1.2825  cls 0.6710  dfl 1.0499)  | Base 97.042 (box 1.2795  cls 0.7123  dfl 1.0407)  | KD 8.785 (box 0.26115  cls 0.01194  dfl 0.00062  feat 0.00083)
  Epoch 48/50  Batch 873/2188 (39.9%)  | Super 109.759 (box 1.3907  cls 0.9044  dfl 1.1348)  | Base 111.190 (box 1.4108  cls 0.9280  dfl 1.1359)  | KD 11.432 (box 0.34395  cls 0.01168  dfl 0.00075  feat 0.00089)
  Epoch 48/50  Batch 1091/2188 (49.9%)  | Super 97.984 (box 1.2915  cls 0.7107  dfl 1.0599)  | Base 99.645 (box 1.3061  cls 0.7395  dfl 1.0682)  | KD 9.248 (box 0.27460  cls 0.01286  dfl 0.00065  feat 0.00090)
  Epoch 48/50  Batch 1309/2188 (59.8%)  | Super 98.451 (box 1.2499  cls 0.7316  dfl 1.0951)  | Base 99.720 (box 1.2684  cls 0.7627  dfl 1.0853)  | KD 9.470 (box 0.28523  cls 0.00919  dfl 0.00065  feat 0.00088)
  Epoch 48/50  Batch 1527/2188 (69.8%)  | Super 103.252 (box 1.3644  cls 0.7723  dfl 1.0899)  | Base 105.874 (box 1.3933  cls 0.8215  dfl 1.0938)  | KD 9.512 (box 0.28234  cls 0.01343  dfl 0.00062  feat 0.00086)
  Epoch 48/50  Batch 1745/2188 (79.8%)  | Super 100.576 (box 1.3137  cls 0.7302  dfl 1.0991)  | Base 102.791 (box 1.3264  cls 0.7930  dfl 1.0928)  | KD 9.883 (box 0.29396  cls 0.01314  dfl 0.00075  feat 0.00098)
  Epoch 48/50  Batch 1963/2188 (89.7%)  | Super 101.120 (box 1.2922  cls 0.7468  dfl 1.1211)  | Base 103.390 (box 1.3129  cls 0.7809  dfl 1.1371)  | KD 9.529 (box 0.28400  cls 0.01207  dfl 0.00068  feat 0.00102)
  Epoch 48/50  Batch 2181/2188 (99.7%)  | Super 104.771 (box 1.3802  cls 0.7008  dfl 1.1931)  | Base 106.905 (box 1.3937  cls 0.7549  dfl 1.1922)  | KD 9.193 (box 0.27573  cls 0.00989  dfl 0.00067  feat 0.00099)

================================================================================
  [Validation] Super model (skip=False)  |  Epoch 48/50
================================================================================
[*] Validation input tensor shape: torch.Size([32, 3, 736, 1312])
                 Class     Images  Instances      Box(P          R      mAP50  mAP50-95)
                   all      10000     185578      0.752      0.533      0.594      0.349

================================================================================
  [Validation] Base model  (skip=True)   |  Epoch 48/50
================================================================================
[*] Validation input tensor shape: torch.Size([32, 3, 736, 1312])
                 Class     Images  Instances      Box(P          R      mAP50  mAP50-95)
                   all      10000     185578      0.731      0.527      0.584      0.341

           Epoch         GPU_mem          box_om          cls_om          dfl_om          box_oo          cls_oo          dfl_oo       Instances            Size
  Epoch 49/50  Batch 1/2188 (0.0%)  | Super 102.799 (box 1.3185  cls 0.7523  dfl 1.1417)  | Base 106.241 (box 1.3525  cls 0.8142  dfl 1.1533)  | KD 10.543 (box 0.31547  cls 0.01230  dfl 0.00080  feat 0.00090)
  Epoch 49/50  Batch 219/2188 (10.0%)  | Super 105.249 (box 1.4106  cls 0.7593  dfl 1.1191)  | Base 105.954 (box 1.4157  cls 0.7825  dfl 1.1128)  | KD 9.605 (box 0.28862  cls 0.01002  dfl 0.00068  feat 0.00083)
  Epoch 49/50  Batch 437/2188 (20.0%)  | Super 110.854 (box 1.5350  cls 0.7933  dfl 1.1359)  | Base 112.948 (box 1.5492  cls 0.8399  dfl 1.1405)  | KD 10.363 (box 0.31362  cls 0.00854  dfl 0.00062  feat 0.00106)
  Epoch 49/50  Batch 655/2188 (29.9%)  | Super 95.458 (box 1.2653  cls 0.6648  dfl 1.0530)  | Base 97.026 (box 1.2811  cls 0.7070  dfl 1.0440)  | KD 9.066 (box 0.26676  cls 0.01513  dfl 0.00063  feat 0.00080)
  Epoch 49/50  Batch 873/2188 (39.9%)  | Super 111.115 (box 1.4111  cls 0.8847  dfl 1.1765)  | Base 112.669 (box 1.4279  cls 0.9231  dfl 1.1700)  | KD 10.244 (box 0.30911  cls 0.00950  dfl 0.00070  feat 0.00082)
  Epoch 49/50  Batch 1091/2188 (49.9%)  | Super 95.446 (box 1.2528  cls 0.6993  dfl 1.0306)  | Base 97.206 (box 1.2731  cls 0.7306  dfl 1.0339)  | KD 9.061 (box 0.27038  cls 0.01136  dfl 0.00066  feat 0.00076)
  Epoch 49/50  Batch 1309/2188 (59.8%)  | Super 96.914 (box 1.2531  cls 0.7209  dfl 1.0545)  | Base 98.594 (box 1.2674  cls 0.7624  dfl 1.0513)  | KD 9.585 (box 0.28302  cls 0.01491  dfl 0.00076  feat 0.00086)
  Epoch 49/50  Batch 1527/2188 (69.8%)  | Super 106.433 (box 1.3976  cls 0.7871  dfl 1.1413)  | Base 108.080 (box 1.4075  cls 0.8367  dfl 1.1333)  | KD 10.646 (box 0.30752  cls 0.02330  dfl 0.00096  feat 0.00090)
  Epoch 49/50  Batch 1745/2188 (79.8%)  | Super 97.889 (box 1.2947  cls 0.6910  dfl 1.0733)  | Base 99.854 (box 1.3045  cls 0.7584  dfl 1.0576)  | KD 9.228 (box 0.27604  cls 0.01076  dfl 0.00064  feat 0.00092)
  Epoch 49/50  Batch 1963/2188 (89.7%)  | Super 101.169 (box 1.2935  cls 0.7532  dfl 1.1148)  | Base 102.816 (box 1.2966  cls 0.8084  dfl 1.1080)  | KD 9.516 (box 0.28779  cls 0.00791  dfl 0.00070  feat 0.00098)
  Epoch 49/50  Batch 2181/2188 (99.7%)  | Super 102.472 (box 1.3563  cls 0.6866  dfl 1.1594)  | Base 103.658 (box 1.3652  cls 0.7285  dfl 1.1456)  | KD 9.132 (box 0.26954  cls 0.01443  dfl 0.00060  feat 0.00082)

================================================================================
  [Validation] Super model (skip=False)  |  Epoch 49/50
================================================================================
[*] Validation input tensor shape: torch.Size([32, 3, 736, 1312])
                 Class     Images  Instances      Box(P          R      mAP50  mAP50-95)
                   all      10000     185578      0.751      0.534      0.595      0.349

================================================================================
  [Validation] Base model  (skip=True)   |  Epoch 49/50
================================================================================
[*] Validation input tensor shape: torch.Size([32, 3, 736, 1312])
                 Class     Images  Instances      Box(P          R      mAP50  mAP50-95)
                   all      10000     185578      0.738      0.524      0.584      0.341

           Epoch         GPU_mem          box_om          cls_om          dfl_om          box_oo          cls_oo          dfl_oo       Instances            Size
  Epoch 50/50  Batch 1/2188 (0.0%)  | Super 100.955 (box 1.2935  cls 0.7484  dfl 1.1129)  | Base 104.398 (box 1.3275  cls 0.8108  dfl 1.1242)  | KD 9.950 (box 0.29278  cls 0.01652  dfl 0.00077  feat 0.00087)
  Epoch 50/50  Batch 219/2188 (10.0%)  | Super 102.195 (box 1.3525  cls 0.7316  dfl 1.1095)  | Base 103.696 (box 1.3583  cls 0.7781  dfl 1.1040)  | KD 9.325 (box 0.27847  cls 0.01136  dfl 0.00070  feat 0.00088)
  Epoch 50/50  Batch 437/2188 (20.0%)  | Super 117.399 (box 1.6138  cls 0.8414  dfl 1.2135)  | Base 118.856 (box 1.6251  cls 0.8756  dfl 1.2135)  | KD 10.346 (box 0.31154  cls 0.01009  dfl 0.00060  feat 0.00109)
  Epoch 50/50  Batch 655/2188 (29.9%)  | Super 96.438 (box 1.2883  cls 0.6715  dfl 1.0539)  | Base 97.347 (box 1.2935  cls 0.7017  dfl 1.0469)  | KD 8.305 (box 0.24817  cls 0.01013  dfl 0.00053  feat 0.00071)
  Epoch 50/50  Batch 873/2188 (39.9%)  | Super 109.654 (box 1.4171  cls 0.8756  dfl 1.1339)  | Base 110.007 (box 1.4086  cls 0.8958  dfl 1.1333)  | KD 10.352 (box 0.31128  cls 0.01065  dfl 0.00067  feat 0.00089)
  Epoch 50/50  Batch 1091/2188 (49.9%)  | Super 97.415 (box 1.2929  cls 0.7064  dfl 1.0450)  | Base 98.581 (box 1.3070  cls 0.7289  dfl 1.0447)  | KD 9.127 (box 0.27301  cls 0.01078  dfl 0.00065  feat 0.00078)
  Epoch 50/50  Batch 1309/2188 (59.8%)  | Super 95.938 (box 1.2412  cls 0.6864  dfl 1.0705)  | Base 96.868 (box 1.2511  cls 0.7100  dfl 1.0660)  | KD 8.959 (box 0.26862  cls 0.00969  dfl 0.00072  feat 0.00093)
  Epoch 50/50  Batch 1527/2188 (69.8%)  | Super 100.609 (box 1.3258  cls 0.7347  dfl 1.0835)  | Base 102.879 (box 1.3530  cls 0.7755  dfl 1.0865)  | KD 9.106 (box 0.27096  cls 0.01192  dfl 0.00071  feat 0.00096)
  Epoch 50/50  Batch 1745/2188 (79.8%)  | Super 100.149 (box 1.3120  cls 0.7154  dfl 1.1022)  | Base 101.928 (box 1.3270  cls 0.7709  dfl 1.0873)  | KD 9.079 (box 0.27271  cls 0.00953  dfl 0.00060  feat 0.00086)
  Epoch 50/50  Batch 1963/2188 (89.7%)  | Super 102.751 (box 1.3341  cls 0.7624  dfl 1.1145)  | Base 104.123 (box 1.3402  cls 0.8034  dfl 1.1102)  | KD 9.580 (box 0.28454  cls 0.01300  dfl 0.00065  feat 0.00117)
  Epoch 50/50  Batch 2181/2188 (99.7%)  | Super 103.008 (box 1.3431  cls 0.7673  dfl 1.1085)  | Base 104.570 (box 1.3436  cls 0.8120  dfl 1.1123)  | KD 8.803 (box 0.26315  cls 0.01043  dfl 0.00055  feat 0.00097)

================================================================================
  [Validation] Super model (skip=False)  |  Epoch 50/50
================================================================================
[*] Validation input tensor shape: torch.Size([32, 3, 736, 1312])
                 Class     Images  Instances      Box(P          R      mAP50  mAP50-95)
                   all      10000     185578      0.749      0.536      0.595       0.35

================================================================================
  [Validation] Base model  (skip=True)   |  Epoch 50/50
================================================================================
[*] Validation input tensor shape: torch.Size([32, 3, 736, 1312])
                 Class     Images  Instances      Box(P          R      mAP50  mAP50-95)
                   all      10000     185578      0.738      0.524      0.583      0.341

50 epochs completed in 12.125 hours.
Optimizer stripped from runs/bdd100k/detect/anydepth-yolov12s/train2/weights/last.pt, 15.7MB
Optimizer stripped from runs/bdd100k/detect/anydepth-yolov12s/train2/weights/best.pt, 15.7MB

Validating runs/bdd100k/detect/anydepth-yolov12s/train2/weights/best.pt...
Ultralytics 8.3.63 🚀 Python-3.11.13 torch-2.2.2+cu121 CUDA:0 (NVIDIA RTX 6000 Ada Generation, 48509MiB)
                                                       CUDA:1 (NVIDIA RTX 6000 Ada Generation, 48509MiB)
YOLO-ad-v12s-orig summary: 827 layers, 7,403,518 parameters, 0 gradients, 22.3 GFLOPs

[*] FLOPs calculated at resolution: 736x1312
| module                 | #parameters or shape   | #flops   |
|:-----------------------|:-----------------------|:---------|
| base_model.model.model | 7.404M                 | 26.158G  |
| 0.conv                 | 0.896K                 | 0.209G   |
| 0.conv.weight          | (32, 3, 3, 3)          |          |
| 0.conv.bias            | (32,)                  |          |
| 1.conv                 | 9.28K                  | 0.556G   |
| 1.conv.weight          | (64, 16, 3, 3)         |          |
| 1.conv.bias            | (64,)                  |          |
| 2                      | 39.92K                 | 2.377G   |
| 2.cv1                  | 4.352K                 | 0.255G   |
| 2.cv1.conv             | 4.096K                 | 0.247G   |
| 2.cv1.bn               | 0.128K                 | 7.725M   |
| 2.cv1.bn_skip          | 0.128K                 |          |
| 2.cv2                  | 16.896K                | 1.004G   |
| 2.cv2.conv             | 16.384K                | 0.989G   |
| 2.cv2.bn               | 0.256K                 | 15.45M   |
| 2.cv2.bn_skip          | 0.256K                 |          |
| 2.m                    | 18.672K                | 1.118G   |
| 2.m.0                  | 9.408K                 | 0.562G   |
| 2.m.1                  | 9.264K                 | 0.556G   |
| 3                      | 37.376K                | 0.56G    |
| 3.conv                 | 36.864K                | 0.556G   |
| 3.conv.weight          | (128, 32, 3, 3)        |          |
| 3.bn                   | 0.256K                 | 3.863M   |
| 3.bn.weight            | (128,)                 |          |
| 3.bn.bias              | (128,)                 |          |
| 3.bn_skip              | 0.256K                 |          |
| 3.bn_skip.weight       | (128,)                 |          |
| 3.bn_skip.bias         | (128,)                 |          |
| 4                      | 0.158M                 | 2.363G   |
| 4.cv1                  | 16.896K                | 0.251G   |
| 4.cv1.conv             | 16.384K                | 0.247G   |
| 4.cv1.bn               | 0.256K                 | 3.863M   |
| 4.cv1.bn_skip          | 0.256K                 |          |
| 4.cv2                  | 66.56K                 | 0.997G   |
| 4.cv2.conv             | 65.536K                | 0.989G   |
| 4.cv2.bn               | 0.512K                 | 7.725M   |
| 4.cv2.bn_skip          | 0.512K                 |          |
| 4.m                    | 74.208K                | 1.115G   |
| 4.m.0                  | 37.248K                | 0.559G   |
| 4.m.1                  | 36.96K                 | 0.556G   |
| 5                      | 0.591M                 | 2.227G   |
| 5.conv                 | 0.59M                  | 2.225G   |
| 5.conv.weight          | (256, 256, 3, 3)       |          |
| 5.bn                   | 0.512K                 | 1.931M   |
| 5.bn.weight            | (256,)                 |          |
| 5.bn.bias              | (256,)                 |          |
| 5.bn_skip              | 0.512K                 |          |
| 5.bn_skip.weight       | (256,)                 |          |
| 5.bn_skip.bias         | (256,)                 |          |
| 6                      | 1.391M                 | 4.827G   |
| 6.gamma                | (256,)                 |          |
| 6.cv1                  | 33.28K                 | 0.125G   |
| 6.cv1.conv             | 32.768K                | 0.124G   |
| 6.cv1.bn               | 0.256K                 | 0.966M   |
| 6.cv1.bn_skip          | 0.256K                 |          |
| 6.cv2                  | 0.263M                 | 0.62G    |
| 6.cv2.conv             | 0.164M                 | 0.618G   |
| 6.cv2.bn               | 0.512K                 | 1.931M   |
| 6.cv2.bn_skip          | 0.512K                 |          |
| 6.cv2.conv_skip        | 98.304K                |          |
| 6.m                    | 1.095M                 | 4.083G   |
| 6.m.0                  | 0.277M                 | 1.028G   |
| 6.m.1                  | 0.277M                 | 1.028G   |
| 6.m.2                  | 0.271M                 | 1.013G   |
| 6.m.3                  | 0.271M                 | 1.013G   |
| 7                      | 0.591M                 | 0.557G   |
| 7.conv                 | 0.59M                  | 0.556G   |
| 7.conv.weight          | (256, 256, 3, 3)       |          |
| 7.bn                   | 0.512K                 | 0.483M   |
| 7.bn.weight            | (256,)                 |          |
| 7.bn.bias              | (256,)                 |          |
| 7.bn_skip              | 0.512K                 |          |
| 7.bn_skip.weight       | (256,)                 |          |
| 7.bn_skip.bias         | (256,)                 |          |
| 8                      | 1.391M                 | 1.207G   |
| 8.gamma                | (256,)                 |          |
| 8.cv1                  | 33.28K                 | 31.142M  |
| 8.cv1.conv             | 32.768K                | 30.9M    |
| 8.cv1.bn               | 0.256K                 | 0.241M   |
| 8.cv1.bn_skip          | 0.256K                 |          |
| 8.cv2                  | 0.263M                 | 0.155G   |
| 8.cv2.conv             | 0.164M                 | 0.155G   |
| 8.cv2.bn               | 0.512K                 | 0.483M   |
| 8.cv2.bn_skip          | 0.512K                 |          |
| 8.cv2.conv_skip        | 98.304K                |          |
| 8.m                    | 1.095M                 | 1.021G   |
| 8.m.0                  | 0.277M                 | 0.257G   |
| 8.m.1                  | 0.277M                 | 0.257G   |
| 8.m.2                  | 0.271M                 | 0.253G   |
| 8.m.3                  | 0.271M                 | 0.253G   |
| 11                     | 0.528M                 | 1.984G   |
| 11.cv1                 | 66.048K                | 0.248G   |
| 11.cv1.conv            | 65.536K                | 0.247G   |
| 11.cv1.bn              | 0.256K                 | 0.966M   |
| 11.cv1.bn_skip         | 0.256K                 |          |
| 11.cv2                 | 99.328K                | 0.373G   |
| 11.cv2.conv            | 98.304K                | 0.371G   |
| 11.cv2.bn              | 0.512K                 | 1.931M   |
| 11.cv2.bn_skip         | 0.512K                 |          |
| 11.m                   | 0.363M                 | 1.363G   |
| 11.m.0                 | 0.182M                 | 0.684G   |
| 11.m.1                 | 0.181M                 | 0.68G    |
| 14                     | 0.15M                  | 2.238G   |
| 14.cv1                 | 33.024K                | 0.496G   |
| 14.cv1.conv            | 32.768K                | 0.494G   |
| 14.cv1.bn              | 0.128K                 | 1.931M   |
| 14.cv1.bn_skip         | 0.128K                 |          |
| 14.cv2                 | 25.088K                | 0.375G   |
| 14.cv2.conv            | 24.576K                | 0.371G   |
| 14.cv2.bn              | 0.256K                 | 3.863M   |
| 14.cv2.bn_skip         | 0.256K                 |          |
| 14.m                   | 91.392K                | 1.367G   |
| 14.m.0                 | 46.08K                 | 0.688G   |
| 14.m.1                 | 45.312K                | 0.68G    |
| 15                     | 0.148M                 | 0.557G   |
| 15.conv                | 0.147M                 | 0.556G   |
| 15.conv.weight         | (128, 128, 3, 3)       |          |
| 15.bn                  | 0.256K                 | 0.966M   |
| 15.bn.weight           | (128,)                 |          |
| 15.bn.bias             | (128,)                 |          |
| 15.bn_skip             | 0.256K                 |          |
| 15.bn_skip.weight      | (128,)                 |          |
| 15.bn_skip.bias        | (128,)                 |          |
| 17                     | 0.512M                 | 1.923G   |
| 17.cv1                 | 49.664K                | 0.186G   |
| 17.cv1.conv            | 49.152K                | 0.185G   |
| 17.cv1.bn              | 0.256K                 | 0.966M   |
| 17.cv1.bn_skip         | 0.256K                 |          |
| 17.cv2                 | 99.328K                | 0.373G   |
| 17.cv2.conv            | 98.304K                | 0.371G   |
| 17.cv2.bn              | 0.512K                 | 1.931M   |
| 17.cv2.bn_skip         | 0.512K                 |          |
| 17.m                   | 0.363M                 | 1.363G   |
| 17.m.0                 | 0.182M                 | 0.684G   |
| 17.m.1                 | 0.181M                 | 0.68G    |
| 18                     | 0.591M                 | 0.557G   |
| 18.conv                | 0.59M                  | 0.556G   |
| 18.conv.weight         | (256, 256, 3, 3)       |          |
| 18.bn                  | 0.512K                 | 0.483M   |
| 18.bn.weight           | (256,)                 |          |
| 18.bn.bias             | (256,)                 |          |
| 18.bn_skip             | 0.512K                 |          |
| 18.bn_skip.weight      | (256,)                 |          |
| 18.bn_skip.bias        | (256,)                 |          |
| 20                     | 0.627M                 | 0.589G   |
| 20.cv1                 | 0.132M                 | 0.124G   |
| 20.cv1.conv            | 0.131M                 | 0.124G   |
| 20.cv1.bn              | 0.512K                 | 0.483M   |
| 20.cv1.bn_skip         | 0.512K                 |          |
| 20.cv2                 | 0.132M                 | 0.124G   |
| 20.cv2.conv            | 0.131M                 | 0.124G   |
| 20.cv2.bn              | 0.512K                 | 0.483M   |
| 20.cv2.bn_skip         | 0.512K                 |          |
| 20.m                   | 0.363M                 | 0.341G   |
| 20.m.0                 | 0.182M                 | 0.171G   |
| 20.m.1                 | 0.181M                 | 0.17G    |
| 21                     | 0.638M                 | 3.423G   |
| 21.cv2                 | 0.492M                 | 2.619G   |
| 21.cv2.0               | 0.115M                 | 1.73G    |
| 21.cv2.1               | 0.189M                 | 0.711G   |
| 21.cv2.2               | 0.189M                 | 0.178G   |
| 21.cv3                 | 0.146M                 | 0.803G   |
| 21.cv3.0               | 36.874K                | 0.548G   |
| 21.cv3.1               | 54.538K                | 0.203G   |
| 21.cv3.2               | 54.538K                | 50.816M  |
| 21.dfl.conv            | 16                     | 1.267M   |
| 21.dfl.conv.weight     | (1, 16, 1, 1)          |          |
| 9                      |                        | 0.966M   |
| 12                     |                        | 3.863M   |
  MACs  : 26.16 GMACs
  FLOPs : 52.32 GFLOPs
[*] Validation input tensor shape: torch.Size([32, 3, 736, 1312])
                 Class     Images  Instances      Box(P          R      mAP50  mAP50-95)
                   all      10000     185578      0.749      0.536      0.595      0.349
                person       3220      13265      0.786      0.622      0.722      0.389
                 rider        515        649      0.711      0.477      0.535      0.293
                   car       9879     102540      0.838      0.741      0.836      0.529
                   bus       1242       1597      0.688      0.596      0.664      0.523
                 truck       2689       4247      0.635      0.631      0.667      0.497
                  bike        578       1007      0.664        0.5      0.564      0.295
                 motor        334        452      0.697      0.476       0.51       0.27
         traffic light       5653      26891      0.732      0.638      0.691       0.28
          traffic sign       8221      34915      0.743      0.681      0.745      0.409
                 train         14         15          1          0     0.0118    0.00953
Speed: 0.1ms preprocess, 2.7ms inference, 0.0ms loss, 0.3ms postprocess per image
Results saved to [1mruns/bdd100k/detect/anydepth-yolov12s/train2[0m
WARNING: Plotting error for runs/bdd100k/detect/anydepth-yolov12s/train2/results.csv: could not convert string to float: 'super'
/home/hslee/context-anydepth-det/anydepth-yolov12/ultralytics/utils/plotting.py:1231: UserWarning: No artists with labels found to put in legend.  Note that artists whose label start with an underscore are ignored when legend() is called with no argument.
  ax[1].legend()
