WARNING:__main__:
*****************************************
Setting OMP_NUM_THREADS environment variable for each process to be 1 in default, to avoid your system being overloaded, please further tune the variable for optimal performance in your application as needed. 
*****************************************
Loading YOLOv12 Any-Depth model from ultralytics/cfg/models/v12/yolo-ad-v12s.yaml
[*] Image size: 1280
[*] Starting new training using pretrained weight: ./pretrained/yolo-ad-small_0.481_0.453.pt
task: detect
Loading YOLOv12 Any-Depth model from ultralytics/cfg/models/v12/yolo-ad-v12s.yaml
Found YOLOv12 Any-Depth model scale: s
Found YOLOv12 Any-Depth model scale: s
Transferred 1763/1763 items from pretrained weights
Ultralytics 8.3.63 🚀 Python-3.11.13 torch-2.2.2+cu121 CUDA:0 (NVIDIA RTX 6000 Ada Generation, 48509MiB)
                                                       CUDA:1 (NVIDIA RTX 6000 Ada Generation, 48509MiB)
Overriding model.yaml nc=80 with nc=10
Transferred 1757/1763 items from pretrained weights
Not transferred items (6):
  - [Shape Mismatch] model.21.cv3.0.2.bias: model [10] != pretrained [80]
  - [Shape Mismatch] model.21.cv3.0.2.weight: model [10, 128, 1, 1] != pretrained [80, 128, 1, 1]
  - [Shape Mismatch] model.21.cv3.1.2.bias: model [10] != pretrained [80]
  - [Shape Mismatch] model.21.cv3.1.2.weight: model [10, 128, 1, 1] != pretrained [80, 128, 1, 1]
  - [Shape Mismatch] model.21.cv3.2.2.bias: model [10] != pretrained [80]
  - [Shape Mismatch] model.21.cv3.2.2.weight: model [10, 128, 1, 1] != pretrained [80, 128, 1, 1]
Freezing layer 'model.21.dfl.conv.weight'
[34m[1mAMP: [0mrunning Automatic Mixed Precision (AMP) checks...
task: None
[34m[1mAMP: [0mchecks passed ✅
[34m[1mtrain: [0mScanning /media/data/bdd100k_yolo/train/labels.cache... 70000 images, 0 backgrounds, 0 corrupt: 100%|██████████| 70000/70000 [00:00<?, ?it/s][34m[1mtrain: [0mScanning /media/data/bdd100k_yolo/train/labels.cache... 70000 images, 0 backgrounds, 0 corrupt: 100%|██████████| 70000/70000 [00:00<?, ?it/s]
[34m[1mtrain: [0mWARNING ⚠️ /media/data/bdd100k_yolo/train/images/75055858-7d04a650.jpg: 1 duplicate labels removed
/home/hslee/anaconda3/envs/yolov12/lib/python3.11/site-packages/albumentations/__init__.py:28: UserWarning: A new version of Albumentations is available: '2.0.8' (you have '2.0.4'). Upgrade using: pip install -U albumentations. To disable automatic update checks, set the environment variable NO_ALBUMENTATIONS_UPDATE to 1.
  check_for_updates()
[34m[1malbumentations: [0mBlur(p=0.01, blur_limit=(3, 7)), MedianBlur(p=0.01, blur_limit=(3, 7)), ToGray(p=0.01, num_output_channels=3, method='weighted_average'), CLAHE(p=0.01, clip_limit=(1.0, 4.0), tile_grid_size=(8, 8))
WARNING ⚠️ 'rect=True' is incompatible with DataLoader shuffle, setting shuffle=False
[34m[1mval: [0mScanning /media/data/bdd100k_yolo/val/labels.cache... 10000 images, 0 backgrounds, 0 corrupt: 100%|██████████| 10000/10000 [00:00<?, ?it/s][34m[1mval: [0mScanning /media/data/bdd100k_yolo/val/labels.cache... 10000 images, 0 backgrounds, 0 corrupt: 100%|██████████| 10000/10000 [00:00<?, ?it/s]
Plotting labels to runs/bdd100k/detect/anydepth-yolov12s/train/labels.jpg... 
/home/hslee/anaconda3/envs/yolov12/lib/python3.11/site-packages/albumentations/__init__.py:28: UserWarning: A new version of Albumentations is available: '2.0.8' (you have '2.0.4'). Upgrade using: pip install -U albumentations. To disable automatic update checks, set the environment variable NO_ALBUMENTATIONS_UPDATE to 1.
  check_for_updates()
[34m[1moptimizer:[0m SGD(lr=0.001, momentum=0.9) with parameter groups 309 weight(decay=0.0), 212 weight(decay=0.0005), 315 bias(decay=0.0)
DistributedDataParallel(
  (module): DetectionModelAnyDepth(
    (model): Sequential(
      (0): Conv(
        (conv): Conv2d(3, 32, kernel_size=(3, 3), stride=(2, 2), padding=(1, 1), bias=False)
        (bn): BatchNorm2d(32, eps=0.001, momentum=0.03, affine=True, track_running_stats=True)
        (act): SiLU(inplace=True)
      )
      (1): Conv(
        (conv): Conv2d(32, 64, kernel_size=(3, 3), stride=(2, 2), padding=(1, 1), groups=2, bias=False)
        (bn): BatchNorm2d(64, eps=0.001, momentum=0.03, affine=True, track_running_stats=True)
        (act): SiLU(inplace=True)
      )
      (2): SwitchableC3k2(
        (cv1): SwitchableConv(
          (conv): Conv2d(64, 64, kernel_size=(1, 1), stride=(1, 1), bias=False)
          (bn): BatchNorm2d(64, eps=0.001, momentum=0.03, affine=True, track_running_stats=True)
          (bn_skip): BatchNorm2d(64, eps=0.001, momentum=0.03, affine=True, track_running_stats=True)
          (act): SiLU(inplace=True)
        )
        (cv2): SwitchableConv(
          (conv): Conv2d(128, 128, kernel_size=(1, 1), stride=(1, 1), bias=False)
          (bn): BatchNorm2d(128, eps=0.001, momentum=0.03, affine=True, track_running_stats=True)
          (bn_skip): BatchNorm2d(128, eps=0.001, momentum=0.03, affine=True, track_running_stats=True)
          (act): SiLU(inplace=True)
        )
        (m): ModuleList(
          (0-1): 2 x Bottleneck(
            (cv1): SwitchableConv(
              (conv): Conv2d(32, 16, kernel_size=(3, 3), stride=(1, 1), padding=(1, 1), bias=False)
              (bn): BatchNorm2d(16, eps=0.001, momentum=0.03, affine=True, track_running_stats=True)
              (bn_skip): BatchNorm2d(16, eps=0.001, momentum=0.03, affine=True, track_running_stats=True)
              (act): SiLU(inplace=True)
            )
            (cv2): SwitchableConv(
              (conv): Conv2d(16, 32, kernel_size=(3, 3), stride=(1, 1), padding=(1, 1), bias=False)
              (bn): BatchNorm2d(32, eps=0.001, momentum=0.03, affine=True, track_running_stats=True)
              (bn_skip): BatchNorm2d(32, eps=0.001, momentum=0.03, affine=True, track_running_stats=True)
              (act): SiLU(inplace=True)
            )
          )
        )
      )
      (3): SwitchableConv(
        (conv): Conv2d(128, 128, kernel_size=(3, 3), stride=(2, 2), padding=(1, 1), groups=4, bias=False)
        (bn): BatchNorm2d(128, eps=0.001, momentum=0.03, affine=True, track_running_stats=True)
        (bn_skip): BatchNorm2d(128, eps=0.001, momentum=0.03, affine=True, track_running_stats=True)
        (act): SiLU(inplace=True)
      )
      (4): SwitchableC3k2(
        (cv1): SwitchableConv(
          (conv): Conv2d(128, 128, kernel_size=(1, 1), stride=(1, 1), bias=False)
          (bn): BatchNorm2d(128, eps=0.001, momentum=0.03, affine=True, track_running_stats=True)
          (bn_skip): BatchNorm2d(128, eps=0.001, momentum=0.03, affine=True, track_running_stats=True)
          (act): SiLU(inplace=True)
        )
        (cv2): SwitchableConv(
          (conv): Conv2d(256, 256, kernel_size=(1, 1), stride=(1, 1), bias=False)
          (bn): BatchNorm2d(256, eps=0.001, momentum=0.03, affine=True, track_running_stats=True)
          (bn_skip): BatchNorm2d(256, eps=0.001, momentum=0.03, affine=True, track_running_stats=True)
          (act): SiLU(inplace=True)
        )
        (m): ModuleList(
          (0-1): 2 x Bottleneck(
            (cv1): SwitchableConv(
              (conv): Conv2d(64, 32, kernel_size=(3, 3), stride=(1, 1), padding=(1, 1), bias=False)
              (bn): BatchNorm2d(32, eps=0.001, momentum=0.03, affine=True, track_running_stats=True)
              (bn_skip): BatchNorm2d(32, eps=0.001, momentum=0.03, affine=True, track_running_stats=True)
              (act): SiLU(inplace=True)
            )
            (cv2): SwitchableConv(
              (conv): Conv2d(32, 64, kernel_size=(3, 3), stride=(1, 1), padding=(1, 1), bias=False)
              (bn): BatchNorm2d(64, eps=0.001, momentum=0.03, affine=True, track_running_stats=True)
              (bn_skip): BatchNorm2d(64, eps=0.001, momentum=0.03, affine=True, track_running_stats=True)
              (act): SiLU(inplace=True)
            )
          )
        )
      )
      (5): SwitchableConv(
        (conv): Conv2d(256, 256, kernel_size=(3, 3), stride=(2, 2), padding=(1, 1), bias=False)
        (bn): BatchNorm2d(256, eps=0.001, momentum=0.03, affine=True, track_running_stats=True)
        (bn_skip): BatchNorm2d(256, eps=0.001, momentum=0.03, affine=True, track_running_stats=True)
        (act): SiLU(inplace=True)
      )
      (6): SkippableA2C2f(
        (cv1): SwitchableConv(
          (conv): Conv2d(256, 128, kernel_size=(1, 1), stride=(1, 1), bias=False)
          (bn): BatchNorm2d(128, eps=0.001, momentum=0.03, affine=True, track_running_stats=True)
          (bn_skip): BatchNorm2d(128, eps=0.001, momentum=0.03, affine=True, track_running_stats=True)
          (act): SiLU(inplace=True)
        )
        (cv2): SwitchableConv(
          (conv): Conv2d(640, 256, kernel_size=(1, 1), stride=(1, 1), bias=False)
          (bn): BatchNorm2d(256, eps=0.001, momentum=0.03, affine=True, track_running_stats=True)
          (bn_skip): BatchNorm2d(256, eps=0.001, momentum=0.03, affine=True, track_running_stats=True)
          (conv_skip): Conv2d(384, 256, kernel_size=(1, 1), stride=(1, 1), bias=False)
          (act): SiLU(inplace=True)
        )
        (m): ModuleList(
          (0-1): 2 x SwitchableSequential(
            (0): ABlock(
              (attn): SwitchableAAttn(
                (qk): SwitchableConv(
                  (conv): Conv2d(128, 256, kernel_size=(1, 1), stride=(1, 1), bias=False)
                  (bn): BatchNorm2d(256, eps=0.001, momentum=0.03, affine=True, track_running_stats=True)
                  (bn_skip): BatchNorm2d(256, eps=0.001, momentum=0.03, affine=True, track_running_stats=True)
                  (act): Identity()
                )
                (v): SwitchableConv(
                  (conv): Conv2d(128, 128, kernel_size=(1, 1), stride=(1, 1), bias=False)
                  (bn): BatchNorm2d(128, eps=0.001, momentum=0.03, affine=True, track_running_stats=True)
                  (bn_skip): BatchNorm2d(128, eps=0.001, momentum=0.03, affine=True, track_running_stats=True)
                  (act): Identity()
                )
                (proj): SwitchableConv(
                  (conv): Conv2d(128, 128, kernel_size=(1, 1), stride=(1, 1), bias=False)
                  (bn): BatchNorm2d(128, eps=0.001, momentum=0.03, affine=True, track_running_stats=True)
                  (bn_skip): BatchNorm2d(128, eps=0.001, momentum=0.03, affine=True, track_running_stats=True)
                  (act): Identity()
                )
                (pe): SwitchableConv(
                  (conv): Conv2d(128, 128, kernel_size=(5, 5), stride=(1, 1), padding=(2, 2), groups=128, bias=False)
                  (bn): BatchNorm2d(128, eps=0.001, momentum=0.03, affine=True, track_running_stats=True)
                  (bn_skip): BatchNorm2d(128, eps=0.001, momentum=0.03, affine=True, track_running_stats=True)
                  (act): Identity()
                )
              )
              (mlp): SwitchableSequential(
                (0): SwitchableConv(
                  (conv): Conv2d(128, 256, kernel_size=(1, 1), stride=(1, 1), bias=False)
                  (bn): BatchNorm2d(256, eps=0.001, momentum=0.03, affine=True, track_running_stats=True)
                  (bn_skip): BatchNorm2d(256, eps=0.001, momentum=0.03, affine=True, track_running_stats=True)
                  (act): SiLU(inplace=True)
                )
                (1): SwitchableConv(
                  (conv): Conv2d(256, 128, kernel_size=(1, 1), stride=(1, 1), bias=False)
                  (bn): BatchNorm2d(128, eps=0.001, momentum=0.03, affine=True, track_running_stats=True)
                  (bn_skip): BatchNorm2d(128, eps=0.001, momentum=0.03, affine=True, track_running_stats=True)
                  (act): Identity()
                )
              )
            )
            (1): ABlock(
              (attn): SwitchableAAttn(
                (qk): SwitchableConv(
                  (conv): Conv2d(128, 256, kernel_size=(1, 1), stride=(1, 1), bias=False)
                  (bn): BatchNorm2d(256, eps=0.001, momentum=0.03, affine=True, track_running_stats=True)
                  (bn_skip): BatchNorm2d(256, eps=0.001, momentum=0.03, affine=True, track_running_stats=True)
                  (act): Identity()
                )
                (v): SwitchableConv(
                  (conv): Conv2d(128, 128, kernel_size=(1, 1), stride=(1, 1), bias=False)
                  (bn): BatchNorm2d(128, eps=0.001, momentum=0.03, affine=True, track_running_stats=True)
                  (bn_skip): BatchNorm2d(128, eps=0.001, momentum=0.03, affine=True, track_running_stats=True)
                  (act): Identity()
                )
                (proj): SwitchableConv(
                  (conv): Conv2d(128, 128, kernel_size=(1, 1), stride=(1, 1), bias=False)
                  (bn): BatchNorm2d(128, eps=0.001, momentum=0.03, affine=True, track_running_stats=True)
                  (bn_skip): BatchNorm2d(128, eps=0.001, momentum=0.03, affine=True, track_running_stats=True)
                  (act): Identity()
                )
                (pe): SwitchableConv(
                  (conv): Conv2d(128, 128, kernel_size=(5, 5), stride=(1, 1), padding=(2, 2), groups=128, bias=False)
                  (bn): BatchNorm2d(128, eps=0.001, momentum=0.03, affine=True, track_running_stats=True)
                  (bn_skip): BatchNorm2d(128, eps=0.001, momentum=0.03, affine=True, track_running_stats=True)
                  (act): Identity()
                )
              )
              (mlp): SwitchableSequential(
                (0): SwitchableConv(
                  (conv): Conv2d(128, 256, kernel_size=(1, 1), stride=(1, 1), bias=False)
                  (bn): BatchNorm2d(256, eps=0.001, momentum=0.03, affine=True, track_running_stats=True)
                  (bn_skip): BatchNorm2d(256, eps=0.001, momentum=0.03, affine=True, track_running_stats=True)
                  (act): SiLU(inplace=True)
                )
                (1): SwitchableConv(
                  (conv): Conv2d(256, 128, kernel_size=(1, 1), stride=(1, 1), bias=False)
                  (bn): BatchNorm2d(128, eps=0.001, momentum=0.03, affine=True, track_running_stats=True)
                  (bn_skip): BatchNorm2d(128, eps=0.001, momentum=0.03, affine=True, track_running_stats=True)
                  (act): Identity()
                )
              )
            )
          )
          (2-3): 2 x Sequential(
            (0): ABlock(
              (attn): AAttn(
                (qk): Conv(
                  (conv): Conv2d(128, 256, kernel_size=(1, 1), stride=(1, 1), bias=False)
                  (bn): BatchNorm2d(256, eps=0.001, momentum=0.03, affine=True, track_running_stats=True)
                  (act): Identity()
                )
                (v): Conv(
                  (conv): Conv2d(128, 128, kernel_size=(1, 1), stride=(1, 1), bias=False)
                  (bn): BatchNorm2d(128, eps=0.001, momentum=0.03, affine=True, track_running_stats=True)
                  (act): Identity()
                )
                (proj): Conv(
                  (conv): Conv2d(128, 128, kernel_size=(1, 1), stride=(1, 1), bias=False)
                  (bn): BatchNorm2d(128, eps=0.001, momentum=0.03, affine=True, track_running_stats=True)
                  (act): Identity()
                )
                (pe): Conv(
                  (conv): Conv2d(128, 128, kernel_size=(5, 5), stride=(1, 1), padding=(2, 2), groups=128, bias=False)
                  (bn): BatchNorm2d(128, eps=0.001, momentum=0.03, affine=True, track_running_stats=True)
                  (act): Identity()
                )
              )
              (mlp): Sequential(
                (0): Conv(
                  (conv): Conv2d(128, 256, kernel_size=(1, 1), stride=(1, 1), bias=False)
                  (bn): BatchNorm2d(256, eps=0.001, momentum=0.03, affine=True, track_running_stats=True)
                  (act): SiLU(inplace=True)
                )
                (1): Conv(
                  (conv): Conv2d(256, 128, kernel_size=(1, 1), stride=(1, 1), bias=False)
                  (bn): BatchNorm2d(128, eps=0.001, momentum=0.03, affine=True, track_running_stats=True)
                  (act): Identity()
                )
              )
            )
            (1): ABlock(
              (attn): AAttn(
                (qk): Conv(
                  (conv): Conv2d(128, 256, kernel_size=(1, 1), stride=(1, 1), bias=False)
                  (bn): BatchNorm2d(256, eps=0.001, momentum=0.03, affine=True, track_running_stats=True)
                  (act): Identity()
                )
                (v): Conv(
                  (conv): Conv2d(128, 128, kernel_size=(1, 1), stride=(1, 1), bias=False)
                  (bn): BatchNorm2d(128, eps=0.001, momentum=0.03, affine=True, track_running_stats=True)
                  (act): Identity()
                )
                (proj): Conv(
                  (conv): Conv2d(128, 128, kernel_size=(1, 1), stride=(1, 1), bias=False)
                  (bn): BatchNorm2d(128, eps=0.001, momentum=0.03, affine=True, track_running_stats=True)
                  (act): Identity()
                )
                (pe): Conv(
                  (conv): Conv2d(128, 128, kernel_size=(5, 5), stride=(1, 1), padding=(2, 2), groups=128, bias=False)
                  (bn): BatchNorm2d(128, eps=0.001, momentum=0.03, affine=True, track_running_stats=True)
                  (act): Identity()
                )
              )
              (mlp): Sequential(
                (0): Conv(
                  (conv): Conv2d(128, 256, kernel_size=(1, 1), stride=(1, 1), bias=False)
                  (bn): BatchNorm2d(256, eps=0.001, momentum=0.03, affine=True, track_running_stats=True)
                  (act): SiLU(inplace=True)
                )
                (1): Conv(
                  (conv): Conv2d(256, 128, kernel_size=(1, 1), stride=(1, 1), bias=False)
                  (bn): BatchNorm2d(128, eps=0.001, momentum=0.03, affine=True, track_running_stats=True)
                  (act): Identity()
                )
              )
            )
          )
        )
      )
      (7): SwitchableConv(
        (conv): Conv2d(256, 256, kernel_size=(3, 3), stride=(2, 2), padding=(1, 1), bias=False)
        (bn): BatchNorm2d(256, eps=0.001, momentum=0.03, affine=True, track_running_stats=True)
        (bn_skip): BatchNorm2d(256, eps=0.001, momentum=0.03, affine=True, track_running_stats=True)
        (act): SiLU(inplace=True)
      )
      (8): SkippableA2C2f(
        (cv1): SwitchableConv(
          (conv): Conv2d(256, 128, kernel_size=(1, 1), stride=(1, 1), bias=False)
          (bn): BatchNorm2d(128, eps=0.001, momentum=0.03, affine=True, track_running_stats=True)
          (bn_skip): BatchNorm2d(128, eps=0.001, momentum=0.03, affine=True, track_running_stats=True)
          (act): SiLU(inplace=True)
        )
        (cv2): SwitchableConv(
          (conv): Conv2d(640, 256, kernel_size=(1, 1), stride=(1, 1), bias=False)
          (bn): BatchNorm2d(256, eps=0.001, momentum=0.03, affine=True, track_running_stats=True)
          (bn_skip): BatchNorm2d(256, eps=0.001, momentum=0.03, affine=True, track_running_stats=True)
          (conv_skip): Conv2d(384, 256, kernel_size=(1, 1), stride=(1, 1), bias=False)
          (act): SiLU(inplace=True)
        )
        (m): ModuleList(
          (0-1): 2 x SwitchableSequential(
            (0): ABlock(
              (attn): SwitchableAAttn(
                (qk): SwitchableConv(
                  (conv): Conv2d(128, 256, kernel_size=(1, 1), stride=(1, 1), bias=False)
                  (bn): BatchNorm2d(256, eps=0.001, momentum=0.03, affine=True, track_running_stats=True)
                  (bn_skip): BatchNorm2d(256, eps=0.001, momentum=0.03, affine=True, track_running_stats=True)
                  (act): Identity()
                )
                (v): SwitchableConv(
                  (conv): Conv2d(128, 128, kernel_size=(1, 1), stride=(1, 1), bias=False)
                  (bn): BatchNorm2d(128, eps=0.001, momentum=0.03, affine=True, track_running_stats=True)
                  (bn_skip): BatchNorm2d(128, eps=0.001, momentum=0.03, affine=True, track_running_stats=True)
                  (act): Identity()
                )
                (proj): SwitchableConv(
                  (conv): Conv2d(128, 128, kernel_size=(1, 1), stride=(1, 1), bias=False)
                  (bn): BatchNorm2d(128, eps=0.001, momentum=0.03, affine=True, track_running_stats=True)
                  (bn_skip): BatchNorm2d(128, eps=0.001, momentum=0.03, affine=True, track_running_stats=True)
                  (act): Identity()
                )
                (pe): SwitchableConv(
                  (conv): Conv2d(128, 128, kernel_size=(5, 5), stride=(1, 1), padding=(2, 2), groups=128, bias=False)
                  (bn): BatchNorm2d(128, eps=0.001, momentum=0.03, affine=True, track_running_stats=True)
                  (bn_skip): BatchNorm2d(128, eps=0.001, momentum=0.03, affine=True, track_running_stats=True)
                  (act): Identity()
                )
              )
              (mlp): SwitchableSequential(
                (0): SwitchableConv(
                  (conv): Conv2d(128, 256, kernel_size=(1, 1), stride=(1, 1), bias=False)
                  (bn): BatchNorm2d(256, eps=0.001, momentum=0.03, affine=True, track_running_stats=True)
                  (bn_skip): BatchNorm2d(256, eps=0.001, momentum=0.03, affine=True, track_running_stats=True)
                  (act): SiLU(inplace=True)
                )
                (1): SwitchableConv(
                  (conv): Conv2d(256, 128, kernel_size=(1, 1), stride=(1, 1), bias=False)
                  (bn): BatchNorm2d(128, eps=0.001, momentum=0.03, affine=True, track_running_stats=True)
                  (bn_skip): BatchNorm2d(128, eps=0.001, momentum=0.03, affine=True, track_running_stats=True)
                  (act): Identity()
                )
              )
            )
            (1): ABlock(
              (attn): SwitchableAAttn(
                (qk): SwitchableConv(
                  (conv): Conv2d(128, 256, kernel_size=(1, 1), stride=(1, 1), bias=False)
                  (bn): BatchNorm2d(256, eps=0.001, momentum=0.03, affine=True, track_running_stats=True)
                  (bn_skip): BatchNorm2d(256, eps=0.001, momentum=0.03, affine=True, track_running_stats=True)
                  (act): Identity()
                )
                (v): SwitchableConv(
                  (conv): Conv2d(128, 128, kernel_size=(1, 1), stride=(1, 1), bias=False)
                  (bn): BatchNorm2d(128, eps=0.001, momentum=0.03, affine=True, track_running_stats=True)
                  (bn_skip): BatchNorm2d(128, eps=0.001, momentum=0.03, affine=True, track_running_stats=True)
                  (act): Identity()
                )
                (proj): SwitchableConv(
                  (conv): Conv2d(128, 128, kernel_size=(1, 1), stride=(1, 1), bias=False)
                  (bn): BatchNorm2d(128, eps=0.001, momentum=0.03, affine=True, track_running_stats=True)
                  (bn_skip): BatchNorm2d(128, eps=0.001, momentum=0.03, affine=True, track_running_stats=True)
                  (act): Identity()
                )
                (pe): SwitchableConv(
                  (conv): Conv2d(128, 128, kernel_size=(5, 5), stride=(1, 1), padding=(2, 2), groups=128, bias=False)
                  (bn): BatchNorm2d(128, eps=0.001, momentum=0.03, affine=True, track_running_stats=True)
                  (bn_skip): BatchNorm2d(128, eps=0.001, momentum=0.03, affine=True, track_running_stats=True)
                  (act): Identity()
                )
              )
              (mlp): SwitchableSequential(
                (0): SwitchableConv(
                  (conv): Conv2d(128, 256, kernel_size=(1, 1), stride=(1, 1), bias=False)
                  (bn): BatchNorm2d(256, eps=0.001, momentum=0.03, affine=True, track_running_stats=True)
                  (bn_skip): BatchNorm2d(256, eps=0.001, momentum=0.03, affine=True, track_running_stats=True)
                  (act): SiLU(inplace=True)
                )
                (1): SwitchableConv(
                  (conv): Conv2d(256, 128, kernel_size=(1, 1), stride=(1, 1), bias=False)
                  (bn): BatchNorm2d(128, eps=0.001, momentum=0.03, affine=True, track_running_stats=True)
                  (bn_skip): BatchNorm2d(128, eps=0.001, momentum=0.03, affine=True, track_running_stats=True)
                  (act): Identity()
                )
              )
            )
          )
          (2-3): 2 x Sequential(
            (0): ABlock(
              (attn): AAttn(
                (qk): Conv(
                  (conv): Conv2d(128, 256, kernel_size=(1, 1), stride=(1, 1), bias=False)
                  (bn): BatchNorm2d(256, eps=0.001, momentum=0.03, affine=True, track_running_stats=True)
                  (act): Identity()
                )
                (v): Conv(
                  (conv): Conv2d(128, 128, kernel_size=(1, 1), stride=(1, 1), bias=False)
                  (bn): BatchNorm2d(128, eps=0.001, momentum=0.03, affine=True, track_running_stats=True)
                  (act): Identity()
                )
                (proj): Conv(
                  (conv): Conv2d(128, 128, kernel_size=(1, 1), stride=(1, 1), bias=False)
                  (bn): BatchNorm2d(128, eps=0.001, momentum=0.03, affine=True, track_running_stats=True)
                  (act): Identity()
                )
                (pe): Conv(
                  (conv): Conv2d(128, 128, kernel_size=(5, 5), stride=(1, 1), padding=(2, 2), groups=128, bias=False)
                  (bn): BatchNorm2d(128, eps=0.001, momentum=0.03, affine=True, track_running_stats=True)
                  (act): Identity()
                )
              )
              (mlp): Sequential(
                (0): Conv(
                  (conv): Conv2d(128, 256, kernel_size=(1, 1), stride=(1, 1), bias=False)
                  (bn): BatchNorm2d(256, eps=0.001, momentum=0.03, affine=True, track_running_stats=True)
                  (act): SiLU(inplace=True)
                )
                (1): Conv(
                  (conv): Conv2d(256, 128, kernel_size=(1, 1), stride=(1, 1), bias=False)
                  (bn): BatchNorm2d(128, eps=0.001, momentum=0.03, affine=True, track_running_stats=True)
                  (act): Identity()
                )
              )
            )
            (1): ABlock(
              (attn): AAttn(
                (qk): Conv(
                  (conv): Conv2d(128, 256, kernel_size=(1, 1), stride=(1, 1), bias=False)
                  (bn): BatchNorm2d(256, eps=0.001, momentum=0.03, affine=True, track_running_stats=True)
                  (act): Identity()
                )
                (v): Conv(
                  (conv): Conv2d(128, 128, kernel_size=(1, 1), stride=(1, 1), bias=False)
                  (bn): BatchNorm2d(128, eps=0.001, momentum=0.03, affine=True, track_running_stats=True)
                  (act): Identity()
                )
                (proj): Conv(
                  (conv): Conv2d(128, 128, kernel_size=(1, 1), stride=(1, 1), bias=False)
                  (bn): BatchNorm2d(128, eps=0.001, momentum=0.03, affine=True, track_running_stats=True)
                  (act): Identity()
                )
                (pe): Conv(
                  (conv): Conv2d(128, 128, kernel_size=(5, 5), stride=(1, 1), padding=(2, 2), groups=128, bias=False)
                  (bn): BatchNorm2d(128, eps=0.001, momentum=0.03, affine=True, track_running_stats=True)
                  (act): Identity()
                )
              )
              (mlp): Sequential(
                (0): Conv(
                  (conv): Conv2d(128, 256, kernel_size=(1, 1), stride=(1, 1), bias=False)
                  (bn): BatchNorm2d(256, eps=0.001, momentum=0.03, affine=True, track_running_stats=True)
                  (act): SiLU(inplace=True)
                )
                (1): Conv(
                  (conv): Conv2d(256, 128, kernel_size=(1, 1), stride=(1, 1), bias=False)
                  (bn): BatchNorm2d(128, eps=0.001, momentum=0.03, affine=True, track_running_stats=True)
                  (act): Identity()
                )
              )
            )
          )
        )
      )
      (9): Upsample(scale_factor=2.0, mode='nearest')
      (10): Concat()
      (11): SkippableA2C2f(
        (cv1): SwitchableConv(
          (conv): Conv2d(512, 128, kernel_size=(1, 1), stride=(1, 1), bias=False)
          (bn): BatchNorm2d(128, eps=0.001, momentum=0.03, affine=True, track_running_stats=True)
          (bn_skip): BatchNorm2d(128, eps=0.001, momentum=0.03, affine=True, track_running_stats=True)
          (act): SiLU(inplace=True)
        )
        (cv2): SwitchableConv(
          (conv): Conv2d(384, 256, kernel_size=(1, 1), stride=(1, 1), bias=False)
          (bn): BatchNorm2d(256, eps=0.001, momentum=0.03, affine=True, track_running_stats=True)
          (bn_skip): BatchNorm2d(256, eps=0.001, momentum=0.03, affine=True, track_running_stats=True)
          (act): SiLU(inplace=True)
        )
        (m): ModuleList(
          (0): C3k(
            (cv1): SwitchableConv(
              (conv): Conv2d(128, 64, kernel_size=(1, 1), stride=(1, 1), bias=False)
              (bn): BatchNorm2d(64, eps=0.001, momentum=0.03, affine=True, track_running_stats=True)
              (bn_skip): BatchNorm2d(64, eps=0.001, momentum=0.03, affine=True, track_running_stats=True)
              (act): SiLU(inplace=True)
            )
            (cv2): SwitchableConv(
              (conv): Conv2d(128, 64, kernel_size=(1, 1), stride=(1, 1), bias=False)
              (bn): BatchNorm2d(64, eps=0.001, momentum=0.03, affine=True, track_running_stats=True)
              (bn_skip): BatchNorm2d(64, eps=0.001, momentum=0.03, affine=True, track_running_stats=True)
              (act): SiLU(inplace=True)
            )
            (cv3): SwitchableConv(
              (conv): Conv2d(128, 128, kernel_size=(1, 1), stride=(1, 1), bias=False)
              (bn): BatchNorm2d(128, eps=0.001, momentum=0.03, affine=True, track_running_stats=True)
              (bn_skip): BatchNorm2d(128, eps=0.001, momentum=0.03, affine=True, track_running_stats=True)
              (act): SiLU(inplace=True)
            )
            (m): SwitchableSequential(
              (0): Bottleneck(
                (cv1): SwitchableConv(
                  (conv): Conv2d(64, 64, kernel_size=(3, 3), stride=(1, 1), padding=(1, 1), bias=False)
                  (bn): BatchNorm2d(64, eps=0.001, momentum=0.03, affine=True, track_running_stats=True)
                  (bn_skip): BatchNorm2d(64, eps=0.001, momentum=0.03, affine=True, track_running_stats=True)
                  (act): SiLU(inplace=True)
                )
                (cv2): SwitchableConv(
                  (conv): Conv2d(64, 64, kernel_size=(3, 3), stride=(1, 1), padding=(1, 1), bias=False)
                  (bn): BatchNorm2d(64, eps=0.001, momentum=0.03, affine=True, track_running_stats=True)
                  (bn_skip): BatchNorm2d(64, eps=0.001, momentum=0.03, affine=True, track_running_stats=True)
                  (act): SiLU(inplace=True)
                )
              )
              (1): Bottleneck(
                (cv1): SwitchableConv(
                  (conv): Conv2d(64, 64, kernel_size=(3, 3), stride=(1, 1), padding=(1, 1), bias=False)
                  (bn): BatchNorm2d(64, eps=0.001, momentum=0.03, affine=True, track_running_stats=True)
                  (bn_skip): BatchNorm2d(64, eps=0.001, momentum=0.03, affine=True, track_running_stats=True)
                  (act): SiLU(inplace=True)
                )
                (cv2): SwitchableConv(
                  (conv): Conv2d(64, 64, kernel_size=(3, 3), stride=(1, 1), padding=(1, 1), bias=False)
                  (bn): BatchNorm2d(64, eps=0.001, momentum=0.03, affine=True, track_running_stats=True)
                  (bn_skip): BatchNorm2d(64, eps=0.001, momentum=0.03, affine=True, track_running_stats=True)
                  (act): SiLU(inplace=True)
                )
              )
            )
          )
          (1): C3k(
            (cv1): Conv(
              (conv): Conv2d(128, 64, kernel_size=(1, 1), stride=(1, 1), bias=False)
              (bn): BatchNorm2d(64, eps=0.001, momentum=0.03, affine=True, track_running_stats=True)
              (act): SiLU(inplace=True)
            )
            (cv2): Conv(
              (conv): Conv2d(128, 64, kernel_size=(1, 1), stride=(1, 1), bias=False)
              (bn): BatchNorm2d(64, eps=0.001, momentum=0.03, affine=True, track_running_stats=True)
              (act): SiLU(inplace=True)
            )
            (cv3): Conv(
              (conv): Conv2d(128, 128, kernel_size=(1, 1), stride=(1, 1), bias=False)
              (bn): BatchNorm2d(128, eps=0.001, momentum=0.03, affine=True, track_running_stats=True)
              (act): SiLU(inplace=True)
            )
            (m): Sequential(
              (0): Bottleneck(
                (cv1): Conv(
                  (conv): Conv2d(64, 64, kernel_size=(3, 3), stride=(1, 1), padding=(1, 1), bias=False)
                  (bn): BatchNorm2d(64, eps=0.001, momentum=0.03, affine=True, track_running_stats=True)
                  (act): SiLU(inplace=True)
                )
                (cv2): Conv(
                  (conv): Conv2d(64, 64, kernel_size=(3, 3), stride=(1, 1), padding=(1, 1), bias=False)
                  (bn): BatchNorm2d(64, eps=0.001, momentum=0.03, affine=True, track_running_stats=True)
                  (act): SiLU(inplace=True)
                )
              )
              (1): Bottleneck(
                (cv1): Conv(
                  (conv): Conv2d(64, 64, kernel_size=(3, 3), stride=(1, 1), padding=(1, 1), bias=False)
                  (bn): BatchNorm2d(64, eps=0.001, momentum=0.03, affine=True, track_running_stats=True)
                  (act): SiLU(inplace=True)
                )
                (cv2): Conv(
                  (conv): Conv2d(64, 64, kernel_size=(3, 3), stride=(1, 1), padding=(1, 1), bias=False)
                  (bn): BatchNorm2d(64, eps=0.001, momentum=0.03, affine=True, track_running_stats=True)
                  (act): SiLU(inplace=True)
                )
              )
            )
          )
        )
      )
      (12): Upsample(scale_factor=2.0, mode='nearest')
      (13): Concat()
      (14): SkippableA2C2f(
        (cv1): SwitchableConv(
          (conv): Conv2d(512, 64, kernel_size=(1, 1), stride=(1, 1), bias=False)
          (bn): BatchNorm2d(64, eps=0.001, momentum=0.03, affine=True, track_running_stats=True)
          (bn_skip): BatchNorm2d(64, eps=0.001, momentum=0.03, affine=True, track_running_stats=True)
          (act): SiLU(inplace=True)
        )
        (cv2): SwitchableConv(
          (conv): Conv2d(192, 128, kernel_size=(1, 1), stride=(1, 1), bias=False)
          (bn): BatchNorm2d(128, eps=0.001, momentum=0.03, affine=True, track_running_stats=True)
          (bn_skip): BatchNorm2d(128, eps=0.001, momentum=0.03, affine=True, track_running_stats=True)
          (act): SiLU(inplace=True)
        )
        (m): ModuleList(
          (0): C3k(
            (cv1): SwitchableConv(
              (conv): Conv2d(64, 32, kernel_size=(1, 1), stride=(1, 1), bias=False)
              (bn): BatchNorm2d(32, eps=0.001, momentum=0.03, affine=True, track_running_stats=True)
              (bn_skip): BatchNorm2d(32, eps=0.001, momentum=0.03, affine=True, track_running_stats=True)
              (act): SiLU(inplace=True)
            )
            (cv2): SwitchableConv(
              (conv): Conv2d(64, 32, kernel_size=(1, 1), stride=(1, 1), bias=False)
              (bn): BatchNorm2d(32, eps=0.001, momentum=0.03, affine=True, track_running_stats=True)
              (bn_skip): BatchNorm2d(32, eps=0.001, momentum=0.03, affine=True, track_running_stats=True)
              (act): SiLU(inplace=True)
            )
            (cv3): SwitchableConv(
              (conv): Conv2d(64, 64, kernel_size=(1, 1), stride=(1, 1), bias=False)
              (bn): BatchNorm2d(64, eps=0.001, momentum=0.03, affine=True, track_running_stats=True)
              (bn_skip): BatchNorm2d(64, eps=0.001, momentum=0.03, affine=True, track_running_stats=True)
              (act): SiLU(inplace=True)
            )
            (m): SwitchableSequential(
              (0): Bottleneck(
                (cv1): SwitchableConv(
                  (conv): Conv2d(32, 32, kernel_size=(3, 3), stride=(1, 1), padding=(1, 1), bias=False)
                  (bn): BatchNorm2d(32, eps=0.001, momentum=0.03, affine=True, track_running_stats=True)
                  (bn_skip): BatchNorm2d(32, eps=0.001, momentum=0.03, affine=True, track_running_stats=True)
                  (act): SiLU(inplace=True)
                )
                (cv2): SwitchableConv(
                  (conv): Conv2d(32, 32, kernel_size=(3, 3), stride=(1, 1), padding=(1, 1), bias=False)
                  (bn): BatchNorm2d(32, eps=0.001, momentum=0.03, affine=True, track_running_stats=True)
                  (bn_skip): BatchNorm2d(32, eps=0.001, momentum=0.03, affine=True, track_running_stats=True)
                  (act): SiLU(inplace=True)
                )
              )
              (1): Bottleneck(
                (cv1): SwitchableConv(
                  (conv): Conv2d(32, 32, kernel_size=(3, 3), stride=(1, 1), padding=(1, 1), bias=False)
                  (bn): BatchNorm2d(32, eps=0.001, momentum=0.03, affine=True, track_running_stats=True)
                  (bn_skip): BatchNorm2d(32, eps=0.001, momentum=0.03, affine=True, track_running_stats=True)
                  (act): SiLU(inplace=True)
                )
                (cv2): SwitchableConv(
                  (conv): Conv2d(32, 32, kernel_size=(3, 3), stride=(1, 1), padding=(1, 1), bias=False)
                  (bn): BatchNorm2d(32, eps=0.001, momentum=0.03, affine=True, track_running_stats=True)
                  (bn_skip): BatchNorm2d(32, eps=0.001, momentum=0.03, affine=True, track_running_stats=True)
                  (act): SiLU(inplace=True)
                )
              )
            )
          )
          (1): C3k(
            (cv1): Conv(
              (conv): Conv2d(64, 32, kernel_size=(1, 1), stride=(1, 1), bias=False)
              (bn): BatchNorm2d(32, eps=0.001, momentum=0.03, affine=True, track_running_stats=True)
              (act): SiLU(inplace=True)
            )
            (cv2): Conv(
              (conv): Conv2d(64, 32, kernel_size=(1, 1), stride=(1, 1), bias=False)
              (bn): BatchNorm2d(32, eps=0.001, momentum=0.03, affine=True, track_running_stats=True)
              (act): SiLU(inplace=True)
            )
            (cv3): Conv(
              (conv): Conv2d(64, 64, kernel_size=(1, 1), stride=(1, 1), bias=False)
              (bn): BatchNorm2d(64, eps=0.001, momentum=0.03, affine=True, track_running_stats=True)
              (act): SiLU(inplace=True)
            )
            (m): Sequential(
              (0): Bottleneck(
                (cv1): Conv(
                  (conv): Conv2d(32, 32, kernel_size=(3, 3), stride=(1, 1), padding=(1, 1), bias=False)
                  (bn): BatchNorm2d(32, eps=0.001, momentum=0.03, affine=True, track_running_stats=True)
                  (act): SiLU(inplace=True)
                )
                (cv2): Conv(
                  (conv): Conv2d(32, 32, kernel_size=(3, 3), stride=(1, 1), padding=(1, 1), bias=False)
                  (bn): BatchNorm2d(32, eps=0.001, momentum=0.03, affine=True, track_running_stats=True)
                  (act): SiLU(inplace=True)
                )
              )
              (1): Bottleneck(
                (cv1): Conv(
                  (conv): Conv2d(32, 32, kernel_size=(3, 3), stride=(1, 1), padding=(1, 1), bias=False)
                  (bn): BatchNorm2d(32, eps=0.001, momentum=0.03, affine=True, track_running_stats=True)
                  (act): SiLU(inplace=True)
                )
                (cv2): Conv(
                  (conv): Conv2d(32, 32, kernel_size=(3, 3), stride=(1, 1), padding=(1, 1), bias=False)
                  (bn): BatchNorm2d(32, eps=0.001, momentum=0.03, affine=True, track_running_stats=True)
                  (act): SiLU(inplace=True)
                )
              )
            )
          )
        )
      )
      (15): SwitchableConv(
        (conv): Conv2d(128, 128, kernel_size=(3, 3), stride=(2, 2), padding=(1, 1), bias=False)
        (bn): BatchNorm2d(128, eps=0.001, momentum=0.03, affine=True, track_running_stats=True)
        (bn_skip): BatchNorm2d(128, eps=0.001, momentum=0.03, affine=True, track_running_stats=True)
        (act): SiLU(inplace=True)
      )
      (16): Concat()
      (17): SkippableA2C2f(
        (cv1): SwitchableConv(
          (conv): Conv2d(384, 128, kernel_size=(1, 1), stride=(1, 1), bias=False)
          (bn): BatchNorm2d(128, eps=0.001, momentum=0.03, affine=True, track_running_stats=True)
          (bn_skip): BatchNorm2d(128, eps=0.001, momentum=0.03, affine=True, track_running_stats=True)
          (act): SiLU(inplace=True)
        )
        (cv2): SwitchableConv(
          (conv): Conv2d(384, 256, kernel_size=(1, 1), stride=(1, 1), bias=False)
          (bn): BatchNorm2d(256, eps=0.001, momentum=0.03, affine=True, track_running_stats=True)
          (bn_skip): BatchNorm2d(256, eps=0.001, momentum=0.03, affine=True, track_running_stats=True)
          (act): SiLU(inplace=True)
        )
        (m): ModuleList(
          (0): C3k(
            (cv1): SwitchableConv(
              (conv): Conv2d(128, 64, kernel_size=(1, 1), stride=(1, 1), bias=False)
              (bn): BatchNorm2d(64, eps=0.001, momentum=0.03, affine=True, track_running_stats=True)
              (bn_skip): BatchNorm2d(64, eps=0.001, momentum=0.03, affine=True, track_running_stats=True)
              (act): SiLU(inplace=True)
            )
            (cv2): SwitchableConv(
              (conv): Conv2d(128, 64, kernel_size=(1, 1), stride=(1, 1), bias=False)
              (bn): BatchNorm2d(64, eps=0.001, momentum=0.03, affine=True, track_running_stats=True)
              (bn_skip): BatchNorm2d(64, eps=0.001, momentum=0.03, affine=True, track_running_stats=True)
              (act): SiLU(inplace=True)
            )
            (cv3): SwitchableConv(
              (conv): Conv2d(128, 128, kernel_size=(1, 1), stride=(1, 1), bias=False)
              (bn): BatchNorm2d(128, eps=0.001, momentum=0.03, affine=True, track_running_stats=True)
              (bn_skip): BatchNorm2d(128, eps=0.001, momentum=0.03, affine=True, track_running_stats=True)
              (act): SiLU(inplace=True)
            )
            (m): SwitchableSequential(
              (0): Bottleneck(
                (cv1): SwitchableConv(
                  (conv): Conv2d(64, 64, kernel_size=(3, 3), stride=(1, 1), padding=(1, 1), bias=False)
                  (bn): BatchNorm2d(64, eps=0.001, momentum=0.03, affine=True, track_running_stats=True)
                  (bn_skip): BatchNorm2d(64, eps=0.001, momentum=0.03, affine=True, track_running_stats=True)
                  (act): SiLU(inplace=True)
                )
                (cv2): SwitchableConv(
                  (conv): Conv2d(64, 64, kernel_size=(3, 3), stride=(1, 1), padding=(1, 1), bias=False)
                  (bn): BatchNorm2d(64, eps=0.001, momentum=0.03, affine=True, track_running_stats=True)
                  (bn_skip): BatchNorm2d(64, eps=0.001, momentum=0.03, affine=True, track_running_stats=True)
                  (act): SiLU(inplace=True)
                )
              )
              (1): Bottleneck(
                (cv1): SwitchableConv(
                  (conv): Conv2d(64, 64, kernel_size=(3, 3), stride=(1, 1), padding=(1, 1), bias=False)
                  (bn): BatchNorm2d(64, eps=0.001, momentum=0.03, affine=True, track_running_stats=True)
                  (bn_skip): BatchNorm2d(64, eps=0.001, momentum=0.03, affine=True, track_running_stats=True)
                  (act): SiLU(inplace=True)
                )
                (cv2): SwitchableConv(
                  (conv): Conv2d(64, 64, kernel_size=(3, 3), stride=(1, 1), padding=(1, 1), bias=False)
                  (bn): BatchNorm2d(64, eps=0.001, momentum=0.03, affine=True, track_running_stats=True)
                  (bn_skip): BatchNorm2d(64, eps=0.001, momentum=0.03, affine=True, track_running_stats=True)
                  (act): SiLU(inplace=True)
                )
              )
            )
          )
          (1): C3k(
            (cv1): Conv(
              (conv): Conv2d(128, 64, kernel_size=(1, 1), stride=(1, 1), bias=False)
              (bn): BatchNorm2d(64, eps=0.001, momentum=0.03, affine=True, track_running_stats=True)
              (act): SiLU(inplace=True)
            )
            (cv2): Conv(
              (conv): Conv2d(128, 64, kernel_size=(1, 1), stride=(1, 1), bias=False)
              (bn): BatchNorm2d(64, eps=0.001, momentum=0.03, affine=True, track_running_stats=True)
              (act): SiLU(inplace=True)
            )
            (cv3): Conv(
              (conv): Conv2d(128, 128, kernel_size=(1, 1), stride=(1, 1), bias=False)
              (bn): BatchNorm2d(128, eps=0.001, momentum=0.03, affine=True, track_running_stats=True)
              (act): SiLU(inplace=True)
            )
            (m): Sequential(
              (0): Bottleneck(
                (cv1): Conv(
                  (conv): Conv2d(64, 64, kernel_size=(3, 3), stride=(1, 1), padding=(1, 1), bias=False)
                  (bn): BatchNorm2d(64, eps=0.001, momentum=0.03, affine=True, track_running_stats=True)
                  (act): SiLU(inplace=True)
                )
                (cv2): Conv(
                  (conv): Conv2d(64, 64, kernel_size=(3, 3), stride=(1, 1), padding=(1, 1), bias=False)
                  (bn): BatchNorm2d(64, eps=0.001, momentum=0.03, affine=True, track_running_stats=True)
                  (act): SiLU(inplace=True)
                )
              )
              (1): Bottleneck(
                (cv1): Conv(
                  (conv): Conv2d(64, 64, kernel_size=(3, 3), stride=(1, 1), padding=(1, 1), bias=False)
                  (bn): BatchNorm2d(64, eps=0.001, momentum=0.03, affine=True, track_running_stats=True)
                  (act): SiLU(inplace=True)
                )
                (cv2): Conv(
                  (conv): Conv2d(64, 64, kernel_size=(3, 3), stride=(1, 1), padding=(1, 1), bias=False)
                  (bn): BatchNorm2d(64, eps=0.001, momentum=0.03, affine=True, track_running_stats=True)
                  (act): SiLU(inplace=True)
                )
              )
            )
          )
        )
      )
      (18): SwitchableConv(
        (conv): Conv2d(256, 256, kernel_size=(3, 3), stride=(2, 2), padding=(1, 1), bias=False)
        (bn): BatchNorm2d(256, eps=0.001, momentum=0.03, affine=True, track_running_stats=True)
        (bn_skip): BatchNorm2d(256, eps=0.001, momentum=0.03, affine=True, track_running_stats=True)
        (act): SiLU(inplace=True)
      )
      (19): Concat()
      (20): SwitchableC3k2(
        (cv1): SwitchableConv(
          (conv): Conv2d(512, 256, kernel_size=(1, 1), stride=(1, 1), bias=False)
          (bn): BatchNorm2d(256, eps=0.001, momentum=0.03, affine=True, track_running_stats=True)
          (bn_skip): BatchNorm2d(256, eps=0.001, momentum=0.03, affine=True, track_running_stats=True)
          (act): SiLU(inplace=True)
        )
        (cv2): SwitchableConv(
          (conv): Conv2d(512, 256, kernel_size=(1, 1), stride=(1, 1), bias=False)
          (bn): BatchNorm2d(256, eps=0.001, momentum=0.03, affine=True, track_running_stats=True)
          (bn_skip): BatchNorm2d(256, eps=0.001, momentum=0.03, affine=True, track_running_stats=True)
          (act): SiLU(inplace=True)
        )
        (m): ModuleList(
          (0-1): 2 x SkippableC3k(
            (cv1): SwitchableConv(
              (conv): Conv2d(128, 64, kernel_size=(1, 1), stride=(1, 1), bias=False)
              (bn): BatchNorm2d(64, eps=0.001, momentum=0.03, affine=True, track_running_stats=True)
              (bn_skip): BatchNorm2d(64, eps=0.001, momentum=0.03, affine=True, track_running_stats=True)
              (act): SiLU(inplace=True)
            )
            (cv2): SwitchableConv(
              (conv): Conv2d(128, 64, kernel_size=(1, 1), stride=(1, 1), bias=False)
              (bn): BatchNorm2d(64, eps=0.001, momentum=0.03, affine=True, track_running_stats=True)
              (bn_skip): BatchNorm2d(64, eps=0.001, momentum=0.03, affine=True, track_running_stats=True)
              (act): SiLU(inplace=True)
            )
            (cv3): SwitchableConv(
              (conv): Conv2d(128, 128, kernel_size=(1, 1), stride=(1, 1), bias=False)
              (bn): BatchNorm2d(128, eps=0.001, momentum=0.03, affine=True, track_running_stats=True)
              (bn_skip): BatchNorm2d(128, eps=0.001, momentum=0.03, affine=True, track_running_stats=True)
              (act): SiLU(inplace=True)
            )
            (m): SkippableSequential(
              (0): Bottleneck(
                (cv1): SwitchableConv(
                  (conv): Conv2d(64, 64, kernel_size=(3, 3), stride=(1, 1), padding=(1, 1), bias=False)
                  (bn): BatchNorm2d(64, eps=0.001, momentum=0.03, affine=True, track_running_stats=True)
                  (bn_skip): BatchNorm2d(64, eps=0.001, momentum=0.03, affine=True, track_running_stats=True)
                  (act): SiLU(inplace=True)
                )
                (cv2): SwitchableConv(
                  (conv): Conv2d(64, 64, kernel_size=(3, 3), stride=(1, 1), padding=(1, 1), bias=False)
                  (bn): BatchNorm2d(64, eps=0.001, momentum=0.03, affine=True, track_running_stats=True)
                  (bn_skip): BatchNorm2d(64, eps=0.001, momentum=0.03, affine=True, track_running_stats=True)
                  (act): SiLU(inplace=True)
                )
              )
              (1): Bottleneck(
                (cv1): Conv(
                  (conv): Conv2d(64, 64, kernel_size=(3, 3), stride=(1, 1), padding=(1, 1), bias=False)
                  (bn): BatchNorm2d(64, eps=0.001, momentum=0.03, affine=True, track_running_stats=True)
                  (act): SiLU(inplace=True)
                )
                (cv2): Conv(
                  (conv): Conv2d(64, 64, kernel_size=(3, 3), stride=(1, 1), padding=(1, 1), bias=False)
                  (bn): BatchNorm2d(64, eps=0.001, momentum=0.03, affine=True, track_running_stats=True)
                  (act): SiLU(inplace=True)
                )
              )
            )
          )
        )
      )
      (21): Detect(
        (cv2): ModuleList(
          (0): Sequential(
            (0): Conv(
              (conv): Conv2d(128, 64, kernel_size=(3, 3), stride=(1, 1), padding=(1, 1), bias=False)
              (bn): BatchNorm2d(64, eps=0.001, momentum=0.03, affine=True, track_running_stats=True)
              (act): SiLU(inplace=True)
            )
            (1): Conv(
              (conv): Conv2d(64, 64, kernel_size=(3, 3), stride=(1, 1), padding=(1, 1), bias=False)
              (bn): BatchNorm2d(64, eps=0.001, momentum=0.03, affine=True, track_running_stats=True)
              (act): SiLU(inplace=True)
            )
            (2): Conv2d(64, 64, kernel_size=(1, 1), stride=(1, 1))
          )
          (1-2): 2 x Sequential(
            (0): Conv(
              (conv): Conv2d(256, 64, kernel_size=(3, 3), stride=(1, 1), padding=(1, 1), bias=False)
              (bn): BatchNorm2d(64, eps=0.001, momentum=0.03, affine=True, track_running_stats=True)
              (act): SiLU(inplace=True)
            )
            (1): Conv(
              (conv): Conv2d(64, 64, kernel_size=(3, 3), stride=(1, 1), padding=(1, 1), bias=False)
              (bn): BatchNorm2d(64, eps=0.001, momentum=0.03, affine=True, track_running_stats=True)
              (act): SiLU(inplace=True)
            )
            (2): Conv2d(64, 64, kernel_size=(1, 1), stride=(1, 1))
          )
        )
        (cv3): ModuleList(
          (0): Sequential(
            (0): Sequential(
              (0): DWConv(
                (conv): Conv2d(128, 128, kernel_size=(3, 3), stride=(1, 1), padding=(1, 1), groups=128, bias=False)
                (bn): BatchNorm2d(128, eps=0.001, momentum=0.03, affine=True, track_running_stats=True)
                (act): SiLU(inplace=True)
              )
              (1): Conv(
                (conv): Conv2d(128, 128, kernel_size=(1, 1), stride=(1, 1), bias=False)
                (bn): BatchNorm2d(128, eps=0.001, momentum=0.03, affine=True, track_running_stats=True)
                (act): SiLU(inplace=True)
              )
            )
            (1): Sequential(
              (0): DWConv(
                (conv): Conv2d(128, 128, kernel_size=(3, 3), stride=(1, 1), padding=(1, 1), groups=128, bias=False)
                (bn): BatchNorm2d(128, eps=0.001, momentum=0.03, affine=True, track_running_stats=True)
                (act): SiLU(inplace=True)
              )
              (1): Conv(
                (conv): Conv2d(128, 128, kernel_size=(1, 1), stride=(1, 1), bias=False)
                (bn): BatchNorm2d(128, eps=0.001, momentum=0.03, affine=True, track_running_stats=True)
                (act): SiLU(inplace=True)
              )
            )
            (2): Conv2d(128, 10, kernel_size=(1, 1), stride=(1, 1))
          )
          (1-2): 2 x Sequential(
            (0): Sequential(
              (0): DWConv(
                (conv): Conv2d(256, 256, kernel_size=(3, 3), stride=(1, 1), padding=(1, 1), groups=256, bias=False)
                (bn): BatchNorm2d(256, eps=0.001, momentum=0.03, affine=True, track_running_stats=True)
                (act): SiLU(inplace=True)
              )
              (1): Conv(
                (conv): Conv2d(256, 128, kernel_size=(1, 1), stride=(1, 1), bias=False)
                (bn): BatchNorm2d(128, eps=0.001, momentum=0.03, affine=True, track_running_stats=True)
                (act): SiLU(inplace=True)
              )
            )
            (1): Sequential(
              (0): DWConv(
                (conv): Conv2d(128, 128, kernel_size=(3, 3), stride=(1, 1), padding=(1, 1), groups=128, bias=False)
                (bn): BatchNorm2d(128, eps=0.001, momentum=0.03, affine=True, track_running_stats=True)
                (act): SiLU(inplace=True)
              )
              (1): Conv(
                (conv): Conv2d(128, 128, kernel_size=(1, 1), stride=(1, 1), bias=False)
                (bn): BatchNorm2d(128, eps=0.001, momentum=0.03, affine=True, track_running_stats=True)
                (act): SiLU(inplace=True)
              )
            )
            (2): Conv2d(128, 10, kernel_size=(1, 1), stride=(1, 1))
          )
        )
        (dfl): DFL(
          (conv): Conv2d(16, 1, kernel_size=(1, 1), stride=(1, 1), bias=False)
        )
      )
    )
  )
)
Image sizes 1280 train, 1280 val
Using 16 dataloader workers
Logging results to [1mruns/bdd100k/detect/anydepth-yolov12s/train[0m
Starting training for 50 epochs...

[FLOPs] Super model (skip=False) @ 736x1280:
| module             | #parameters or shape   | #flops   |
|:-------------------|:-----------------------|:---------|
| base_model.model   | 7.417M                 | 25.631G  |
| 0                  | 0.928K                 | 0.219G   |
| 0.conv             | 0.864K                 | 0.203G   |
| 0.conv.weight      | (32, 3, 3, 3)          |          |
| 0.bn               | 64                     | 15.073M  |
| 0.bn.weight        | (32,)                  |          |
| 0.bn.bias          | (32,)                  |          |
| 1                  | 9.344K                 | 0.55G    |
| 1.conv             | 9.216K                 | 0.543G   |
| 1.conv.weight      | (64, 16, 3, 3)         |          |
| 1.bn               | 0.128K                 | 7.537M   |
| 1.bn.weight        | (64,)                  |          |
| 1.bn.bias          | (64,)                  |          |
| 2                  | 40.064K                | 2.325G   |
| 2.cv1              | 4.352K                 | 0.249G   |
| 2.cv1.conv         | 4.096K                 | 0.241G   |
| 2.cv1.bn           | 0.128K                 | 7.537M   |
| 2.cv1.bn_skip      | 0.128K                 |          |
| 2.cv2              | 16.896K                | 0.98G    |
| 2.cv2.conv         | 16.384K                | 0.965G   |
| 2.cv2.bn           | 0.256K                 | 15.073M  |
| 2.cv2.bn_skip      | 0.256K                 |          |
| 2.m                | 18.816K                | 1.097G   |
| 2.m.0              | 9.408K                 | 0.548G   |
| 2.m.1              | 9.408K                 | 0.548G   |
| 3                  | 37.376K                | 0.546G   |
| 3.conv             | 36.864K                | 0.543G   |
| 3.conv.weight      | (128, 32, 3, 3)        |          |
| 3.bn               | 0.256K                 | 3.768M   |
| 3.bn.weight        | (128,)                 |          |
| 3.bn.bias          | (128,)                 |          |
| 3.bn_skip          | 0.256K                 |          |
| 3.bn_skip.weight   | (128,)                 |          |
| 3.bn_skip.bias     | (128,)                 |          |
| 4                  | 0.158M                 | 2.308G   |
| 4.cv1              | 16.896K                | 0.245G   |
| 4.cv1.conv         | 16.384K                | 0.241G   |
| 4.cv1.bn           | 0.256K                 | 3.768M   |
| 4.cv1.bn_skip      | 0.256K                 |          |
| 4.cv2              | 66.56K                 | 0.972G   |
| 4.cv2.conv         | 65.536K                | 0.965G   |
| 4.cv2.bn           | 0.512K                 | 7.537M   |
| 4.cv2.bn_skip      | 0.512K                 |          |
| 4.m                | 74.496K                | 1.091G   |
| 4.m.0              | 37.248K                | 0.545G   |
| 4.m.1              | 37.248K                | 0.545G   |
| 5                  | 0.591M                 | 2.172G   |
| 5.conv             | 0.59M                  | 2.171G   |
| 5.conv.weight      | (256, 256, 3, 3)       |          |
| 5.bn               | 0.512K                 | 1.884M   |
| 5.bn.weight        | (256,)                 |          |
| 5.bn.bias          | (256,)                 |          |
| 5.bn_skip          | 0.512K                 |          |
| 5.bn_skip.weight   | (256,)                 |          |
| 5.bn_skip.bias     | (256,)                 |          |
| 6                  | 1.395M                 | 4.74G    |
| 6.gamma            | (256,)                 |          |
| 6.cv1              | 33.28K                 | 0.122G   |
| 6.cv1.conv         | 32.768K                | 0.121G   |
| 6.cv1.bn           | 0.256K                 | 0.942M   |
| 6.cv1.bn_skip      | 0.256K                 |          |
| 6.cv2              | 0.263M                 | 0.605G   |
| 6.cv2.conv         | 0.164M                 | 0.603G   |
| 6.cv2.bn           | 0.512K                 | 1.884M   |
| 6.cv2.bn_skip      | 0.512K                 |          |
| 6.cv2.conv_skip    | 98.304K                |          |
| 6.m                | 1.099M                 | 4.013G   |
| 6.m.0              | 0.277M                 | 1.003G   |
| 6.m.1              | 0.277M                 | 1.003G   |
| 6.m.2              | 0.273M                 | 1.003G   |
| 6.m.3              | 0.273M                 | 1.003G   |
| 7                  | 0.591M                 | 0.543G   |
| 7.conv             | 0.59M                  | 0.543G   |
| 7.conv.weight      | (256, 256, 3, 3)       |          |
| 7.bn               | 0.512K                 | 0.471M   |
| 7.bn.weight        | (256,)                 |          |
| 7.bn.bias          | (256,)                 |          |
| 7.bn_skip          | 0.512K                 |          |
| 7.bn_skip.weight   | (256,)                 |          |
| 7.bn_skip.bias     | (256,)                 |          |
| 8                  | 1.395M                 | 1.185G   |
| 8.gamma            | (256,)                 |          |
| 8.cv1              | 33.28K                 | 30.382M  |
| 8.cv1.conv         | 32.768K                | 30.147M  |
| 8.cv1.bn           | 0.256K                 | 0.236M   |
| 8.cv1.bn_skip      | 0.256K                 |          |
| 8.cv2              | 0.263M                 | 0.151G   |
| 8.cv2.conv         | 0.164M                 | 0.151G   |
| 8.cv2.bn           | 0.512K                 | 0.471M   |
| 8.cv2.bn_skip      | 0.512K                 |          |
| 8.cv2.conv_skip    | 98.304K                |          |
| 8.m                | 1.099M                 | 1.003G   |
| 8.m.0              | 0.277M                 | 0.251G   |
| 8.m.1              | 0.277M                 | 0.251G   |
| 8.m.2              | 0.273M                 | 0.251G   |
| 8.m.3              | 0.273M                 | 0.251G   |
| 11                 | 0.529M                 | 1.94G    |
| 11.cv1             | 66.048K                | 0.242G   |
| 11.cv1.conv        | 65.536K                | 0.241G   |
| 11.cv1.bn          | 0.256K                 | 0.942M   |
| 11.cv1.bn_skip     | 0.256K                 |          |
| 11.cv2             | 99.328K                | 0.364G   |
| 11.cv2.conv        | 98.304K                | 0.362G   |
| 11.cv2.bn          | 0.512K                 | 1.884M   |
| 11.cv2.bn_skip     | 0.512K                 |          |
| 11.m               | 0.364M                 | 1.334G   |
| 11.m.0             | 0.182M                 | 0.667G   |
| 11.m.1             | 0.181M                 | 0.667G   |
| 14                 | 0.15M                  | 2.191G   |
| 14.cv1             | 33.024K                | 0.484G   |
| 14.cv1.conv        | 32.768K                | 0.482G   |
| 14.cv1.bn          | 0.128K                 | 1.884M   |
| 14.cv1.bn_skip     | 0.128K                 |          |
| 14.cv2             | 25.088K                | 0.366G   |
| 14.cv2.conv        | 24.576K                | 0.362G   |
| 14.cv2.bn          | 0.256K                 | 3.768M   |
| 14.cv2.bn_skip     | 0.256K                 |          |
| 14.m               | 91.648K                | 1.342G   |
| 14.m.0             | 46.08K                 | 0.671G   |
| 14.m.1             | 45.568K                | 0.671G   |
| 15                 | 0.148M                 | 0.544G   |
| 15.conv            | 0.147M                 | 0.543G   |
| 15.conv.weight     | (128, 128, 3, 3)       |          |
| 15.bn              | 0.256K                 | 0.942M   |
| 15.bn.weight       | (128,)                 |          |
| 15.bn.bias         | (128,)                 |          |
| 15.bn_skip         | 0.256K                 |          |
| 15.bn_skip.weight  | (128,)                 |          |
| 15.bn_skip.bias    | (128,)                 |          |
| 17                 | 0.513M                 | 1.879G   |
| 17.cv1             | 49.664K                | 0.182G   |
| 17.cv1.conv        | 49.152K                | 0.181G   |
| 17.cv1.bn          | 0.256K                 | 0.942M   |
| 17.cv1.bn_skip     | 0.256K                 |          |
| 17.cv2             | 99.328K                | 0.364G   |
| 17.cv2.conv        | 98.304K                | 0.362G   |
| 17.cv2.bn          | 0.512K                 | 1.884M   |
| 17.cv2.bn_skip     | 0.512K                 |          |
| 17.m               | 0.364M                 | 1.334G   |
| 17.m.0             | 0.182M                 | 0.667G   |
| 17.m.1             | 0.181M                 | 0.667G   |
| 18                 | 0.591M                 | 0.543G   |
| 18.conv            | 0.59M                  | 0.543G   |
| 18.conv.weight     | (256, 256, 3, 3)       |          |
| 18.bn              | 0.512K                 | 0.471M   |
| 18.bn.weight       | (256,)                 |          |
| 18.bn.bias         | (256,)                 |          |
| 18.bn_skip         | 0.512K                 |          |
| 18.bn_skip.weight  | (256,)                 |          |
| 18.bn_skip.bias    | (256,)                 |          |
| 20                 | 0.628M                 | 0.576G   |
| 20.cv1             | 0.132M                 | 0.121G   |
| 20.cv1.conv        | 0.131M                 | 0.121G   |
| 20.cv1.bn          | 0.512K                 | 0.471M   |
| 20.cv1.bn_skip     | 0.512K                 |          |
| 20.cv2             | 0.132M                 | 0.121G   |
| 20.cv2.conv        | 0.131M                 | 0.121G   |
| 20.cv2.bn          | 0.512K                 | 0.471M   |
| 20.cv2.bn_skip     | 0.512K                 |          |
| 20.m               | 0.364M                 | 0.333G   |
| 20.m.0             | 0.182M                 | 0.167G   |
| 20.m.1             | 0.182M                 | 0.167G   |
| 21                 | 0.64M                  | 3.365G   |
| 21.cv2             | 0.492M                 | 2.56G    |
| 21.cv2.0           | 0.115M                 | 1.692G   |
| 21.cv2.1           | 0.189M                 | 0.694G   |
| 21.cv2.2           | 0.189M                 | 0.174G   |
| 21.cv3             | 0.148M                 | 0.804G   |
| 21.cv3.0           | 37.386K                | 0.55G    |
| 21.cv3.1           | 55.178K                | 0.203G   |
| 21.cv3.2           | 55.178K                | 50.755M  |
| 21.dfl.conv        | 16                     | 1.236M   |
| 21.dfl.conv.weight | (1, 16, 1, 1)          |          |
| 9                  |                        | 0.942M   |
| 12                 |                        | 3.768M   |
  MACs  (super): 25.63 GMACs
  FLOPs (super): 51.26 GFLOPs

[FLOPs] Base model (skip=True) @ 736x1280:
| module             | #parameters or shape   | #flops   |
|:-------------------|:-----------------------|:---------|
| base_model.model   | 7.417M                 | 20.318G  |
| 0                  | 0.928K                 | 0.219G   |
| 0.conv             | 0.864K                 | 0.203G   |
| 0.conv.weight      | (32, 3, 3, 3)          |          |
| 0.bn               | 64                     | 15.073M  |
| 0.bn.weight        | (32,)                  |          |
| 0.bn.bias          | (32,)                  |          |
| 1                  | 9.344K                 | 0.55G    |
| 1.conv             | 9.216K                 | 0.543G   |
| 1.conv.weight      | (64, 16, 3, 3)         |          |
| 1.bn               | 0.128K                 | 7.537M   |
| 1.bn.weight        | (64,)                  |          |
| 1.bn.bias          | (64,)                  |          |
| 2                  | 40.064K                | 2.325G   |
| 2.cv1              | 4.352K                 | 0.249G   |
| 2.cv1.conv         | 4.096K                 | 0.241G   |
| 2.cv1.bn           | 0.128K                 |          |
| 2.cv1.bn_skip      | 0.128K                 | 7.537M   |
| 2.cv2              | 16.896K                | 0.98G    |
| 2.cv2.conv         | 16.384K                | 0.965G   |
| 2.cv2.bn           | 0.256K                 |          |
| 2.cv2.bn_skip      | 0.256K                 | 15.073M  |
| 2.m                | 18.816K                | 1.097G   |
| 2.m.0              | 9.408K                 | 0.548G   |
| 2.m.1              | 9.408K                 | 0.548G   |
| 3                  | 37.376K                | 0.546G   |
| 3.conv             | 36.864K                | 0.543G   |
| 3.conv.weight      | (128, 32, 3, 3)        |          |
| 3.bn               | 0.256K                 |          |
| 3.bn.weight        | (128,)                 |          |
| 3.bn.bias          | (128,)                 |          |
| 3.bn_skip          | 0.256K                 | 3.768M   |
| 3.bn_skip.weight   | (128,)                 |          |
| 3.bn_skip.bias     | (128,)                 |          |
| 4                  | 0.158M                 | 2.308G   |
| 4.cv1              | 16.896K                | 0.245G   |
| 4.cv1.conv         | 16.384K                | 0.241G   |
| 4.cv1.bn           | 0.256K                 |          |
| 4.cv1.bn_skip      | 0.256K                 | 3.768M   |
| 4.cv2              | 66.56K                 | 0.972G   |
| 4.cv2.conv         | 65.536K                | 0.965G   |
| 4.cv2.bn           | 0.512K                 |          |
| 4.cv2.bn_skip      | 0.512K                 | 7.537M   |
| 4.m                | 74.496K                | 1.091G   |
| 4.m.0              | 37.248K                | 0.545G   |
| 4.m.1              | 37.248K                | 0.545G   |
| 5                  | 0.591M                 | 2.172G   |
| 5.conv             | 0.59M                  | 2.171G   |
| 5.conv.weight      | (256, 256, 3, 3)       |          |
| 5.bn               | 0.512K                 |          |
| 5.bn.weight        | (256,)                 |          |
| 5.bn.bias          | (256,)                 |          |
| 5.bn_skip          | 0.512K                 | 1.884M   |
| 5.bn_skip.weight   | (256,)                 |          |
| 5.bn_skip.bias     | (256,)                 |          |
| 6                  | 1.395M                 | 2.492G   |
| 6.gamma            | (256,)                 |          |
| 6.cv1              | 33.28K                 | 0.122G   |
| 6.cv1.conv         | 32.768K                | 0.121G   |
| 6.cv1.bn           | 0.256K                 |          |
| 6.cv1.bn_skip      | 0.256K                 | 0.942M   |
| 6.cv2              | 0.263M                 | 0.364G   |
| 6.cv2.conv         | 0.164M                 |          |
| 6.cv2.bn           | 0.512K                 |          |
| 6.cv2.bn_skip      | 0.512K                 | 1.884M   |
| 6.cv2.conv_skip    | 98.304K                | 0.362G   |
| 6.m                | 1.099M                 | 2.007G   |
| 6.m.0              | 0.277M                 | 1.003G   |
| 6.m.1              | 0.277M                 | 1.003G   |
| 6.m.2              | 0.273M                 |          |
| 6.m.3              | 0.273M                 |          |
| 7                  | 0.591M                 | 0.543G   |
| 7.conv             | 0.59M                  | 0.543G   |
| 7.conv.weight      | (256, 256, 3, 3)       |          |
| 7.bn               | 0.512K                 |          |
| 7.bn.weight        | (256,)                 |          |
| 7.bn.bias          | (256,)                 |          |
| 7.bn_skip          | 0.512K                 | 0.471M   |
| 7.bn_skip.weight   | (256,)                 |          |
| 7.bn_skip.bias     | (256,)                 |          |
| 8                  | 1.395M                 | 0.623G   |
| 8.gamma            | (256,)                 |          |
| 8.cv1              | 33.28K                 | 30.382M  |
| 8.cv1.conv         | 32.768K                | 30.147M  |
| 8.cv1.bn           | 0.256K                 |          |
| 8.cv1.bn_skip      | 0.256K                 | 0.236M   |
| 8.cv2              | 0.263M                 | 90.911M  |
| 8.cv2.conv         | 0.164M                 |          |
| 8.cv2.bn           | 0.512K                 |          |
| 8.cv2.bn_skip      | 0.512K                 | 0.471M   |
| 8.cv2.conv_skip    | 98.304K                | 90.44M   |
| 8.m                | 1.099M                 | 0.502G   |
| 8.m.0              | 0.277M                 | 0.251G   |
| 8.m.1              | 0.277M                 | 0.251G   |
| 8.m.2              | 0.273M                 |          |
| 8.m.3              | 0.273M                 |          |
| 11                 | 0.529M                 | 1.152G   |
| 11.cv1             | 66.048K                | 0.242G   |
| 11.cv1.conv        | 65.536K                | 0.241G   |
| 11.cv1.bn          | 0.256K                 |          |
| 11.cv1.bn_skip     | 0.256K                 | 0.942M   |
| 11.cv2             | 99.328K                | 0.243G   |
| 11.cv2.conv        | 98.304K                |          |
| 11.cv2.bn          | 0.512K                 |          |
| 11.cv2.bn_skip     | 0.512K                 | 1.884M   |
| 11.m               | 0.364M                 | 0.667G   |
| 11.m.0             | 0.182M                 | 0.667G   |
| 11.m.1             | 0.181M                 |          |
| 14                 | 0.15M                  | 1.4G     |
| 14.cv1             | 33.024K                | 0.484G   |
| 14.cv1.conv        | 32.768K                | 0.482G   |
| 14.cv1.bn          | 0.128K                 |          |
| 14.cv1.bn_skip     | 0.128K                 | 1.884M   |
| 14.cv2             | 25.088K                | 0.245G   |
| 14.cv2.conv        | 24.576K                |          |
| 14.cv2.bn          | 0.256K                 |          |
| 14.cv2.bn_skip     | 0.256K                 | 3.768M   |
| 14.m               | 91.648K                | 0.671G   |
| 14.m.0             | 46.08K                 | 0.671G   |
| 14.m.1             | 45.568K                |          |
| 15                 | 0.148M                 | 0.544G   |
| 15.conv            | 0.147M                 | 0.543G   |
| 15.conv.weight     | (128, 128, 3, 3)       |          |
| 15.bn              | 0.256K                 |          |
| 15.bn.weight       | (128,)                 |          |
| 15.bn.bias         | (128,)                 |          |
| 15.bn_skip         | 0.256K                 | 0.942M   |
| 15.bn_skip.weight  | (128,)                 |          |
| 15.bn_skip.bias    | (128,)                 |          |
| 17                 | 0.513M                 | 1.092G   |
| 17.cv1             | 49.664K                | 0.182G   |
| 17.cv1.conv        | 49.152K                | 0.181G   |
| 17.cv1.bn          | 0.256K                 |          |
| 17.cv1.bn_skip     | 0.256K                 | 0.942M   |
| 17.cv2             | 99.328K                | 0.243G   |
| 17.cv2.conv        | 98.304K                |          |
| 17.cv2.bn          | 0.512K                 |          |
| 17.cv2.bn_skip     | 0.512K                 | 1.884M   |
| 17.m               | 0.364M                 | 0.667G   |
| 17.m.0             | 0.182M                 | 0.667G   |
| 17.m.1             | 0.181M                 |          |
| 18                 | 0.591M                 | 0.543G   |
| 18.conv            | 0.59M                  | 0.543G   |
| 18.conv.weight     | (256, 256, 3, 3)       |          |
| 18.bn              | 0.512K                 |          |
| 18.bn.weight       | (256,)                 |          |
| 18.bn.bias         | (256,)                 |          |
| 18.bn_skip         | 0.512K                 | 0.471M   |
| 18.bn_skip.weight  | (256,)                 |          |
| 18.bn_skip.bias    | (256,)                 |          |
| 20                 | 0.628M                 | 0.439G   |
| 20.cv1             | 0.132M                 | 0.121G   |
| 20.cv1.conv        | 0.131M                 | 0.121G   |
| 20.cv1.bn          | 0.512K                 |          |
| 20.cv1.bn_skip     | 0.512K                 | 0.471M   |
| 20.cv2             | 0.132M                 | 0.121G   |
| 20.cv2.conv        | 0.131M                 | 0.121G   |
| 20.cv2.bn          | 0.512K                 |          |
| 20.cv2.bn_skip     | 0.512K                 | 0.471M   |
| 20.m               | 0.364M                 | 0.197G   |
| 20.m.0             | 0.182M                 | 98.683M  |
| 20.m.1             | 0.182M                 | 98.683M  |
| 21                 | 0.64M                  | 3.365G   |
| 21.cv2             | 0.492M                 | 2.56G    |
| 21.cv2.0           | 0.115M                 | 1.692G   |
| 21.cv2.1           | 0.189M                 | 0.694G   |
| 21.cv2.2           | 0.189M                 | 0.174G   |
| 21.cv3             | 0.148M                 | 0.804G   |
| 21.cv3.0           | 37.386K                | 0.55G    |
| 21.cv3.1           | 55.178K                | 0.203G   |
| 21.cv3.2           | 55.178K                | 50.755M  |
| 21.dfl.conv        | 16                     | 1.236M   |
| 21.dfl.conv.weight | (1, 16, 1, 1)          |          |
| 9                  |                        | 0.942M   |
| 12                 |                        | 3.768M   |
  MACs  (base): 20.32 GMACs
  FLOPs (base): 40.64 GFLOPs

           Epoch         GPU_mem          box_om          cls_om          dfl_om          box_oo          cls_oo          dfl_oo       Instances            Size
/home/hslee/anaconda3/envs/yolov12/lib/python3.11/site-packages/torch/autograd/__init__.py:266: UserWarning: Grad strides do not match bucket view strides. This may indicate grad was not created according to the gradient layout contract, or that the param's strides changed since DDP was constructed.  This is not an error, but may impair performance.
grad.sizes() = [128, 128, 1, 1], strides() = [128, 1, 128, 128]
bucket_view.sizes() = [128, 128, 1, 1], strides() = [128, 1, 1, 1] (Triggered internally at ../torch/csrc/distributed/c10d/reducer.cpp:322.)
  Variable._execution_engine.run_backward(  # Calls into the C++ engine to run the backward pass
/home/hslee/anaconda3/envs/yolov12/lib/python3.11/site-packages/torch/autograd/__init__.py:266: UserWarning: Grad strides do not match bucket view strides. This may indicate grad was not created according to the gradient layout contract, or that the param's strides changed since DDP was constructed.  This is not an error, but may impair performance.
grad.sizes() = [128, 128, 1, 1], strides() = [128, 1, 128, 128]
bucket_view.sizes() = [128, 128, 1, 1], strides() = [128, 1, 1, 1] (Triggered internally at ../torch/csrc/distributed/c10d/reducer.cpp:322.)
  Variable._execution_engine.run_backward(  # Calls into the C++ engine to run the backward pass
  Epoch 1/50  Batch 1/2188 (0.0%)  | Super 218.622 (box 1.6779  cls 3.8031  dfl 1.3509)  | Base 222.056 (box 1.7520  cls 3.8077  dfl 1.3796)  | KD 24.700 (box 0.66924  cls 0.09817  dfl 0.00221  feat 0.00225)
  Epoch 1/50  Batch 219/2188 (10.0%)  | Super 187.885 (box 1.7535  cls 2.7576  dfl 1.3603)  | Base 192.504 (box 1.7767  cls 2.8734  dfl 1.3657)  | KD 23.636 (box 0.65229  cls 0.08180  dfl 0.00223  feat 0.00232)
  Epoch 1/50  Batch 437/2188 (20.0%)  | Super 163.210 (box 1.7916  cls 1.9787  dfl 1.3300)  | Base 169.000 (box 1.8348  cls 2.1179  dfl 1.3286)  | KD 22.980 (box 0.65856  cls 0.05550  dfl 0.00184  feat 0.00223)
  Epoch 1/50  Batch 655/2188 (29.9%)  | Super 128.980 (box 1.4789  cls 1.3438  dfl 1.2079)  | Base 134.904 (box 1.5109  cls 1.4921  dfl 1.2128)  | KD 13.928 (box 0.39687  cls 0.03571  dfl 0.00107  feat 0.00159)
  Epoch 1/50  Batch 873/2188 (39.9%)  | Super 138.834 (box 1.5988  cls 1.4559  dfl 1.2838)  | Base 143.109 (box 1.6080  cls 1.5913  dfl 1.2728)  | KD 16.285 (box 0.46866  cls 0.03720  dfl 0.00142  feat 0.00162)
  Epoch 1/50  Batch 1091/2188 (49.9%)  | Super 119.729 (box 1.4392  cls 1.1126  dfl 1.1898)  | Base 121.433 (box 1.4169  cls 1.2060  dfl 1.1719)  | KD 13.760 (box 0.39666  cls 0.03073  dfl 0.00110  feat 0.00150)
  Epoch 1/50  Batch 1309/2188 (59.8%)  | Super 112.311 (box 1.3652  cls 1.0299  dfl 1.1146)  | Base 115.823 (box 1.3678  cls 1.1362  dfl 1.1154)  | KD 12.752 (box 0.36900  cls 0.02711  dfl 0.00102  feat 0.00137)
  Epoch 1/50  Batch 1527/2188 (69.8%)  | Super 124.179 (box 1.4987  cls 1.1540  dfl 1.2279)  | Base 127.049 (box 1.5075  cls 1.2360  dfl 1.2267)  | KD 11.949 (box 0.34011  cls 0.03082  dfl 0.00098  feat 0.00148)
  Epoch 1/50  Batch 1745/2188 (79.8%)  | Super 115.595 (box 1.3676  cls 1.0932  dfl 1.1516)  | Base 118.681 (box 1.3997  cls 1.1530  dfl 1.1561)  | KD 12.960 (box 0.37746  cls 0.02518  dfl 0.00102  feat 0.00134)
  Epoch 1/50  Batch 1963/2188 (89.7%)  | Super 117.087 (box 1.3991  cls 1.1047  dfl 1.1552)  | Base 118.119 (box 1.3805  cls 1.1548  dfl 1.1559)  | KD 11.225 (box 0.32631  cls 0.02148  dfl 0.00092  feat 0.00206)
  Epoch 1/50  Batch 2181/2188 (99.7%)  | Super 114.217 (box 1.4223  cls 0.9692  dfl 1.1778)  | Base 117.307 (box 1.4580  cls 1.0241  dfl 1.1838)  | KD 11.088 (box 0.32585  cls 0.01788  dfl 0.00098  feat 0.00179)

================================================================================
  [Validation] Super model (skip=False)  |  Epoch 1/50
================================================================================
[*] Validation input tensor shape: torch.Size([32, 3, 736, 1312])
                 Class     Images  Instances      Box(P          R      mAP50  mAP50-95)
                   all      10000     185578      0.734      0.338      0.379      0.214

================================================================================
  [Validation] Base model  (skip=True)   |  Epoch 1/50
================================================================================
[*] Validation input tensor shape: torch.Size([32, 3, 736, 1312])
                 Class     Images  Instances      Box(P          R      mAP50  mAP50-95)
                   all      10000     185578      0.715      0.329      0.361      0.201

           Epoch         GPU_mem          box_om          cls_om          dfl_om          box_oo          cls_oo          dfl_oo       Instances            Size
  Epoch 2/50  Batch 1/2188 (0.0%)  | Super 123.118 (box 1.4921  cls 1.0720  dfl 1.2833)  | Base 128.216 (box 1.5339  cls 1.1620  dfl 1.3108)  | KD 14.378 (box 0.40989  cls 0.03654  dfl 0.00123  feat 0.00164)
  Epoch 2/50  Batch 219/2188 (10.0%)  | Super 117.311 (box 1.4914  cls 1.0106  dfl 1.1639)  | Base 119.613 (box 1.5035  cls 1.0656  dfl 1.1688)  | KD 11.695 (box 0.34570  cls 0.01723  dfl 0.00093  feat 0.00161)
  Epoch 2/50  Batch 437/2188 (20.0%)  | Super 135.295 (box 1.7407  cls 1.1551  dfl 1.3322)  | Base 138.805 (box 1.7455  cls 1.2657  dfl 1.3264)  | KD 14.024 (box 0.41194  cls 0.02348  dfl 0.00116  feat 0.00166)
  Epoch 2/50  Batch 655/2188 (29.9%)  | Super 110.256 (box 1.3648  cls 0.9418  dfl 1.1389)  | Base 111.861 (box 1.3749  cls 0.9930  dfl 1.1278)  | KD 10.317 (box 0.30287  cls 0.01705  dfl 0.00079  feat 0.00169)
  Epoch 2/50  Batch 873/2188 (39.9%)  | Super 125.637 (box 1.5229  cls 1.1646  dfl 1.2386)  | Base 126.741 (box 1.5127  cls 1.2245  dfl 1.2235)  | KD 13.741 (box 0.40881  cls 0.01803  dfl 0.00113  feat 0.00144)
  Epoch 2/50  Batch 1091/2188 (49.9%)  | Super 105.272 (box 1.3493  cls 0.8568  dfl 1.0836)  | Base 108.389 (box 1.3827  cls 0.9249  dfl 1.0795)  | KD 10.085 (box 0.29738  cls 0.01566  dfl 0.00080  feat 0.00133)
  Epoch 2/50  Batch 1309/2188 (59.8%)  | Super 103.256 (box 1.3156  cls 0.8310  dfl 1.0802)  | Base 105.752 (box 1.3203  cls 0.9076  dfl 1.0769)  | KD 11.044 (box 0.32186  cls 0.02114  dfl 0.00092  feat 0.00120)
  Epoch 2/50  Batch 1527/2188 (69.8%)  | Super 118.228 (box 1.4772  cls 1.0198  dfl 1.1977)  | Base 120.385 (box 1.4893  cls 1.0662  dfl 1.2065)  | KD 11.327 (box 0.32706  cls 0.02466  dfl 0.00092  feat 0.00133)
  Epoch 2/50  Batch 1745/2188 (79.8%)  | Super 108.921 (box 1.3694  cls 0.8814  dfl 1.1530)  | Base 111.115 (box 1.3868  cls 0.9325  dfl 1.1530)  | KD 10.580 (box 0.31031  cls 0.01825  dfl 0.00084  feat 0.00123)
  Epoch 2/50  Batch 1963/2188 (89.7%)  | Super 111.792 (box 1.3507  cls 1.0046  dfl 1.1382)  | Base 114.434 (box 1.3684  cls 1.0698  dfl 1.1378)  | KD 10.661 (box 0.31262  cls 0.01843  dfl 0.00084  feat 0.00128)
  Epoch 2/50  Batch 2181/2188 (99.7%)  | Super 110.928 (box 1.4134  cls 0.8515  dfl 1.2015)  | Base 114.515 (box 1.4440  cls 0.9416  dfl 1.1931)  | KD 10.188 (box 0.30104  cls 0.01477  dfl 0.00104  feat 0.00152)

================================================================================
  [Validation] Super model (skip=False)  |  Epoch 2/50
================================================================================
[*] Validation input tensor shape: torch.Size([32, 3, 736, 1312])
                 Class     Images  Instances      Box(P          R      mAP50  mAP50-95)
                   all      10000     185578      0.649      0.438      0.469      0.264

================================================================================
  [Validation] Base model  (skip=True)   |  Epoch 2/50
================================================================================
[*] Validation input tensor shape: torch.Size([32, 3, 736, 1312])
                 Class     Images  Instances      Box(P          R      mAP50  mAP50-95)
                   all      10000     185578      0.657      0.411      0.449      0.249

           Epoch         GPU_mem          box_om          cls_om          dfl_om          box_oo          cls_oo          dfl_oo       Instances            Size
  Epoch 3/50  Batch 1/2188 (0.0%)  | Super 110.274 (box 1.3569  cls 0.9179  dfl 1.1713)  | Base 113.004 (box 1.3747  cls 0.9728  dfl 1.1839)  | KD 10.361 (box 0.29760  cls 0.02401  dfl 0.00086  feat 0.00130)
  Epoch 3/50  Batch 219/2188 (10.0%)  | Super 120.351 (box 1.5313  cls 1.0108  dfl 1.2189)  | Base 120.979 (box 1.5454  cls 1.0297  dfl 1.2055)  | KD 10.891 (box 0.32200  cls 0.01591  dfl 0.00094  feat 0.00150)
  Epoch 3/50  Batch 437/2188 (20.0%)  | Super 119.505 (box 1.6063  cls 0.9723  dfl 1.1560)  | Base 122.264 (box 1.6329  cls 1.0374  dfl 1.1505)  | KD 12.176 (box 0.36644  cls 0.01192  dfl 0.00085  feat 0.00128)
  Epoch 3/50  Batch 655/2188 (29.9%)  | Super 108.853 (box 1.4067  cls 0.8598  dfl 1.1352)  | Base 111.258 (box 1.4217  cls 0.9170  dfl 1.1381)  | KD 9.629 (box 0.28544  cls 0.01334  dfl 0.00078  feat 0.00133)
  Epoch 3/50  Batch 873/2188 (39.9%)  | Super 113.432 (box 1.4252  cls 0.9905  dfl 1.1290)  | Base 116.099 (box 1.4462  cls 1.0565  dfl 1.1254)  | KD 12.163 (box 0.36135  cls 0.01645  dfl 0.00111  feat 0.00118)
  Epoch 3/50  Batch 1091/2188 (49.9%)  | Super 106.232 (box 1.3749  cls 0.8197  dfl 1.1251)  | Base 108.503 (box 1.3883  cls 0.8828  dfl 1.1196)  | KD 8.689 (box 0.25725  cls 0.01252  dfl 0.00066  feat 0.00109)
  Epoch 3/50  Batch 1309/2188 (59.8%)  | Super 104.117 (box 1.3021  cls 0.8102  dfl 1.1414)  | Base 106.318 (box 1.3094  cls 0.8669  dfl 1.1461)  | KD 10.280 (box 0.30375  cls 0.01545  dfl 0.00084  feat 0.00121)
  Epoch 3/50  Batch 1527/2188 (69.8%)  | Super 115.776 (box 1.4656  cls 0.9750  dfl 1.1775)  | Base 117.175 (box 1.4685  cls 1.0255  dfl 1.1676)  | KD 10.387 (box 0.29620  cls 0.02631  dfl 0.00078  feat 0.00131)
  Epoch 3/50  Batch 1745/2188 (79.8%)  | Super 110.399 (box 1.3978  cls 0.9050  dfl 1.1472)  | Base 113.083 (box 1.4299  cls 0.9478  dfl 1.1562)  | KD 10.565 (box 0.31219  cls 0.01594  dfl 0.00090  feat 0.00112)
  Epoch 3/50  Batch 1963/2188 (89.7%)  | Super 115.006 (box 1.4057  cls 0.9785  dfl 1.2097)  | Base 116.403 (box 1.4051  cls 1.0355  dfl 1.1970)  | KD 10.459 (box 0.30258  cls 0.02212  dfl 0.00076  feat 0.00139)
  Epoch 3/50  Batch 2181/2188 (99.7%)  | Super 113.231 (box 1.4550  cls 0.8645  dfl 1.2190)  | Base 115.975 (box 1.4736  cls 0.9377  dfl 1.2129)  | KD 8.737 (box 0.25791  cls 0.01308  dfl 0.00072  feat 0.00131)

================================================================================
  [Validation] Super model (skip=False)  |  Epoch 3/50
================================================================================
[*] Validation input tensor shape: torch.Size([32, 3, 736, 1312])
                 Class     Images  Instances      Box(P          R      mAP50  mAP50-95)
                   all      10000     185578      0.689      0.471      0.516      0.291

================================================================================
  [Validation] Base model  (skip=True)   |  Epoch 3/50
================================================================================
[*] Validation input tensor shape: torch.Size([32, 3, 736, 1312])
                 Class     Images  Instances      Box(P          R      mAP50  mAP50-95)
                   all      10000     185578      0.677      0.456      0.498      0.276

           Epoch         GPU_mem          box_om          cls_om          dfl_om          box_oo          cls_oo          dfl_oo       Instances            Size
  Epoch 4/50  Batch 1/2188 (0.0%)  | Super 110.534 (box 1.3760  cls 0.8984  dfl 1.1798)  | Base 114.256 (box 1.4170  cls 0.9694  dfl 1.1841)  | KD 9.559 (box 0.27887  cls 0.01798  dfl 0.00081  feat 0.00107)
  Epoch 4/50  Batch 219/2188 (10.0%)  | Super 115.259 (box 1.4623  cls 0.9464  dfl 1.1931)  | Base 116.393 (box 1.4748  cls 0.9775  dfl 1.1850)  | KD 9.359 (box 0.27961  cls 0.01089  dfl 0.00076  feat 0.00122)
  Epoch 4/50  Batch 437/2188 (20.0%)  | Super 116.008 (box 1.5539  cls 0.9250  dfl 1.1463)  | Base 117.709 (box 1.5746  cls 0.9650  dfl 1.1389)  | KD 10.719 (box 0.32314  cls 0.00992  dfl 0.00072  feat 0.00117)
  Epoch 4/50  Batch 655/2188 (29.9%)  | Super 104.560 (box 1.3167  cls 0.8391  dfl 1.1117)  | Base 107.202 (box 1.3405  cls 0.8912  dfl 1.1184)  | KD 8.454 (box 0.25135  cls 0.01106  dfl 0.00062  feat 0.00116)
  Epoch 4/50  Batch 873/2188 (39.9%)  | Super 117.071 (box 1.4689  cls 0.9836  dfl 1.2059)  | Base 118.687 (box 1.4823  cls 1.0254  dfl 1.2013)  | KD 10.397 (box 0.30896  cls 0.01390  dfl 0.00091  feat 0.00114)
  Epoch 4/50  Batch 1091/2188 (49.9%)  | Super 103.277 (box 1.3414  cls 0.7974  dfl 1.0886)  | Base 104.438 (box 1.3437  cls 0.8414  dfl 1.0785)  | KD 8.912 (box 0.26259  cls 0.01429  dfl 0.00067  feat 0.00094)
  Epoch 4/50  Batch 1309/2188 (59.8%)  | Super 101.786 (box 1.2992  cls 0.7728  dfl 1.1089)  | Base 103.697 (box 1.3182  cls 0.8238  dfl 1.0985)  | KD 9.179 (box 0.27618  cls 0.00884  dfl 0.00074  feat 0.00108)
  Epoch 4/50  Batch 1527/2188 (69.8%)  | Super 111.810 (box 1.4340  cls 0.9097  dfl 1.1503)  | Base 113.502 (box 1.4423  cls 0.9598  dfl 1.1449)  | KD 9.160 (box 0.26664  cls 0.01770  dfl 0.00071  feat 0.00121)
  Epoch 4/50  Batch 1745/2188 (79.8%)  | Super 104.458 (box 1.3331  cls 0.8206  dfl 1.1106)  | Base 106.614 (box 1.3546  cls 0.8711  dfl 1.1060)  | KD 8.619 (box 0.25562  cls 0.01204  dfl 0.00064  feat 0.00105)
  Epoch 4/50  Batch 1963/2188 (89.7%)  | Super 106.864 (box 1.3480  cls 0.8829  dfl 1.1087)  | Base 109.102 (box 1.3691  cls 0.9189  dfl 1.1214)  | KD 8.269 (box 0.24804  cls 0.00840  dfl 0.00069  feat 0.00127)
  Epoch 4/50  Batch 2181/2188 (99.7%)  | Super 109.980 (box 1.4190  cls 0.7981  dfl 1.2197)  | Base 111.990 (box 1.4379  cls 0.8533  dfl 1.2085)  | KD 9.088 (box 0.27017  cls 0.01170  dfl 0.00074  feat 0.00139)

================================================================================
  [Validation] Super model (skip=False)  |  Epoch 4/50
================================================================================
[*] Validation input tensor shape: torch.Size([32, 3, 736, 1312])
                 Class     Images  Instances      Box(P          R      mAP50  mAP50-95)
                   all      10000     185578      0.698      0.485      0.535      0.305

================================================================================
  [Validation] Base model  (skip=True)   |  Epoch 4/50
================================================================================
[*] Validation input tensor shape: torch.Size([32, 3, 736, 1312])
                 Class     Images  Instances      Box(P          R      mAP50  mAP50-95)
                   all      10000     185578      0.699      0.473      0.519      0.292

           Epoch         GPU_mem          box_om          cls_om          dfl_om          box_oo          cls_oo          dfl_oo       Instances            Size
  Epoch 5/50  Batch 1/2188 (0.0%)  | Super 110.332 (box 1.4052  cls 0.8694  dfl 1.1733)  | Base 112.786 (box 1.4121  cls 0.9463  dfl 1.1662)  | KD 9.494 (box 0.27869  cls 0.01627  dfl 0.00073  feat 0.00100)
  Epoch 5/50  Batch 219/2188 (10.0%)  | Super 110.384 (box 1.4624  cls 0.8924  dfl 1.0946)  | Base 111.388 (box 1.4741  cls 0.9134  dfl 1.0934)  | KD 8.818 (box 0.26076  cls 0.01302  dfl 0.00075  feat 0.00102)
  Epoch 5/50  Batch 437/2188 (20.0%)  | Super 117.530 (box 1.5808  cls 0.9026  dfl 1.1895)  | Base 119.787 (box 1.6138  cls 0.9389  dfl 1.1906)  | KD 10.949 (box 0.32884  cls 0.01118  dfl 0.00085  feat 0.00127)
  Epoch 5/50  Batch 655/2188 (29.9%)  | Super 104.720 (box 1.3632  cls 0.8109  dfl 1.0984)  | Base 105.518 (box 1.3532  cls 0.8523  dfl 1.0920)  | KD 8.092 (box 0.24131  cls 0.00998  dfl 0.00058  feat 0.00099)
  Epoch 5/50  Batch 873/2188 (39.9%)  | Super 116.062 (box 1.4439  cls 1.0066  dfl 1.1764)  | Base 116.769 (box 1.4409  cls 1.0302  dfl 1.1779)  | KD 11.050 (box 0.32644  cls 0.01695  dfl 0.00084  feat 0.00108)
  Epoch 5/50  Batch 1091/2188 (49.9%)  | Super 105.502 (box 1.3466  cls 0.8176  dfl 1.1327)  | Base 106.805 (box 1.3572  cls 0.8468  dfl 1.1336)  | KD 8.290 (box 0.24419  cls 0.01319  dfl 0.00065  feat 0.00105)
  Epoch 5/50  Batch 1309/2188 (59.8%)  | Super 100.456 (box 1.2593  cls 0.7900  dfl 1.0899)  | Base 102.810 (box 1.2755  cls 0.8413  dfl 1.0960)  | KD 8.938 (box 0.26541  cls 0.01219  dfl 0.00078  feat 0.00092)
  Epoch 5/50  Batch 1527/2188 (69.8%)  | Super 115.748 (box 1.4849  cls 0.9371  dfl 1.1952)  | Base 117.434 (box 1.5005  cls 0.9723  dfl 1.1970)  | KD 8.939 (box 0.26439  cls 0.01332  dfl 0.00067  feat 0.00097)
  Epoch 5/50  Batch 1745/2188 (79.8%)  | Super 104.944 (box 1.3558  cls 0.8146  dfl 1.1091)  | Base 106.302 (box 1.3608  cls 0.8563  dfl 1.1048)  | KD 9.641 (box 0.28559  cls 0.01403  dfl 0.00075  feat 0.00093)
  Epoch 5/50  Batch 1963/2188 (89.7%)  | Super 104.283 (box 1.3324  cls 0.8129  dfl 1.1135)  | Base 106.372 (box 1.3427  cls 0.8692  dfl 1.1122)  | KD 8.123 (box 0.24146  cls 0.01063  dfl 0.00062  feat 0.00113)
  Epoch 5/50  Batch 2181/2188 (99.7%)  | Super 109.546 (box 1.4221  cls 0.8004  dfl 1.2009)  | Base 110.752 (box 1.4257  cls 0.8448  dfl 1.1904)  | KD 8.632 (box 0.25892  cls 0.00900  dfl 0.00066  feat 0.00117)

================================================================================
  [Validation] Super model (skip=False)  |  Epoch 5/50
================================================================================
[*] Validation input tensor shape: torch.Size([32, 3, 736, 1312])
                 Class     Images  Instances      Box(P          R      mAP50  mAP50-95)
                   all      10000     185578      0.722      0.488      0.546      0.313

================================================================================
  [Validation] Base model  (skip=True)   |  Epoch 5/50
================================================================================
[*] Validation input tensor shape: torch.Size([32, 3, 736, 1312])
                 Class     Images  Instances      Box(P          R      mAP50  mAP50-95)
                   all      10000     185578      0.713      0.477      0.532        0.3

           Epoch         GPU_mem          box_om          cls_om          dfl_om          box_oo          cls_oo          dfl_oo       Instances            Size
  Epoch 6/50  Batch 1/2188 (0.0%)  | Super 109.016 (box 1.3857  cls 0.8656  dfl 1.1554)  | Base 111.762 (box 1.4162  cls 0.9125  dfl 1.1639)  | KD 9.219 (box 0.27171  cls 0.01467  dfl 0.00075  feat 0.00097)
  Epoch 6/50  Batch 219/2188 (10.0%)  | Super 108.059 (box 1.4049  cls 0.8624  dfl 1.1095)  | Base 108.741 (box 1.4167  cls 0.8726  dfl 1.1089)  | KD 8.512 (box 0.25177  cls 0.01258  dfl 0.00064  feat 0.00103)
  Epoch 6/50  Batch 437/2188 (20.0%)  | Super 116.292 (box 1.5543  cls 0.9217  dfl 1.1581)  | Base 118.479 (box 1.5818  cls 0.9632  dfl 1.1574)  | KD 10.467 (box 0.31626  cls 0.00901  dfl 0.00082  feat 0.00102)
  Epoch 6/50  Batch 655/2188 (29.9%)  | Super 104.370 (box 1.3479  cls 0.7778  dfl 1.1358)  | Base 107.835 (box 1.3776  cls 0.8507  dfl 1.1415)  | KD 7.934 (box 0.23470  cls 0.01161  dfl 0.00058  feat 0.00105)
  Epoch 6/50  Batch 873/2188 (39.9%)  | Super 115.963 (box 1.4607  cls 0.9680  dfl 1.1952)  | Base 118.446 (box 1.4813  cls 1.0162  dfl 1.2039)  | KD 9.450 (box 0.28266  cls 0.01092  dfl 0.00076  feat 0.00095)
  Epoch 6/50  Batch 1091/2188 (49.9%)  | Super 101.453 (box 1.3313  cls 0.7655  dfl 1.0736)  | Base 102.520 (box 1.3353  cls 0.7953  dfl 1.0731)  | KD 7.987 (box 0.23691  cls 0.01109  dfl 0.00063  feat 0.00097)
  Epoch 6/50  Batch 1309/2188 (59.8%)  | Super 104.875 (box 1.3303  cls 0.8248  dfl 1.1223)  | Base 105.191 (box 1.3231  cls 0.8532  dfl 1.1108)  | KD 8.618 (box 0.25772  cls 0.00981  dfl 0.00081  feat 0.00096)
  Epoch 6/50  Batch 1527/2188 (69.8%)  | Super 111.985 (box 1.4188  cls 0.9198  dfl 1.1609)  | Base 114.067 (box 1.4254  cls 0.9810  dfl 1.1581)  | KD 8.877 (box 0.25785  cls 0.01776  dfl 0.00070  feat 0.00109)
  Epoch 6/50  Batch 1745/2188 (79.8%)  | Super 99.968 (box 1.3060  cls 0.7499  dfl 1.0681)  | Base 100.667 (box 1.3071  cls 0.7816  dfl 1.0572)  | KD 8.647 (box 0.25873  cls 0.00990  dfl 0.00072  feat 0.00088)
  Epoch 6/50  Batch 1963/2188 (89.7%)  | Super 106.882 (box 1.3337  cls 0.8632  dfl 1.1432)  | Base 108.786 (box 1.3464  cls 0.9103  dfl 1.1428)  | KD 9.197 (box 0.27192  cls 0.01366  dfl 0.00071  feat 0.00111)
  Epoch 6/50  Batch 2181/2188 (99.7%)  | Super 105.149 (box 1.3997  cls 0.7463  dfl 1.1399)  | Base 107.597 (box 1.4172  cls 0.7918  dfl 1.1534)  | KD 8.369 (box 0.24821  cls 0.01166  dfl 0.00067  feat 0.00098)

================================================================================
  [Validation] Super model (skip=False)  |  Epoch 6/50
================================================================================
[*] Validation input tensor shape: torch.Size([32, 3, 736, 1312])
                 Class     Images  Instances      Box(P          R      mAP50  mAP50-95)
                   all      10000     185578      0.715      0.498      0.552      0.317

================================================================================
  [Validation] Base model  (skip=True)   |  Epoch 6/50
================================================================================
[*] Validation input tensor shape: torch.Size([32, 3, 736, 1312])
                 Class     Images  Instances      Box(P          R      mAP50  mAP50-95)
                   all      10000     185578      0.714      0.482      0.539      0.306

           Epoch         GPU_mem          box_om          cls_om          dfl_om          box_oo          cls_oo          dfl_oo       Instances            Size
  Epoch 7/50  Batch 1/2188 (0.0%)  | Super 107.266 (box 1.4052  cls 0.8014  dfl 1.1455)  | Base 109.149 (box 1.4043  cls 0.8554  dfl 1.1512)  | KD 8.547 (box 0.25547  cls 0.01009  dfl 0.00060  feat 0.00095)
  Epoch 7/50  Batch 219/2188 (10.0%)  | Super 110.608 (box 1.4783  cls 0.8464  dfl 1.1317)  | Base 110.902 (box 1.4579  cls 0.8887  dfl 1.1191)  | KD 7.962 (box 0.23730  cls 0.00985  dfl 0.00065  feat 0.00101)
  Epoch 7/50  Batch 437/2188 (20.0%)  | Super 113.024 (box 1.5509  cls 0.8449  dfl 1.1362)  | Base 114.498 (box 1.5680  cls 0.8712  dfl 1.1388)  | KD 9.485 (box 0.28624  cls 0.00849  dfl 0.00062  feat 0.00104)
  Epoch 7/50  Batch 655/2188 (29.9%)  | Super 101.311 (box 1.3373  cls 0.7487  dfl 1.0799)  | Base 101.852 (box 1.3296  cls 0.7771  dfl 1.0762)  | KD 6.818 (box 0.20320  cls 0.00847  dfl 0.00051  feat 0.00089)
  Epoch 7/50  Batch 873/2188 (39.9%)  | Super 113.411 (box 1.4390  cls 0.9459  dfl 1.1591)  | Base 114.869 (box 1.4493  cls 0.9840  dfl 1.1563)  | KD 9.745 (box 0.28717  cls 0.01566  dfl 0.00077  feat 0.00095)
  Epoch 7/50  Batch 1091/2188 (49.9%)  | Super 99.223 (box 1.3055  cls 0.7482  dfl 1.0471)  | Base 100.425 (box 1.3112  cls 0.7753  dfl 1.0518)  | KD 7.394 (box 0.21871  cls 0.01094  dfl 0.00056  feat 0.00084)
  Epoch 7/50  Batch 1309/2188 (59.8%)  | Super 101.645 (box 1.2930  cls 0.7533  dfl 1.1301)  | Base 101.725 (box 1.2761  cls 0.7860  dfl 1.1168)  | KD 8.108 (box 0.24226  cls 0.00954  dfl 0.00063  feat 0.00097)
  Epoch 7/50  Batch 1527/2188 (69.8%)  | Super 112.267 (box 1.4304  cls 0.9179  dfl 1.1601)  | Base 113.263 (box 1.4355  cls 0.9545  dfl 1.1494)  | KD 8.990 (box 0.26457  cls 0.01454  dfl 0.00084  feat 0.00097)
  Epoch 7/50  Batch 1745/2188 (79.8%)  | Super 103.800 (box 1.3509  cls 0.7724  dfl 1.1204)  | Base 104.392 (box 1.3538  cls 0.8001  dfl 1.1083)  | KD 8.561 (box 0.25485  cls 0.01106  dfl 0.00073  feat 0.00088)
  Epoch 7/50  Batch 1963/2188 (89.7%)  | Super 106.194 (box 1.3505  cls 0.8370  dfl 1.1311)  | Base 107.545 (box 1.3557  cls 0.8818  dfl 1.1232)  | KD 9.061 (box 0.27123  cls 0.01007  dfl 0.00080  feat 0.00103)
  Epoch 7/50  Batch 2181/2188 (99.7%)  | Super 110.446 (box 1.4572  cls 0.7556  dfl 1.2387)  | Base 112.419 (box 1.4708  cls 0.7994  dfl 1.2429)  | KD 8.137 (box 0.24446  cls 0.00813  dfl 0.00062  feat 0.00107)

================================================================================
  [Validation] Super model (skip=False)  |  Epoch 7/50
================================================================================
[*] Validation input tensor shape: torch.Size([32, 3, 736, 1312])
                 Class     Images  Instances      Box(P          R      mAP50  mAP50-95)
                   all      10000     185578      0.724      0.503       0.56      0.322

================================================================================
  [Validation] Base model  (skip=True)   |  Epoch 7/50
================================================================================
[*] Validation input tensor shape: torch.Size([32, 3, 736, 1312])
                 Class     Images  Instances      Box(P          R      mAP50  mAP50-95)
                   all      10000     185578      0.718      0.494      0.547      0.312

           Epoch         GPU_mem          box_om          cls_om          dfl_om          box_oo          cls_oo          dfl_oo       Instances            Size
  Epoch 8/50  Batch 1/2188 (0.0%)  | Super 109.650 (box 1.3859  cls 0.8635  dfl 1.1772)  | Base 110.829 (box 1.3870  cls 0.9078  dfl 1.1686)  | KD 8.899 (box 0.26364  cls 0.01280  dfl 0.00074  feat 0.00093)
  Epoch 8/50  Batch 219/2188 (10.0%)  | Super 104.755 (box 1.4010  cls 0.7796  dfl 1.0931)  | Base 105.402 (box 1.4016  cls 0.8137  dfl 1.0786)  | KD 7.351 (box 0.21937  cls 0.00884  dfl 0.00059  feat 0.00091)
  Epoch 8/50  Batch 437/2188 (20.0%)  | Super 115.505 (box 1.5907  cls 0.8802  dfl 1.1386)  | Base 117.316 (box 1.5989  cls 0.9216  dfl 1.1456)  | KD 9.524 (box 0.28796  cls 0.00806  dfl 0.00066  feat 0.00093)
  Epoch 8/50  Batch 655/2188 (29.9%)  | Super 99.006 (box 1.2761  cls 0.7540  dfl 1.0638)  | Base 100.675 (box 1.2875  cls 0.7965  dfl 1.0621)  | KD 7.730 (box 0.23178  cls 0.00833  dfl 0.00058  feat 0.00088)
  Epoch 8/50  Batch 873/2188 (39.9%)  | Super 118.335 (box 1.5165  cls 0.9703  dfl 1.2112)  | Base 118.644 (box 1.5149  cls 0.9926  dfl 1.2001)  | KD 9.345 (box 0.27784  cls 0.01254  dfl 0.00064  feat 0.00101)
  Epoch 8/50  Batch 1091/2188 (49.9%)  | Super 99.768 (box 1.3060  cls 0.7319  dfl 1.0798)  | Base 100.962 (box 1.3100  cls 0.7768  dfl 1.0682)  | KD 7.606 (box 0.22776  cls 0.00847  dfl 0.00061  feat 0.00085)
  Epoch 8/50  Batch 1309/2188 (59.8%)  | Super 100.453 (box 1.2793  cls 0.7509  dfl 1.1090)  | Base 102.193 (box 1.2907  cls 0.7962  dfl 1.1066)  | KD 7.899 (box 0.23714  cls 0.00827  dfl 0.00066  feat 0.00078)
  Epoch 8/50  Batch 1527/2188 (69.8%)  | Super 114.270 (box 1.4744  cls 0.9274  dfl 1.1691)  | Base 115.981 (box 1.4831  cls 0.9732  dfl 1.1681)  | KD 9.175 (box 0.26811  cls 0.01686  dfl 0.00068  feat 0.00107)
  Epoch 8/50  Batch 1745/2188 (79.8%)  | Super 103.727 (box 1.3373  cls 0.7854  dfl 1.1188)  | Base 105.310 (box 1.3502  cls 0.8247  dfl 1.1160)  | KD 8.587 (box 0.25966  cls 0.00715  dfl 0.00068  feat 0.00087)
  Epoch 8/50  Batch 1963/2188 (89.7%)  | Super 103.842 (box 1.3089  cls 0.8273  dfl 1.1088)  | Base 106.309 (box 1.3353  cls 0.8757  dfl 1.1111)  | KD 8.875 (box 0.26501  cls 0.01042  dfl 0.00071  feat 0.00119)
  Epoch 8/50  Batch 2181/2188 (99.7%)  | Super 106.327 (box 1.3989  cls 0.7438  dfl 1.1800)  | Base 108.030 (box 1.4142  cls 0.7876  dfl 1.1742)  | KD 8.251 (box 0.24762  cls 0.00855  dfl 0.00061  feat 0.00107)

================================================================================
  [Validation] Super model (skip=False)  |  Epoch 8/50
================================================================================
[*] Validation input tensor shape: torch.Size([32, 3, 736, 1312])
                 Class     Images  Instances      Box(P          R      mAP50  mAP50-95)
                   all      10000     185578      0.724       0.51      0.565      0.325

================================================================================
  [Validation] Base model  (skip=True)   |  Epoch 8/50
================================================================================
[*] Validation input tensor shape: torch.Size([32, 3, 736, 1312])
                 Class     Images  Instances      Box(P          R      mAP50  mAP50-95)
                   all      10000     185578      0.728      0.491      0.551      0.316

           Epoch         GPU_mem          box_om          cls_om          dfl_om          box_oo          cls_oo          dfl_oo       Instances            Size
  Epoch 9/50  Batch 1/2188 (0.0%)  | Super 101.489 (box 1.3075  cls 0.8034  dfl 1.0606)  | Base 102.829 (box 1.3107  cls 0.8474  dfl 1.0553)  | KD 7.901 (box 0.23525  cls 0.01014  dfl 0.00063  feat 0.00087)
  Epoch 9/50  Batch 219/2188 (10.0%)  | Super 113.788 (box 1.5048  cls 0.8732  dfl 1.1779)  | Base 114.695 (box 1.5129  cls 0.8912  dfl 1.1801)  | KD 7.611 (box 0.22884  cls 0.00741  dfl 0.00072  feat 0.00087)
  Epoch 9/50  Batch 437/2188 (20.0%)  | Super 115.898 (box 1.5919  cls 0.8886  dfl 1.1413)  | Base 116.182 (box 1.5865  cls 0.9060  dfl 1.1381)  | KD 9.653 (box 0.29225  cls 0.00770  dfl 0.00060  feat 0.00111)
  Epoch 9/50  Batch 655/2188 (29.9%)  | Super 100.315 (box 1.3209  cls 0.7462  dfl 1.0677)  | Base 101.728 (box 1.3326  cls 0.7816  dfl 1.0647)  | KD 7.678 (box 0.22981  cls 0.00861  dfl 0.00065  feat 0.00087)
  Epoch 9/50  Batch 873/2188 (39.9%)  | Super 115.150 (box 1.4584  cls 0.9511  dfl 1.1889)  | Base 116.108 (box 1.4702  cls 0.9701  dfl 1.1881)  | KD 9.310 (box 0.27457  cls 0.01470  dfl 0.00073  feat 0.00092)
  Epoch 9/50  Batch 1091/2188 (49.9%)  | Super 101.981 (box 1.3341  cls 0.7530  dfl 1.0998)  | Base 103.344 (box 1.3401  cls 0.7919  dfl 1.0976)  | KD 7.422 (box 0.22135  cls 0.00925  dfl 0.00052  feat 0.00081)
  Epoch 9/50  Batch 1309/2188 (59.8%)  | Super 100.877 (box 1.2895  cls 0.7629  dfl 1.0999)  | Base 102.126 (box 1.3015  cls 0.7942  dfl 1.0958)  | KD 7.818 (box 0.23476  cls 0.00809  dfl 0.00062  feat 0.00085)
  Epoch 9/50  Batch 1527/2188 (69.8%)  | Super 107.451 (box 1.3807  cls 0.8428  dfl 1.1344)  | Base 109.459 (box 1.3996  cls 0.8909  dfl 1.1301)  | KD 8.672 (box 0.25331  cls 0.01602  dfl 0.00075  feat 0.00091)
  Epoch 9/50  Batch 1745/2188 (79.8%)  | Super 101.955 (box 1.2985  cls 0.7831  dfl 1.1045)  | Base 102.570 (box 1.3025  cls 0.8140  dfl 1.0888)  | KD 8.245 (box 0.24818  cls 0.00796  dfl 0.00070  feat 0.00083)
  Epoch 9/50  Batch 1963/2188 (89.7%)  | Super 99.438 (box 1.2674  cls 0.7654  dfl 1.0746)  | Base 101.670 (box 1.2976  cls 0.7915  dfl 1.0881)  | KD 7.919 (box 0.23246  cls 0.01325  dfl 0.00075  feat 0.00102)
  Epoch 9/50  Batch 2181/2188 (99.7%)  | Super 106.050 (box 1.3788  cls 0.7737  dfl 1.1616)  | Base 108.039 (box 1.4037  cls 0.8089  dfl 1.1636)  | KD 7.984 (box 0.23896  cls 0.00904  dfl 0.00064  feat 0.00087)

================================================================================
  [Validation] Super model (skip=False)  |  Epoch 9/50
================================================================================
[*] Validation input tensor shape: torch.Size([32, 3, 736, 1312])
                 Class     Images  Instances      Box(P          R      mAP50  mAP50-95)
                   all      10000     185578      0.731      0.506      0.565      0.327

================================================================================
  [Validation] Base model  (skip=True)   |  Epoch 9/50
================================================================================
[*] Validation input tensor shape: torch.Size([32, 3, 736, 1312])
                 Class     Images  Instances      Box(P          R      mAP50  mAP50-95)
                   all      10000     185578      0.723      0.496      0.555      0.318

           Epoch         GPU_mem          box_om          cls_om          dfl_om          box_oo          cls_oo          dfl_oo       Instances            Size
  Epoch 10/50  Batch 1/2188 (0.0%)  | Super 107.331 (box 1.3824  cls 0.8204  dfl 1.1513)  | Base 110.140 (box 1.4094  cls 0.8839  dfl 1.1486)  | KD 8.495 (box 0.24655  cls 0.01735  dfl 0.00067  feat 0.00090)
  Epoch 10/50  Batch 219/2188 (10.0%)  | Super 109.861 (box 1.4492  cls 0.8246  dfl 1.1593)  | Base 110.181 (box 1.4441  cls 0.8507  dfl 1.1484)  | KD 7.369 (box 0.22005  cls 0.00873  dfl 0.00049  feat 0.00100)
  Epoch 10/50  Batch 437/2188 (20.0%)  | Super 118.381 (box 1.6123  cls 0.9068  dfl 1.1802)  | Base 119.283 (box 1.6224  cls 0.9195  dfl 1.1856)  | KD 9.393 (box 0.28236  cls 0.00966  dfl 0.00064  feat 0.00089)
  Epoch 10/50  Batch 655/2188 (29.9%)  | Super 104.628 (box 1.3738  cls 0.7828  dfl 1.1131)  | Base 105.270 (box 1.3664  cls 0.8188  dfl 1.1045)  | KD 7.667 (box 0.22836  cls 0.00981  dfl 0.00053  feat 0.00089)
  Epoch 10/50  Batch 873/2188 (39.9%)  | Super 116.053 (box 1.4655  cls 0.9656  dfl 1.1956)  | Base 116.872 (box 1.4775  cls 0.9763  dfl 1.1984)  | KD 8.766 (box 0.25896  cls 0.01325  dfl 0.00062  feat 0.00111)
  Epoch 10/50  Batch 1091/2188 (49.9%)  | Super 101.796 (box 1.3186  cls 0.7725  dfl 1.0900)  | Base 102.866 (box 1.3246  cls 0.7972  dfl 1.0927)  | KD 7.573 (box 0.22892  cls 0.00637  dfl 0.00055  feat 0.00081)
  Epoch 10/50  Batch 1309/2188 (59.8%)  | Super 101.067 (box 1.2542  cls 0.7633  dfl 1.1408)  | Base 102.724 (box 1.2645  cls 0.8015  dfl 1.1441)  | KD 8.146 (box 0.24344  cls 0.00954  dfl 0.00067  feat 0.00090)
  Epoch 10/50  Batch 1527/2188 (69.8%)  | Super 109.675 (box 1.4195  cls 0.8610  dfl 1.1469)  | Base 111.938 (box 1.4303  cls 0.9229  dfl 1.1449)  | KD 8.338 (box 0.24393  cls 0.01499  dfl 0.00065  feat 0.00100)
  Epoch 10/50  Batch 1745/2188 (79.8%)  | Super 102.500 (box 1.3295  cls 0.7755  dfl 1.0981)  | Base 103.995 (box 1.3414  cls 0.8098  dfl 1.0986)  | KD 8.678 (box 0.26094  cls 0.00854  dfl 0.00082  feat 0.00090)
  Epoch 10/50  Batch 1963/2188 (89.7%)  | Super 103.213 (box 1.3092  cls 0.7864  dfl 1.1297)  | Base 105.608 (box 1.3433  cls 0.8161  dfl 1.1409)  | KD 8.190 (box 0.24520  cls 0.00886  dfl 0.00066  feat 0.00122)
  Epoch 10/50  Batch 2181/2188 (99.7%)  | Super 106.623 (box 1.4026  cls 0.7579  dfl 1.1715)  | Base 108.427 (box 1.4093  cls 0.8131  dfl 1.1659)  | KD 7.424 (box 0.21898  cls 0.01154  dfl 0.00058  feat 0.00092)

================================================================================
  [Validation] Super model (skip=False)  |  Epoch 10/50
================================================================================
[*] Validation input tensor shape: torch.Size([32, 3, 736, 1312])
                 Class     Images  Instances      Box(P          R      mAP50  mAP50-95)
                   all      10000     185578       0.73      0.517       0.57      0.329

================================================================================
  [Validation] Base model  (skip=True)   |  Epoch 10/50
================================================================================
[*] Validation input tensor shape: torch.Size([32, 3, 736, 1312])
                 Class     Images  Instances      Box(P          R      mAP50  mAP50-95)
                   all      10000     185578      0.728      0.501       0.56      0.321

           Epoch         GPU_mem          box_om          cls_om          dfl_om          box_oo          cls_oo          dfl_oo       Instances            Size
  Epoch 11/50  Batch 1/2188 (0.0%)  | Super 105.569 (box 1.3641  cls 0.7941  dfl 1.1408)  | Base 106.284 (box 1.3538  cls 0.8284  dfl 1.1391)  | KD 7.559 (box 0.22410  cls 0.01069  dfl 0.00055  feat 0.00088)
  Epoch 11/50  Batch 219/2188 (10.0%)  | Super 113.247 (box 1.4917  cls 0.8612  dfl 1.1861)  | Base 114.100 (box 1.4953  cls 0.8891  dfl 1.1812)  | KD 8.075 (box 0.24134  cls 0.00937  dfl 0.00065  feat 0.00097)
  Epoch 11/50  Batch 437/2188 (20.0%)  | Super 115.485 (box 1.5645  cls 0.9060  dfl 1.1384)  | Base 116.115 (box 1.5782  cls 0.9198  dfl 1.1306)  | KD 9.531 (box 0.28927  cls 0.00697  dfl 0.00067  feat 0.00093)
  Epoch 11/50  Batch 655/2188 (29.9%)  | Super 100.429 (box 1.3112  cls 0.7488  dfl 1.0784)  | Base 100.945 (box 1.3059  cls 0.7795  dfl 1.0691)  | KD 7.319 (box 0.21945  cls 0.00790  dfl 0.00058  feat 0.00080)
  Epoch 11/50  Batch 873/2188 (39.9%)  | Super 116.054 (box 1.4605  cls 0.9653  dfl 1.2009)  | Base 118.550 (box 1.5039  cls 0.9915  dfl 1.2093)  | KD 10.170 (box 0.30333  cls 0.01279  dfl 0.00074  feat 0.00094)
  Epoch 11/50  Batch 1091/2188 (49.9%)  | Super 100.520 (box 1.3255  cls 0.7430  dfl 1.0727)  | Base 101.135 (box 1.3252  cls 0.7643  dfl 1.0710)  | KD 7.017 (box 0.21107  cls 0.00693  dfl 0.00053  feat 0.00077)
  Epoch 11/50  Batch 1309/2188 (59.8%)  | Super 96.868 (box 1.2455  cls 0.7176  dfl 1.0640)  | Base 98.682 (box 1.2688  cls 0.7527  dfl 1.0623)  | KD 7.627 (box 0.22798  cls 0.00894  dfl 0.00057  feat 0.00085)
  Epoch 11/50  Batch 1527/2188 (69.8%)  | Super 111.358 (box 1.4485  cls 0.8757  dfl 1.1557)  | Base 112.956 (box 1.4627  cls 0.9186  dfl 1.1485)  | KD 8.217 (box 0.24241  cls 0.01279  dfl 0.00064  feat 0.00094)
  Epoch 11/50  Batch 1745/2188 (79.8%)  | Super 102.197 (box 1.3295  cls 0.7533  dfl 1.1108)  | Base 104.213 (box 1.3471  cls 0.7977  dfl 1.1119)  | KD 8.135 (box 0.24477  cls 0.00791  dfl 0.00072  feat 0.00082)
  Epoch 11/50  Batch 1963/2188 (89.7%)  | Super 101.977 (box 1.2988  cls 0.8007  dfl 1.0872)  | Base 101.401 (box 1.2784  cls 0.8214  dfl 1.0689)  | KD 8.243 (box 0.24678  cls 0.00907  dfl 0.00067  feat 0.00108)
  Epoch 11/50  Batch 2181/2188 (99.7%)  | Super 109.289 (box 1.4003  cls 0.7873  dfl 1.2277)  | Base 112.102 (box 1.4320  cls 0.8437  dfl 1.2275)  | KD 8.213 (box 0.24111  cls 0.01395  dfl 0.00062  feat 0.00097)

================================================================================
  [Validation] Super model (skip=False)  |  Epoch 11/50
================================================================================
[*] Validation input tensor shape: torch.Size([32, 3, 736, 1312])
                 Class     Images  Instances      Box(P          R      mAP50  mAP50-95)
                   all      10000     185578      0.729      0.514      0.572      0.332

================================================================================
  [Validation] Base model  (skip=True)   |  Epoch 11/50
================================================================================
[*] Validation input tensor shape: torch.Size([32, 3, 736, 1312])
                 Class     Images  Instances      Box(P          R      mAP50  mAP50-95)
                   all      10000     185578      0.727      0.502      0.562      0.323

           Epoch         GPU_mem          box_om          cls_om          dfl_om          box_oo          cls_oo          dfl_oo       Instances            Size
  Epoch 12/50  Batch 1/2188 (0.0%)  | Super 106.558 (box 1.3610  cls 0.8084  dfl 1.1606)  | Base 106.671 (box 1.3604  cls 0.8242  dfl 1.1489)  | KD 8.561 (box 0.25485  cls 0.01104  dfl 0.00084  feat 0.00080)
  Epoch 12/50  Batch 219/2188 (10.0%)  | Super 109.947 (box 1.4369  cls 0.8559  dfl 1.1430)  | Base 110.931 (box 1.4506  cls 0.8740  dfl 1.1420)  | KD 7.380 (box 0.21737  cls 0.01185  dfl 0.00058  feat 0.00084)
  Epoch 12/50  Batch 437/2188 (20.0%)  | Super 112.475 (box 1.5285  cls 0.8754  dfl 1.1110)  | Base 114.357 (box 1.5601  cls 0.9045  dfl 1.1091)  | KD 9.622 (box 0.29171  cls 0.00743  dfl 0.00066  feat 0.00089)
  Epoch 12/50  Batch 655/2188 (29.9%)  | Super 100.782 (box 1.3146  cls 0.7422  dfl 1.0927)  | Base 101.719 (box 1.3123  cls 0.7782  dfl 1.0881)  | KD 7.050 (box 0.21174  cls 0.00715  dfl 0.00049  feat 0.00092)
  Epoch 12/50  Batch 873/2188 (39.9%)  | Super 118.933 (box 1.4746  cls 1.0092  dfl 1.2328)  | Base 121.079 (box 1.5081  cls 1.0402  dfl 1.2353)  | KD 9.192 (box 0.26998  cls 0.01568  dfl 0.00071  feat 0.00087)
  Epoch 12/50  Batch 1091/2188 (49.9%)  | Super 99.645 (box 1.3228  cls 0.7202  dfl 1.0710)  | Base 100.220 (box 1.3206  cls 0.7542  dfl 1.0571)  | KD 6.954 (box 0.20508  cls 0.01081  dfl 0.00055  feat 0.00087)
  Epoch 12/50  Batch 1309/2188 (59.8%)  | Super 100.496 (box 1.2755  cls 0.7589  dfl 1.1061)  | Base 102.080 (box 1.2983  cls 0.7938  dfl 1.0979)  | KD 8.050 (box 0.24199  cls 0.00790  dfl 0.00070  feat 0.00097)
  Epoch 12/50  Batch 1527/2188 (69.8%)  | Super 109.839 (box 1.4143  cls 0.8649  dfl 1.1533)  | Base 111.306 (box 1.4314  cls 0.8938  dfl 1.1531)  | KD 8.055 (box 0.23875  cls 0.01150  dfl 0.00058  feat 0.00089)
  Epoch 12/50  Batch 1745/2188 (79.8%)  | Super 103.504 (box 1.3517  cls 0.7594  dfl 1.1234)  | Base 103.596 (box 1.3513  cls 0.7667  dfl 1.1193)  | KD 7.816 (box 0.23510  cls 0.00772  dfl 0.00063  feat 0.00078)
  Epoch 12/50  Batch 1963/2188 (89.7%)  | Super 101.453 (box 1.2982  cls 0.8240  dfl 1.0483)  | Base 103.079 (box 1.3198  cls 0.8428  dfl 1.0586)  | KD 8.982 (box 0.26953  cls 0.00945  dfl 0.00075  feat 0.00095)
  Epoch 12/50  Batch 2181/2188 (99.7%)  | Super 106.664 (box 1.3839  cls 0.7939  dfl 1.1555)  | Base 107.599 (box 1.3892  cls 0.8239  dfl 1.1494)  | KD 7.556 (box 0.22539  cls 0.00922  dfl 0.00060  feat 0.00090)

================================================================================
  [Validation] Super model (skip=False)  |  Epoch 12/50
================================================================================
[*] Validation input tensor shape: torch.Size([32, 3, 736, 1312])
                 Class     Images  Instances      Box(P          R      mAP50  mAP50-95)
                   all      10000     185578      0.729      0.521      0.576      0.334

================================================================================
  [Validation] Base model  (skip=True)   |  Epoch 12/50
================================================================================
[*] Validation input tensor shape: torch.Size([32, 3, 736, 1312])
                 Class     Images  Instances      Box(P          R      mAP50  mAP50-95)
                   all      10000     185578      0.735      0.501      0.563      0.324

           Epoch         GPU_mem          box_om          cls_om          dfl_om          box_oo          cls_oo          dfl_oo       Instances            Size
  Epoch 13/50  Batch 1/2188 (0.0%)  | Super 108.512 (box 1.4031  cls 0.8340  dfl 1.1538)  | Base 109.589 (box 1.4074  cls 0.8648  dfl 1.1524)  | KD 8.043 (box 0.23887  cls 0.01101  dfl 0.00063  feat 0.00085)
  Epoch 13/50  Batch 219/2188 (10.0%)  | Super 109.439 (box 1.4467  cls 0.8385  dfl 1.1348)  | Base 109.288 (box 1.4358  cls 0.8527  dfl 1.1267)  | KD 7.411 (box 0.22170  cls 0.00839  dfl 0.00060  feat 0.00090)
  Epoch 13/50  Batch 437/2188 (20.0%)  | Super 113.745 (box 1.5780  cls 0.8412  dfl 1.1353)  | Base 114.980 (box 1.5962  cls 0.8579  dfl 1.1391)  | KD 8.658 (box 0.26147  cls 0.00759  dfl 0.00054  feat 0.00098)
  Epoch 13/50  Batch 655/2188 (29.9%)  | Super 100.073 (box 1.3250  cls 0.7190  dfl 1.0833)  | Base 101.462 (box 1.3375  cls 0.7581  dfl 1.0750)  | KD 6.755 (box 0.20101  cls 0.00880  dfl 0.00048  feat 0.00079)
  Epoch 13/50  Batch 873/2188 (39.9%)  | Super 112.377 (box 1.4481  cls 0.8975  dfl 1.1662)  | Base 112.985 (box 1.4489  cls 0.9323  dfl 1.1495)  | KD 8.645 (box 0.25222  cls 0.01643  dfl 0.00063  feat 0.00088)
  Epoch 13/50  Batch 1091/2188 (49.9%)  | Super 100.664 (box 1.3205  cls 0.7337  dfl 1.0915)  | Base 102.012 (box 1.3215  cls 0.7765  dfl 1.0899)  | KD 7.000 (box 0.21130  cls 0.00603  dfl 0.00057  feat 0.00083)
  Epoch 13/50  Batch 1309/2188 (59.8%)  | Super 96.177 (box 1.2005  cls 0.7254  dfl 1.0797)  | Base 96.760 (box 1.2016  cls 0.7498  dfl 1.0724)  | KD 7.439 (box 0.22301  cls 0.00794  dfl 0.00061  feat 0.00090)
  Epoch 13/50  Batch 1527/2188 (69.8%)  | Super 110.136 (box 1.4113  cls 0.8612  dfl 1.1692)  | Base 112.234 (box 1.4387  cls 0.9003  dfl 1.1684)  | KD 8.092 (box 0.24053  cls 0.01072  dfl 0.00072  feat 0.00090)
  Epoch 13/50  Batch 1745/2188 (79.8%)  | Super 103.678 (box 1.3435  cls 0.7617  dfl 1.1348)  | Base 104.186 (box 1.3346  cls 0.7949  dfl 1.1263)  | KD 7.969 (box 0.24069  cls 0.00676  dfl 0.00064  feat 0.00094)
  Epoch 13/50  Batch 1963/2188 (89.7%)  | Super 103.982 (box 1.3120  cls 0.8012  dfl 1.1362)  | Base 106.513 (box 1.3375  cls 0.8452  dfl 1.1458)  | KD 7.361 (box 0.21815  cls 0.01028  dfl 0.00060  feat 0.00101)
  Epoch 13/50  Batch 2181/2188 (99.7%)  | Super 104.711 (box 1.3761  cls 0.7135  dfl 1.1826)  | Base 105.838 (box 1.3835  cls 0.7482  dfl 1.1758)  | KD 7.212 (box 0.21645  cls 0.00733  dfl 0.00055  feat 0.00105)

================================================================================
  [Validation] Super model (skip=False)  |  Epoch 13/50
================================================================================
[*] Validation input tensor shape: torch.Size([32, 3, 736, 1312])
                 Class     Images  Instances      Box(P          R      mAP50  mAP50-95)
                   all      10000     185578      0.731      0.523      0.579      0.336

================================================================================
  [Validation] Base model  (skip=True)   |  Epoch 13/50
================================================================================
[*] Validation input tensor shape: torch.Size([32, 3, 736, 1312])
                 Class     Images  Instances      Box(P          R      mAP50  mAP50-95)
                   all      10000     185578      0.725      0.509      0.567      0.326

           Epoch         GPU_mem          box_om          cls_om          dfl_om          box_oo          cls_oo          dfl_oo       Instances            Size
  Epoch 14/50  Batch 1/2188 (0.0%)  | Super 104.996 (box 1.3370  cls 0.7906  dfl 1.1536)  | Base 106.736 (box 1.3478  cls 0.8230  dfl 1.1647)  | KD 8.750 (box 0.25857  cls 0.01342  dfl 0.00071  feat 0.00075)
  Epoch 14/50  Batch 219/2188 (10.0%)  | Super 109.609 (box 1.4380  cls 0.8280  dfl 1.1592)  | Base 109.965 (box 1.4290  cls 0.8659  dfl 1.1415)  | KD 7.149 (box 0.21314  cls 0.00876  dfl 0.00061  feat 0.00089)
  Epoch 14/50  Batch 437/2188 (20.0%)  | Super 113.799 (box 1.5577  cls 0.8422  dfl 1.1563)  | Base 114.997 (box 1.5746  cls 0.8791  dfl 1.1400)  | KD 8.785 (box 0.26591  cls 0.00700  dfl 0.00058  feat 0.00104)
  Epoch 14/50  Batch 655/2188 (29.9%)  | Super 100.579 (box 1.2956  cls 0.7512  dfl 1.0963)  | Base 101.806 (box 1.3063  cls 0.7853  dfl 1.0898)  | KD 6.569 (box 0.19714  cls 0.00682  dfl 0.00052  feat 0.00079)
  Epoch 14/50  Batch 873/2188 (39.9%)  | Super 116.201 (box 1.4913  cls 0.9222  dfl 1.2178)  | Base 116.786 (box 1.4898  cls 0.9559  dfl 1.2039)  | KD 8.960 (box 0.26878  cls 0.00969  dfl 0.00068  feat 0.00085)
  Epoch 14/50  Batch 1091/2188 (49.9%)  | Super 100.613 (box 1.3064  cls 0.7504  dfl 1.0873)  | Base 101.317 (box 1.3179  cls 0.7627  dfl 1.0855)  | KD 8.244 (box 0.24611  cls 0.01006  dfl 0.00060  feat 0.00086)
  Epoch 14/50  Batch 1309/2188 (59.8%)  | Super 104.240 (box 1.3273  cls 0.7800  dfl 1.1502)  | Base 104.722 (box 1.3299  cls 0.8029  dfl 1.1397)  | KD 8.722 (box 0.26106  cls 0.00984  dfl 0.00082  feat 0.00084)
  Epoch 14/50  Batch 1527/2188 (69.8%)  | Super 105.653 (box 1.3889  cls 0.8118  dfl 1.1010)  | Base 107.393 (box 1.4084  cls 0.8409  dfl 1.1068)  | KD 7.977 (box 0.23512  cls 0.01259  dfl 0.00068  feat 0.00090)
  Epoch 14/50  Batch 1745/2188 (79.8%)  | Super 97.252 (box 1.2707  cls 0.7018  dfl 1.0666)  | Base 97.559 (box 1.2703  cls 0.7294  dfl 1.0491)  | KD 8.003 (box 0.23945  cls 0.00926  dfl 0.00058  feat 0.00081)
  Epoch 14/50  Batch 1963/2188 (89.7%)  | Super 107.059 (box 1.3638  cls 0.7922  dfl 1.1897)  | Base 107.867 (box 1.3637  cls 0.8411  dfl 1.1661)  | KD 8.423 (box 0.24233  cls 0.01926  dfl 0.00067  feat 0.00095)
  Epoch 14/50  Batch 2181/2188 (99.7%)  | Super 103.761 (box 1.3549  cls 0.7433  dfl 1.1444)  | Base 104.731 (box 1.3691  cls 0.7705  dfl 1.1333)  | KD 7.230 (box 0.21694  cls 0.00747  dfl 0.00054  feat 0.00098)

================================================================================
  [Validation] Super model (skip=False)  |  Epoch 14/50
================================================================================
[*] Validation input tensor shape: torch.Size([32, 3, 736, 1312])
                 Class     Images  Instances      Box(P          R      mAP50  mAP50-95)
                   all      10000     185578      0.732      0.521      0.579      0.336

================================================================================
  [Validation] Base model  (skip=True)   |  Epoch 14/50
================================================================================
[*] Validation input tensor shape: torch.Size([32, 3, 736, 1312])
                 Class     Images  Instances      Box(P          R      mAP50  mAP50-95)
                   all      10000     185578      0.738      0.504      0.567      0.327

           Epoch         GPU_mem          box_om          cls_om          dfl_om          box_oo          cls_oo          dfl_oo       Instances            Size
  Epoch 15/50  Batch 1/2188 (0.0%)  | Super 107.250 (box 1.3860  cls 0.8142  dfl 1.1513)  | Base 109.431 (box 1.4028  cls 0.8605  dfl 1.1563)  | KD 7.732 (box 0.23023  cls 0.00998  dfl 0.00061  feat 0.00080)
  Epoch 15/50  Batch 219/2188 (10.0%)  | Super 112.477 (box 1.4871  cls 0.8393  dfl 1.1885)  | Base 113.932 (box 1.4964  cls 0.8779  dfl 1.1861)  | KD 7.359 (box 0.22058  cls 0.00795  dfl 0.00061  feat 0.00083)
  Epoch 15/50  Batch 437/2188 (20.0%)  | Super 116.146 (box 1.5864  cls 0.8629  dfl 1.1803)  | Base 117.867 (box 1.6078  cls 0.8947  dfl 1.1808)  | KD 8.750 (box 0.26568  cls 0.00634  dfl 0.00055  feat 0.00087)
  Epoch 15/50  Batch 655/2188 (29.9%)  | Super 99.273 (box 1.3224  cls 0.7168  dfl 1.0631)  | Base 100.287 (box 1.3295  cls 0.7448  dfl 1.0597)  | KD 6.996 (box 0.20933  cls 0.00795  dfl 0.00054  feat 0.00079)
  Epoch 15/50  Batch 873/2188 (39.9%)  | Super 109.308 (box 1.3972  cls 0.8527  dfl 1.1660)  | Base 110.646 (box 1.4211  cls 0.8801  dfl 1.1565)  | KD 8.981 (box 0.26263  cls 0.01646  dfl 0.00074  feat 0.00081)
  Epoch 15/50  Batch 1091/2188 (49.9%)  | Super 101.215 (box 1.3251  cls 0.7399  dfl 1.0980)  | Base 102.166 (box 1.3353  cls 0.7616  dfl 1.0957)  | KD 6.978 (box 0.20896  cls 0.00784  dfl 0.00048  feat 0.00079)
  Epoch 15/50  Batch 1309/2188 (59.8%)  | Super 100.039 (box 1.3006  cls 0.7420  dfl 1.0836)  | Base 100.103 (box 1.3026  cls 0.7593  dfl 1.0664)  | KD 8.468 (box 0.25290  cls 0.01013  dfl 0.00074  feat 0.00084)
  Epoch 15/50  Batch 1527/2188 (69.8%)  | Super 106.915 (box 1.4105  cls 0.8114  dfl 1.1192)  | Base 107.957 (box 1.4166  cls 0.8491  dfl 1.1079)  | KD 7.476 (box 0.22155  cls 0.01054  dfl 0.00062  feat 0.00091)
  Epoch 15/50  Batch 1745/2188 (79.8%)  | Super 99.659 (box 1.3016  cls 0.7477  dfl 1.0650)  | Base 101.525 (box 1.3244  cls 0.7927  dfl 1.0556)  | KD 8.793 (box 0.26330  cls 0.00991  dfl 0.00077  feat 0.00080)
  Epoch 15/50  Batch 1963/2188 (89.7%)  | Super 99.283 (box 1.2727  cls 0.7436  dfl 1.0863)  | Base 101.471 (box 1.2991  cls 0.7861  dfl 1.0857)  | KD 9.085 (box 0.27110  cls 0.01110  dfl 0.00073  feat 0.00097)
  Epoch 15/50  Batch 2181/2188 (99.7%)  | Super 104.988 (box 1.3791  cls 0.7625  dfl 1.1392)  | Base 106.597 (box 1.3898  cls 0.7975  dfl 1.1438)  | KD 7.729 (box 0.23188  cls 0.00800  dfl 0.00067  feat 0.00098)

================================================================================
  [Validation] Super model (skip=False)  |  Epoch 15/50
================================================================================
[*] Validation input tensor shape: torch.Size([32, 3, 736, 1312])
                 Class     Images  Instances      Box(P          R      mAP50  mAP50-95)
                   all      10000     185578       0.74      0.521      0.581      0.338

================================================================================
  [Validation] Base model  (skip=True)   |  Epoch 15/50
================================================================================
[*] Validation input tensor shape: torch.Size([32, 3, 736, 1312])
                 Class     Images  Instances      Box(P          R      mAP50  mAP50-95)
                   all      10000     185578       0.74      0.508       0.57      0.329

           Epoch         GPU_mem          box_om          cls_om          dfl_om          box_oo          cls_oo          dfl_oo       Instances            Size
  Epoch 16/50  Batch 1/2188 (0.0%)  | Super 107.254 (box 1.3522  cls 0.8157  dfl 1.1837)  | Base 108.506 (box 1.3696  cls 0.8430  dfl 1.1782)  | KD 8.239 (box 0.24613  cls 0.00989  dfl 0.00061  feat 0.00085)
  Epoch 16/50  Batch 219/2188 (10.0%)  | Super 109.470 (box 1.4239  cls 0.8429  dfl 1.1541)  | Base 110.436 (box 1.4329  cls 0.8729  dfl 1.1453)  | KD 7.745 (box 0.23326  cls 0.00722  dfl 0.00067  feat 0.00088)
  Epoch 16/50  Batch 437/2188 (20.0%)  | Super 115.188 (box 1.5848  cls 0.8507  dfl 1.1642)  | Base 115.408 (box 1.5806  cls 0.8783  dfl 1.1476)  | KD 8.467 (box 0.25359  cls 0.00958  dfl 0.00054  feat 0.00088)
  Epoch 16/50  Batch 655/2188 (29.9%)  | Super 102.033 (box 1.3419  cls 0.7330  dfl 1.1137)  | Base 102.980 (box 1.3448  cls 0.7719  dfl 1.1015)  | KD 6.514 (box 0.19515  cls 0.00708  dfl 0.00051  feat 0.00084)
  Epoch 16/50  Batch 873/2188 (39.9%)  | Super 113.661 (box 1.4368  cls 0.9261  dfl 1.1890)  | Base 113.025 (box 1.4150  cls 0.9589  dfl 1.1582)  | KD 8.804 (box 0.26201  cls 0.01163  dfl 0.00064  feat 0.00084)
  Epoch 16/50  Batch 1091/2188 (49.9%)  | Super 98.467 (box 1.2946  cls 0.7252  dfl 1.0573)  | Base 98.816 (box 1.2899  cls 0.7549  dfl 1.0432)  | KD 7.082 (box 0.21268  cls 0.00731  dfl 0.00052  feat 0.00081)
  Epoch 16/50  Batch 1309/2188 (59.8%)  | Super 97.395 (box 1.2300  cls 0.7374  dfl 1.0762)  | Base 98.723 (box 1.2458  cls 0.7659  dfl 1.0734)  | KD 6.970 (box 0.20767  cls 0.00868  dfl 0.00060  feat 0.00087)
  Epoch 16/50  Batch 1527/2188 (69.8%)  | Super 106.067 (box 1.3828  cls 0.7950  dfl 1.1368)  | Base 107.590 (box 1.3831  cls 0.8431  dfl 1.1361)  | KD 7.716 (box 0.22879  cls 0.01080  dfl 0.00065  feat 0.00088)
  Epoch 16/50  Batch 1745/2188 (79.8%)  | Super 102.489 (box 1.3301  cls 0.7510  dfl 1.1217)  | Base 104.307 (box 1.3454  cls 0.7978  dfl 1.1164)  | KD 8.590 (box 0.25796  cls 0.00900  dfl 0.00068  feat 0.00080)
  Epoch 16/50  Batch 1963/2188 (89.7%)  | Super 99.384 (box 1.3079  cls 0.7237  dfl 1.0741)  | Base 100.508 (box 1.3073  cls 0.7598  dfl 1.0738)  | KD 7.687 (box 0.22797  cls 0.01063  dfl 0.00059  feat 0.00102)
  Epoch 16/50  Batch 2181/2188 (99.7%)  | Super 102.932 (box 1.3426  cls 0.7360  dfl 1.1379)  | Base 104.227 (box 1.3486  cls 0.7828  dfl 1.1256)  | KD 6.919 (box 0.20667  cls 0.00808  dfl 0.00054  feat 0.00092)

================================================================================
  [Validation] Super model (skip=False)  |  Epoch 16/50
================================================================================
[*] Validation input tensor shape: torch.Size([32, 3, 736, 1312])
                 Class     Images  Instances      Box(P          R      mAP50  mAP50-95)
                   all      10000     185578      0.732      0.525      0.583      0.339

================================================================================
  [Validation] Base model  (skip=True)   |  Epoch 16/50
================================================================================
[*] Validation input tensor shape: torch.Size([32, 3, 736, 1312])
                 Class     Images  Instances      Box(P          R      mAP50  mAP50-95)
                   all      10000     185578       0.74      0.508      0.571       0.33

           Epoch         GPU_mem          box_om          cls_om          dfl_om          box_oo          cls_oo          dfl_oo       Instances            Size
  Epoch 17/50  Batch 1/2188 (0.0%)  | Super 112.051 (box 1.4207  cls 0.8658  dfl 1.2151)  | Base 113.482 (box 1.4378  cls 0.8911  dfl 1.2174)  | KD 8.578 (box 0.25692  cls 0.00953  dfl 0.00066  feat 0.00096)
  Epoch 17/50  Batch 219/2188 (10.0%)  | Super 108.217 (box 1.4312  cls 0.8128  dfl 1.1378)  | Base 108.869 (box 1.4332  cls 0.8384  dfl 1.1306)  | KD 7.503 (box 0.22313  cls 0.00995  dfl 0.00055  feat 0.00084)
  Epoch 17/50  Batch 437/2188 (20.0%)  | Super 112.826 (box 1.5499  cls 0.8337  dfl 1.1422)  | Base 114.297 (box 1.5790  cls 0.8533  dfl 1.1395)  | KD 8.407 (box 0.25304  cls 0.00828  dfl 0.00056  feat 0.00084)
  Epoch 17/50  Batch 655/2188 (29.9%)  | Super 104.122 (box 1.3611  cls 0.7886  dfl 1.1040)  | Base 104.936 (box 1.3688  cls 0.8180  dfl 1.0924)  | KD 7.999 (box 0.23469  cls 0.01382  dfl 0.00058  feat 0.00087)
  Epoch 17/50  Batch 873/2188 (39.9%)  | Super 109.974 (box 1.3889  cls 0.8759  dfl 1.1719)  | Base 110.592 (box 1.3990  cls 0.9036  dfl 1.1534)  | KD 9.268 (box 0.27533  cls 0.01276  dfl 0.00071  feat 0.00081)
  Epoch 17/50  Batch 1091/2188 (49.9%)  | Super 99.905 (box 1.3060  cls 0.7391  dfl 1.0769)  | Base 99.878 (box 1.3023  cls 0.7544  dfl 1.0645)  | KD 7.078 (box 0.21351  cls 0.00632  dfl 0.00051  feat 0.00083)
  Epoch 17/50  Batch 1309/2188 (59.8%)  | Super 98.258 (box 1.2622  cls 0.7348  dfl 1.0735)  | Base 99.288 (box 1.2785  cls 0.7548  dfl 1.0695)  | KD 7.925 (box 0.23736  cls 0.00890  dfl 0.00056  feat 0.00084)
  Epoch 17/50  Batch 1527/2188 (69.8%)  | Super 105.644 (box 1.3857  cls 0.8097  dfl 1.1059)  | Base 108.672 (box 1.4124  cls 0.8723  dfl 1.1113)  | KD 7.798 (box 0.22885  cls 0.01311  dfl 0.00074  feat 0.00097)
  Epoch 17/50  Batch 1745/2188 (79.8%)  | Super 101.848 (box 1.3047  cls 0.7912  dfl 1.0868)  | Base 103.733 (box 1.3253  cls 0.8277  dfl 1.0887)  | KD 8.378 (box 0.25060  cls 0.00974  dfl 0.00069  feat 0.00078)
  Epoch 17/50  Batch 1963/2188 (89.7%)  | Super 107.567 (box 1.3535  cls 0.8267  dfl 1.1812)  | Base 107.718 (box 1.3422  cls 0.8641  dfl 1.1599)  | KD 7.990 (box 0.23960  cls 0.00842  dfl 0.00062  feat 0.00106)
  Epoch 17/50  Batch 2181/2188 (99.7%)  | Super 106.646 (box 1.3920  cls 0.7570  dfl 1.1837)  | Base 108.568 (box 1.4123  cls 0.8006  dfl 1.1798)  | KD 7.144 (box 0.21400  cls 0.00774  dfl 0.00056  feat 0.00096)

================================================================================
  [Validation] Super model (skip=False)  |  Epoch 17/50
================================================================================
[*] Validation input tensor shape: torch.Size([32, 3, 736, 1312])
                 Class     Images  Instances      Box(P          R      mAP50  mAP50-95)
                   all      10000     185578      0.739      0.523      0.584       0.34

================================================================================
  [Validation] Base model  (skip=True)   |  Epoch 17/50
================================================================================
[*] Validation input tensor shape: torch.Size([32, 3, 736, 1312])
                 Class     Images  Instances      Box(P          R      mAP50  mAP50-95)
                   all      10000     185578      0.737      0.512      0.573      0.331

           Epoch         GPU_mem          box_om          cls_om          dfl_om          box_oo          cls_oo          dfl_oo       Instances            Size
  Epoch 18/50  Batch 1/2188 (0.0%)  | Super 103.936 (box 1.3137  cls 0.8042  dfl 1.1301)  | Base 105.205 (box 1.3213  cls 0.8485  dfl 1.1179)  | KD 8.416 (box 0.25020  cls 0.01127  dfl 0.00072  feat 0.00082)
  Epoch 18/50  Batch 219/2188 (10.0%)  | Super 108.694 (box 1.4235  cls 0.8343  dfl 1.1389)  | Base 110.986 (box 1.4473  cls 0.8777  dfl 1.1433)  | KD 7.954 (box 0.22965  cls 0.01738  dfl 0.00066  feat 0.00089)
  Epoch 18/50  Batch 437/2188 (20.0%)  | Super 113.725 (box 1.5655  cls 0.8189  dfl 1.1695)  | Base 114.963 (box 1.5783  cls 0.8542  dfl 1.1601)  | KD 8.603 (box 0.25910  cls 0.00828  dfl 0.00053  feat 0.00094)
  Epoch 18/50  Batch 655/2188 (29.9%)  | Super 100.458 (box 1.3396  cls 0.7163  dfl 1.0834)  | Base 101.778 (box 1.3439  cls 0.7569  dfl 1.0797)  | KD 6.748 (box 0.20085  cls 0.00867  dfl 0.00052  feat 0.00083)
  Epoch 18/50  Batch 873/2188 (39.9%)  | Super 113.157 (box 1.4200  cls 0.9436  dfl 1.1725)  | Base 113.388 (box 1.4190  cls 0.9628  dfl 1.1615)  | KD 8.734 (box 0.25773  cls 0.01362  dfl 0.00066  feat 0.00092)
  Epoch 18/50  Batch 1091/2188 (49.9%)  | Super 97.725 (box 1.2772  cls 0.7326  dfl 1.0441)  | Base 98.652 (box 1.2867  cls 0.7470  dfl 1.0491)  | KD 7.241 (box 0.21321  cls 0.01174  dfl 0.00056  feat 0.00078)
  Epoch 18/50  Batch 1309/2188 (59.8%)  | Super 97.173 (box 1.2360  cls 0.7056  dfl 1.0951)  | Base 97.901 (box 1.2475  cls 0.7184  dfl 1.0935)  | KD 7.199 (box 0.21694  cls 0.00662  dfl 0.00061  feat 0.00080)
  Epoch 18/50  Batch 1527/2188 (69.8%)  | Super 108.608 (box 1.4143  cls 0.8475  dfl 1.1323)  | Base 110.987 (box 1.4411  cls 0.8876  dfl 1.1397)  | KD 7.409 (box 0.22093  cls 0.00915  dfl 0.00055  feat 0.00091)
  Epoch 18/50  Batch 1745/2188 (79.8%)  | Super 106.520 (box 1.3611  cls 0.8106  dfl 1.1570)  | Base 107.773 (box 1.3652  cls 0.8493  dfl 1.1534)  | KD 8.165 (box 0.24506  cls 0.00846  dfl 0.00072  feat 0.00094)
  Epoch 18/50  Batch 1963/2188 (89.7%)  | Super 99.714 (box 1.2801  cls 0.7403  dfl 1.0957)  | Base 101.349 (box 1.3014  cls 0.7741  dfl 1.0917)  | KD 7.865 (box 0.23595  cls 0.00826  dfl 0.00055  feat 0.00101)
  Epoch 18/50  Batch 2181/2188 (99.7%)  | Super 105.788 (box 1.3772  cls 0.7664  dfl 1.1623)  | Base 106.553 (box 1.3871  cls 0.7840  dfl 1.1587)  | KD 7.014 (box 0.20992  cls 0.00774  dfl 0.00056  feat 0.00098)

================================================================================
  [Validation] Super model (skip=False)  |  Epoch 18/50
================================================================================
[*] Validation input tensor shape: torch.Size([32, 3, 736, 1312])
                 Class     Images  Instances      Box(P          R      mAP50  mAP50-95)
                   all      10000     185578      0.734      0.526      0.586      0.341

================================================================================
  [Validation] Base model  (skip=True)   |  Epoch 18/50
================================================================================
[*] Validation input tensor shape: torch.Size([32, 3, 736, 1312])
                 Class     Images  Instances      Box(P          R      mAP50  mAP50-95)
                   all      10000     185578      0.737      0.514      0.574      0.332

           Epoch         GPU_mem          box_om          cls_om          dfl_om          box_oo          cls_oo          dfl_oo       Instances            Size
  Epoch 19/50  Batch 1/2188 (0.0%)  | Super 106.981 (box 1.3710  cls 0.8130  dfl 1.1592)  | Base 108.917 (box 1.3852  cls 0.8496  dfl 1.1688)  | KD 8.274 (box 0.24462  cls 0.01245  dfl 0.00070  feat 0.00078)
  Epoch 19/50  Batch 219/2188 (10.0%)  | Super 109.601 (box 1.4450  cls 0.8434  dfl 1.1366)  | Base 110.459 (box 1.4445  cls 0.8849  dfl 1.1225)  | KD 7.575 (box 0.22571  cls 0.00967  dfl 0.00054  feat 0.00082)
  Epoch 19/50  Batch 437/2188 (20.0%)  | Super 111.835 (box 1.5351  cls 0.8285  dfl 1.1313)  | Base 113.251 (box 1.5514  cls 0.8551  dfl 1.1326)  | KD 9.274 (box 0.27921  cls 0.00898  dfl 0.00067  feat 0.00096)
  Epoch 19/50  Batch 655/2188 (29.9%)  | Super 99.965 (box 1.3185  cls 0.7286  dfl 1.0768)  | Base 101.742 (box 1.3396  cls 0.7624  dfl 1.0774)  | KD 7.208 (box 0.21561  cls 0.00823  dfl 0.00054  feat 0.00087)
  Epoch 19/50  Batch 873/2188 (39.9%)  | Super 115.644 (box 1.4700  cls 0.9408  dfl 1.2031)  | Base 115.764 (box 1.4773  cls 0.9534  dfl 1.1870)  | KD 8.843 (box 0.26285  cls 0.01189  dfl 0.00065  feat 0.00095)
  Epoch 19/50  Batch 1091/2188 (49.9%)  | Super 102.012 (box 1.3255  cls 0.7736  dfl 1.0888)  | Base 102.723 (box 1.3444  cls 0.7766  dfl 1.0891)  | KD 7.473 (box 0.22244  cls 0.00976  dfl 0.00052  feat 0.00081)
  Epoch 19/50  Batch 1309/2188 (59.8%)  | Super 102.184 (box 1.3059  cls 0.7814  dfl 1.1059)  | Base 102.867 (box 1.3093  cls 0.7933  dfl 1.1120)  | KD 7.898 (box 0.23840  cls 0.00697  dfl 0.00062  feat 0.00081)
  Epoch 19/50  Batch 1527/2188 (69.8%)  | Super 104.584 (box 1.3673  cls 0.8071  dfl 1.0939)  | Base 106.321 (box 1.3829  cls 0.8530  dfl 1.0866)  | KD 7.627 (box 0.22382  cls 0.01304  dfl 0.00061  feat 0.00086)
  Epoch 19/50  Batch 1745/2188 (79.8%)  | Super 102.443 (box 1.3355  cls 0.7487  dfl 1.1172)  | Base 102.950 (box 1.3363  cls 0.7699  dfl 1.1110)  | KD 8.202 (box 0.24506  cls 0.00975  dfl 0.00068  feat 0.00080)
  Epoch 19/50  Batch 1963/2188 (89.7%)  | Super 96.600 (box 1.2369  cls 0.7587  dfl 1.0232)  | Base 98.468 (box 1.2575  cls 0.7896  dfl 1.0300)  | KD 7.283 (box 0.21651  cls 0.00957  dfl 0.00061  feat 0.00091)
  Epoch 19/50  Batch 2181/2188 (99.7%)  | Super 103.444 (box 1.3643  cls 0.7315  dfl 1.1368)  | Base 106.015 (box 1.3893  cls 0.7541  dfl 1.1696)  | KD 6.827 (box 0.20570  cls 0.00625  dfl 0.00049  feat 0.00089)

================================================================================
  [Validation] Super model (skip=False)  |  Epoch 19/50
================================================================================
[*] Validation input tensor shape: torch.Size([32, 3, 736, 1312])
                 Class     Images  Instances      Box(P          R      mAP50  mAP50-95)
                   all      10000     185578      0.738      0.526      0.585      0.341

================================================================================
  [Validation] Base model  (skip=True)   |  Epoch 19/50
================================================================================
[*] Validation input tensor shape: torch.Size([32, 3, 736, 1312])
                 Class     Images  Instances      Box(P          R      mAP50  mAP50-95)
                   all      10000     185578      0.733      0.516      0.573      0.332

           Epoch         GPU_mem          box_om          cls_om          dfl_om          box_oo          cls_oo          dfl_oo       Instances            Size
  Epoch 20/50  Batch 1/2188 (0.0%)  | Super 105.145 (box 1.3451  cls 0.8078  dfl 1.1329)  | Base 107.182 (box 1.3709  cls 0.8311  dfl 1.1474)  | KD 8.346 (box 0.24710  cls 0.01219  dfl 0.00065  feat 0.00087)
  Epoch 20/50  Batch 219/2188 (10.0%)  | Super 113.473 (box 1.4783  cls 0.8478  dfl 1.2199)  | Base 115.708 (box 1.5057  cls 0.8834  dfl 1.2267)  | KD 7.665 (box 0.22515  cls 0.01288  dfl 0.00053  feat 0.00097)
  Epoch 20/50  Batch 437/2188 (20.0%)  | Super 112.364 (box 1.5362  cls 0.8242  dfl 1.1510)  | Base 113.375 (box 1.5458  cls 0.8515  dfl 1.1457)  | KD 9.302 (box 0.27892  cls 0.01020  dfl 0.00067  feat 0.00089)
  Epoch 20/50  Batch 655/2188 (29.9%)  | Super 97.131 (box 1.2565  cls 0.7056  dfl 1.0733)  | Base 97.783 (box 1.2538  cls 0.7394  dfl 1.0625)  | KD 6.784 (box 0.20295  cls 0.00772  dfl 0.00050  feat 0.00082)
  Epoch 20/50  Batch 873/2188 (39.9%)  | Super 113.572 (box 1.4539  cls 0.8746  dfl 1.2206)  | Base 115.006 (box 1.4675  cls 0.9183  dfl 1.2081)  | KD 8.894 (box 0.26505  cls 0.01132  dfl 0.00070  feat 0.00088)
  Epoch 20/50  Batch 1091/2188 (49.9%)  | Super 99.557 (box 1.3017  cls 0.7399  dfl 1.0695)  | Base 100.241 (box 1.3104  cls 0.7546  dfl 1.0675)  | KD 7.481 (box 0.22322  cls 0.00925  dfl 0.00058  feat 0.00075)
  Epoch 20/50  Batch 1309/2188 (59.8%)  | Super 97.405 (box 1.2340  cls 0.7205  dfl 1.0894)  | Base 98.563 (box 1.2456  cls 0.7457  dfl 1.0888)  | KD 7.894 (box 0.23620  cls 0.00902  dfl 0.00064  feat 0.00083)
  Epoch 20/50  Batch 1527/2188 (69.8%)  | Super 104.122 (box 1.3676  cls 0.7884  dfl 1.0978)  | Base 105.336 (box 1.3775  cls 0.8173  dfl 1.0970)  | KD 7.571 (box 0.22112  cls 0.01404  dfl 0.00064  feat 0.00079)
  Epoch 20/50  Batch 1745/2188 (79.8%)  | Super 99.494 (box 1.2967  cls 0.7349  dfl 1.0775)  | Base 99.968 (box 1.3028  cls 0.7459  dfl 1.0754)  | KD 7.887 (box 0.23606  cls 0.00906  dfl 0.00057  feat 0.00077)
  Epoch 20/50  Batch 1963/2188 (89.7%)  | Super 100.137 (box 1.2729  cls 0.7750  dfl 1.0815)  | Base 102.208 (box 1.2876  cls 0.8260  dfl 1.0804)  | KD 8.917 (box 0.26466  cls 0.01224  dfl 0.00073  feat 0.00102)
  Epoch 20/50  Batch 2181/2188 (99.7%)  | Super 105.217 (box 1.3968  cls 0.7618  dfl 1.1294)  | Base 106.053 (box 1.4115  cls 0.7878  dfl 1.1149)  | KD 7.142 (box 0.21453  cls 0.00728  dfl 0.00055  feat 0.00083)

================================================================================
  [Validation] Super model (skip=False)  |  Epoch 20/50
================================================================================
[*] Validation input tensor shape: torch.Size([32, 3, 736, 1312])
                 Class     Images  Instances      Box(P          R      mAP50  mAP50-95)
                   all      10000     185578      0.736      0.529      0.587      0.342

================================================================================
  [Validation] Base model  (skip=True)   |  Epoch 20/50
================================================================================
[*] Validation input tensor shape: torch.Size([32, 3, 736, 1312])
                 Class     Images  Instances      Box(P          R      mAP50  mAP50-95)
                   all      10000     185578      0.736      0.518      0.576      0.334

           Epoch         GPU_mem          box_om          cls_om          dfl_om          box_oo          cls_oo          dfl_oo       Instances            Size
  Epoch 21/50  Batch 1/2188 (0.0%)  | Super 104.476 (box 1.3524  cls 0.7876  dfl 1.1249)  | Base 106.396 (box 1.3743  cls 0.8194  dfl 1.1312)  | KD 7.821 (box 0.23197  cls 0.01111  dfl 0.00057  feat 0.00077)
  Epoch 21/50  Batch 219/2188 (10.0%)  | Super 109.856 (box 1.4433  cls 0.8142  dfl 1.1755)  | Base 111.629 (box 1.4568  cls 0.8594  dfl 1.1722)  | KD 7.248 (box 0.21638  cls 0.00881  dfl 0.00055  feat 0.00077)
  Epoch 21/50  Batch 437/2188 (20.0%)  | Super 113.438 (box 1.5646  cls 0.8373  dfl 1.1431)  | Base 114.520 (box 1.5691  cls 0.8675  dfl 1.1422)  | KD 8.632 (box 0.26069  cls 0.00765  dfl 0.00051  feat 0.00089)
  Epoch 21/50  Batch 655/2188 (29.9%)  | Super 98.362 (box 1.2866  cls 0.7240  dfl 1.0632)  | Base 99.432 (box 1.2955  cls 0.7547  dfl 1.0571)  | KD 7.065 (box 0.21129  cls 0.00814  dfl 0.00057  feat 0.00077)
  Epoch 21/50  Batch 873/2188 (39.9%)  | Super 108.524 (box 1.3720  cls 0.8786  dfl 1.1408)  | Base 109.273 (box 1.3743  cls 0.9033  dfl 1.1372)  | KD 8.730 (box 0.25990  cls 0.01144  dfl 0.00060  feat 0.00087)
  Epoch 21/50  Batch 1091/2188 (49.9%)  | Super 97.852 (box 1.2992  cls 0.6999  dfl 1.0588)  | Base 98.497 (box 1.3069  cls 0.7212  dfl 1.0499)  | KD 7.339 (box 0.21946  cls 0.00859  dfl 0.00056  feat 0.00075)
  Epoch 21/50  Batch 1309/2188 (59.8%)  | Super 97.046 (box 1.2401  cls 0.7220  dfl 1.0705)  | Base 98.429 (box 1.2516  cls 0.7528  dfl 1.0715)  | KD 7.758 (box 0.23074  cls 0.01005  dfl 0.00067  feat 0.00096)
  Epoch 21/50  Batch 1527/2188 (69.8%)  | Super 103.936 (box 1.3307  cls 0.8197  dfl 1.0976)  | Base 105.560 (box 1.3473  cls 0.8517  dfl 1.0997)  | KD 8.363 (box 0.24778  cls 0.01186  dfl 0.00074  feat 0.00095)
  Epoch 21/50  Batch 1745/2188 (79.8%)  | Super 99.705 (box 1.2927  cls 0.7434  dfl 1.0797)  | Base 100.385 (box 1.2919  cls 0.7643  dfl 1.0808)  | KD 7.998 (box 0.24045  cls 0.00806  dfl 0.00064  feat 0.00080)
  Epoch 21/50  Batch 1963/2188 (89.7%)  | Super 96.109 (box 1.2514  cls 0.7132  dfl 1.0388)  | Base 97.760 (box 1.2785  cls 0.7470  dfl 1.0295)  | KD 7.106 (box 0.21527  cls 0.00511  dfl 0.00054  feat 0.00113)
  Epoch 21/50  Batch 2181/2188 (99.7%)  | Super 105.719 (box 1.3920  cls 0.7399  dfl 1.1718)  | Base 107.809 (box 1.4221  cls 0.7627  dfl 1.1842)  | KD 7.819 (box 0.23448  cls 0.00839  dfl 0.00064  feat 0.00083)

================================================================================
  [Validation] Super model (skip=False)  |  Epoch 21/50
================================================================================
[*] Validation input tensor shape: torch.Size([32, 3, 736, 1312])
                 Class     Images  Instances      Box(P          R      mAP50  mAP50-95)
                   all      10000     185578      0.745      0.527      0.587      0.343

================================================================================
  [Validation] Base model  (skip=True)   |  Epoch 21/50
================================================================================
[*] Validation input tensor shape: torch.Size([32, 3, 736, 1312])
                 Class     Images  Instances      Box(P          R      mAP50  mAP50-95)
                   all      10000     185578      0.735      0.518      0.578      0.335

           Epoch         GPU_mem          box_om          cls_om          dfl_om          box_oo          cls_oo          dfl_oo       Instances            Size
  Epoch 22/50  Batch 1/2188 (0.0%)  | Super 108.497 (box 1.3795  cls 0.8318  dfl 1.1792)  | Base 111.546 (box 1.4066  cls 0.8930  dfl 1.1862)  | KD 8.563 (box 0.25223  cls 0.01378  dfl 0.00073  feat 0.00087)
  Epoch 22/50  Batch 219/2188 (10.0%)  | Super 106.822 (box 1.4189  cls 0.8048  dfl 1.1145)  | Base 107.324 (box 1.4248  cls 0.8279  dfl 1.1012)  | KD 7.099 (box 0.21207  cls 0.00836  dfl 0.00055  feat 0.00087)
  Epoch 22/50  Batch 437/2188 (20.0%)  | Super 112.892 (box 1.5518  cls 0.8321  dfl 1.1440)  | Base 113.795 (box 1.5554  cls 0.8660  dfl 1.1347)  | KD 9.120 (box 0.27482  cls 0.00871  dfl 0.00064  feat 0.00081)
  Epoch 22/50  Batch 655/2188 (29.9%)  | Super 100.412 (box 1.3428  cls 0.7155  dfl 1.0795)  | Base 101.624 (box 1.3498  cls 0.7430  dfl 1.0830)  | KD 7.079 (box 0.21174  cls 0.00807  dfl 0.00048  feat 0.00094)
  Epoch 22/50  Batch 873/2188 (39.9%)  | Super 112.215 (box 1.4663  cls 0.8725  dfl 1.1680)  | Base 113.193 (box 1.4731  cls 0.8997  dfl 1.1645)  | KD 8.804 (box 0.26140  cls 0.01230  dfl 0.00061  feat 0.00083)
  Epoch 22/50  Batch 1091/2188 (49.9%)  | Super 101.670 (box 1.3384  cls 0.7437  dfl 1.0951)  | Base 101.931 (box 1.3455  cls 0.7545  dfl 1.0854)  | KD 7.067 (box 0.21142  cls 0.00813  dfl 0.00051  feat 0.00078)
  Epoch 22/50  Batch 1309/2188 (59.8%)  | Super 100.106 (box 1.2732  cls 0.7335  dfl 1.1216)  | Base 100.370 (box 1.2689  cls 0.7568  dfl 1.1109)  | KD 7.837 (box 0.23483  cls 0.00839  dfl 0.00065  feat 0.00104)
  Epoch 22/50  Batch 1527/2188 (69.8%)  | Super 108.478 (box 1.4111  cls 0.8181  dfl 1.1607)  | Base 110.344 (box 1.4300  cls 0.8566  dfl 1.1617)  | KD 7.542 (box 0.22320  cls 0.01094  dfl 0.00058  feat 0.00096)
  Epoch 22/50  Batch 1745/2188 (79.8%)  | Super 100.142 (box 1.3074  cls 0.7025  dfl 1.1196)  | Base 101.719 (box 1.3134  cls 0.7502  dfl 1.1151)  | KD 7.934 (box 0.23768  cls 0.00884  dfl 0.00061  feat 0.00081)
  Epoch 22/50  Batch 1963/2188 (89.7%)  | Super 102.136 (box 1.3034  cls 0.7619  dfl 1.1264)  | Base 103.838 (box 1.3102  cls 0.8106  dfl 1.1242)  | KD 6.981 (box 0.20363  cls 0.01279  dfl 0.00060  feat 0.00113)
  Epoch 22/50  Batch 2181/2188 (99.7%)  | Super 101.887 (box 1.3491  cls 0.7018  dfl 1.1331)  | Base 102.964 (box 1.3631  cls 0.7202  dfl 1.1343)  | KD 7.025 (box 0.20894  cls 0.00915  dfl 0.00059  feat 0.00084)

================================================================================
  [Validation] Super model (skip=False)  |  Epoch 22/50
================================================================================
[*] Validation input tensor shape: torch.Size([32, 3, 736, 1312])
                 Class     Images  Instances      Box(P          R      mAP50  mAP50-95)
                   all      10000     185578      0.738      0.531      0.589      0.344

================================================================================
  [Validation] Base model  (skip=True)   |  Epoch 22/50
================================================================================
[*] Validation input tensor shape: torch.Size([32, 3, 736, 1312])
                 Class     Images  Instances      Box(P          R      mAP50  mAP50-95)
                   all      10000     185578      0.742      0.518      0.578      0.335

           Epoch         GPU_mem          box_om          cls_om          dfl_om          box_oo          cls_oo          dfl_oo       Instances            Size
  Epoch 23/50  Batch 1/2188 (0.0%)  | Super 102.263 (box 1.3014  cls 0.7744  dfl 1.1199)  | Base 104.745 (box 1.3225  cls 0.8213  dfl 1.1295)  | KD 8.107 (box 0.23892  cls 0.01284  dfl 0.00067  feat 0.00091)
  Epoch 23/50  Batch 219/2188 (10.0%)  | Super 109.577 (box 1.4612  cls 0.7867  dfl 1.1765)  | Base 109.696 (box 1.4527  cls 0.8293  dfl 1.1460)  | KD 7.451 (box 0.21707  cls 0.01411  dfl 0.00061  feat 0.00103)
  Epoch 23/50  Batch 437/2188 (20.0%)  | Super 115.348 (box 1.5750  cls 0.8463  dfl 1.1834)  | Base 116.827 (box 1.5981  cls 0.8672  dfl 1.1856)  | KD 8.844 (box 0.26682  cls 0.00800  dfl 0.00060  feat 0.00096)
  Epoch 23/50  Batch 655/2188 (29.9%)  | Super 98.720 (box 1.3033  cls 0.7052  dfl 1.0765)  | Base 99.841 (box 1.3015  cls 0.7482  dfl 1.0703)  | KD 6.458 (box 0.19312  cls 0.00741  dfl 0.00046  feat 0.00082)
  Epoch 23/50  Batch 873/2188 (39.9%)  | Super 109.476 (box 1.4176  cls 0.8602  dfl 1.1433)  | Base 111.067 (box 1.4327  cls 0.8968  dfl 1.1413)  | KD 9.439 (box 0.28090  cls 0.01243  dfl 0.00082  feat 0.00080)
  Epoch 23/50  Batch 1091/2188 (49.9%)  | Super 100.247 (box 1.3093  cls 0.7339  dfl 1.0896)  | Base 100.378 (box 1.2998  cls 0.7563  dfl 1.0807)  | KD 7.319 (box 0.21746  cls 0.00993  dfl 0.00053  feat 0.00080)
  Epoch 23/50  Batch 1309/2188 (59.8%)  | Super 100.779 (box 1.2939  cls 0.7438  dfl 1.1116)  | Base 102.712 (box 1.3119  cls 0.7837  dfl 1.1141)  | KD 8.135 (box 0.24360  cls 0.00905  dfl 0.00064  feat 0.00093)
  Epoch 23/50  Batch 1527/2188 (69.8%)  | Super 101.994 (box 1.3477  cls 0.7676  dfl 1.0719)  | Base 104.063 (box 1.3712  cls 0.8026  dfl 1.0781)  | KD 8.469 (box 0.24663  cls 0.01636  dfl 0.00078  feat 0.00087)
  Epoch 23/50  Batch 1745/2188 (79.8%)  | Super 100.148 (box 1.3242  cls 0.7034  dfl 1.1020)  | Base 102.364 (box 1.3415  cls 0.7479  dfl 1.1095)  | KD 7.578 (box 0.22833  cls 0.00694  dfl 0.00067  feat 0.00087)
  Epoch 23/50  Batch 1963/2188 (89.7%)  | Super 100.303 (box 1.2812  cls 0.7629  dfl 1.0904)  | Base 101.827 (box 1.2936  cls 0.7992  dfl 1.0893)  | KD 7.819 (box 0.23305  cls 0.00977  dfl 0.00061  feat 0.00092)
  Epoch 23/50  Batch 2181/2188 (99.7%)  | Super 102.762 (box 1.3630  cls 0.6998  dfl 1.1485)  | Base 103.554 (box 1.3776  cls 0.7232  dfl 1.1352)  | KD 7.603 (box 0.22794  cls 0.00816  dfl 0.00061  feat 0.00088)

================================================================================
  [Validation] Super model (skip=False)  |  Epoch 23/50
================================================================================
[*] Validation input tensor shape: torch.Size([32, 3, 736, 1312])
                 Class     Images  Instances      Box(P          R      mAP50  mAP50-95)
                   all      10000     185578      0.742      0.529      0.589      0.344

================================================================================
  [Validation] Base model  (skip=True)   |  Epoch 23/50
================================================================================
[*] Validation input tensor shape: torch.Size([32, 3, 736, 1312])
                 Class     Images  Instances      Box(P          R      mAP50  mAP50-95)
                   all      10000     185578      0.741      0.516      0.577      0.335

           Epoch         GPU_mem          box_om          cls_om          dfl_om          box_oo          cls_oo          dfl_oo       Instances            Size
  Epoch 24/50  Batch 1/2188 (0.0%)  | Super 104.011 (box 1.3389  cls 0.7787  dfl 1.1328)  | Base 107.077 (box 1.3736  cls 0.8346  dfl 1.1380)  | KD 8.324 (box 0.24574  cls 0.01293  dfl 0.00067  feat 0.00079)
  Epoch 24/50  Batch 219/2188 (10.0%)  | Super 107.987 (box 1.4272  cls 0.7825  dfl 1.1649)  | Base 109.852 (box 1.4496  cls 0.8159  dfl 1.1674)  | KD 7.624 (box 0.22953  cls 0.00727  dfl 0.00057  feat 0.00086)
  Epoch 24/50  Batch 437/2188 (20.0%)  | Super 112.224 (box 1.5465  cls 0.8270  dfl 1.1335)  | Base 112.318 (box 1.5318  cls 0.8540  dfl 1.1241)  | KD 8.542 (box 0.25862  cls 0.00689  dfl 0.00061  feat 0.00082)
  Epoch 24/50  Batch 655/2188 (29.9%)  | Super 96.884 (box 1.2863  cls 0.6903  dfl 1.0510)  | Base 97.680 (box 1.2792  cls 0.7322  dfl 1.0411)  | KD 6.863 (box 0.20443  cls 0.00879  dfl 0.00046  feat 0.00080)
  Epoch 24/50  Batch 873/2188 (39.9%)  | Super 111.761 (box 1.4127  cls 0.9316  dfl 1.1483)  | Base 112.393 (box 1.4021  cls 0.9675  dfl 1.1427)  | KD 9.138 (box 0.26945  cls 0.01459  dfl 0.00064  feat 0.00089)
  Epoch 24/50  Batch 1091/2188 (49.9%)  | Super 99.735 (box 1.3065  cls 0.7215  dfl 1.0887)  | Base 101.125 (box 1.3188  cls 0.7496  dfl 1.0917)  | KD 7.500 (box 0.22696  cls 0.00592  dfl 0.00056  feat 0.00093)
  Epoch 24/50  Batch 1309/2188 (59.8%)  | Super 101.098 (box 1.3039  cls 0.7088  dfl 1.1466)  | Base 102.122 (box 1.3011  cls 0.7500  dfl 1.1402)  | KD 7.748 (box 0.22273  cls 0.01793  dfl 0.00057  feat 0.00090)
  Epoch 24/50  Batch 1527/2188 (69.8%)  | Super 107.783 (box 1.4084  cls 0.8095  dfl 1.1503)  | Base 108.944 (box 1.4171  cls 0.8432  dfl 1.1442)  | KD 7.286 (box 0.21349  cls 0.01275  dfl 0.00059  feat 0.00084)
  Epoch 24/50  Batch 1745/2188 (79.8%)  | Super 99.972 (box 1.3159  cls 0.7128  dfl 1.0954)  | Base 100.656 (box 1.3121  cls 0.7410  dfl 1.0924)  | KD 7.672 (box 0.23089  cls 0.00739  dfl 0.00062  feat 0.00086)
  Epoch 24/50  Batch 1963/2188 (89.7%)  | Super 107.778 (box 1.3395  cls 0.8724  dfl 1.1561)  | Base 109.090 (box 1.3598  cls 0.8971  dfl 1.1521)  | KD 8.575 (box 0.25616  cls 0.01010  dfl 0.00068  feat 0.00102)
  Epoch 24/50  Batch 2181/2188 (99.7%)  | Super 103.818 (box 1.3901  cls 0.7222  dfl 1.1321)  | Base 105.781 (box 1.4102  cls 0.7607  dfl 1.1347)  | KD 7.187 (box 0.21400  cls 0.00904  dfl 0.00058  feat 0.00098)

================================================================================
  [Validation] Super model (skip=False)  |  Epoch 24/50
================================================================================
[*] Validation input tensor shape: torch.Size([32, 3, 736, 1312])
                 Class     Images  Instances      Box(P          R      mAP50  mAP50-95)
                   all      10000     185578      0.749      0.527       0.59      0.345

================================================================================
  [Validation] Base model  (skip=True)   |  Epoch 24/50
================================================================================
[*] Validation input tensor shape: torch.Size([32, 3, 736, 1312])
                 Class     Images  Instances      Box(P          R      mAP50  mAP50-95)
                   all      10000     185578      0.739       0.52      0.579      0.337

           Epoch         GPU_mem          box_om          cls_om          dfl_om          box_oo          cls_oo          dfl_oo       Instances            Size
  Epoch 25/50  Batch 1/2188 (0.0%)  | Super 100.341 (box 1.3115  cls 0.7220  dfl 1.1022)  | Base 102.038 (box 1.3263  cls 0.7592  dfl 1.1033)  | KD 7.080 (box 0.20779  cls 0.01208  dfl 0.00061  feat 0.00078)
  Epoch 25/50  Batch 219/2188 (10.0%)  | Super 108.338 (box 1.4466  cls 0.7772  dfl 1.1618)  | Base 109.144 (box 1.4488  cls 0.8089  dfl 1.1530)  | KD 7.776 (box 0.23031  cls 0.01122  dfl 0.00061  feat 0.00085)
  Epoch 25/50  Batch 437/2188 (20.0%)  | Super 116.032 (box 1.5923  cls 0.8476  dfl 1.1862)  | Base 117.438 (box 1.6052  cls 0.8757  dfl 1.1890)  | KD 8.423 (box 0.25366  cls 0.00810  dfl 0.00054  feat 0.00091)
  Epoch 25/50  Batch 655/2188 (29.9%)  | Super 99.281 (box 1.3138  cls 0.7095  dfl 1.0793)  | Base 99.506 (box 1.2955  cls 0.7457  dfl 1.0684)  | KD 7.669 (box 0.22997  cls 0.00817  dfl 0.00055  feat 0.00099)
  Epoch 25/50  Batch 873/2188 (39.9%)  | Super 108.128 (box 1.3961  cls 0.8421  dfl 1.1408)  | Base 109.960 (box 1.4069  cls 0.8864  dfl 1.1430)  | KD 8.540 (box 0.25435  cls 0.01094  dfl 0.00071  feat 0.00088)
  Epoch 25/50  Batch 1091/2188 (49.9%)  | Super 99.952 (box 1.3286  cls 0.7283  dfl 1.0666)  | Base 101.071 (box 1.3391  cls 0.7451  dfl 1.0743)  | KD 6.964 (box 0.20674  cls 0.00960  dfl 0.00055  feat 0.00074)
  Epoch 25/50  Batch 1309/2188 (59.8%)  | Super 102.412 (box 1.3184  cls 0.7296  dfl 1.1523)  | Base 103.966 (box 1.3245  cls 0.7785  dfl 1.1459)  | KD 7.999 (box 0.23729  cls 0.01123  dfl 0.00060  feat 0.00084)
  Epoch 25/50  Batch 1527/2188 (69.8%)  | Super 105.745 (box 1.3964  cls 0.7921  dfl 1.1160)  | Base 107.371 (box 1.4014  cls 0.8462  dfl 1.1078)  | KD 8.068 (box 0.23632  cls 0.01422  dfl 0.00062  feat 0.00097)
  Epoch 25/50  Batch 1745/2188 (79.8%)  | Super 103.663 (box 1.3363  cls 0.7764  dfl 1.1267)  | Base 104.442 (box 1.3321  cls 0.8134  dfl 1.1183)  | KD 8.028 (box 0.24229  cls 0.00718  dfl 0.00062  feat 0.00079)
  Epoch 25/50  Batch 1963/2188 (89.7%)  | Super 105.453 (box 1.3769  cls 0.8050  dfl 1.1134)  | Base 106.980 (box 1.3811  cls 0.8576  dfl 1.1045)  | KD 8.283 (box 0.24163  cls 0.01552  dfl 0.00068  feat 0.00101)
  Epoch 25/50  Batch 2181/2188 (99.7%)  | Super 108.589 (box 1.4257  cls 0.7628  dfl 1.2049)  | Base 110.401 (box 1.4533  cls 0.7955  dfl 1.2012)  | KD 6.898 (box 0.20575  cls 0.00838  dfl 0.00053  feat 0.00091)

================================================================================
  [Validation] Super model (skip=False)  |  Epoch 25/50
================================================================================
[*] Validation input tensor shape: torch.Size([32, 3, 736, 1312])
                 Class     Images  Instances      Box(P          R      mAP50  mAP50-95)
                   all      10000     185578      0.748      0.528       0.59      0.345

================================================================================
  [Validation] Base model  (skip=True)   |  Epoch 25/50
================================================================================
[*] Validation input tensor shape: torch.Size([32, 3, 736, 1312])
                 Class     Images  Instances      Box(P          R      mAP50  mAP50-95)
                   all      10000     185578      0.738      0.522       0.58      0.337

           Epoch         GPU_mem          box_om          cls_om          dfl_om          box_oo          cls_oo          dfl_oo       Instances            Size
  Epoch 26/50  Batch 1/2188 (0.0%)  | Super 106.323 (box 1.3628  cls 0.7939  dfl 1.1659)  | Base 108.918 (box 1.3811  cls 0.8538  dfl 1.1688)  | KD 8.146 (box 0.24032  cls 0.01271  dfl 0.00061  feat 0.00092)
  Epoch 26/50  Batch 219/2188 (10.0%)  | Super 109.483 (box 1.4567  cls 0.8434  dfl 1.1212)  | Base 111.440 (box 1.4800  cls 0.8786  dfl 1.1240)  | KD 7.164 (box 0.21162  cls 0.01091  dfl 0.00053  feat 0.00082)
  Epoch 26/50  Batch 437/2188 (20.0%)  | Super 111.703 (box 1.5370  cls 0.8387  dfl 1.1150)  | Base 112.666 (box 1.5454  cls 0.8630  dfl 1.1125)  | KD 8.875 (box 0.26714  cls 0.00869  dfl 0.00064  feat 0.00087)
  Epoch 26/50  Batch 655/2188 (29.9%)  | Super 100.264 (box 1.3324  cls 0.7073  dfl 1.0935)  | Base 101.082 (box 1.3300  cls 0.7464  dfl 1.0824)  | KD 6.362 (box 0.18862  cls 0.00887  dfl 0.00045  feat 0.00087)
  Epoch 26/50  Batch 873/2188 (39.9%)  | Super 105.042 (box 1.3531  cls 0.8095  dfl 1.1200)  | Base 106.760 (box 1.3793  cls 0.8485  dfl 1.1085)  | KD 9.157 (box 0.27422  cls 0.01042  dfl 0.00068  feat 0.00084)
  Epoch 26/50  Batch 1091/2188 (49.9%)  | Super 103.597 (box 1.3391  cls 0.7626  dfl 1.1356)  | Base 104.430 (box 1.3530  cls 0.7758  dfl 1.1346)  | KD 7.150 (box 0.21276  cls 0.00933  dfl 0.00054  feat 0.00081)
  Epoch 26/50  Batch 1309/2188 (59.8%)  | Super 94.389 (box 1.2128  cls 0.6928  dfl 1.0440)  | Base 94.913 (box 1.2142  cls 0.7138  dfl 1.0380)  | KD 7.369 (box 0.22186  cls 0.00698  dfl 0.00058  feat 0.00086)
  Epoch 26/50  Batch 1527/2188 (69.8%)  | Super 107.821 (box 1.3957  cls 0.8416  dfl 1.1321)  | Base 108.337 (box 1.3851  cls 0.8827  dfl 1.1178)  | KD 8.001 (box 0.23668  cls 0.01176  dfl 0.00065  feat 0.00095)
  Epoch 26/50  Batch 1745/2188 (79.8%)  | Super 101.812 (box 1.3201  cls 0.7386  dfl 1.1230)  | Base 102.752 (box 1.3255  cls 0.7670  dfl 1.1185)  | KD 8.275 (box 0.24798  cls 0.00899  dfl 0.00065  feat 0.00097)
  Epoch 26/50  Batch 1963/2188 (89.7%)  | Super 102.229 (box 1.3136  cls 0.7989  dfl 1.0822)  | Base 104.481 (box 1.3446  cls 0.8341  dfl 1.0864)  | KD 7.997 (box 0.23871  cls 0.00963  dfl 0.00058  feat 0.00098)
  Epoch 26/50  Batch 2181/2188 (99.7%)  | Super 103.974 (box 1.3646  cls 0.7401  dfl 1.1445)  | Base 105.433 (box 1.3761  cls 0.7769  dfl 1.1418)  | KD 7.295 (box 0.21755  cls 0.00895  dfl 0.00057  feat 0.00090)

================================================================================
  [Validation] Super model (skip=False)  |  Epoch 26/50
================================================================================
[*] Validation input tensor shape: torch.Size([32, 3, 736, 1312])
                 Class     Images  Instances      Box(P          R      mAP50  mAP50-95)
                   all      10000     185578      0.745      0.527      0.589      0.344

================================================================================
  [Validation] Base model  (skip=True)   |  Epoch 26/50
================================================================================
[*] Validation input tensor shape: torch.Size([32, 3, 736, 1312])
                 Class     Images  Instances      Box(P          R      mAP50  mAP50-95)
                   all      10000     185578      0.741      0.519      0.579      0.336

           Epoch         GPU_mem          box_om          cls_om          dfl_om          box_oo          cls_oo          dfl_oo       Instances            Size
  Epoch 27/50  Batch 1/2188 (0.0%)  | Super 105.898 (box 1.3562  cls 0.7861  dfl 1.1670)  | Base 107.383 (box 1.3653  cls 0.8254  dfl 1.1651)  | KD 7.946 (box 0.23492  cls 0.01191  dfl 0.00068  feat 0.00080)
  Epoch 27/50  Batch 219/2188 (10.0%)  | Super 104.027 (box 1.3754  cls 0.8124  dfl 1.0631)  | Base 105.697 (box 1.3860  cls 0.8568  dfl 1.0602)  | KD 6.937 (box 0.20639  cls 0.00899  dfl 0.00051  feat 0.00091)
  Epoch 27/50  Batch 437/2188 (20.0%)  | Super 112.888 (box 1.5422  cls 0.8246  dfl 1.1609)  | Base 113.828 (box 1.5557  cls 0.8530  dfl 1.1484)  | KD 8.632 (box 0.26222  cls 0.00607  dfl 0.00057  feat 0.00090)
  Epoch 27/50  Batch 655/2188 (29.9%)  | Super 99.676 (box 1.3274  cls 0.7079  dfl 1.0795)  | Base 100.495 (box 1.3322  cls 0.7329  dfl 1.0753)  | KD 7.132 (box 0.21335  cls 0.00807  dfl 0.00047  feat 0.00098)
  Epoch 27/50  Batch 873/2188 (39.9%)  | Super 110.088 (box 1.3965  cls 0.8813  dfl 1.1625)  | Base 110.924 (box 1.4014  cls 0.9061  dfl 1.1589)  | KD 8.709 (box 0.25912  cls 0.01144  dfl 0.00062  feat 0.00097)
  Epoch 27/50  Batch 1091/2188 (49.9%)  | Super 98.487 (box 1.2916  cls 0.7099  dfl 1.0763)  | Base 99.903 (box 1.2994  cls 0.7508  dfl 1.0718)  | KD 7.300 (box 0.21710  cls 0.00957  dfl 0.00054  feat 0.00092)
  Epoch 27/50  Batch 1309/2188 (59.8%)  | Super 98.672 (box 1.2542  cls 0.7370  dfl 1.0923)  | Base 100.875 (box 1.2793  cls 0.7657  dfl 1.1074)  | KD 7.922 (box 0.23728  cls 0.00879  dfl 0.00059  feat 0.00090)
  Epoch 27/50  Batch 1527/2188 (69.8%)  | Super 103.462 (box 1.3637  cls 0.7743  dfl 1.0952)  | Base 104.988 (box 1.3833  cls 0.8023  dfl 1.0954)  | KD 8.001 (box 0.23935  cls 0.00909  dfl 0.00074  feat 0.00085)
  Epoch 27/50  Batch 1745/2188 (79.8%)  | Super 105.301 (box 1.3762  cls 0.7498  dfl 1.1647)  | Base 105.647 (box 1.3764  cls 0.7766  dfl 1.1485)  | KD 8.413 (box 0.25293  cls 0.00842  dfl 0.00075  feat 0.00079)
  Epoch 27/50  Batch 1963/2188 (89.7%)  | Super 104.944 (box 1.3551  cls 0.7995  dfl 1.1249)  | Base 105.769 (box 1.3576  cls 0.8381  dfl 1.1096)  | KD 7.516 (box 0.22452  cls 0.00872  dfl 0.00058  feat 0.00107)
  Epoch 27/50  Batch 2181/2188 (99.7%)  | Super 108.965 (box 1.4193  cls 0.7638  dfl 1.2221)  | Base 109.343 (box 1.4352  cls 0.7773  dfl 1.2045)  | KD 7.523 (box 0.22535  cls 0.00810  dfl 0.00064  feat 0.00102)

================================================================================
  [Validation] Super model (skip=False)  |  Epoch 27/50
================================================================================
[*] Validation input tensor shape: torch.Size([32, 3, 736, 1312])
                 Class     Images  Instances      Box(P          R      mAP50  mAP50-95)
                   all      10000     185578      0.751      0.525      0.592      0.346

================================================================================
  [Validation] Base model  (skip=True)   |  Epoch 27/50
================================================================================
[*] Validation input tensor shape: torch.Size([32, 3, 736, 1312])
                 Class     Images  Instances      Box(P          R      mAP50  mAP50-95)
                   all      10000     185578      0.745      0.519      0.581      0.337

           Epoch         GPU_mem          box_om          cls_om          dfl_om          box_oo          cls_oo          dfl_oo       Instances            Size
  Epoch 28/50  Batch 1/2188 (0.0%)  | Super 105.656 (box 1.3790  cls 0.7640  dfl 1.1587)  | Base 106.471 (box 1.3852  cls 0.7937  dfl 1.1483)  | KD 8.031 (box 0.23692  cls 0.01258  dfl 0.00061  feat 0.00086)
  Epoch 28/50  Batch 219/2188 (10.0%)  | Super 104.906 (box 1.3815  cls 0.7996  dfl 1.0972)  | Base 106.012 (box 1.3945  cls 0.8285  dfl 1.0899)  | KD 7.523 (box 0.22545  cls 0.00817  dfl 0.00059  feat 0.00088)
  Epoch 28/50  Batch 437/2188 (20.0%)  | Super 110.002 (box 1.5143  cls 0.8116  dfl 1.1117)  | Base 110.829 (box 1.5231  cls 0.8335  dfl 1.1068)  | KD 8.970 (box 0.27064  cls 0.00826  dfl 0.00059  feat 0.00082)
  Epoch 28/50  Batch 655/2188 (29.9%)  | Super 97.872 (box 1.2997  cls 0.6921  dfl 1.0667)  | Base 98.267 (box 1.2998  cls 0.7116  dfl 1.0595)  | KD 6.242 (box 0.18665  cls 0.00725  dfl 0.00042  feat 0.00074)
  Epoch 28/50  Batch 873/2188 (39.9%)  | Super 108.731 (box 1.4057  cls 0.8343  dfl 1.1578)  | Base 110.221 (box 1.4227  cls 0.8646  dfl 1.1571)  | KD 8.377 (box 0.25047  cls 0.00978  dfl 0.00065  feat 0.00089)
  Epoch 28/50  Batch 1091/2188 (49.9%)  | Super 100.173 (box 1.3001  cls 0.7321  dfl 1.0981)  | Base 101.248 (box 1.3074  cls 0.7594  dfl 1.0972)  | KD 7.373 (box 0.21948  cls 0.00957  dfl 0.00051  feat 0.00084)
  Epoch 28/50  Batch 1309/2188 (59.8%)  | Super 92.071 (box 1.1722  cls 0.6837  dfl 1.0213)  | Base 93.370 (box 1.1840  cls 0.7125  dfl 1.0214)  | KD 7.878 (box 0.23807  cls 0.00661  dfl 0.00067  feat 0.00084)
  Epoch 28/50  Batch 1527/2188 (69.8%)  | Super 106.506 (box 1.3724  cls 0.8514  dfl 1.1045)  | Base 108.828 (box 1.4058  cls 0.8839  dfl 1.1111)  | KD 8.737 (box 0.25416  cls 0.01710  dfl 0.00077  feat 0.00100)
  Epoch 28/50  Batch 1745/2188 (79.8%)  | Super 99.898 (box 1.2966  cls 0.7524  dfl 1.0728)  | Base 101.376 (box 1.3221  cls 0.7753  dfl 1.0706)  | KD 8.192 (box 0.24776  cls 0.00677  dfl 0.00068  feat 0.00080)
  Epoch 28/50  Batch 1963/2188 (89.7%)  | Super 99.702 (box 1.2708  cls 0.7860  dfl 1.0588)  | Base 100.568 (box 1.2735  cls 0.8157  dfl 1.0535)  | KD 8.243 (box 0.24845  cls 0.00742  dfl 0.00063  feat 0.00110)
  Epoch 28/50  Batch 2181/2188 (99.7%)  | Super 105.380 (box 1.3625  cls 0.7533  dfl 1.1773)  | Base 106.023 (box 1.3820  cls 0.7605  dfl 1.1707)  | KD 7.640 (box 0.22814  cls 0.00896  dfl 0.00060  feat 0.00106)

================================================================================
  [Validation] Super model (skip=False)  |  Epoch 28/50
================================================================================
[*] Validation input tensor shape: torch.Size([32, 3, 736, 1312])
                 Class     Images  Instances      Box(P          R      mAP50  mAP50-95)
                   all      10000     185578      0.746      0.528      0.592      0.345

================================================================================
  [Validation] Base model  (skip=True)   |  Epoch 28/50
================================================================================
[*] Validation input tensor shape: torch.Size([32, 3, 736, 1312])
                 Class     Images  Instances      Box(P          R      mAP50  mAP50-95)
                   all      10000     185578      0.738      0.522      0.582      0.337

           Epoch         GPU_mem          box_om          cls_om          dfl_om          box_oo          cls_oo          dfl_oo       Instances            Size
  Epoch 29/50  Batch 1/2188 (0.0%)  | Super 106.190 (box 1.3624  cls 0.8104  dfl 1.1456)  | Base 107.847 (box 1.3657  cls 0.8556  dfl 1.1490)  | KD 8.677 (box 0.25892  cls 0.01068  dfl 0.00074  feat 0.00081)
  Epoch 29/50  Batch 219/2188 (10.0%)  | Super 103.670 (box 1.3875  cls 0.7370  dfl 1.1152)  | Base 104.909 (box 1.3966  cls 0.7816  dfl 1.1003)  | KD 6.668 (box 0.19807  cls 0.00892  dfl 0.00051  feat 0.00087)
  Epoch 29/50  Batch 437/2188 (20.0%)  | Super 115.242 (box 1.5684  cls 0.8779  dfl 1.1550)  | Base 115.828 (box 1.5834  cls 0.8891  dfl 1.1471)  | KD 8.400 (box 0.25305  cls 0.00801  dfl 0.00051  feat 0.00093)
  Epoch 29/50  Batch 655/2188 (29.9%)  | Super 98.682 (box 1.3040  cls 0.7240  dfl 1.0558)  | Base 100.506 (box 1.3175  cls 0.7735  dfl 1.0498)  | KD 7.196 (box 0.21346  cls 0.01000  dfl 0.00054  feat 0.00087)
  Epoch 29/50  Batch 873/2188 (39.9%)  | Super 107.116 (box 1.3713  cls 0.8711  dfl 1.1049)  | Base 108.230 (box 1.3784  cls 0.9007  dfl 1.1031)  | KD 8.064 (box 0.24013  cls 0.01047  dfl 0.00058  feat 0.00082)
  Epoch 29/50  Batch 1091/2188 (49.9%)  | Super 100.857 (box 1.3026  cls 0.7359  dfl 1.1133)  | Base 101.469 (box 1.3091  cls 0.7527  dfl 1.1092)  | KD 6.790 (box 0.20017  cls 0.01065  dfl 0.00048  feat 0.00087)
  Epoch 29/50  Batch 1309/2188 (59.8%)  | Super 97.625 (box 1.2709  cls 0.7003  dfl 1.0796)  | Base 98.788 (box 1.2737  cls 0.7385  dfl 1.0750)  | KD 7.577 (box 0.22241  cls 0.01298  dfl 0.00060  feat 0.00080)
  Epoch 29/50  Batch 1527/2188 (69.8%)  | Super 108.279 (box 1.4207  cls 0.8253  dfl 1.1377)  | Base 111.062 (box 1.4511  cls 0.8630  dfl 1.1566)  | KD 8.144 (box 0.23873  cls 0.01418  dfl 0.00064  feat 0.00096)
  Epoch 29/50  Batch 1745/2188 (79.8%)  | Super 102.602 (box 1.3329  cls 0.7438  dfl 1.1296)  | Base 103.572 (box 1.3298  cls 0.7908  dfl 1.1160)  | KD 7.809 (box 0.23632  cls 0.00615  dfl 0.00065  feat 0.00091)
  Epoch 29/50  Batch 1963/2188 (89.7%)  | Super 104.152 (box 1.3110  cls 0.7974  dfl 1.1464)  | Base 104.874 (box 1.3127  cls 0.8210  dfl 1.1436)  | KD 7.407 (box 0.22135  cls 0.00850  dfl 0.00055  feat 0.00106)
  Epoch 29/50  Batch 2181/2188 (99.7%)  | Super 105.411 (box 1.4033  cls 0.7268  dfl 1.1639)  | Base 106.039 (box 1.4115  cls 0.7411  dfl 1.1611)  | KD 6.373 (box 0.19004  cls 0.00760  dfl 0.00043  feat 0.00109)

================================================================================
  [Validation] Super model (skip=False)  |  Epoch 29/50
================================================================================
[*] Validation input tensor shape: torch.Size([32, 3, 736, 1312])
                 Class     Images  Instances      Box(P          R      mAP50  mAP50-95)
                   all      10000     185578      0.744      0.532      0.592      0.345

================================================================================
  [Validation] Base model  (skip=True)   |  Epoch 29/50
================================================================================
[*] Validation input tensor shape: torch.Size([32, 3, 736, 1312])
                 Class     Images  Instances      Box(P          R      mAP50  mAP50-95)
                   all      10000     185578      0.741      0.523      0.582      0.338

           Epoch         GPU_mem          box_om          cls_om          dfl_om          box_oo          cls_oo          dfl_oo       Instances            Size
  Epoch 30/50  Batch 1/2188 (0.0%)  | Super 104.160 (box 1.3179  cls 0.7987  dfl 1.1384)  | Base 106.518 (box 1.3485  cls 0.8246  dfl 1.1556)  | KD 7.760 (box 0.22908  cls 0.01193  dfl 0.00062  feat 0.00085)
  Epoch 30/50  Batch 219/2188 (10.0%)  | Super 107.850 (box 1.4312  cls 0.7989  dfl 1.1402)  | Base 108.692 (box 1.4337  cls 0.8376  dfl 1.1253)  | KD 7.020 (box 0.21067  cls 0.00706  dfl 0.00052  feat 0.00112)
  Epoch 30/50  Batch 437/2188 (20.0%)  | Super 112.531 (box 1.5419  cls 0.8160  dfl 1.1586)  | Base 113.224 (box 1.5412  cls 0.8541  dfl 1.1430)  | KD 8.565 (box 0.25874  cls 0.00751  dfl 0.00059  feat 0.00082)
  Epoch 30/50  Batch 655/2188 (29.9%)  | Super 100.141 (box 1.3312  cls 0.7095  dfl 1.0887)  | Base 101.599 (box 1.3388  cls 0.7508  dfl 1.0854)  | KD 6.899 (box 0.20634  cls 0.00785  dfl 0.00051  feat 0.00091)
  Epoch 30/50  Batch 873/2188 (39.9%)  | Super 114.990 (box 1.4475  cls 0.9287  dfl 1.2172)  | Base 115.090 (box 1.4481  cls 0.9538  dfl 1.1947)  | KD 9.750 (box 0.29192  cls 0.01118  dfl 0.00076  feat 0.00084)
  Epoch 30/50  Batch 1091/2188 (49.9%)  | Super 98.230 (box 1.2933  cls 0.6891  dfl 1.0873)  | Base 99.622 (box 1.3065  cls 0.7181  dfl 1.0886)  | KD 7.083 (box 0.21149  cls 0.00850  dfl 0.00054  feat 0.00082)
  Epoch 30/50  Batch 1309/2188 (59.8%)  | Super 94.644 (box 1.2169  cls 0.6877  dfl 1.0530)  | Base 95.397 (box 1.2228  cls 0.7091  dfl 1.0492)  | KD 7.444 (box 0.22357  cls 0.00768  dfl 0.00055  feat 0.00083)
  Epoch 30/50  Batch 1527/2188 (69.8%)  | Super 104.469 (box 1.3667  cls 0.7880  dfl 1.1100)  | Base 106.042 (box 1.3769  cls 0.8298  dfl 1.1072)  | KD 8.585 (box 0.25010  cls 0.01658  dfl 0.00072  feat 0.00087)
  Epoch 30/50  Batch 1745/2188 (79.8%)  | Super 99.515 (box 1.3056  cls 0.7196  dfl 1.0846)  | Base 101.802 (box 1.3153  cls 0.7737  dfl 1.0923)  | KD 7.733 (box 0.23255  cls 0.00760  dfl 0.00072  feat 0.00079)
  Epoch 30/50  Batch 1963/2188 (89.7%)  | Super 100.607 (box 1.2731  cls 0.7600  dfl 1.1109)  | Base 103.026 (box 1.3025  cls 0.8059  dfl 1.1111)  | KD 7.655 (box 0.22880  cls 0.00864  dfl 0.00067  feat 0.00109)
  Epoch 30/50  Batch 2181/2188 (99.7%)  | Super 103.084 (box 1.3410  cls 0.7472  dfl 1.1332)  | Base 105.396 (box 1.3758  cls 0.7750  dfl 1.1428)  | KD 7.717 (box 0.22947  cls 0.01009  dfl 0.00058  feat 0.00102)

================================================================================
  [Validation] Super model (skip=False)  |  Epoch 30/50
================================================================================
[*] Validation input tensor shape: torch.Size([32, 3, 736, 1312])
                 Class     Images  Instances      Box(P          R      mAP50  mAP50-95)
                   all      10000     185578      0.745      0.535      0.593      0.346

================================================================================
  [Validation] Base model  (skip=True)   |  Epoch 30/50
================================================================================
[*] Validation input tensor shape: torch.Size([32, 3, 736, 1312])
                 Class     Images  Instances      Box(P          R      mAP50  mAP50-95)
                   all      10000     185578      0.746      0.522      0.583      0.339

           Epoch         GPU_mem          box_om          cls_om          dfl_om          box_oo          cls_oo          dfl_oo       Instances            Size
  Epoch 31/50  Batch 1/2188 (0.0%)  | Super 107.120 (box 1.3667  cls 0.8099  dfl 1.1709)  | Base 108.321 (box 1.3685  cls 0.8430  dfl 1.1735)  | KD 7.843 (box 0.23448  cls 0.00913  dfl 0.00065  feat 0.00084)
  Epoch 31/50  Batch 219/2188 (10.0%)  | Super 108.044 (box 1.4441  cls 0.8228  dfl 1.1095)  | Base 109.237 (box 1.4525  cls 0.8548  dfl 1.1064)  | KD 7.155 (box 0.21393  cls 0.00822  dfl 0.00053  feat 0.00091)
  Epoch 31/50  Batch 437/2188 (20.0%)  | Super 114.339 (box 1.5731  cls 0.8149  dfl 1.1851)  | Base 115.613 (box 1.5885  cls 0.8457  dfl 1.1787)  | KD 9.153 (box 0.27686  cls 0.00745  dfl 0.00067  feat 0.00104)
  Epoch 31/50  Batch 655/2188 (29.9%)  | Super 97.984 (box 1.3074  cls 0.6801  dfl 1.0745)  | Base 98.782 (box 1.3081  cls 0.7183  dfl 1.0605)  | KD 6.875 (box 0.20574  cls 0.00770  dfl 0.00054  feat 0.00086)
  Epoch 31/50  Batch 873/2188 (39.9%)  | Super 114.743 (box 1.4765  cls 0.9136  dfl 1.1956)  | Base 115.429 (box 1.4691  cls 0.9524  dfl 1.1857)  | KD 9.101 (box 0.27073  cls 0.01194  dfl 0.00071  feat 0.00104)
  Epoch 31/50  Batch 1091/2188 (49.9%)  | Super 99.464 (box 1.2885  cls 0.7301  dfl 1.0897)  | Base 100.411 (box 1.2972  cls 0.7566  dfl 1.0840)  | KD 7.338 (box 0.21658  cls 0.01137  dfl 0.00053  feat 0.00084)
  Epoch 31/50  Batch 1309/2188 (59.8%)  | Super 103.478 (box 1.3242  cls 0.7838  dfl 1.1257)  | Base 105.039 (box 1.3384  cls 0.8005  dfl 1.1436)  | KD 8.670 (box 0.25396  cls 0.01518  dfl 0.00078  feat 0.00102)
  Epoch 31/50  Batch 1527/2188 (69.8%)  | Super 106.305 (box 1.4012  cls 0.7790  dfl 1.1419)  | Base 108.403 (box 1.4143  cls 0.8344  dfl 1.1389)  | KD 7.238 (box 0.20937  cls 0.01524  dfl 0.00054  feat 0.00104)
  Epoch 31/50  Batch 1745/2188 (79.8%)  | Super 102.562 (box 1.3521  cls 0.7400  dfl 1.1130)  | Base 102.491 (box 1.3427  cls 0.7588  dfl 1.1014)  | KD 8.302 (box 0.24900  cls 0.00906  dfl 0.00064  feat 0.00076)
  Epoch 31/50  Batch 1963/2188 (89.7%)  | Super 97.360 (box 1.2610  cls 0.7170  dfl 1.0645)  | Base 98.775 (box 1.2769  cls 0.7466  dfl 1.0633)  | KD 7.449 (box 0.22475  cls 0.00653  dfl 0.00058  feat 0.00094)
  Epoch 31/50  Batch 2181/2188 (99.7%)  | Super 103.606 (box 1.3584  cls 0.7203  dfl 1.1589)  | Base 104.308 (box 1.3688  cls 0.7447  dfl 1.1461)  | KD 7.440 (box 0.22119  cls 0.00986  dfl 0.00060  feat 0.00086)

================================================================================
  [Validation] Super model (skip=False)  |  Epoch 31/50
================================================================================
[*] Validation input tensor shape: torch.Size([32, 3, 736, 1312])
                 Class     Images  Instances      Box(P          R      mAP50  mAP50-95)
                   all      10000     185578      0.746      0.531      0.593      0.347

================================================================================
  [Validation] Base model  (skip=True)   |  Epoch 31/50
================================================================================
[*] Validation input tensor shape: torch.Size([32, 3, 736, 1312])
                 Class     Images  Instances      Box(P          R      mAP50  mAP50-95)
                   all      10000     185578      0.748       0.52      0.583      0.339

           Epoch         GPU_mem          box_om          cls_om          dfl_om          box_oo          cls_oo          dfl_oo       Instances            Size
  Epoch 32/50  Batch 1/2188 (0.0%)  | Super 100.912 (box 1.3197  cls 0.7599  dfl 1.0739)  | Base 101.518 (box 1.3249  cls 0.7798  dfl 1.0677)  | KD 8.039 (box 0.24263  cls 0.00713  dfl 0.00067  feat 0.00079)
  Epoch 32/50  Batch 219/2188 (10.0%)  | Super 101.485 (box 1.3664  cls 0.7213  dfl 1.0837)  | Base 103.170 (box 1.3909  cls 0.7373  dfl 1.0959)  | KD 7.568 (box 0.22824  cls 0.00687  dfl 0.00052  feat 0.00087)
  Epoch 32/50  Batch 437/2188 (20.0%)  | Super 113.209 (box 1.5791  cls 0.8229  dfl 1.1357)  | Base 114.479 (box 1.5881  cls 0.8507  dfl 1.1387)  | KD 8.963 (box 0.27073  cls 0.00779  dfl 0.00058  feat 0.00098)
  Epoch 32/50  Batch 655/2188 (29.9%)  | Super 97.936 (box 1.2925  cls 0.6835  dfl 1.0845)  | Base 100.118 (box 1.3175  cls 0.7229  dfl 1.0882)  | KD 6.619 (box 0.19964  cls 0.00593  dfl 0.00045  feat 0.00082)
  Epoch 32/50  Batch 873/2188 (39.9%)  | Super 106.291 (box 1.3911  cls 0.8044  dfl 1.1262)  | Base 108.756 (box 1.4174  cls 0.8508  dfl 1.1303)  | KD 9.069 (box 0.26535  cls 0.01659  dfl 0.00070  feat 0.00079)
  Epoch 32/50  Batch 1091/2188 (49.9%)  | Super 101.116 (box 1.3177  cls 0.7380  dfl 1.1042)  | Base 101.869 (box 1.3321  cls 0.7506  dfl 1.1007)  | KD 7.735 (box 0.23394  cls 0.00635  dfl 0.00064  feat 0.00079)
  Epoch 32/50  Batch 1309/2188 (59.8%)  | Super 103.244 (box 1.3252  cls 0.7674  dfl 1.1338)  | Base 105.081 (box 1.3461  cls 0.8017  dfl 1.1360)  | KD 8.221 (box 0.24530  cls 0.01014  dfl 0.00072  feat 0.00075)
  Epoch 32/50  Batch 1527/2188 (69.8%)  | Super 101.571 (box 1.3345  cls 0.7682  dfl 1.0714)  | Base 103.585 (box 1.3578  cls 0.8019  dfl 1.0773)  | KD 8.036 (box 0.23631  cls 0.01326  dfl 0.00066  feat 0.00090)
  Epoch 32/50  Batch 1745/2188 (79.8%)  | Super 99.102 (box 1.2906  cls 0.7233  dfl 1.0831)  | Base 98.750 (box 1.2934  cls 0.7241  dfl 1.0685)  | KD 8.037 (box 0.24164  cls 0.00811  dfl 0.00063  feat 0.00076)
  Epoch 32/50  Batch 1963/2188 (89.7%)  | Super 101.340 (box 1.3134  cls 0.7543  dfl 1.0991)  | Base 103.566 (box 1.3399  cls 0.7907  dfl 1.1058)  | KD 8.001 (box 0.23820  cls 0.01014  dfl 0.00062  feat 0.00106)
  Epoch 32/50  Batch 2181/2188 (99.7%)  | Super 104.683 (box 1.3824  cls 0.7370  dfl 1.1519)  | Base 104.706 (box 1.3659  cls 0.7716  dfl 1.1345)  | KD 6.925 (box 0.20496  cls 0.01007  dfl 0.00055  feat 0.00083)

================================================================================
  [Validation] Super model (skip=False)  |  Epoch 32/50
================================================================================
[*] Validation input tensor shape: torch.Size([32, 3, 736, 1312])
                 Class     Images  Instances      Box(P          R      mAP50  mAP50-95)
                   all      10000     185578      0.747      0.527      0.592      0.347

================================================================================
  [Validation] Base model  (skip=True)   |  Epoch 32/50
================================================================================
[*] Validation input tensor shape: torch.Size([32, 3, 736, 1312])
                 Class     Images  Instances      Box(P          R      mAP50  mAP50-95)
                   all      10000     185578      0.747      0.519      0.583      0.339

           Epoch         GPU_mem          box_om          cls_om          dfl_om          box_oo          cls_oo          dfl_oo       Instances            Size
  Epoch 33/50  Batch 1/2188 (0.0%)  | Super 102.236 (box 1.3406  cls 0.7415  dfl 1.1128)  | Base 105.154 (box 1.3717  cls 0.7836  dfl 1.1308)  | KD 7.907 (box 0.23490  cls 0.01064  dfl 0.00061  feat 0.00094)
  Epoch 33/50  Batch 219/2188 (10.0%)  | Super 106.803 (box 1.4379  cls 0.7740  dfl 1.1257)  | Base 108.421 (box 1.4452  cls 0.8204  dfl 1.1226)  | KD 6.596 (box 0.19656  cls 0.00823  dfl 0.00049  feat 0.00082)
  Epoch 33/50  Batch 437/2188 (20.0%)  | Super 110.367 (box 1.5347  cls 0.7973  dfl 1.1170)  | Base 112.691 (box 1.5729  cls 0.8221  dfl 1.1267)  | KD 8.292 (box 0.25025  cls 0.00748  dfl 0.00054  feat 0.00085)
  Epoch 33/50  Batch 655/2188 (29.9%)  | Super 100.729 (box 1.3325  cls 0.7340  dfl 1.0813)  | Base 101.309 (box 1.3339  cls 0.7571  dfl 1.0749)  | KD 7.546 (box 0.22465  cls 0.00985  dfl 0.00053  feat 0.00078)
  Epoch 33/50  Batch 873/2188 (39.9%)  | Super 113.743 (box 1.4703  cls 0.9013  dfl 1.1829)  | Base 115.510 (box 1.4861  cls 0.9519  dfl 1.1717)  | KD 8.931 (box 0.26533  cls 0.01219  dfl 0.00068  feat 0.00091)
  Epoch 33/50  Batch 1091/2188 (49.9%)  | Super 99.813 (box 1.3072  cls 0.7229  dfl 1.0891)  | Base 100.727 (box 1.3211  cls 0.7375  dfl 1.0891)  | KD 7.277 (box 0.21723  cls 0.00884  dfl 0.00059  feat 0.00076)
  Epoch 33/50  Batch 1309/2188 (59.8%)  | Super 96.361 (box 1.2270  cls 0.7440  dfl 1.0402)  | Base 97.224 (box 1.2405  cls 0.7545  dfl 1.0432)  | KD 8.251 (box 0.24246  cls 0.01391  dfl 0.00070  feat 0.00076)
  Epoch 33/50  Batch 1527/2188 (69.8%)  | Super 104.357 (box 1.3674  cls 0.7727  dfl 1.1211)  | Base 105.740 (box 1.3711  cls 0.8138  dfl 1.1195)  | KD 7.682 (box 0.22468  cls 0.01390  dfl 0.00057  feat 0.00091)
  Epoch 33/50  Batch 1745/2188 (79.8%)  | Super 102.286 (box 1.3379  cls 0.7422  dfl 1.1163)  | Base 104.062 (box 1.3549  cls 0.7723  dfl 1.1247)  | KD 8.558 (box 0.25753  cls 0.00831  dfl 0.00068  feat 0.00091)
  Epoch 33/50  Batch 1963/2188 (89.7%)  | Super 102.220 (box 1.2993  cls 0.8071  dfl 1.0879)  | Base 103.083 (box 1.3027  cls 0.8331  dfl 1.0855)  | KD 8.155 (box 0.23967  cls 0.01356  dfl 0.00068  feat 0.00094)
  Epoch 33/50  Batch 2181/2188 (99.7%)  | Super 103.724 (box 1.3756  cls 0.7372  dfl 1.1286)  | Base 103.038 (box 1.3643  cls 0.7407  dfl 1.1150)  | KD 6.520 (box 0.19539  cls 0.00709  dfl 0.00048  feat 0.00079)

================================================================================
  [Validation] Super model (skip=False)  |  Epoch 33/50
================================================================================
[*] Validation input tensor shape: torch.Size([32, 3, 736, 1312])
                 Class     Images  Instances      Box(P          R      mAP50  mAP50-95)
                   all      10000     185578      0.744      0.533      0.593      0.347

================================================================================
  [Validation] Base model  (skip=True)   |  Epoch 33/50
================================================================================
[*] Validation input tensor shape: torch.Size([32, 3, 736, 1312])
                 Class     Images  Instances      Box(P          R      mAP50  mAP50-95)
                   all      10000     185578      0.753      0.517      0.584      0.339

           Epoch         GPU_mem          box_om          cls_om          dfl_om          box_oo          cls_oo          dfl_oo       Instances            Size
  Epoch 34/50  Batch 1/2188 (0.0%)  | Super 104.491 (box 1.3330  cls 0.7781  dfl 1.1542)  | Base 105.451 (box 1.3342  cls 0.8181  dfl 1.1431)  | KD 8.789 (box 0.26078  cls 0.01230  dfl 0.00076  feat 0.00082)
  Epoch 34/50  Batch 219/2188 (10.0%)  | Super 104.708 (box 1.3957  cls 0.7579  dfl 1.1186)  | Base 106.227 (box 1.4124  cls 0.7941  dfl 1.1130)  | KD 6.931 (box 0.20866  cls 0.00653  dfl 0.00051  feat 0.00088)
  Epoch 34/50  Batch 437/2188 (20.0%)  | Super 109.867 (box 1.5500  cls 0.8025  dfl 1.0808)  | Base 111.766 (box 1.5773  cls 0.8333  dfl 1.0820)  | KD 9.216 (box 0.27616  cls 0.01036  dfl 0.00056  feat 0.00091)
  Epoch 34/50  Batch 655/2188 (29.9%)  | Super 97.736 (box 1.2903  cls 0.6837  dfl 1.0802)  | Base 99.699 (box 1.3046  cls 0.7344  dfl 1.0766)  | KD 6.957 (box 0.20540  cls 0.01075  dfl 0.00047  feat 0.00078)
  Epoch 34/50  Batch 873/2188 (39.9%)  | Super 107.365 (box 1.3742  cls 0.8693  dfl 1.1117)  | Base 108.766 (box 1.3831  cls 0.9014  dfl 1.1145)  | KD 8.969 (box 0.26450  cls 0.01426  dfl 0.00066  feat 0.00087)
  Epoch 34/50  Batch 1091/2188 (49.9%)  | Super 100.998 (box 1.3044  cls 0.7558  dfl 1.0960)  | Base 101.985 (box 1.3136  cls 0.7780  dfl 1.0955)  | KD 7.759 (box 0.23421  cls 0.00683  dfl 0.00062  feat 0.00080)
  Epoch 34/50  Batch 1309/2188 (59.8%)  | Super 96.791 (box 1.2501  cls 0.6905  dfl 1.0842)  | Base 97.814 (box 1.2631  cls 0.7176  dfl 1.0760)  | KD 7.587 (box 0.22802  cls 0.00755  dfl 0.00068  feat 0.00084)
  Epoch 34/50  Batch 1527/2188 (69.8%)  | Super 98.943 (box 1.3061  cls 0.7259  dfl 1.0600)  | Base 101.201 (box 1.3228  cls 0.7741  dfl 1.0656)  | KD 8.182 (box 0.23658  cls 0.01751  dfl 0.00066  feat 0.00094)
  Epoch 34/50  Batch 1745/2188 (79.8%)  | Super 101.429 (box 1.3257  cls 0.7296  dfl 1.1144)  | Base 102.794 (box 1.3327  cls 0.7719  dfl 1.1077)  | KD 7.932 (box 0.23684  cls 0.00960  dfl 0.00065  feat 0.00079)
  Epoch 34/50  Batch 1963/2188 (89.7%)  | Super 102.776 (box 1.3256  cls 0.7810  dfl 1.1051)  | Base 104.387 (box 1.3349  cls 0.8206  dfl 1.1066)  | KD 8.316 (box 0.24702  cls 0.01107  dfl 0.00066  feat 0.00114)
  Epoch 34/50  Batch 2181/2188 (99.7%)  | Super 98.689 (box 1.2802  cls 0.7188  dfl 1.0851)  | Base 100.043 (box 1.3061  cls 0.7269  dfl 1.0933)  | KD 7.867 (box 0.23538  cls 0.00882  dfl 0.00064  feat 0.00102)

================================================================================
  [Validation] Super model (skip=False)  |  Epoch 34/50
================================================================================
[*] Validation input tensor shape: torch.Size([32, 3, 736, 1312])
                 Class     Images  Instances      Box(P          R      mAP50  mAP50-95)
                   all      10000     185578      0.747      0.533      0.594      0.348

================================================================================
  [Validation] Base model  (skip=True)   |  Epoch 34/50
================================================================================
[*] Validation input tensor shape: torch.Size([32, 3, 736, 1312])
                 Class     Images  Instances      Box(P          R      mAP50  mAP50-95)
                   all      10000     185578      0.742      0.524      0.584       0.34

           Epoch         GPU_mem          box_om          cls_om          dfl_om          box_oo          cls_oo          dfl_oo       Instances            Size
  Epoch 35/50  Batch 1/2188 (0.0%)  | Super 104.283 (box 1.3336  cls 0.8064  dfl 1.1189)  | Base 107.017 (box 1.3707  cls 0.8298  dfl 1.1438)  | KD 8.390 (box 0.25357  cls 0.00720  dfl 0.00063  feat 0.00078)
  Epoch 35/50  Batch 219/2188 (10.0%)  | Super 105.166 (box 1.3940  cls 0.7669  dfl 1.1256)  | Base 106.377 (box 1.4041  cls 0.7976  dfl 1.1226)  | KD 7.127 (box 0.21262  cls 0.00872  dfl 0.00050  feat 0.00087)
  Epoch 35/50  Batch 437/2188 (20.0%)  | Super 113.228 (box 1.5674  cls 0.8140  dfl 1.1569)  | Base 113.767 (box 1.5718  cls 0.8351  dfl 1.1483)  | KD 9.145 (box 0.27704  cls 0.00722  dfl 0.00058  feat 0.00093)
  Epoch 35/50  Batch 655/2188 (29.9%)  | Super 98.140 (box 1.2940  cls 0.7033  dfl 1.0696)  | Base 98.466 (box 1.2949  cls 0.7237  dfl 1.0585)  | KD 6.827 (box 0.20428  cls 0.00775  dfl 0.00044  feat 0.00086)
  Epoch 35/50  Batch 873/2188 (39.9%)  | Super 111.027 (box 1.4309  cls 0.8806  dfl 1.1581)  | Base 111.428 (box 1.4260  cls 0.9132  dfl 1.1429)  | KD 9.354 (box 0.27568  cls 0.01508  dfl 0.00068  feat 0.00088)
  Epoch 35/50  Batch 1091/2188 (49.9%)  | Super 101.245 (box 1.3202  cls 0.7310  dfl 1.1127)  | Base 101.582 (box 1.3215  cls 0.7478  dfl 1.1051)  | KD 6.939 (box 0.20924  cls 0.00626  dfl 0.00048  feat 0.00087)
  Epoch 35/50  Batch 1309/2188 (59.8%)  | Super 97.980 (box 1.2756  cls 0.7012  dfl 1.0850)  | Base 99.557 (box 1.2807  cls 0.7497  dfl 1.0808)  | KD 7.863 (box 0.22583  cls 0.01825  dfl 0.00067  feat 0.00097)
  Epoch 35/50  Batch 1527/2188 (69.8%)  | Super 108.065 (box 1.3981  cls 0.8307  dfl 1.1483)  | Base 110.274 (box 1.4154  cls 0.8782  dfl 1.1525)  | KD 8.620 (box 0.25404  cls 0.01373  dfl 0.00069  feat 0.00092)
  Epoch 35/50  Batch 1745/2188 (79.8%)  | Super 101.005 (box 1.3322  cls 0.7268  dfl 1.0974)  | Base 102.112 (box 1.3305  cls 0.7664  dfl 1.0941)  | KD 8.035 (box 0.24226  cls 0.00723  dfl 0.00067  feat 0.00093)
  Epoch 35/50  Batch 1963/2188 (89.7%)  | Super 101.570 (box 1.3156  cls 0.7728  dfl 1.0857)  | Base 102.430 (box 1.3129  cls 0.8036  dfl 1.0845)  | KD 8.481 (box 0.25007  cls 0.01320  dfl 0.00067  feat 0.00109)
  Epoch 35/50  Batch 2181/2188 (99.7%)  | Super 105.076 (box 1.3924  cls 0.7556  dfl 1.1356)  | Base 106.988 (box 1.4185  cls 0.7804  dfl 1.1444)  | KD 7.444 (box 0.22253  cls 0.00862  dfl 0.00062  feat 0.00086)

================================================================================
  [Validation] Super model (skip=False)  |  Epoch 35/50
================================================================================
[*] Validation input tensor shape: torch.Size([32, 3, 736, 1312])
                 Class     Images  Instances      Box(P          R      mAP50  mAP50-95)
                   all      10000     185578      0.647      0.532      0.594      0.347

================================================================================
  [Validation] Base model  (skip=True)   |  Epoch 35/50
================================================================================
[*] Validation input tensor shape: torch.Size([32, 3, 736, 1312])
                 Class     Images  Instances      Box(P          R      mAP50  mAP50-95)
                   all      10000     185578      0.743      0.525      0.584       0.34

           Epoch         GPU_mem          box_om          cls_om          dfl_om          box_oo          cls_oo          dfl_oo       Instances            Size
  Epoch 36/50  Batch 1/2188 (0.0%)  | Super 107.568 (box 1.3618  cls 0.8320  dfl 1.1678)  | Base 108.751 (box 1.3698  cls 0.8658  dfl 1.1628)  | KD 7.888 (box 0.23242  cls 0.01253  dfl 0.00064  feat 0.00091)
  Epoch 36/50  Batch 219/2188 (10.0%)  | Super 102.295 (box 1.3533  cls 0.7579  dfl 1.0855)  | Base 104.289 (box 1.3819  cls 0.7879  dfl 1.0893)  | KD 7.262 (box 0.21825  cls 0.00730  dfl 0.00049  feat 0.00090)
  Epoch 36/50  Batch 437/2188 (20.0%)  | Super 114.440 (box 1.5869  cls 0.8069  dfl 1.1825)  | Base 115.519 (box 1.5911  cls 0.8356  dfl 1.1834)  | KD 8.975 (box 0.27257  cls 0.00634  dfl 0.00065  feat 0.00090)
  Epoch 36/50  Batch 655/2188 (29.9%)  | Super 94.750 (box 1.2510  cls 0.6861  dfl 1.0239)  | Base 96.539 (box 1.2691  cls 0.7163  dfl 1.0314)  | KD 6.510 (box 0.19416  cls 0.00800  dfl 0.00045  feat 0.00082)
  Epoch 36/50  Batch 873/2188 (39.9%)  | Super 111.987 (box 1.4606  cls 0.8908  dfl 1.1481)  | Base 113.909 (box 1.4820  cls 0.9320  dfl 1.1456)  | KD 8.934 (box 0.26694  cls 0.01070  dfl 0.00065  feat 0.00090)
  Epoch 36/50  Batch 1091/2188 (49.9%)  | Super 97.441 (box 1.2940  cls 0.6848  dfl 1.0663)  | Base 98.525 (box 1.2986  cls 0.7107  dfl 1.0695)  | KD 6.768 (box 0.20014  cls 0.01005  dfl 0.00049  feat 0.00082)
  Epoch 36/50  Batch 1309/2188 (59.8%)  | Super 95.000 (box 1.1785  cls 0.7116  dfl 1.0787)  | Base 96.463 (box 1.1932  cls 0.7269  dfl 1.0944)  | KD 8.228 (box 0.24903  cls 0.00660  dfl 0.00064  feat 0.00084)
  Epoch 36/50  Batch 1527/2188 (69.8%)  | Super 104.757 (box 1.3900  cls 0.7468  dfl 1.1369)  | Base 106.744 (box 1.4083  cls 0.7913  dfl 1.1362)  | KD 8.345 (box 0.23868  cls 0.02047  dfl 0.00072  feat 0.00091)
  Epoch 36/50  Batch 1745/2188 (79.8%)  | Super 97.095 (box 1.2707  cls 0.6719  dfl 1.0916)  | Base 99.875 (box 1.2984  cls 0.7261  dfl 1.0967)  | KD 8.237 (box 0.24460  cls 0.01134  dfl 0.00067  feat 0.00077)
  Epoch 36/50  Batch 1963/2188 (89.7%)  | Super 100.635 (box 1.2921  cls 0.7534  dfl 1.0994)  | Base 101.149 (box 1.2797  cls 0.7965  dfl 1.0847)  | KD 8.164 (box 0.24223  cls 0.01119  dfl 0.00066  feat 0.00104)
  Epoch 36/50  Batch 2181/2188 (99.7%)  | Super 107.111 (box 1.4281  cls 0.7499  dfl 1.1692)  | Base 108.170 (box 1.4480  cls 0.7651  dfl 1.1672)  | KD 7.394 (box 0.22109  cls 0.00834  dfl 0.00061  feat 0.00103)

================================================================================
  [Validation] Super model (skip=False)  |  Epoch 36/50
================================================================================
[*] Validation input tensor shape: torch.Size([32, 3, 736, 1312])
                 Class     Images  Instances      Box(P          R      mAP50  mAP50-95)
                   all      10000     185578      0.649       0.53      0.593      0.348

================================================================================
  [Validation] Base model  (skip=True)   |  Epoch 36/50
================================================================================
[*] Validation input tensor shape: torch.Size([32, 3, 736, 1312])
                 Class     Images  Instances      Box(P          R      mAP50  mAP50-95)
                   all      10000     185578      0.746      0.525      0.586       0.34

           Epoch         GPU_mem          box_om          cls_om          dfl_om          box_oo          cls_oo          dfl_oo       Instances            Size
  Epoch 37/50  Batch 1/2188 (0.0%)  | Super 102.692 (box 1.3096  cls 0.7784  dfl 1.1212)  | Base 103.388 (box 1.3155  cls 0.8002  dfl 1.1152)  | KD 8.219 (box 0.23948  cls 0.01589  dfl 0.00066  feat 0.00082)
  Epoch 37/50  Batch 219/2188 (10.0%)  | Super 110.290 (box 1.4642  cls 0.8117  dfl 1.1706)  | Base 111.712 (box 1.4831  cls 0.8451  dfl 1.1627)  | KD 7.438 (box 0.22386  cls 0.00705  dfl 0.00059  feat 0.00093)
  Epoch 37/50  Batch 437/2188 (20.0%)  | Super 113.743 (box 1.5628  cls 0.8550  dfl 1.1367)  | Base 114.518 (box 1.5747  cls 0.8647  dfl 1.1393)  | KD 9.004 (box 0.27382  cls 0.00612  dfl 0.00055  feat 0.00088)
  Epoch 37/50  Batch 655/2188 (29.9%)  | Super 99.730 (box 1.3036  cls 0.7296  dfl 1.0834)  | Base 100.104 (box 1.2958  cls 0.7581  dfl 1.0744)  | KD 6.615 (box 0.19688  cls 0.00851  dfl 0.00049  feat 0.00086)
  Epoch 37/50  Batch 873/2188 (39.9%)  | Super 110.968 (box 1.4129  cls 0.8849  dfl 1.1700)  | Base 111.997 (box 1.4111  cls 0.9210  dfl 1.1678)  | KD 9.696 (box 0.28607  cls 0.01538  dfl 0.00071  feat 0.00085)
  Epoch 37/50  Batch 1091/2188 (49.9%)  | Super 98.377 (box 1.2850  cls 0.7232  dfl 1.0662)  | Base 99.569 (box 1.3011  cls 0.7434  dfl 1.0671)  | KD 6.856 (box 0.20546  cls 0.00748  dfl 0.00049  feat 0.00081)
  Epoch 37/50  Batch 1309/2188 (59.8%)  | Super 97.037 (box 1.2442  cls 0.7322  dfl 1.0559)  | Base 98.469 (box 1.2601  cls 0.7554  dfl 1.0616)  | KD 8.291 (box 0.24208  cls 0.01540  dfl 0.00074  feat 0.00088)
  Epoch 37/50  Batch 1527/2188 (69.8%)  | Super 103.666 (box 1.3424  cls 0.8125  dfl 1.0847)  | Base 105.579 (box 1.3640  cls 0.8493  dfl 1.0860)  | KD 8.271 (box 0.24350  cls 0.01332  dfl 0.00070  feat 0.00096)
  Epoch 37/50  Batch 1745/2188 (79.8%)  | Super 100.135 (box 1.3064  cls 0.7379  dfl 1.0849)  | Base 100.230 (box 1.3080  cls 0.7478  dfl 1.0763)  | KD 8.424 (box 0.25376  cls 0.00810  dfl 0.00063  feat 0.00078)
  Epoch 37/50  Batch 1963/2188 (89.7%)  | Super 96.252 (box 1.2430  cls 0.7478  dfl 1.0171)  | Base 97.313 (box 1.2530  cls 0.7736  dfl 1.0144)  | KD 8.107 (box 0.24337  cls 0.00832  dfl 0.00062  feat 0.00103)
  Epoch 37/50  Batch 2181/2188 (99.7%)  | Super 105.669 (box 1.3996  cls 0.7344  dfl 1.1682)  | Base 105.805 (box 1.3994  cls 0.7535  dfl 1.1535)  | KD 7.196 (box 0.21359  cls 0.00970  dfl 0.00054  feat 0.00105)

================================================================================
  [Validation] Super model (skip=False)  |  Epoch 37/50
================================================================================
[*] Validation input tensor shape: torch.Size([32, 3, 736, 1312])
                 Class     Images  Instances      Box(P          R      mAP50  mAP50-95)
                   all      10000     185578       0.65      0.533      0.594      0.348

================================================================================
  [Validation] Base model  (skip=True)   |  Epoch 37/50
================================================================================
[*] Validation input tensor shape: torch.Size([32, 3, 736, 1312])
                 Class     Images  Instances      Box(P          R      mAP50  mAP50-95)
                   all      10000     185578      0.744      0.526      0.585       0.34

           Epoch         GPU_mem          box_om          cls_om          dfl_om          box_oo          cls_oo          dfl_oo       Instances            Size
  Epoch 38/50  Batch 1/2188 (0.0%)  | Super 101.822 (box 1.2972  cls 0.7886  dfl 1.0961)  | Base 103.675 (box 1.3193  cls 0.8133  dfl 1.1072)  | KD 7.785 (box 0.23353  cls 0.00839  dfl 0.00061  feat 0.00076)
  Epoch 38/50  Batch 219/2188 (10.0%)  | Super 105.265 (box 1.4119  cls 0.7784  dfl 1.0992)  | Base 108.053 (box 1.4496  cls 0.8281  dfl 1.0989)  | KD 8.064 (box 0.24117  cls 0.00920  dfl 0.00068  feat 0.00094)
  Epoch 38/50  Batch 437/2188 (20.0%)  | Super 113.685 (box 1.5722  cls 0.8200  dfl 1.1604)  | Base 114.831 (box 1.5779  cls 0.8521  dfl 1.1584)  | KD 8.692 (box 0.26426  cls 0.00587  dfl 0.00059  feat 0.00091)
  Epoch 38/50  Batch 655/2188 (29.9%)  | Super 96.383 (box 1.2635  cls 0.6797  dfl 1.0688)  | Base 97.238 (box 1.2638  cls 0.7167  dfl 1.0582)  | KD 7.042 (box 0.20905  cls 0.00967  dfl 0.00055  feat 0.00080)
  Epoch 38/50  Batch 873/2188 (39.9%)  | Super 108.621 (box 1.3873  cls 0.8633  dfl 1.1438)  | Base 109.168 (box 1.3859  cls 0.8970  dfl 1.1286)  | KD 9.769 (box 0.28493  cls 0.01875  dfl 0.00077  feat 0.00084)
  Epoch 38/50  Batch 1091/2188 (49.9%)  | Super 100.450 (box 1.3108  cls 0.7211  dfl 1.1072)  | Base 100.572 (box 1.3074  cls 0.7397  dfl 1.0958)  | KD 6.914 (box 0.20672  cls 0.00788  dfl 0.00055  feat 0.00091)
  Epoch 38/50  Batch 1309/2188 (59.8%)  | Super 97.943 (box 1.2659  cls 0.7134  dfl 1.0815)  | Base 99.196 (box 1.2852  cls 0.7317  dfl 1.0829)  | KD 7.791 (box 0.23226  cls 0.00966  dfl 0.00070  feat 0.00084)
  Epoch 38/50  Batch 1527/2188 (69.8%)  | Super 104.433 (box 1.3923  cls 0.7540  dfl 1.1172)  | Base 106.333 (box 1.4116  cls 0.7926  dfl 1.1187)  | KD 7.579 (box 0.21996  cls 0.01530  dfl 0.00060  feat 0.00098)
  Epoch 38/50  Batch 1745/2188 (79.8%)  | Super 102.304 (box 1.3265  cls 0.7303  dfl 1.1402)  | Base 103.723 (box 1.3446  cls 0.7563  dfl 1.1405)  | KD 8.082 (box 0.24042  cls 0.01065  dfl 0.00063  feat 0.00087)
  Epoch 38/50  Batch 1963/2188 (89.7%)  | Super 99.545 (box 1.2770  cls 0.7561  dfl 1.0777)  | Base 100.271 (box 1.2767  cls 0.7807  dfl 1.0761)  | KD 7.919 (box 0.23765  cls 0.00814  dfl 0.00065  feat 0.00103)
  Epoch 38/50  Batch 2181/2188 (99.7%)  | Super 103.731 (box 1.3592  cls 0.7372  dfl 1.1452)  | Base 104.583 (box 1.3610  cls 0.7733  dfl 1.1339)  | KD 7.012 (box 0.20933  cls 0.00815  dfl 0.00061  feat 0.00102)

================================================================================
  [Validation] Super model (skip=False)  |  Epoch 38/50
================================================================================
[*] Validation input tensor shape: torch.Size([32, 3, 736, 1312])
                 Class     Images  Instances      Box(P          R      mAP50  mAP50-95)
                   all      10000     185578       0.65      0.532      0.595      0.349

================================================================================
  [Validation] Base model  (skip=True)   |  Epoch 38/50
================================================================================
[*] Validation input tensor shape: torch.Size([32, 3, 736, 1312])
                 Class     Images  Instances      Box(P          R      mAP50  mAP50-95)
                   all      10000     185578      0.742      0.527      0.586      0.341

           Epoch         GPU_mem          box_om          cls_om          dfl_om          box_oo          cls_oo          dfl_oo       Instances            Size
  Epoch 39/50  Batch 1/2188 (0.0%)  | Super 107.055 (box 1.3811  cls 0.8182  dfl 1.1462)  | Base 110.460 (box 1.4172  cls 0.8774  dfl 1.1573)  | KD 8.258 (box 0.24362  cls 0.01280  dfl 0.00073  feat 0.00093)
  Epoch 39/50  Batch 219/2188 (10.0%)  | Super 105.391 (box 1.3863  cls 0.8040  dfl 1.1031)  | Base 107.085 (box 1.4145  cls 0.8365  dfl 1.0954)  | KD 7.981 (box 0.23848  cls 0.00946  dfl 0.00060  feat 0.00086)
  Epoch 39/50  Batch 437/2188 (20.0%)  | Super 111.920 (box 1.5320  cls 0.8473  dfl 1.1183)  | Base 113.286 (box 1.5472  cls 0.8795  dfl 1.1135)  | KD 8.810 (box 0.26590  cls 0.00796  dfl 0.00059  feat 0.00089)
  Epoch 39/50  Batch 655/2188 (29.9%)  | Super 97.856 (box 1.2932  cls 0.6881  dfl 1.0767)  | Base 98.898 (box 1.2942  cls 0.7320  dfl 1.0644)  | KD 6.876 (box 0.20404  cls 0.00959  dfl 0.00052  feat 0.00074)
  Epoch 39/50  Batch 873/2188 (39.9%)  | Super 108.262 (box 1.3611  cls 0.8485  dfl 1.1736)  | Base 109.769 (box 1.3763  cls 0.8876  dfl 1.1664)  | KD 8.991 (box 0.26856  cls 0.01083  dfl 0.00075  feat 0.00081)
  Epoch 39/50  Batch 1091/2188 (49.9%)  | Super 94.112 (box 1.2610  cls 0.6652  dfl 1.0148)  | Base 94.954 (box 1.2618  cls 0.6978  dfl 1.0077)  | KD 7.348 (box 0.21953  cls 0.00871  dfl 0.00056  feat 0.00083)
  Epoch 39/50  Batch 1309/2188 (59.8%)  | Super 98.632 (box 1.2762  cls 0.7034  dfl 1.1026)  | Base 98.773 (box 1.2679  cls 0.7279  dfl 1.0909)  | KD 7.794 (box 0.22557  cls 0.01648  dfl 0.00066  feat 0.00084)
  Epoch 39/50  Batch 1527/2188 (69.8%)  | Super 103.736 (box 1.3501  cls 0.7904  dfl 1.1013)  | Base 105.680 (box 1.3680  cls 0.8386  dfl 1.0960)  | KD 7.900 (box 0.23257  cls 0.01281  dfl 0.00060  feat 0.00089)
  Epoch 39/50  Batch 1745/2188 (79.8%)  | Super 97.507 (box 1.2894  cls 0.6908  dfl 1.0669)  | Base 97.919 (box 1.2832  cls 0.7209  dfl 1.0558)  | KD 7.945 (box 0.23837  cls 0.00847  dfl 0.00065  feat 0.00078)
  Epoch 39/50  Batch 1963/2188 (89.7%)  | Super 96.837 (box 1.2609  cls 0.7142  dfl 1.0511)  | Base 97.801 (box 1.2707  cls 0.7446  dfl 1.0411)  | KD 7.446 (box 0.22393  cls 0.00691  dfl 0.00063  feat 0.00120)
  Epoch 39/50  Batch 2181/2188 (99.7%)  | Super 100.378 (box 1.3325  cls 0.7018  dfl 1.1025)  | Base 101.744 (box 1.3410  cls 0.7399  dfl 1.0986)  | KD 7.472 (box 0.22332  cls 0.00866  dfl 0.00061  feat 0.00093)

================================================================================
  [Validation] Super model (skip=False)  |  Epoch 39/50
================================================================================
[*] Validation input tensor shape: torch.Size([32, 3, 736, 1312])
                 Class     Images  Instances      Box(P          R      mAP50  mAP50-95)
                   all      10000     185578      0.654      0.529      0.595      0.348

================================================================================
  [Validation] Base model  (skip=True)   |  Epoch 39/50
================================================================================
[*] Validation input tensor shape: torch.Size([32, 3, 736, 1312])
                 Class     Images  Instances      Box(P          R      mAP50  mAP50-95)
                   all      10000     185578      0.641      0.527      0.586      0.341

           Epoch         GPU_mem          box_om          cls_om          dfl_om          box_oo          cls_oo          dfl_oo       Instances            Size
  Epoch 40/50  Batch 1/2188 (0.0%)  | Super 99.342 (box 1.2879  cls 0.7394  dfl 1.0771)  | Base 101.272 (box 1.3021  cls 0.7892  dfl 1.0735)  | KD 8.403 (box 0.24919  cls 0.01194  dfl 0.00062  feat 0.00084)
  Epoch 40/50  Batch 219/2188 (10.0%)  | Super 108.332 (box 1.4178  cls 0.8114  dfl 1.1561)  | Base 109.779 (box 1.4242  cls 0.8569  dfl 1.1495)  | KD 7.739 (box 0.23456  cls 0.00580  dfl 0.00066  feat 0.00082)
  Epoch 40/50  Batch 437/2188 (20.0%)  | Super 112.564 (box 1.5517  cls 0.8207  dfl 1.1452)  | Base 113.824 (box 1.5750  cls 0.8369  dfl 1.1450)  | KD 8.676 (box 0.26448  cls 0.00516  dfl 0.00059  feat 0.00089)
  Epoch 40/50  Batch 655/2188 (29.9%)  | Super 96.979 (box 1.2723  cls 0.6947  dfl 1.0637)  | Base 98.046 (box 1.2792  cls 0.7313  dfl 1.0535)  | KD 6.955 (box 0.20828  cls 0.00774  dfl 0.00049  feat 0.00082)
  Epoch 40/50  Batch 873/2188 (39.9%)  | Super 110.747 (box 1.4290  cls 0.8978  dfl 1.1340)  | Base 111.829 (box 1.4317  cls 0.9279  dfl 1.1350)  | KD 9.872 (box 0.28972  cls 0.01712  dfl 0.00079  feat 0.00088)
  Epoch 40/50  Batch 1091/2188 (49.9%)  | Super 100.561 (box 1.3154  cls 0.7277  dfl 1.0994)  | Base 102.083 (box 1.3330  cls 0.7536  dfl 1.1035)  | KD 7.684 (box 0.22772  cls 0.01095  dfl 0.00063  feat 0.00081)
  Epoch 40/50  Batch 1309/2188 (59.8%)  | Super 99.477 (box 1.2771  cls 0.7248  dfl 1.1068)  | Base 100.163 (box 1.2757  cls 0.7489  dfl 1.1055)  | KD 8.050 (box 0.24253  cls 0.00741  dfl 0.00072  feat 0.00091)
  Epoch 40/50  Batch 1527/2188 (69.8%)  | Super 105.614 (box 1.3837  cls 0.7947  dfl 1.1220)  | Base 107.962 (box 1.4050  cls 0.8517  dfl 1.1171)  | KD 8.271 (box 0.24292  cls 0.01397  dfl 0.00067  feat 0.00092)
  Epoch 40/50  Batch 1745/2188 (79.8%)  | Super 101.303 (box 1.3143  cls 0.7347  dfl 1.1168)  | Base 102.677 (box 1.3191  cls 0.7751  dfl 1.1144)  | KD 8.609 (box 0.25335  cls 0.01418  dfl 0.00064  feat 0.00087)
  Epoch 40/50  Batch 1963/2188 (89.7%)  | Super 100.055 (box 1.2724  cls 0.7665  dfl 1.0879)  | Base 101.606 (box 1.2878  cls 0.7940  dfl 1.0934)  | KD 8.514 (box 0.25542  cls 0.00899  dfl 0.00072  feat 0.00092)
  Epoch 40/50  Batch 2181/2188 (99.7%)  | Super 101.987 (box 1.3334  cls 0.7375  dfl 1.1161)  | Base 102.872 (box 1.3493  cls 0.7518  dfl 1.1137)  | KD 7.871 (box 0.23274  cls 0.01156  dfl 0.00069  feat 0.00098)

================================================================================
  [Validation] Super model (skip=False)  |  Epoch 40/50
================================================================================
[*] Validation input tensor shape: torch.Size([32, 3, 736, 1312])
                 Class     Images  Instances      Box(P          R      mAP50  mAP50-95)
                   all      10000     185578      0.652      0.529      0.595      0.349

================================================================================
  [Validation] Base model  (skip=True)   |  Epoch 40/50
================================================================================
[*] Validation input tensor shape: torch.Size([32, 3, 736, 1312])
                 Class     Images  Instances      Box(P          R      mAP50  mAP50-95)
                   all      10000     185578      0.639      0.529      0.586      0.341

           Epoch         GPU_mem          box_om          cls_om          dfl_om          box_oo          cls_oo          dfl_oo       Instances            Size
  Epoch 41/50  Batch 1/2188 (0.0%)  | Super 100.419 (box 1.3076  cls 0.7327  dfl 1.0977)  | Base 102.847 (box 1.3267  cls 0.7854  dfl 1.1019)  | KD 7.364 (box 0.21764  cls 0.01119  dfl 0.00055  feat 0.00075)
  Epoch 41/50  Batch 219/2188 (10.0%)  | Super 108.534 (box 1.4669  cls 0.7858  dfl 1.1390)  | Base 110.624 (box 1.4903  cls 0.8329  dfl 1.1338)  | KD 8.010 (box 0.23904  cls 0.00980  dfl 0.00057  feat 0.00089)
  Epoch 41/50  Batch 437/2188 (20.0%)  | Super 112.134 (box 1.5486  cls 0.8252  dfl 1.1304)  | Base 111.688 (box 1.5439  cls 0.8303  dfl 1.1161)  | KD 9.045 (box 0.27387  cls 0.00729  dfl 0.00063  feat 0.00087)
  Epoch 41/50  Batch 655/2188 (29.9%)  | Super 97.893 (box 1.2972  cls 0.6854  dfl 1.0766)  | Base 99.074 (box 1.3032  cls 0.7263  dfl 1.0665)  | KD 6.876 (box 0.20629  cls 0.00722  dfl 0.00051  feat 0.00085)
  Epoch 41/50  Batch 873/2188 (39.9%)  | Super 112.987 (box 1.4610  cls 0.9030  dfl 1.1669)  | Base 114.260 (box 1.4708  cls 0.9273  dfl 1.1725)  | KD 9.203 (box 0.27529  cls 0.01065  dfl 0.00063  feat 0.00102)
  Epoch 41/50  Batch 1091/2188 (49.9%)  | Super 99.503 (box 1.3128  cls 0.7052  dfl 1.0914)  | Base 101.297 (box 1.3283  cls 0.7454  dfl 1.0919)  | KD 7.728 (box 0.22734  cls 0.01276  dfl 0.00057  feat 0.00083)
  Epoch 41/50  Batch 1309/2188 (59.8%)  | Super 98.852 (box 1.2592  cls 0.7264  dfl 1.1035)  | Base 99.913 (box 1.2722  cls 0.7448  dfl 1.1053)  | KD 7.751 (box 0.23404  cls 0.00650  dfl 0.00064  feat 0.00104)
  Epoch 41/50  Batch 1527/2188 (69.8%)  | Super 101.676 (box 1.3345  cls 0.7479  dfl 1.0950)  | Base 103.819 (box 1.3530  cls 0.8004  dfl 1.0910)  | KD 8.151 (box 0.23876  cls 0.01447  dfl 0.00062  feat 0.00088)
  Epoch 41/50  Batch 1745/2188 (79.8%)  | Super 100.090 (box 1.3000  cls 0.7287  dfl 1.0991)  | Base 102.167 (box 1.3138  cls 0.7801  dfl 1.0988)  | KD 8.216 (box 0.24615  cls 0.00914  dfl 0.00073  feat 0.00073)
  Epoch 41/50  Batch 1963/2188 (89.7%)  | Super 99.680 (box 1.2638  cls 0.7520  dfl 1.0992)  | Base 100.385 (box 1.2679  cls 0.7751  dfl 1.0940)  | KD 8.190 (box 0.24270  cls 0.01141  dfl 0.00073  feat 0.00110)
  Epoch 41/50  Batch 2181/2188 (99.7%)  | Super 100.565 (box 1.3356  cls 0.7140  dfl 1.0931)  | Base 101.051 (box 1.3397  cls 0.7212  dfl 1.0969)  | KD 6.776 (box 0.20201  cls 0.00829  dfl 0.00050  feat 0.00096)

================================================================================
  [Validation] Super model (skip=False)  |  Epoch 41/50
================================================================================
[*] Validation input tensor shape: torch.Size([32, 3, 736, 1312])
                 Class     Images  Instances      Box(P          R      mAP50  mAP50-95)
                   all      10000     185578      0.655      0.528      0.596      0.349

================================================================================
  [Validation] Base model  (skip=True)   |  Epoch 41/50
================================================================================
[*] Validation input tensor shape: torch.Size([32, 3, 736, 1312])
                 Class     Images  Instances      Box(P          R      mAP50  mAP50-95)
                   all      10000     185578      0.645      0.526      0.586      0.341

           Epoch         GPU_mem          box_om          cls_om          dfl_om          box_oo          cls_oo          dfl_oo       Instances            Size
  Epoch 42/50  Batch 1/2188 (0.0%)  | Super 108.023 (box 1.3676  cls 0.8027  dfl 1.2054)  | Base 110.068 (box 1.3861  cls 0.8533  dfl 1.2002)  | KD 8.683 (box 0.25615  cls 0.01354  dfl 0.00072  feat 0.00093)
  Epoch 42/50  Batch 219/2188 (10.0%)  | Super 105.119 (box 1.4015  cls 0.7725  dfl 1.1110)  | Base 106.607 (box 1.4199  cls 0.8058  dfl 1.1059)  | KD 7.404 (box 0.21512  cls 0.01481  dfl 0.00054  feat 0.00091)
  Epoch 42/50  Batch 437/2188 (20.0%)  | Super 116.487 (box 1.5980  cls 0.8498  dfl 1.1924)  | Base 118.275 (box 1.6144  cls 0.8877  dfl 1.1940)  | KD 9.573 (box 0.28974  cls 0.00752  dfl 0.00067  feat 0.00124)
  Epoch 42/50  Batch 655/2188 (29.9%)  | Super 98.312 (box 1.2941  cls 0.7059  dfl 1.0723)  | Base 98.047 (box 1.2916  cls 0.7089  dfl 1.0635)  | KD 6.718 (box 0.19898  cls 0.00966  dfl 0.00049  feat 0.00080)
  Epoch 42/50  Batch 873/2188 (39.9%)  | Super 105.581 (box 1.3689  cls 0.7806  dfl 1.1499)  | Base 107.337 (box 1.3881  cls 0.8354  dfl 1.1308)  | KD 8.401 (box 0.25001  cls 0.01102  dfl 0.00065  feat 0.00085)
  Epoch 42/50  Batch 1091/2188 (49.9%)  | Super 97.945 (box 1.2854  cls 0.6987  dfl 1.0767)  | Base 98.897 (box 1.2928  cls 0.7259  dfl 1.0719)  | KD 7.671 (box 0.23110  cls 0.00721  dfl 0.00052  feat 0.00088)
  Epoch 42/50  Batch 1309/2188 (59.8%)  | Super 100.801 (box 1.3056  cls 0.7163  dfl 1.1281)  | Base 102.373 (box 1.3144  cls 0.7485  dfl 1.1362)  | KD 9.198 (box 0.26629  cls 0.01954  dfl 0.00074  feat 0.00088)
  Epoch 42/50  Batch 1527/2188 (69.8%)  | Super 104.194 (box 1.3768  cls 0.7617  dfl 1.1176)  | Base 106.610 (box 1.3933  cls 0.8234  dfl 1.1148)  | KD 7.853 (box 0.22936  cls 0.01449  dfl 0.00064  feat 0.00090)
  Epoch 42/50  Batch 1745/2188 (79.8%)  | Super 102.313 (box 1.3420  cls 0.7426  dfl 1.1127)  | Base 104.290 (box 1.3633  cls 0.7803  dfl 1.1154)  | KD 9.055 (box 0.26321  cls 0.01804  dfl 0.00071  feat 0.00101)
  Epoch 42/50  Batch 1963/2188 (89.7%)  | Super 101.076 (box 1.3177  cls 0.7563  dfl 1.0846)  | Base 101.485 (box 1.3161  cls 0.7847  dfl 1.0706)  | KD 7.576 (box 0.22811  cls 0.00706  dfl 0.00055  feat 0.00103)
  Epoch 42/50  Batch 2181/2188 (99.7%)  | Super 101.560 (box 1.3411  cls 0.7075  dfl 1.1251)  | Base 102.653 (box 1.3554  cls 0.7364  dfl 1.1162)  | KD 7.449 (box 0.22057  cls 0.01054  dfl 0.00058  feat 0.00108)

================================================================================
  [Validation] Super model (skip=False)  |  Epoch 42/50
================================================================================
[*] Validation input tensor shape: torch.Size([32, 3, 736, 1312])
                 Class     Images  Instances      Box(P          R      mAP50  mAP50-95)
                   all      10000     185578      0.651      0.533      0.596       0.35

================================================================================
  [Validation] Base model  (skip=True)   |  Epoch 42/50
================================================================================
[*] Validation input tensor shape: torch.Size([32, 3, 736, 1312])
                 Class     Images  Instances      Box(P          R      mAP50  mAP50-95)
                   all      10000     185578      0.643      0.529      0.587      0.342

           Epoch         GPU_mem          box_om          cls_om          dfl_om          box_oo          cls_oo          dfl_oo       Instances            Size
  Epoch 43/50  Batch 1/2188 (0.0%)  | Super 104.782 (box 1.3550  cls 0.7674  dfl 1.1520)  | Base 107.025 (box 1.3721  cls 0.8145  dfl 1.1579)  | KD 7.942 (box 0.23430  cls 0.01233  dfl 0.00058  feat 0.00098)
  Epoch 43/50  Batch 219/2188 (10.0%)  | Super 107.489 (box 1.4233  cls 0.8056  dfl 1.1302)  | Base 108.488 (box 1.4331  cls 0.8409  dfl 1.1162)  | KD 7.791 (box 0.23213  cls 0.00981  dfl 0.00064  feat 0.00087)
  Epoch 43/50  Batch 437/2188 (20.0%)  | Super 110.939 (box 1.5399  cls 0.7835  dfl 1.1434)  | Base 112.432 (box 1.5542  cls 0.8203  dfl 1.1390)  | KD 7.967 (box 0.24005  cls 0.00734  dfl 0.00054  feat 0.00103)
  Epoch 43/50  Batch 655/2188 (29.9%)  | Super 99.071 (box 1.3018  cls 0.7084  dfl 1.0857)  | Base 99.332 (box 1.2878  cls 0.7453  dfl 1.0711)  | KD 7.253 (box 0.21668  cls 0.00850  dfl 0.00054  feat 0.00095)
  Epoch 43/50  Batch 873/2188 (39.9%)  | Super 109.875 (box 1.4435  cls 0.8098  dfl 1.1804)  | Base 111.308 (box 1.4488  cls 0.8553  dfl 1.1743)  | KD 8.837 (box 0.26470  cls 0.00989  dfl 0.00067  feat 0.00089)
  Epoch 43/50  Batch 1091/2188 (49.9%)  | Super 97.708 (box 1.2787  cls 0.7050  dfl 1.0697)  | Base 99.108 (box 1.3024  cls 0.7246  dfl 1.0701)  | KD 7.080 (box 0.21029  cls 0.00972  dfl 0.00052  feat 0.00071)
  Epoch 43/50  Batch 1309/2188 (59.8%)  | Super 98.749 (box 1.2541  cls 0.7534  dfl 1.0784)  | Base 99.600 (box 1.2677  cls 0.7663  dfl 1.0786)  | KD 8.001 (box 0.23924  cls 0.00924  dfl 0.00071  feat 0.00084)
  Epoch 43/50  Batch 1527/2188 (69.8%)  | Super 105.638 (box 1.3497  cls 0.8102  dfl 1.1413)  | Base 108.391 (box 1.3634  cls 0.8792  dfl 1.1447)  | KD 9.111 (box 0.26371  cls 0.01933  dfl 0.00073  feat 0.00096)
  Epoch 43/50  Batch 1745/2188 (79.8%)  | Super 101.293 (box 1.3281  cls 0.7605  dfl 1.0769)  | Base 103.596 (box 1.3498  cls 0.8021  dfl 1.0854)  | KD 8.580 (box 0.25620  cls 0.01040  dfl 0.00068  feat 0.00083)
  Epoch 43/50  Batch 1963/2188 (89.7%)  | Super 99.644 (box 1.2725  cls 0.7569  dfl 1.0844)  | Base 102.012 (box 1.2984  cls 0.8002  dfl 1.0893)  | KD 7.796 (box 0.23418  cls 0.00767  dfl 0.00069  feat 0.00109)
  Epoch 43/50  Batch 2181/2188 (99.7%)  | Super 100.510 (box 1.3101  cls 0.7131  dfl 1.1177)  | Base 101.912 (box 1.3309  cls 0.7410  dfl 1.1128)  | KD 7.261 (box 0.21720  cls 0.00815  dfl 0.00053  feat 0.00102)

================================================================================
  [Validation] Super model (skip=False)  |  Epoch 43/50
================================================================================
[*] Validation input tensor shape: torch.Size([32, 3, 736, 1312])
                 Class     Images  Instances      Box(P          R      mAP50  mAP50-95)
                   all      10000     185578      0.653      0.532      0.596       0.35

================================================================================
  [Validation] Base model  (skip=True)   |  Epoch 43/50
================================================================================
[*] Validation input tensor shape: torch.Size([32, 3, 736, 1312])
                 Class     Images  Instances      Box(P          R      mAP50  mAP50-95)
                   all      10000     185578      0.643       0.53      0.587      0.342

           Epoch         GPU_mem          box_om          cls_om          dfl_om          box_oo          cls_oo          dfl_oo       Instances            Size
  Epoch 44/50  Batch 1/2188 (0.0%)  | Super 104.277 (box 1.3582  cls 0.7681  dfl 1.1324)  | Base 106.862 (box 1.3897  cls 0.8165  dfl 1.1332)  | KD 8.430 (box 0.24955  cls 0.01238  dfl 0.00066  feat 0.00084)
  Epoch 44/50  Batch 219/2188 (10.0%)  | Super 101.588 (box 1.3339  cls 0.7495  dfl 1.0912)  | Base 103.877 (box 1.3614  cls 0.7893  dfl 1.0954)  | KD 7.358 (box 0.21910  cls 0.00943  dfl 0.00059  feat 0.00083)
  Epoch 44/50  Batch 437/2188 (20.0%)  | Super 111.673 (box 1.5260  cls 0.8382  dfl 1.1256)  | Base 113.149 (box 1.5428  cls 0.8649  dfl 1.1281)  | KD 8.573 (box 0.25824  cls 0.00810  dfl 0.00064  feat 0.00092)
  Epoch 44/50  Batch 655/2188 (29.9%)  | Super 96.521 (box 1.3116  cls 0.6642  dfl 1.0405)  | Base 98.475 (box 1.3275  cls 0.7044  dfl 1.0455)  | KD 7.129 (box 0.21125  cls 0.01027  dfl 0.00051  feat 0.00076)
  Epoch 44/50  Batch 873/2188 (39.9%)  | Super 108.674 (box 1.3869  cls 0.8492  dfl 1.1599)  | Base 109.152 (box 1.3820  cls 0.8763  dfl 1.1527)  | KD 8.721 (box 0.26018  cls 0.01079  dfl 0.00063  feat 0.00092)
  Epoch 44/50  Batch 1091/2188 (49.9%)  | Super 94.931 (box 1.2719  cls 0.6669  dfl 1.0278)  | Base 96.803 (box 1.2843  cls 0.7178  dfl 1.0229)  | KD 7.345 (box 0.22001  cls 0.00815  dfl 0.00060  feat 0.00077)
  Epoch 44/50  Batch 1309/2188 (59.8%)  | Super 99.719 (box 1.2945  cls 0.7194  dfl 1.1023)  | Base 101.087 (box 1.2922  cls 0.7672  dfl 1.0996)  | KD 8.341 (box 0.24572  cls 0.01341  dfl 0.00063  feat 0.00089)
  Epoch 44/50  Batch 1527/2188 (69.8%)  | Super 97.928 (box 1.3100  cls 0.7154  dfl 1.0348)  | Base 99.529 (box 1.3169  cls 0.7609  dfl 1.0325)  | KD 8.816 (box 0.25389  cls 0.01995  dfl 0.00074  feat 0.00093)
  Epoch 44/50  Batch 1745/2188 (79.8%)  | Super 101.293 (box 1.3290  cls 0.7216  dfl 1.1148)  | Base 101.875 (box 1.3303  cls 0.7511  dfl 1.1022)  | KD 8.964 (box 0.26659  cls 0.01197  dfl 0.00079  feat 0.00078)
  Epoch 44/50  Batch 1963/2188 (89.7%)  | Super 98.582 (box 1.2671  cls 0.7505  dfl 1.0631)  | Base 100.097 (box 1.2815  cls 0.7955  dfl 1.0510)  | KD 8.704 (box 0.25965  cls 0.01058  dfl 0.00068  feat 0.00109)
  Epoch 44/50  Batch 2181/2188 (99.7%)  | Super 101.646 (box 1.3586  cls 0.7207  dfl 1.0971)  | Base 102.442 (box 1.3594  cls 0.7520  dfl 1.0899)  | KD 6.918 (box 0.20404  cls 0.01062  dfl 0.00054  feat 0.00099)

================================================================================
  [Validation] Super model (skip=False)  |  Epoch 44/50
================================================================================
[*] Validation input tensor shape: torch.Size([32, 3, 736, 1312])
                 Class     Images  Instances      Box(P          R      mAP50  mAP50-95)
                   all      10000     185578       0.65      0.535      0.596       0.35

================================================================================
  [Validation] Base model  (skip=True)   |  Epoch 44/50
================================================================================
[*] Validation input tensor shape: torch.Size([32, 3, 736, 1312])
                 Class     Images  Instances      Box(P          R      mAP50  mAP50-95)
                   all      10000     185578      0.644       0.53      0.587      0.342

           Epoch         GPU_mem          box_om          cls_om          dfl_om          box_oo          cls_oo          dfl_oo       Instances            Size
  Epoch 45/50  Batch 1/2188 (0.0%)  | Super 106.354 (box 1.3727  cls 0.7870  dfl 1.1639)  | Base 108.787 (box 1.4060  cls 0.8278  dfl 1.1658)  | KD 8.785 (box 0.25584  cls 0.01717  dfl 0.00065  feat 0.00087)
  Epoch 45/50  Batch 219/2188 (10.0%)  | Super 104.556 (box 1.4051  cls 0.7385  dfl 1.1237)  | Base 106.019 (box 1.4170  cls 0.7753  dfl 1.1208)  | KD 7.186 (box 0.21275  cls 0.01050  dfl 0.00054  feat 0.00078)
  Epoch 45/50  Batch 437/2188 (20.0%)  | Super 111.085 (box 1.5358  cls 0.7931  dfl 1.1424)  | Base 112.291 (box 1.5500  cls 0.8249  dfl 1.1341)  | KD 8.707 (box 0.26519  cls 0.00546  dfl 0.00060  feat 0.00084)
  Epoch 45/50  Batch 655/2188 (29.9%)  | Super 101.543 (box 1.3208  cls 0.7270  dfl 1.1253)  | Base 102.623 (box 1.3295  cls 0.7655  dfl 1.1120)  | KD 7.137 (box 0.21350  cls 0.00789  dfl 0.00055  feat 0.00109)
  Epoch 45/50  Batch 873/2188 (39.9%)  | Super 109.771 (box 1.4103  cls 0.8592  dfl 1.1609)  | Base 110.507 (box 1.4116  cls 0.8909  dfl 1.1508)  | KD 8.455 (box 0.24986  cls 0.01270  dfl 0.00063  feat 0.00102)
  Epoch 45/50  Batch 1091/2188 (49.9%)  | Super 99.657 (box 1.3175  cls 0.7316  dfl 1.0652)  | Base 100.645 (box 1.3275  cls 0.7554  dfl 1.0622)  | KD 7.067 (box 0.20998  cls 0.00963  dfl 0.00052  feat 0.00073)
  Epoch 45/50  Batch 1309/2188 (59.8%)  | Super 95.975 (box 1.2176  cls 0.6855  dfl 1.0961)  | Base 96.666 (box 1.2234  cls 0.7071  dfl 1.0903)  | KD 7.553 (box 0.22575  cls 0.00879  dfl 0.00062  feat 0.00086)
  Epoch 45/50  Batch 1527/2188 (69.8%)  | Super 105.671 (box 1.3990  cls 0.7634  dfl 1.1398)  | Base 107.337 (box 1.4183  cls 0.7989  dfl 1.1370)  | KD 8.946 (box 0.25424  cls 0.02364  dfl 0.00072  feat 0.00096)
  Epoch 45/50  Batch 1745/2188 (79.8%)  | Super 99.350 (box 1.2704  cls 0.7322  dfl 1.1021)  | Base 102.417 (box 1.3171  cls 0.7758  dfl 1.1076)  | KD 9.428 (box 0.28408  cls 0.00893  dfl 0.00078  feat 0.00085)
  Epoch 45/50  Batch 1963/2188 (89.7%)  | Super 100.769 (box 1.3150  cls 0.7443  dfl 1.0898)  | Base 103.174 (box 1.3474  cls 0.7816  dfl 1.0951)  | KD 9.521 (box 0.28535  cls 0.01026  dfl 0.00078  feat 0.00115)
  Epoch 45/50  Batch 2181/2188 (99.7%)  | Super 100.404 (box 1.3351  cls 0.6811  dfl 1.1215)  | Base 101.632 (box 1.3478  cls 0.7058  dfl 1.1224)  | KD 6.378 (box 0.19050  cls 0.00749  dfl 0.00049  feat 0.00083)

================================================================================
  [Validation] Super model (skip=False)  |  Epoch 45/50
================================================================================
[*] Validation input tensor shape: torch.Size([32, 3, 736, 1312])
                 Class     Images  Instances      Box(P          R      mAP50  mAP50-95)
                   all      10000     185578      0.651      0.534      0.597       0.35

================================================================================
  [Validation] Base model  (skip=True)   |  Epoch 45/50
================================================================================
[*] Validation input tensor shape: torch.Size([32, 3, 736, 1312])
                 Class     Images  Instances      Box(P          R      mAP50  mAP50-95)
                   all      10000     185578      0.646      0.528      0.588      0.342

           Epoch         GPU_mem          box_om          cls_om          dfl_om          box_oo          cls_oo          dfl_oo       Instances            Size
  Epoch 46/50  Batch 1/2188 (0.0%)  | Super 100.673 (box 1.2956  cls 0.7297  dfl 1.1207)  | Base 101.794 (box 1.3045  cls 0.7724  dfl 1.1041)  | KD 7.784 (box 0.23046  cls 0.01124  dfl 0.00058  feat 0.00097)
  Epoch 46/50  Batch 219/2188 (10.0%)  | Super 106.102 (box 1.4108  cls 0.8040  dfl 1.1009)  | Base 107.154 (box 1.4096  cls 0.8393  dfl 1.0996)  | KD 7.460 (box 0.22172  cls 0.00995  dfl 0.00058  feat 0.00087)
  Epoch 46/50  Batch 437/2188 (20.0%)  | Super 109.622 (box 1.5131  cls 0.7913  dfl 1.1214)  | Base 110.673 (box 1.5299  cls 0.8139  dfl 1.1147)  | KD 8.220 (box 0.24735  cls 0.00801  dfl 0.00054  feat 0.00099)
  Epoch 46/50  Batch 655/2188 (29.9%)  | Super 98.105 (box 1.2916  cls 0.7006  dfl 1.0736)  | Base 98.691 (box 1.2862  cls 0.7403  dfl 1.0577)  | KD 7.178 (box 0.20685  cls 0.01617  dfl 0.00050  feat 0.00081)
  Epoch 46/50  Batch 873/2188 (39.9%)  | Super 108.967 (box 1.4082  cls 0.8400  dfl 1.1570)  | Base 110.613 (box 1.4321  cls 0.8756  dfl 1.1490)  | KD 9.549 (box 0.27591  cls 0.02090  dfl 0.00069  feat 0.00092)
  Epoch 46/50  Batch 1091/2188 (49.9%)  | Super 98.195 (box 1.2959  cls 0.7002  dfl 1.0726)  | Base 98.578 (box 1.2973  cls 0.7183  dfl 1.0650)  | KD 7.370 (box 0.22067  cls 0.00829  dfl 0.00053  feat 0.00081)
  Epoch 46/50  Batch 1309/2188 (59.8%)  | Super 97.828 (box 1.2570  cls 0.7048  dfl 1.0953)  | Base 99.324 (box 1.2655  cls 0.7436  dfl 1.0948)  | KD 8.044 (box 0.23645  cls 0.01352  dfl 0.00059  feat 0.00081)
  Epoch 46/50  Batch 1527/2188 (69.8%)  | Super 104.236 (box 1.3967  cls 0.7515  dfl 1.1092)  | Base 105.421 (box 1.3925  cls 0.7941  dfl 1.1077)  | KD 7.671 (box 0.22180  cls 0.01653  dfl 0.00057  feat 0.00083)
  Epoch 46/50  Batch 1745/2188 (79.8%)  | Super 98.956 (box 1.2946  cls 0.7083  dfl 1.0894)  | Base 100.373 (box 1.3094  cls 0.7384  dfl 1.0889)  | KD 8.330 (box 0.24799  cls 0.01074  dfl 0.00076  feat 0.00083)
  Epoch 46/50  Batch 1963/2188 (89.7%)  | Super 103.753 (box 1.3175  cls 0.8022  dfl 1.1226)  | Base 104.766 (box 1.3215  cls 0.8392  dfl 1.1132)  | KD 8.079 (box 0.24343  cls 0.00732  dfl 0.00065  feat 0.00105)
  Epoch 46/50  Batch 2181/2188 (99.7%)  | Super 103.018 (box 1.3485  cls 0.7042  dfl 1.1666)  | Base 103.990 (box 1.3599  cls 0.7398  dfl 1.1500)  | KD 7.478 (box 0.22323  cls 0.00895  dfl 0.00053  feat 0.00099)

================================================================================
  [Validation] Super model (skip=False)  |  Epoch 46/50
================================================================================
[*] Validation input tensor shape: torch.Size([32, 3, 736, 1312])
                 Class     Images  Instances      Box(P          R      mAP50  mAP50-95)
                   all      10000     185578      0.651      0.535      0.597      0.349

================================================================================
  [Validation] Base model  (skip=True)   |  Epoch 46/50
================================================================================
[*] Validation input tensor shape: torch.Size([32, 3, 736, 1312])
                 Class     Images  Instances      Box(P          R      mAP50  mAP50-95)
                   all      10000     185578      0.647      0.528      0.588      0.342

           Epoch         GPU_mem          box_om          cls_om          dfl_om          box_oo          cls_oo          dfl_oo       Instances            Size
  Epoch 47/50  Batch 1/2188 (0.0%)  | Super 102.993 (box 1.3407  cls 0.7444  dfl 1.1334)  | Base 104.833 (box 1.3562  cls 0.7959  dfl 1.1240)  | KD 8.336 (box 0.24724  cls 0.01161  dfl 0.00080  feat 0.00087)
  Epoch 47/50  Batch 219/2188 (10.0%)  | Super 107.975 (box 1.4343  cls 0.8122  dfl 1.1277)  | Base 109.702 (box 1.4436  cls 0.8508  dfl 1.1337)  | KD 8.568 (box 0.24809  cls 0.01798  dfl 0.00076  feat 0.00093)
  Epoch 47/50  Batch 437/2188 (20.0%)  | Super 112.568 (box 1.5338  cls 0.8521  dfl 1.1318)  | Base 113.110 (box 1.5451  cls 0.8652  dfl 1.1244)  | KD 9.246 (box 0.27925  cls 0.00825  dfl 0.00062  feat 0.00080)
  Epoch 47/50  Batch 655/2188 (29.9%)  | Super 96.877 (box 1.2821  cls 0.6805  dfl 1.0649)  | Base 97.759 (box 1.2925  cls 0.7008  dfl 1.0616)  | KD 6.854 (box 0.20359  cls 0.00920  dfl 0.00047  feat 0.00093)
  Epoch 47/50  Batch 873/2188 (39.9%)  | Super 109.655 (box 1.4219  cls 0.8426  dfl 1.1623)  | Base 110.392 (box 1.4285  cls 0.8732  dfl 1.1481)  | KD 8.786 (box 0.25899  cls 0.01405  dfl 0.00068  feat 0.00084)
  Epoch 47/50  Batch 1091/2188 (49.9%)  | Super 96.912 (box 1.2748  cls 0.6919  dfl 1.0618)  | Base 99.106 (box 1.2964  cls 0.7378  dfl 1.0629)  | KD 7.126 (box 0.21516  cls 0.00609  dfl 0.00053  feat 0.00090)
  Epoch 47/50  Batch 1309/2188 (59.8%)  | Super 99.347 (box 1.2869  cls 0.7143  dfl 1.1034)  | Base 100.618 (box 1.2834  cls 0.7566  dfl 1.1044)  | KD 8.218 (box 0.24681  cls 0.00823  dfl 0.00083  feat 0.00095)
  Epoch 47/50  Batch 1527/2188 (69.8%)  | Super 102.900 (box 1.3501  cls 0.7686  dfl 1.0969)  | Base 106.191 (box 1.3860  cls 0.8288  dfl 1.1036)  | KD 8.433 (box 0.23954  cls 0.02239  dfl 0.00075  feat 0.00085)
  Epoch 47/50  Batch 1745/2188 (79.8%)  | Super 102.633 (box 1.3528  cls 0.7476  dfl 1.1069)  | Base 103.299 (box 1.3537  cls 0.7697  dfl 1.1048)  | KD 7.911 (box 0.23797  cls 0.00772  dfl 0.00064  feat 0.00089)
  Epoch 47/50  Batch 1963/2188 (89.7%)  | Super 96.623 (box 1.2390  cls 0.7136  dfl 1.0669)  | Base 99.240 (box 1.2740  cls 0.7531  dfl 1.0741)  | KD 7.280 (box 0.21953  cls 0.00624  dfl 0.00060  feat 0.00115)
  Epoch 47/50  Batch 2181/2188 (99.7%)  | Super 105.474 (box 1.3891  cls 0.7348  dfl 1.1722)  | Base 106.515 (box 1.4011  cls 0.7567  dfl 1.1708)  | KD 7.136 (box 0.21475  cls 0.00664  dfl 0.00056  feat 0.00104)

================================================================================
  [Validation] Super model (skip=False)  |  Epoch 47/50
================================================================================
[*] Validation input tensor shape: torch.Size([32, 3, 736, 1312])
                 Class     Images  Instances      Box(P          R      mAP50  mAP50-95)
                   all      10000     185578      0.648      0.535      0.596      0.349

================================================================================
  [Validation] Base model  (skip=True)   |  Epoch 47/50
================================================================================
[*] Validation input tensor shape: torch.Size([32, 3, 736, 1312])
                 Class     Images  Instances      Box(P          R      mAP50  mAP50-95)
                   all      10000     185578      0.646      0.528      0.588      0.342

           Epoch         GPU_mem          box_om          cls_om          dfl_om          box_oo          cls_oo          dfl_oo       Instances            Size
  Epoch 48/50  Batch 1/2188 (0.0%)  | Super 101.425 (box 1.3397  cls 0.7387  dfl 1.0911)  | Base 103.860 (box 1.3554  cls 0.7845  dfl 1.1057)  | KD 7.712 (box 0.22844  cls 0.01115  dfl 0.00059  feat 0.00081)
  Epoch 48/50  Batch 219/2188 (10.0%)  | Super 108.776 (box 1.4511  cls 0.8069  dfl 1.1413)  | Base 110.436 (box 1.4646  cls 0.8500  dfl 1.1365)  | KD 7.430 (box 0.22317  cls 0.00746  dfl 0.00058  feat 0.00098)
  Epoch 48/50  Batch 437/2188 (20.0%)  | Super 110.357 (box 1.5116  cls 0.7827  dfl 1.1543)  | Base 111.231 (box 1.5249  cls 0.8017  dfl 1.1493)  | KD 8.848 (box 0.26947  cls 0.00555  dfl 0.00062  feat 0.00085)
  Epoch 48/50  Batch 655/2188 (29.9%)  | Super 96.764 (box 1.2967  cls 0.6753  dfl 1.0519)  | Base 98.150 (box 1.3031  cls 0.7127  dfl 1.0514)  | KD 7.162 (box 0.21177  cls 0.01068  dfl 0.00055  feat 0.00081)
  Epoch 48/50  Batch 873/2188 (39.9%)  | Super 107.429 (box 1.3722  cls 0.8539  dfl 1.1311)  | Base 109.098 (box 1.3879  cls 0.8969  dfl 1.1245)  | KD 9.680 (box 0.27955  cls 0.02139  dfl 0.00068  feat 0.00086)
  Epoch 48/50  Batch 1091/2188 (49.9%)  | Super 97.679 (box 1.2939  cls 0.6901  dfl 1.0684)  | Base 99.121 (box 1.3019  cls 0.7240  dfl 1.0716)  | KD 7.663 (box 0.23256  cls 0.00552  dfl 0.00056  feat 0.00083)
  Epoch 48/50  Batch 1309/2188 (59.8%)  | Super 97.957 (box 1.2580  cls 0.7108  dfl 1.0923)  | Base 98.843 (box 1.2635  cls 0.7400  dfl 1.0853)  | KD 7.774 (box 0.22383  cls 0.01771  dfl 0.00062  feat 0.00079)
  Epoch 48/50  Batch 1527/2188 (69.8%)  | Super 103.704 (box 1.3761  cls 0.7595  dfl 1.1051)  | Base 105.831 (box 1.3950  cls 0.8069  dfl 1.1053)  | KD 8.570 (box 0.24577  cls 0.02055  dfl 0.00063  feat 0.00086)
  Epoch 48/50  Batch 1745/2188 (79.8%)  | Super 99.638 (box 1.2944  cls 0.7273  dfl 1.0919)  | Base 101.217 (box 1.3070  cls 0.7670  dfl 1.0890)  | KD 7.902 (box 0.23780  cls 0.00758  dfl 0.00064  feat 0.00091)
  Epoch 48/50  Batch 1963/2188 (89.7%)  | Super 98.811 (box 1.2636  cls 0.7252  dfl 1.0990)  | Base 100.260 (box 1.2703  cls 0.7672  dfl 1.0957)  | KD 7.481 (box 0.22491  cls 0.00706  dfl 0.00063  feat 0.00118)
  Epoch 48/50  Batch 2181/2188 (99.7%)  | Super 107.697 (box 1.4077  cls 0.7331  dfl 1.2248)  | Base 108.880 (box 1.4272  cls 0.7645  dfl 1.2107)  | KD 7.524 (box 0.22392  cls 0.00954  dfl 0.00053  feat 0.00113)

================================================================================
  [Validation] Super model (skip=False)  |  Epoch 48/50
================================================================================
[*] Validation input tensor shape: torch.Size([32, 3, 736, 1312])
                 Class     Images  Instances      Box(P          R      mAP50  mAP50-95)
                   all      10000     185578      0.649      0.535      0.596      0.349

================================================================================
  [Validation] Base model  (skip=True)   |  Epoch 48/50
================================================================================
[*] Validation input tensor shape: torch.Size([32, 3, 736, 1312])
                 Class     Images  Instances      Box(P          R      mAP50  mAP50-95)
                   all      10000     185578      0.646      0.528      0.588      0.342

           Epoch         GPU_mem          box_om          cls_om          dfl_om          box_oo          cls_oo          dfl_oo       Instances            Size
  Epoch 49/50  Batch 1/2188 (0.0%)  | Super 103.123 (box 1.3263  cls 0.7528  dfl 1.1435)  | Base 105.082 (box 1.3408  cls 0.7962  dfl 1.1468)  | KD 8.105 (box 0.23640  cls 0.01531  dfl 0.00064  feat 0.00091)
  Epoch 49/50  Batch 219/2188 (10.0%)  | Super 106.339 (box 1.4342  cls 0.7589  dfl 1.1300)  | Base 107.371 (box 1.4487  cls 0.7847  dfl 1.1219)  | KD 7.351 (box 0.21941  cls 0.00892  dfl 0.00060  feat 0.00080)
  Epoch 49/50  Batch 437/2188 (20.0%)  | Super 111.587 (box 1.5442  cls 0.7946  dfl 1.1482)  | Base 113.422 (box 1.5634  cls 0.8399  dfl 1.1412)  | KD 8.756 (box 0.26483  cls 0.00719  dfl 0.00059  feat 0.00101)
  Epoch 49/50  Batch 655/2188 (29.9%)  | Super 96.884 (box 1.3084  cls 0.6483  dfl 1.0710)  | Base 96.867 (box 1.3020  cls 0.6658  dfl 1.0593)  | KD 7.129 (box 0.21302  cls 0.00849  dfl 0.00052  feat 0.00076)
  Epoch 49/50  Batch 873/2188 (39.9%)  | Super 112.943 (box 1.4287  cls 0.9183  dfl 1.1824)  | Base 113.406 (box 1.4286  cls 0.9423  dfl 1.1731)  | KD 9.053 (box 0.26982  cls 0.01153  dfl 0.00069  feat 0.00086)
  Epoch 49/50  Batch 1091/2188 (49.9%)  | Super 94.427 (box 1.2500  cls 0.6683  dfl 1.0325)  | Base 95.176 (box 1.2538  cls 0.6926  dfl 1.0278)  | KD 7.179 (box 0.21451  cls 0.00849  dfl 0.00055  feat 0.00080)
  Epoch 49/50  Batch 1309/2188 (59.8%)  | Super 97.339 (box 1.2636  cls 0.7227  dfl 1.0555)  | Base 99.743 (box 1.2921  cls 0.7485  dfl 1.0763)  | KD 8.374 (box 0.25043  cls 0.00973  dfl 0.00070  feat 0.00081)
  Epoch 49/50  Batch 1527/2188 (69.8%)  | Super 106.581 (box 1.3990  cls 0.7959  dfl 1.1358)  | Base 109.106 (box 1.4332  cls 0.8282  dfl 1.1482)  | KD 8.165 (box 0.24395  cls 0.00951  dfl 0.00084  feat 0.00087)
  Epoch 49/50  Batch 1745/2188 (79.8%)  | Super 96.709 (box 1.2698  cls 0.6978  dfl 1.0545)  | Base 99.099 (box 1.3033  cls 0.7350  dfl 1.0586)  | KD 8.775 (box 0.26293  cls 0.00973  dfl 0.00076  feat 0.00080)
  Epoch 49/50  Batch 1963/2188 (89.7%)  | Super 101.518 (box 1.2899  cls 0.7708  dfl 1.1117)  | Base 102.731 (box 1.2998  cls 0.8017  dfl 1.1089)  | KD 8.936 (box 0.26235  cls 0.01518  dfl 0.00068  feat 0.00104)
  Epoch 49/50  Batch 2181/2188 (99.7%)  | Super 102.397 (box 1.3634  cls 0.6896  dfl 1.1470)  | Base 102.893 (box 1.3685  cls 0.7065  dfl 1.1404)  | KD 7.053 (box 0.21007  cls 0.00890  dfl 0.00058  feat 0.00086)

================================================================================
  [Validation] Super model (skip=False)  |  Epoch 49/50
================================================================================
[*] Validation input tensor shape: torch.Size([32, 3, 736, 1312])
                 Class     Images  Instances      Box(P          R      mAP50  mAP50-95)
                   all      10000     185578      0.651      0.533      0.596      0.349

================================================================================
  [Validation] Base model  (skip=True)   |  Epoch 49/50
================================================================================
[*] Validation input tensor shape: torch.Size([32, 3, 736, 1312])
                 Class     Images  Instances      Box(P          R      mAP50  mAP50-95)
                   all      10000     185578      0.645      0.528      0.588      0.342

           Epoch         GPU_mem          box_om          cls_om          dfl_om          box_oo          cls_oo          dfl_oo       Instances            Size
  Epoch 50/50  Batch 1/2188 (0.0%)  | Super 102.965 (box 1.3153  cls 0.7733  dfl 1.1291)  | Base 106.243 (box 1.3468  cls 0.8321  dfl 1.1412)  | KD 8.549 (box 0.24498  cls 0.02049  dfl 0.00077  feat 0.00091)
  Epoch 50/50  Batch 219/2188 (10.0%)  | Super 102.584 (box 1.3503  cls 0.7564  dfl 1.0991)  | Base 104.471 (box 1.3746  cls 0.7845  dfl 1.1056)  | KD 7.471 (box 0.22419  cls 0.00781  dfl 0.00060  feat 0.00086)
  Epoch 50/50  Batch 437/2188 (20.0%)  | Super 116.396 (box 1.6003  cls 0.8290  dfl 1.2080)  | Base 117.764 (box 1.6109  cls 0.8630  dfl 1.2062)  | KD 8.958 (box 0.27073  cls 0.00750  dfl 0.00063  feat 0.00109)
  Epoch 50/50  Batch 655/2188 (29.9%)  | Super 96.579 (box 1.2962  cls 0.6559  dfl 1.0660)  | Base 96.992 (box 1.2900  cls 0.6843  dfl 1.0567)  | KD 6.830 (box 0.19985  cls 0.01229  dfl 0.00052  feat 0.00078)
  Epoch 50/50  Batch 873/2188 (39.9%)  | Super 108.977 (box 1.4214  cls 0.8383  dfl 1.1458)  | Base 111.035 (box 1.4247  cls 0.8969  dfl 1.1482)  | KD 9.229 (box 0.26597  cls 0.02079  dfl 0.00075  feat 0.00090)
  Epoch 50/50  Batch 1091/2188 (49.9%)  | Super 95.574 (box 1.2678  cls 0.6826  dfl 1.0363)  | Base 96.954 (box 1.2790  cls 0.7108  dfl 1.0400)  | KD 7.205 (box 0.21464  cls 0.00910  dfl 0.00058  feat 0.00084)
  Epoch 50/50  Batch 1309/2188 (59.8%)  | Super 94.833 (box 1.2273  cls 0.6759  dfl 1.0603)  | Base 95.805 (box 1.2275  cls 0.7027  dfl 1.0637)  | KD 7.620 (box 0.22814  cls 0.00839  dfl 0.00066  feat 0.00093)
  Epoch 50/50  Batch 1527/2188 (69.8%)  | Super 101.034 (box 1.3422  cls 0.7239  dfl 1.0912)  | Base 103.570 (box 1.3633  cls 0.7746  dfl 1.0987)  | KD 8.331 (box 0.24159  cls 0.01709  dfl 0.00076  feat 0.00091)
  Epoch 50/50  Batch 1745/2188 (79.8%)  | Super 98.296 (box 1.2738  cls 0.7048  dfl 1.0932)  | Base 98.949 (box 1.2850  cls 0.7296  dfl 1.0775)  | KD 7.812 (box 0.23332  cls 0.00952  dfl 0.00051  feat 0.00079)
  Epoch 50/50  Batch 1963/2188 (89.7%)  | Super 102.507 (box 1.3140  cls 0.7662  dfl 1.1232)  | Base 104.536 (box 1.3428  cls 0.8112  dfl 1.1128)  | KD 8.711 (box 0.25656  cls 0.01360  dfl 0.00075  feat 0.00130)
  Epoch 50/50  Batch 2181/2188 (99.7%)  | Super 105.567 (box 1.3946  cls 0.7689  dfl 1.1355)  | Base 105.724 (box 1.3907  cls 0.8003  dfl 1.1129)  | KD 7.376 (box 0.22084  cls 0.00812  dfl 0.00055  feat 0.00098)

================================================================================
  [Validation] Super model (skip=False)  |  Epoch 50/50
================================================================================
[*] Validation input tensor shape: torch.Size([32, 3, 736, 1312])
                 Class     Images  Instances      Box(P          R      mAP50  mAP50-95)
                   all      10000     185578       0.65      0.533      0.596       0.35

================================================================================
  [Validation] Base model  (skip=True)   |  Epoch 50/50
================================================================================
[*] Validation input tensor shape: torch.Size([32, 3, 736, 1312])
                 Class     Images  Instances      Box(P          R      mAP50  mAP50-95)
                   all      10000     185578      0.645      0.528      0.588      0.342

50 epochs completed in 12.462 hours.
Optimizer stripped from runs/bdd100k/detect/anydepth-yolov12s/train/weights/last.pt, 15.8MB
Optimizer stripped from runs/bdd100k/detect/anydepth-yolov12s/train/weights/best.pt, 15.8MB

Validating runs/bdd100k/detect/anydepth-yolov12s/train/weights/best.pt...
Ultralytics 8.3.63 🚀 Python-3.11.13 torch-2.2.2+cu121 CUDA:0 (NVIDIA RTX 6000 Ada Generation, 48509MiB)
                                                       CUDA:1 (NVIDIA RTX 6000 Ada Generation, 48509MiB)
YOLO-ad-v12s summary: 841 layers, 7,404,718 parameters, 0 gradients, 22.3 GFLOPs

[*] FLOPs calculated at resolution: 736x1312
| module                 | #parameters or shape   | #flops   |
|:-----------------------|:-----------------------|:---------|
| base_model.model.model | 7.405M                 | 26.167G  |
| 0.conv                 | 0.896K                 | 0.209G   |
| 0.conv.weight          | (32, 3, 3, 3)          |          |
| 0.conv.bias            | (32,)                  |          |
| 1.conv                 | 9.28K                  | 0.556G   |
| 1.conv.weight          | (64, 16, 3, 3)         |          |
| 1.conv.bias            | (64,)                  |          |
| 2                      | 40.064K                | 2.383G   |
| 2.cv1                  | 4.352K                 | 0.255G   |
| 2.cv1.conv             | 4.096K                 | 0.247G   |
| 2.cv1.bn               | 0.128K                 | 7.725M   |
| 2.cv1.bn_skip          | 0.128K                 |          |
| 2.cv2                  | 16.896K                | 1.004G   |
| 2.cv2.conv             | 16.384K                | 0.989G   |
| 2.cv2.bn               | 0.256K                 | 15.45M   |
| 2.cv2.bn_skip          | 0.256K                 |          |
| 2.m                    | 18.816K                | 1.124G   |
| 2.m.0                  | 9.408K                 | 0.562G   |
| 2.m.1                  | 9.408K                 | 0.562G   |
| 3                      | 37.376K                | 0.56G    |
| 3.conv                 | 36.864K                | 0.556G   |
| 3.conv.weight          | (128, 32, 3, 3)        |          |
| 3.bn                   | 0.256K                 | 3.863M   |
| 3.bn.weight            | (128,)                 |          |
| 3.bn.bias              | (128,)                 |          |
| 3.bn_skip              | 0.256K                 |          |
| 3.bn_skip.weight       | (128,)                 |          |
| 3.bn_skip.bias         | (128,)                 |          |
| 4                      | 0.158M                 | 2.366G   |
| 4.cv1                  | 16.896K                | 0.251G   |
| 4.cv1.conv             | 16.384K                | 0.247G   |
| 4.cv1.bn               | 0.256K                 | 3.863M   |
| 4.cv1.bn_skip          | 0.256K                 |          |
| 4.cv2                  | 66.56K                 | 0.997G   |
| 4.cv2.conv             | 65.536K                | 0.989G   |
| 4.cv2.bn               | 0.512K                 | 7.725M   |
| 4.cv2.bn_skip          | 0.512K                 |          |
| 4.m                    | 74.496K                | 1.118G   |
| 4.m.0                  | 37.248K                | 0.559G   |
| 4.m.1                  | 37.248K                | 0.559G   |
| 5                      | 0.591M                 | 2.227G   |
| 5.conv                 | 0.59M                  | 2.225G   |
| 5.conv.weight          | (256, 256, 3, 3)       |          |
| 5.bn                   | 0.512K                 | 1.931M   |
| 5.bn.weight            | (256,)                 |          |
| 5.bn.bias              | (256,)                 |          |
| 5.bn_skip              | 0.512K                 |          |
| 5.bn_skip.weight       | (256,)                 |          |
| 5.bn_skip.bias         | (256,)                 |          |
| 6                      | 1.391M                 | 4.827G   |
| 6.gamma                | (256,)                 |          |
| 6.cv1                  | 33.28K                 | 0.125G   |
| 6.cv1.conv             | 32.768K                | 0.124G   |
| 6.cv1.bn               | 0.256K                 | 0.966M   |
| 6.cv1.bn_skip          | 0.256K                 |          |
| 6.cv2                  | 0.263M                 | 0.62G    |
| 6.cv2.conv             | 0.164M                 | 0.618G   |
| 6.cv2.bn               | 0.512K                 | 1.931M   |
| 6.cv2.bn_skip          | 0.512K                 |          |
| 6.cv2.conv_skip        | 98.304K                |          |
| 6.m                    | 1.095M                 | 4.083G   |
| 6.m.0                  | 0.277M                 | 1.028G   |
| 6.m.1                  | 0.277M                 | 1.028G   |
| 6.m.2                  | 0.271M                 | 1.013G   |
| 6.m.3                  | 0.271M                 | 1.013G   |
| 7                      | 0.591M                 | 0.557G   |
| 7.conv                 | 0.59M                  | 0.556G   |
| 7.conv.weight          | (256, 256, 3, 3)       |          |
| 7.bn                   | 0.512K                 | 0.483M   |
| 7.bn.weight            | (256,)                 |          |
| 7.bn.bias              | (256,)                 |          |
| 7.bn_skip              | 0.512K                 |          |
| 7.bn_skip.weight       | (256,)                 |          |
| 7.bn_skip.bias         | (256,)                 |          |
| 8                      | 1.391M                 | 1.207G   |
| 8.gamma                | (256,)                 |          |
| 8.cv1                  | 33.28K                 | 31.142M  |
| 8.cv1.conv             | 32.768K                | 30.9M    |
| 8.cv1.bn               | 0.256K                 | 0.241M   |
| 8.cv1.bn_skip          | 0.256K                 |          |
| 8.cv2                  | 0.263M                 | 0.155G   |
| 8.cv2.conv             | 0.164M                 | 0.155G   |
| 8.cv2.bn               | 0.512K                 | 0.483M   |
| 8.cv2.bn_skip          | 0.512K                 |          |
| 8.cv2.conv_skip        | 98.304K                |          |
| 8.m                    | 1.095M                 | 1.021G   |
| 8.m.0                  | 0.277M                 | 0.257G   |
| 8.m.1                  | 0.277M                 | 0.257G   |
| 8.m.2                  | 0.271M                 | 0.253G   |
| 8.m.3                  | 0.271M                 | 0.253G   |
| 11                     | 0.528M                 | 1.984G   |
| 11.cv1                 | 66.048K                | 0.248G   |
| 11.cv1.conv            | 65.536K                | 0.247G   |
| 11.cv1.bn              | 0.256K                 | 0.966M   |
| 11.cv1.bn_skip         | 0.256K                 |          |
| 11.cv2                 | 99.328K                | 0.373G   |
| 11.cv2.conv            | 98.304K                | 0.371G   |
| 11.cv2.bn              | 0.512K                 | 1.931M   |
| 11.cv2.bn_skip         | 0.512K                 |          |
| 11.m                   | 0.363M                 | 1.363G   |
| 11.m.0                 | 0.182M                 | 0.684G   |
| 11.m.1                 | 0.181M                 | 0.68G    |
| 14                     | 0.15M                  | 2.238G   |
| 14.cv1                 | 33.024K                | 0.496G   |
| 14.cv1.conv            | 32.768K                | 0.494G   |
| 14.cv1.bn              | 0.128K                 | 1.931M   |
| 14.cv1.bn_skip         | 0.128K                 |          |
| 14.cv2                 | 25.088K                | 0.375G   |
| 14.cv2.conv            | 24.576K                | 0.371G   |
| 14.cv2.bn              | 0.256K                 | 3.863M   |
| 14.cv2.bn_skip         | 0.256K                 |          |
| 14.m                   | 91.392K                | 1.367G   |
| 14.m.0                 | 46.08K                 | 0.688G   |
| 14.m.1                 | 45.312K                | 0.68G    |
| 15                     | 0.148M                 | 0.557G   |
| 15.conv                | 0.147M                 | 0.556G   |
| 15.conv.weight         | (128, 128, 3, 3)       |          |
| 15.bn                  | 0.256K                 | 0.966M   |
| 15.bn.weight           | (128,)                 |          |
| 15.bn.bias             | (128,)                 |          |
| 15.bn_skip             | 0.256K                 |          |
| 15.bn_skip.weight      | (128,)                 |          |
| 15.bn_skip.bias        | (128,)                 |          |
| 17                     | 0.512M                 | 1.923G   |
| 17.cv1                 | 49.664K                | 0.186G   |
| 17.cv1.conv            | 49.152K                | 0.185G   |
| 17.cv1.bn              | 0.256K                 | 0.966M   |
| 17.cv1.bn_skip         | 0.256K                 |          |
| 17.cv2                 | 99.328K                | 0.373G   |
| 17.cv2.conv            | 98.304K                | 0.371G   |
| 17.cv2.bn              | 0.512K                 | 1.931M   |
| 17.cv2.bn_skip         | 0.512K                 |          |
| 17.m                   | 0.363M                 | 1.363G   |
| 17.m.0                 | 0.182M                 | 0.684G   |
| 17.m.1                 | 0.181M                 | 0.68G    |
| 18                     | 0.591M                 | 0.557G   |
| 18.conv                | 0.59M                  | 0.556G   |
| 18.conv.weight         | (256, 256, 3, 3)       |          |
| 18.bn                  | 0.512K                 | 0.483M   |
| 18.bn.weight           | (256,)                 |          |
| 18.bn.bias             | (256,)                 |          |
| 18.bn_skip             | 0.512K                 |          |
| 18.bn_skip.weight      | (256,)                 |          |
| 18.bn_skip.bias        | (256,)                 |          |
| 20                     | 0.628M                 | 0.59G    |
| 20.cv1                 | 0.132M                 | 0.124G   |
| 20.cv1.conv            | 0.131M                 | 0.124G   |
| 20.cv1.bn              | 0.512K                 | 0.483M   |
| 20.cv1.bn_skip         | 0.512K                 |          |
| 20.cv2                 | 0.132M                 | 0.124G   |
| 20.cv2.conv            | 0.131M                 | 0.124G   |
| 20.cv2.bn              | 0.512K                 | 0.483M   |
| 20.cv2.bn_skip         | 0.512K                 |          |
| 20.m                   | 0.364M                 | 0.341G   |
| 20.m.0                 | 0.182M                 | 0.171G   |
| 20.m.1                 | 0.182M                 | 0.171G   |
| 21                     | 0.638M                 | 3.423G   |
| 21.cv2                 | 0.492M                 | 2.619G   |
| 21.cv2.0               | 0.115M                 | 1.73G    |
| 21.cv2.1               | 0.189M                 | 0.711G   |
| 21.cv2.2               | 0.189M                 | 0.178G   |
| 21.cv3                 | 0.146M                 | 0.803G   |
| 21.cv3.0               | 36.874K                | 0.548G   |
| 21.cv3.1               | 54.538K                | 0.203G   |
| 21.cv3.2               | 54.538K                | 50.816M  |
| 21.dfl.conv            | 16                     | 1.267M   |
| 21.dfl.conv.weight     | (1, 16, 1, 1)          |          |
| 9                      |                        | 0.966M   |
| 12                     |                        | 3.863M   |
  MACs  : 26.17 GMACs
  FLOPs : 52.33 GFLOPs
[*] Validation input tensor shape: torch.Size([32, 3, 736, 1312])
                 Class     Images  Instances      Box(P          R      mAP50  mAP50-95)
                   all      10000     185578      0.651      0.534      0.597       0.35
                person       3220      13265      0.801      0.612      0.723       0.39
                 rider        515        649      0.701      0.498      0.548        0.3
                   car       9879     102540      0.847      0.735      0.836       0.53
                   bus       1242       1597       0.68      0.598      0.663      0.517
                 truck       2689       4247      0.644      0.631      0.673      0.501
                  bike        578       1007      0.665      0.483      0.556      0.291
                 motor        334        452      0.695      0.467      0.519      0.273
         traffic light       5653      26891      0.736      0.642      0.696      0.282
          traffic sign       8221      34915      0.744       0.68      0.744      0.407
                 train         14         15          0          0    0.00815    0.00641
Speed: 0.1ms preprocess, 2.7ms inference, 0.0ms loss, 0.4ms postprocess per image
Results saved to [1mruns/bdd100k/detect/anydepth-yolov12s/train[0m
WARNING: Plotting error for runs/bdd100k/detect/anydepth-yolov12s/train/results.csv: could not convert string to float: 'super'
/home/hslee/context-anydepth-det/anydepth-yolov12/ultralytics/utils/plotting.py:1231: UserWarning: No artists with labels found to put in legend.  Note that artists whose label start with an underscore are ignored when legend() is called with no argument.
  ax[1].legend()
