WARNING:__main__:
*****************************************
Setting OMP_NUM_THREADS environment variable for each process to be 1 in default, to avoid your system being overloaded, please further tune the variable for optimal performance in your application as needed. 
*****************************************
Loading YOLOv12 Any-Depth model from ultralytics/cfg/models/v12/yolo-ad-v12l.yaml
[*] Image size: 640
[*] Starting new training using weight: ./pretrained/yolo-ad-exp8_105_epoch539_0.539_0.520.pt
task: detect
Loading YOLOv12 Any-Depth model from ultralytics/cfg/models/v12/yolo-ad-v12l.yaml
Found YOLOv12 Any-Depth model scale: l
Found YOLOv12 Any-Depth model scale: l
Transferred 1943/1943 items from pretrained weights
Ultralytics 8.3.63 🚀 Python-3.11.13 torch-2.2.2+cu121 CUDA:0 (NVIDIA RTX 6000 Ada Generation, 48509MiB)
                                                       CUDA:1 (NVIDIA RTX 6000 Ada Generation, 48509MiB)
Overriding model.yaml nc=80 with nc=10
Transferred 1937/1943 items from pretrained weights
Not transferred items (6):
  - [Shape Mismatch] model.21.cv3.0.2.bias: model [10] != pretrained [80]
  - [Shape Mismatch] model.21.cv3.0.2.weight: model [10, 256, 1, 1] != pretrained [80, 256, 1, 1]
  - [Shape Mismatch] model.21.cv3.1.2.bias: model [10] != pretrained [80]
  - [Shape Mismatch] model.21.cv3.1.2.weight: model [10, 256, 1, 1] != pretrained [80, 256, 1, 1]
  - [Shape Mismatch] model.21.cv3.2.2.bias: model [10] != pretrained [80]
  - [Shape Mismatch] model.21.cv3.2.2.weight: model [10, 256, 1, 1] != pretrained [80, 256, 1, 1]
Freezing layer 'model.21.dfl.conv.weight'
[34m[1mAMP: [0mrunning Automatic Mixed Precision (AMP) checks...
task: None
[34m[1mAMP: [0mchecks passed ✅
[34m[1mtrain: [0mScanning /media/data/bdd100k_yolo/train/labels.cache... 70000 images, 0 backgrounds, 0 corrupt: 100%|██████████| 70000/70000 [00:00<?, ?it/s][34m[1mtrain: [0mScanning /media/data/bdd100k_yolo/train/labels.cache... 70000 images, 0 backgrounds, 0 corrupt: 100%|██████████| 70000/70000 [00:00<?, ?it/s]
[34m[1mtrain: [0mWARNING ⚠️ /media/data/bdd100k_yolo/train/images/75055858-7d04a650.jpg: 1 duplicate labels removed
/home/hslee/anaconda3/envs/yolov12/lib/python3.11/site-packages/albumentations/__init__.py:28: UserWarning: A new version of Albumentations is available: '2.0.8' (you have '2.0.4'). Upgrade using: pip install -U albumentations. To disable automatic update checks, set the environment variable NO_ALBUMENTATIONS_UPDATE to 1.
  check_for_updates()
[34m[1malbumentations: [0mBlur(p=0.01, blur_limit=(3, 7)), MedianBlur(p=0.01, blur_limit=(3, 7)), ToGray(p=0.01, num_output_channels=3, method='weighted_average'), CLAHE(p=0.01, clip_limit=(1.0, 4.0), tile_grid_size=(8, 8))
WARNING ⚠️ 'rect=True' is incompatible with DataLoader shuffle, setting shuffle=False
[34m[1mval: [0mScanning /media/data/bdd100k_yolo/val/labels.cache... 10000 images, 0 backgrounds, 0 corrupt: 100%|██████████| 10000/10000 [00:00<?, ?it/s][34m[1mval: [0mScanning /media/data/bdd100k_yolo/val/labels.cache... 10000 images, 0 backgrounds, 0 corrupt: 100%|██████████| 10000/10000 [00:00<?, ?it/s]
/home/hslee/anaconda3/envs/yolov12/lib/python3.11/site-packages/albumentations/__init__.py:28: UserWarning: A new version of Albumentations is available: '2.0.8' (you have '2.0.4'). Upgrade using: pip install -U albumentations. To disable automatic update checks, set the environment variable NO_ALBUMENTATIONS_UPDATE to 1.
  check_for_updates()
Plotting labels to runs/bdd100k/detect/anydepth-yolov12l/train/labels.jpg... 
[34m[1moptimizer:[0m SGD(lr=0.001, momentum=0.9) with parameter groups 341 weight(decay=0.0), 232 weight(decay=0.0005), 347 bias(decay=0.0)
DistributedDataParallel(
  (module): DetectionModelAnyDepth(
    (model): Sequential(
      (0): Conv(
        (conv): Conv2d(3, 64, kernel_size=(3, 3), stride=(2, 2), padding=(1, 1), bias=False)
        (bn): BatchNorm2d(64, eps=0.001, momentum=0.03, affine=True, track_running_stats=True)
        (act): SiLU(inplace=True)
      )
      (1): Conv(
        (conv): Conv2d(64, 128, kernel_size=(3, 3), stride=(2, 2), padding=(1, 1), groups=2, bias=False)
        (bn): BatchNorm2d(128, eps=0.001, momentum=0.03, affine=True, track_running_stats=True)
        (act): SiLU(inplace=True)
      )
      (2): SwitchableC3k2(
        (cv1): SwitchableConv(
          (conv): Conv2d(128, 128, kernel_size=(1, 1), stride=(1, 1), bias=False)
          (bn): BatchNorm2d(128, eps=0.001, momentum=0.03, affine=True, track_running_stats=True)
          (bn_skip): BatchNorm2d(128, eps=0.001, momentum=0.03, affine=True, track_running_stats=True)
          (act): SiLU(inplace=True)
        )
        (cv2): SwitchableConv(
          (conv): Conv2d(256, 256, kernel_size=(1, 1), stride=(1, 1), bias=False)
          (bn): BatchNorm2d(256, eps=0.001, momentum=0.03, affine=True, track_running_stats=True)
          (bn_skip): BatchNorm2d(256, eps=0.001, momentum=0.03, affine=True, track_running_stats=True)
          (act): SiLU(inplace=True)
        )
        (m): ModuleList(
          (0-1): 2 x SkippableC3k(
            (cv1): SwitchableConv(
              (conv): Conv2d(64, 32, kernel_size=(1, 1), stride=(1, 1), bias=False)
              (bn): BatchNorm2d(32, eps=0.001, momentum=0.03, affine=True, track_running_stats=True)
              (bn_skip): BatchNorm2d(32, eps=0.001, momentum=0.03, affine=True, track_running_stats=True)
              (act): SiLU(inplace=True)
            )
            (cv2): SwitchableConv(
              (conv): Conv2d(64, 32, kernel_size=(1, 1), stride=(1, 1), bias=False)
              (bn): BatchNorm2d(32, eps=0.001, momentum=0.03, affine=True, track_running_stats=True)
              (bn_skip): BatchNorm2d(32, eps=0.001, momentum=0.03, affine=True, track_running_stats=True)
              (act): SiLU(inplace=True)
            )
            (cv3): SwitchableConv(
              (conv): Conv2d(64, 64, kernel_size=(1, 1), stride=(1, 1), bias=False)
              (bn): BatchNorm2d(64, eps=0.001, momentum=0.03, affine=True, track_running_stats=True)
              (bn_skip): BatchNorm2d(64, eps=0.001, momentum=0.03, affine=True, track_running_stats=True)
              (act): SiLU(inplace=True)
            )
            (m): SkippableSequential(
              (0): Bottleneck(
                (cv1): SwitchableConv(
                  (conv): Conv2d(32, 32, kernel_size=(3, 3), stride=(1, 1), padding=(1, 1), bias=False)
                  (bn): BatchNorm2d(32, eps=0.001, momentum=0.03, affine=True, track_running_stats=True)
                  (bn_skip): BatchNorm2d(32, eps=0.001, momentum=0.03, affine=True, track_running_stats=True)
                  (act): SiLU(inplace=True)
                )
                (cv2): SwitchableConv(
                  (conv): Conv2d(32, 32, kernel_size=(3, 3), stride=(1, 1), padding=(1, 1), bias=False)
                  (bn): BatchNorm2d(32, eps=0.001, momentum=0.03, affine=True, track_running_stats=True)
                  (bn_skip): BatchNorm2d(32, eps=0.001, momentum=0.03, affine=True, track_running_stats=True)
                  (act): SiLU(inplace=True)
                )
              )
              (1): Bottleneck(
                (cv1): Conv(
                  (conv): Conv2d(32, 32, kernel_size=(3, 3), stride=(1, 1), padding=(1, 1), bias=False)
                  (bn): BatchNorm2d(32, eps=0.001, momentum=0.03, affine=True, track_running_stats=True)
                  (act): SiLU(inplace=True)
                )
                (cv2): Conv(
                  (conv): Conv2d(32, 32, kernel_size=(3, 3), stride=(1, 1), padding=(1, 1), bias=False)
                  (bn): BatchNorm2d(32, eps=0.001, momentum=0.03, affine=True, track_running_stats=True)
                  (act): SiLU(inplace=True)
                )
              )
            )
          )
        )
      )
      (3): SwitchableConv(
        (conv): Conv2d(256, 256, kernel_size=(3, 3), stride=(2, 2), padding=(1, 1), groups=4, bias=False)
        (bn): BatchNorm2d(256, eps=0.001, momentum=0.03, affine=True, track_running_stats=True)
        (bn_skip): BatchNorm2d(256, eps=0.001, momentum=0.03, affine=True, track_running_stats=True)
        (act): SiLU(inplace=True)
      )
      (4): SwitchableC3k2(
        (cv1): SwitchableConv(
          (conv): Conv2d(256, 256, kernel_size=(1, 1), stride=(1, 1), bias=False)
          (bn): BatchNorm2d(256, eps=0.001, momentum=0.03, affine=True, track_running_stats=True)
          (bn_skip): BatchNorm2d(256, eps=0.001, momentum=0.03, affine=True, track_running_stats=True)
          (act): SiLU(inplace=True)
        )
        (cv2): SwitchableConv(
          (conv): Conv2d(512, 512, kernel_size=(1, 1), stride=(1, 1), bias=False)
          (bn): BatchNorm2d(512, eps=0.001, momentum=0.03, affine=True, track_running_stats=True)
          (bn_skip): BatchNorm2d(512, eps=0.001, momentum=0.03, affine=True, track_running_stats=True)
          (act): SiLU(inplace=True)
        )
        (m): ModuleList(
          (0-1): 2 x SkippableC3k(
            (cv1): SwitchableConv(
              (conv): Conv2d(128, 64, kernel_size=(1, 1), stride=(1, 1), bias=False)
              (bn): BatchNorm2d(64, eps=0.001, momentum=0.03, affine=True, track_running_stats=True)
              (bn_skip): BatchNorm2d(64, eps=0.001, momentum=0.03, affine=True, track_running_stats=True)
              (act): SiLU(inplace=True)
            )
            (cv2): SwitchableConv(
              (conv): Conv2d(128, 64, kernel_size=(1, 1), stride=(1, 1), bias=False)
              (bn): BatchNorm2d(64, eps=0.001, momentum=0.03, affine=True, track_running_stats=True)
              (bn_skip): BatchNorm2d(64, eps=0.001, momentum=0.03, affine=True, track_running_stats=True)
              (act): SiLU(inplace=True)
            )
            (cv3): SwitchableConv(
              (conv): Conv2d(128, 128, kernel_size=(1, 1), stride=(1, 1), bias=False)
              (bn): BatchNorm2d(128, eps=0.001, momentum=0.03, affine=True, track_running_stats=True)
              (bn_skip): BatchNorm2d(128, eps=0.001, momentum=0.03, affine=True, track_running_stats=True)
              (act): SiLU(inplace=True)
            )
            (m): SkippableSequential(
              (0): Bottleneck(
                (cv1): SwitchableConv(
                  (conv): Conv2d(64, 64, kernel_size=(3, 3), stride=(1, 1), padding=(1, 1), bias=False)
                  (bn): BatchNorm2d(64, eps=0.001, momentum=0.03, affine=True, track_running_stats=True)
                  (bn_skip): BatchNorm2d(64, eps=0.001, momentum=0.03, affine=True, track_running_stats=True)
                  (act): SiLU(inplace=True)
                )
                (cv2): SwitchableConv(
                  (conv): Conv2d(64, 64, kernel_size=(3, 3), stride=(1, 1), padding=(1, 1), bias=False)
                  (bn): BatchNorm2d(64, eps=0.001, momentum=0.03, affine=True, track_running_stats=True)
                  (bn_skip): BatchNorm2d(64, eps=0.001, momentum=0.03, affine=True, track_running_stats=True)
                  (act): SiLU(inplace=True)
                )
              )
              (1): Bottleneck(
                (cv1): Conv(
                  (conv): Conv2d(64, 64, kernel_size=(3, 3), stride=(1, 1), padding=(1, 1), bias=False)
                  (bn): BatchNorm2d(64, eps=0.001, momentum=0.03, affine=True, track_running_stats=True)
                  (act): SiLU(inplace=True)
                )
                (cv2): Conv(
                  (conv): Conv2d(64, 64, kernel_size=(3, 3), stride=(1, 1), padding=(1, 1), bias=False)
                  (bn): BatchNorm2d(64, eps=0.001, momentum=0.03, affine=True, track_running_stats=True)
                  (act): SiLU(inplace=True)
                )
              )
            )
          )
        )
      )
      (5): SwitchableConv(
        (conv): Conv2d(512, 512, kernel_size=(3, 3), stride=(2, 2), padding=(1, 1), bias=False)
        (bn): BatchNorm2d(512, eps=0.001, momentum=0.03, affine=True, track_running_stats=True)
        (bn_skip): BatchNorm2d(512, eps=0.001, momentum=0.03, affine=True, track_running_stats=True)
        (act): SiLU(inplace=True)
      )
      (6): SkippableA2C2f(
        (cv1): SwitchableConv(
          (conv): Conv2d(512, 256, kernel_size=(1, 1), stride=(1, 1), bias=False)
          (bn): BatchNorm2d(256, eps=0.001, momentum=0.03, affine=True, track_running_stats=True)
          (bn_skip): BatchNorm2d(256, eps=0.001, momentum=0.03, affine=True, track_running_stats=True)
          (act): SiLU(inplace=True)
        )
        (cv2): SwitchableConv(
          (conv): Conv2d(1280, 512, kernel_size=(1, 1), stride=(1, 1), bias=False)
          (bn): BatchNorm2d(512, eps=0.001, momentum=0.03, affine=True, track_running_stats=True)
          (bn_skip): BatchNorm2d(512, eps=0.001, momentum=0.03, affine=True, track_running_stats=True)
          (conv_skip): Conv2d(768, 512, kernel_size=(1, 1), stride=(1, 1), bias=False)
          (act): SiLU(inplace=True)
        )
        (m): ModuleList(
          (0-1): 2 x SwitchableSequential(
            (0): ABlock(
              (attn): SwitchableAAttn(
                (qk): SwitchableConv(
                  (conv): Conv2d(256, 512, kernel_size=(1, 1), stride=(1, 1), bias=False)
                  (bn): BatchNorm2d(512, eps=0.001, momentum=0.03, affine=True, track_running_stats=True)
                  (bn_skip): BatchNorm2d(512, eps=0.001, momentum=0.03, affine=True, track_running_stats=True)
                  (act): Identity()
                )
                (v): SwitchableConv(
                  (conv): Conv2d(256, 256, kernel_size=(1, 1), stride=(1, 1), bias=False)
                  (bn): BatchNorm2d(256, eps=0.001, momentum=0.03, affine=True, track_running_stats=True)
                  (bn_skip): BatchNorm2d(256, eps=0.001, momentum=0.03, affine=True, track_running_stats=True)
                  (act): Identity()
                )
                (proj): SwitchableConv(
                  (conv): Conv2d(256, 256, kernel_size=(1, 1), stride=(1, 1), bias=False)
                  (bn): BatchNorm2d(256, eps=0.001, momentum=0.03, affine=True, track_running_stats=True)
                  (bn_skip): BatchNorm2d(256, eps=0.001, momentum=0.03, affine=True, track_running_stats=True)
                  (act): Identity()
                )
                (pe): SwitchableConv(
                  (conv): Conv2d(256, 256, kernel_size=(5, 5), stride=(1, 1), padding=(2, 2), groups=256, bias=False)
                  (bn): BatchNorm2d(256, eps=0.001, momentum=0.03, affine=True, track_running_stats=True)
                  (bn_skip): BatchNorm2d(256, eps=0.001, momentum=0.03, affine=True, track_running_stats=True)
                  (act): Identity()
                )
              )
              (mlp): SwitchableSequential(
                (0): SwitchableConv(
                  (conv): Conv2d(256, 384, kernel_size=(1, 1), stride=(1, 1), bias=False)
                  (bn): BatchNorm2d(384, eps=0.001, momentum=0.03, affine=True, track_running_stats=True)
                  (bn_skip): BatchNorm2d(384, eps=0.001, momentum=0.03, affine=True, track_running_stats=True)
                  (act): SiLU(inplace=True)
                )
                (1): SwitchableConv(
                  (conv): Conv2d(384, 256, kernel_size=(1, 1), stride=(1, 1), bias=False)
                  (bn): BatchNorm2d(256, eps=0.001, momentum=0.03, affine=True, track_running_stats=True)
                  (bn_skip): BatchNorm2d(256, eps=0.001, momentum=0.03, affine=True, track_running_stats=True)
                  (act): Identity()
                )
              )
            )
            (1): ABlock(
              (attn): SwitchableAAttn(
                (qk): SwitchableConv(
                  (conv): Conv2d(256, 512, kernel_size=(1, 1), stride=(1, 1), bias=False)
                  (bn): BatchNorm2d(512, eps=0.001, momentum=0.03, affine=True, track_running_stats=True)
                  (bn_skip): BatchNorm2d(512, eps=0.001, momentum=0.03, affine=True, track_running_stats=True)
                  (act): Identity()
                )
                (v): SwitchableConv(
                  (conv): Conv2d(256, 256, kernel_size=(1, 1), stride=(1, 1), bias=False)
                  (bn): BatchNorm2d(256, eps=0.001, momentum=0.03, affine=True, track_running_stats=True)
                  (bn_skip): BatchNorm2d(256, eps=0.001, momentum=0.03, affine=True, track_running_stats=True)
                  (act): Identity()
                )
                (proj): SwitchableConv(
                  (conv): Conv2d(256, 256, kernel_size=(1, 1), stride=(1, 1), bias=False)
                  (bn): BatchNorm2d(256, eps=0.001, momentum=0.03, affine=True, track_running_stats=True)
                  (bn_skip): BatchNorm2d(256, eps=0.001, momentum=0.03, affine=True, track_running_stats=True)
                  (act): Identity()
                )
                (pe): SwitchableConv(
                  (conv): Conv2d(256, 256, kernel_size=(5, 5), stride=(1, 1), padding=(2, 2), groups=256, bias=False)
                  (bn): BatchNorm2d(256, eps=0.001, momentum=0.03, affine=True, track_running_stats=True)
                  (bn_skip): BatchNorm2d(256, eps=0.001, momentum=0.03, affine=True, track_running_stats=True)
                  (act): Identity()
                )
              )
              (mlp): SwitchableSequential(
                (0): SwitchableConv(
                  (conv): Conv2d(256, 384, kernel_size=(1, 1), stride=(1, 1), bias=False)
                  (bn): BatchNorm2d(384, eps=0.001, momentum=0.03, affine=True, track_running_stats=True)
                  (bn_skip): BatchNorm2d(384, eps=0.001, momentum=0.03, affine=True, track_running_stats=True)
                  (act): SiLU(inplace=True)
                )
                (1): SwitchableConv(
                  (conv): Conv2d(384, 256, kernel_size=(1, 1), stride=(1, 1), bias=False)
                  (bn): BatchNorm2d(256, eps=0.001, momentum=0.03, affine=True, track_running_stats=True)
                  (bn_skip): BatchNorm2d(256, eps=0.001, momentum=0.03, affine=True, track_running_stats=True)
                  (act): Identity()
                )
              )
            )
          )
          (2-3): 2 x Sequential(
            (0): ABlock(
              (attn): AAttn(
                (qk): Conv(
                  (conv): Conv2d(256, 512, kernel_size=(1, 1), stride=(1, 1), bias=False)
                  (bn): BatchNorm2d(512, eps=0.001, momentum=0.03, affine=True, track_running_stats=True)
                  (act): Identity()
                )
                (v): Conv(
                  (conv): Conv2d(256, 256, kernel_size=(1, 1), stride=(1, 1), bias=False)
                  (bn): BatchNorm2d(256, eps=0.001, momentum=0.03, affine=True, track_running_stats=True)
                  (act): Identity()
                )
                (proj): Conv(
                  (conv): Conv2d(256, 256, kernel_size=(1, 1), stride=(1, 1), bias=False)
                  (bn): BatchNorm2d(256, eps=0.001, momentum=0.03, affine=True, track_running_stats=True)
                  (act): Identity()
                )
                (pe): Conv(
                  (conv): Conv2d(256, 256, kernel_size=(5, 5), stride=(1, 1), padding=(2, 2), groups=256, bias=False)
                  (bn): BatchNorm2d(256, eps=0.001, momentum=0.03, affine=True, track_running_stats=True)
                  (act): Identity()
                )
              )
              (mlp): Sequential(
                (0): Conv(
                  (conv): Conv2d(256, 384, kernel_size=(1, 1), stride=(1, 1), bias=False)
                  (bn): BatchNorm2d(384, eps=0.001, momentum=0.03, affine=True, track_running_stats=True)
                  (act): SiLU(inplace=True)
                )
                (1): Conv(
                  (conv): Conv2d(384, 256, kernel_size=(1, 1), stride=(1, 1), bias=False)
                  (bn): BatchNorm2d(256, eps=0.001, momentum=0.03, affine=True, track_running_stats=True)
                  (act): Identity()
                )
              )
            )
            (1): ABlock(
              (attn): AAttn(
                (qk): Conv(
                  (conv): Conv2d(256, 512, kernel_size=(1, 1), stride=(1, 1), bias=False)
                  (bn): BatchNorm2d(512, eps=0.001, momentum=0.03, affine=True, track_running_stats=True)
                  (act): Identity()
                )
                (v): Conv(
                  (conv): Conv2d(256, 256, kernel_size=(1, 1), stride=(1, 1), bias=False)
                  (bn): BatchNorm2d(256, eps=0.001, momentum=0.03, affine=True, track_running_stats=True)
                  (act): Identity()
                )
                (proj): Conv(
                  (conv): Conv2d(256, 256, kernel_size=(1, 1), stride=(1, 1), bias=False)
                  (bn): BatchNorm2d(256, eps=0.001, momentum=0.03, affine=True, track_running_stats=True)
                  (act): Identity()
                )
                (pe): Conv(
                  (conv): Conv2d(256, 256, kernel_size=(5, 5), stride=(1, 1), padding=(2, 2), groups=256, bias=False)
                  (bn): BatchNorm2d(256, eps=0.001, momentum=0.03, affine=True, track_running_stats=True)
                  (act): Identity()
                )
              )
              (mlp): Sequential(
                (0): Conv(
                  (conv): Conv2d(256, 384, kernel_size=(1, 1), stride=(1, 1), bias=False)
                  (bn): BatchNorm2d(384, eps=0.001, momentum=0.03, affine=True, track_running_stats=True)
                  (act): SiLU(inplace=True)
                )
                (1): Conv(
                  (conv): Conv2d(384, 256, kernel_size=(1, 1), stride=(1, 1), bias=False)
                  (bn): BatchNorm2d(256, eps=0.001, momentum=0.03, affine=True, track_running_stats=True)
                  (act): Identity()
                )
              )
            )
          )
        )
      )
      (7): SwitchableConv(
        (conv): Conv2d(512, 512, kernel_size=(3, 3), stride=(2, 2), padding=(1, 1), bias=False)
        (bn): BatchNorm2d(512, eps=0.001, momentum=0.03, affine=True, track_running_stats=True)
        (bn_skip): BatchNorm2d(512, eps=0.001, momentum=0.03, affine=True, track_running_stats=True)
        (act): SiLU(inplace=True)
      )
      (8): SkippableA2C2f(
        (cv1): SwitchableConv(
          (conv): Conv2d(512, 256, kernel_size=(1, 1), stride=(1, 1), bias=False)
          (bn): BatchNorm2d(256, eps=0.001, momentum=0.03, affine=True, track_running_stats=True)
          (bn_skip): BatchNorm2d(256, eps=0.001, momentum=0.03, affine=True, track_running_stats=True)
          (act): SiLU(inplace=True)
        )
        (cv2): SwitchableConv(
          (conv): Conv2d(1280, 512, kernel_size=(1, 1), stride=(1, 1), bias=False)
          (bn): BatchNorm2d(512, eps=0.001, momentum=0.03, affine=True, track_running_stats=True)
          (bn_skip): BatchNorm2d(512, eps=0.001, momentum=0.03, affine=True, track_running_stats=True)
          (conv_skip): Conv2d(768, 512, kernel_size=(1, 1), stride=(1, 1), bias=False)
          (act): SiLU(inplace=True)
        )
        (m): ModuleList(
          (0-1): 2 x SwitchableSequential(
            (0): ABlock(
              (attn): SwitchableAAttn(
                (qk): SwitchableConv(
                  (conv): Conv2d(256, 512, kernel_size=(1, 1), stride=(1, 1), bias=False)
                  (bn): BatchNorm2d(512, eps=0.001, momentum=0.03, affine=True, track_running_stats=True)
                  (bn_skip): BatchNorm2d(512, eps=0.001, momentum=0.03, affine=True, track_running_stats=True)
                  (act): Identity()
                )
                (v): SwitchableConv(
                  (conv): Conv2d(256, 256, kernel_size=(1, 1), stride=(1, 1), bias=False)
                  (bn): BatchNorm2d(256, eps=0.001, momentum=0.03, affine=True, track_running_stats=True)
                  (bn_skip): BatchNorm2d(256, eps=0.001, momentum=0.03, affine=True, track_running_stats=True)
                  (act): Identity()
                )
                (proj): SwitchableConv(
                  (conv): Conv2d(256, 256, kernel_size=(1, 1), stride=(1, 1), bias=False)
                  (bn): BatchNorm2d(256, eps=0.001, momentum=0.03, affine=True, track_running_stats=True)
                  (bn_skip): BatchNorm2d(256, eps=0.001, momentum=0.03, affine=True, track_running_stats=True)
                  (act): Identity()
                )
                (pe): SwitchableConv(
                  (conv): Conv2d(256, 256, kernel_size=(5, 5), stride=(1, 1), padding=(2, 2), groups=256, bias=False)
                  (bn): BatchNorm2d(256, eps=0.001, momentum=0.03, affine=True, track_running_stats=True)
                  (bn_skip): BatchNorm2d(256, eps=0.001, momentum=0.03, affine=True, track_running_stats=True)
                  (act): Identity()
                )
              )
              (mlp): SwitchableSequential(
                (0): SwitchableConv(
                  (conv): Conv2d(256, 384, kernel_size=(1, 1), stride=(1, 1), bias=False)
                  (bn): BatchNorm2d(384, eps=0.001, momentum=0.03, affine=True, track_running_stats=True)
                  (bn_skip): BatchNorm2d(384, eps=0.001, momentum=0.03, affine=True, track_running_stats=True)
                  (act): SiLU(inplace=True)
                )
                (1): SwitchableConv(
                  (conv): Conv2d(384, 256, kernel_size=(1, 1), stride=(1, 1), bias=False)
                  (bn): BatchNorm2d(256, eps=0.001, momentum=0.03, affine=True, track_running_stats=True)
                  (bn_skip): BatchNorm2d(256, eps=0.001, momentum=0.03, affine=True, track_running_stats=True)
                  (act): Identity()
                )
              )
            )
            (1): ABlock(
              (attn): SwitchableAAttn(
                (qk): SwitchableConv(
                  (conv): Conv2d(256, 512, kernel_size=(1, 1), stride=(1, 1), bias=False)
                  (bn): BatchNorm2d(512, eps=0.001, momentum=0.03, affine=True, track_running_stats=True)
                  (bn_skip): BatchNorm2d(512, eps=0.001, momentum=0.03, affine=True, track_running_stats=True)
                  (act): Identity()
                )
                (v): SwitchableConv(
                  (conv): Conv2d(256, 256, kernel_size=(1, 1), stride=(1, 1), bias=False)
                  (bn): BatchNorm2d(256, eps=0.001, momentum=0.03, affine=True, track_running_stats=True)
                  (bn_skip): BatchNorm2d(256, eps=0.001, momentum=0.03, affine=True, track_running_stats=True)
                  (act): Identity()
                )
                (proj): SwitchableConv(
                  (conv): Conv2d(256, 256, kernel_size=(1, 1), stride=(1, 1), bias=False)
                  (bn): BatchNorm2d(256, eps=0.001, momentum=0.03, affine=True, track_running_stats=True)
                  (bn_skip): BatchNorm2d(256, eps=0.001, momentum=0.03, affine=True, track_running_stats=True)
                  (act): Identity()
                )
                (pe): SwitchableConv(
                  (conv): Conv2d(256, 256, kernel_size=(5, 5), stride=(1, 1), padding=(2, 2), groups=256, bias=False)
                  (bn): BatchNorm2d(256, eps=0.001, momentum=0.03, affine=True, track_running_stats=True)
                  (bn_skip): BatchNorm2d(256, eps=0.001, momentum=0.03, affine=True, track_running_stats=True)
                  (act): Identity()
                )
              )
              (mlp): SwitchableSequential(
                (0): SwitchableConv(
                  (conv): Conv2d(256, 384, kernel_size=(1, 1), stride=(1, 1), bias=False)
                  (bn): BatchNorm2d(384, eps=0.001, momentum=0.03, affine=True, track_running_stats=True)
                  (bn_skip): BatchNorm2d(384, eps=0.001, momentum=0.03, affine=True, track_running_stats=True)
                  (act): SiLU(inplace=True)
                )
                (1): SwitchableConv(
                  (conv): Conv2d(384, 256, kernel_size=(1, 1), stride=(1, 1), bias=False)
                  (bn): BatchNorm2d(256, eps=0.001, momentum=0.03, affine=True, track_running_stats=True)
                  (bn_skip): BatchNorm2d(256, eps=0.001, momentum=0.03, affine=True, track_running_stats=True)
                  (act): Identity()
                )
              )
            )
          )
          (2-3): 2 x Sequential(
            (0): ABlock(
              (attn): AAttn(
                (qk): Conv(
                  (conv): Conv2d(256, 512, kernel_size=(1, 1), stride=(1, 1), bias=False)
                  (bn): BatchNorm2d(512, eps=0.001, momentum=0.03, affine=True, track_running_stats=True)
                  (act): Identity()
                )
                (v): Conv(
                  (conv): Conv2d(256, 256, kernel_size=(1, 1), stride=(1, 1), bias=False)
                  (bn): BatchNorm2d(256, eps=0.001, momentum=0.03, affine=True, track_running_stats=True)
                  (act): Identity()
                )
                (proj): Conv(
                  (conv): Conv2d(256, 256, kernel_size=(1, 1), stride=(1, 1), bias=False)
                  (bn): BatchNorm2d(256, eps=0.001, momentum=0.03, affine=True, track_running_stats=True)
                  (act): Identity()
                )
                (pe): Conv(
                  (conv): Conv2d(256, 256, kernel_size=(5, 5), stride=(1, 1), padding=(2, 2), groups=256, bias=False)
                  (bn): BatchNorm2d(256, eps=0.001, momentum=0.03, affine=True, track_running_stats=True)
                  (act): Identity()
                )
              )
              (mlp): Sequential(
                (0): Conv(
                  (conv): Conv2d(256, 384, kernel_size=(1, 1), stride=(1, 1), bias=False)
                  (bn): BatchNorm2d(384, eps=0.001, momentum=0.03, affine=True, track_running_stats=True)
                  (act): SiLU(inplace=True)
                )
                (1): Conv(
                  (conv): Conv2d(384, 256, kernel_size=(1, 1), stride=(1, 1), bias=False)
                  (bn): BatchNorm2d(256, eps=0.001, momentum=0.03, affine=True, track_running_stats=True)
                  (act): Identity()
                )
              )
            )
            (1): ABlock(
              (attn): AAttn(
                (qk): Conv(
                  (conv): Conv2d(256, 512, kernel_size=(1, 1), stride=(1, 1), bias=False)
                  (bn): BatchNorm2d(512, eps=0.001, momentum=0.03, affine=True, track_running_stats=True)
                  (act): Identity()
                )
                (v): Conv(
                  (conv): Conv2d(256, 256, kernel_size=(1, 1), stride=(1, 1), bias=False)
                  (bn): BatchNorm2d(256, eps=0.001, momentum=0.03, affine=True, track_running_stats=True)
                  (act): Identity()
                )
                (proj): Conv(
                  (conv): Conv2d(256, 256, kernel_size=(1, 1), stride=(1, 1), bias=False)
                  (bn): BatchNorm2d(256, eps=0.001, momentum=0.03, affine=True, track_running_stats=True)
                  (act): Identity()
                )
                (pe): Conv(
                  (conv): Conv2d(256, 256, kernel_size=(5, 5), stride=(1, 1), padding=(2, 2), groups=256, bias=False)
                  (bn): BatchNorm2d(256, eps=0.001, momentum=0.03, affine=True, track_running_stats=True)
                  (act): Identity()
                )
              )
              (mlp): Sequential(
                (0): Conv(
                  (conv): Conv2d(256, 384, kernel_size=(1, 1), stride=(1, 1), bias=False)
                  (bn): BatchNorm2d(384, eps=0.001, momentum=0.03, affine=True, track_running_stats=True)
                  (act): SiLU(inplace=True)
                )
                (1): Conv(
                  (conv): Conv2d(384, 256, kernel_size=(1, 1), stride=(1, 1), bias=False)
                  (bn): BatchNorm2d(256, eps=0.001, momentum=0.03, affine=True, track_running_stats=True)
                  (act): Identity()
                )
              )
            )
          )
        )
      )
      (9): Upsample(scale_factor=2.0, mode='nearest')
      (10): Concat()
      (11): SkippableA2C2f(
        (cv1): SwitchableConv(
          (conv): Conv2d(1024, 256, kernel_size=(1, 1), stride=(1, 1), bias=False)
          (bn): BatchNorm2d(256, eps=0.001, momentum=0.03, affine=True, track_running_stats=True)
          (bn_skip): BatchNorm2d(256, eps=0.001, momentum=0.03, affine=True, track_running_stats=True)
          (act): SiLU(inplace=True)
        )
        (cv2): SwitchableConv(
          (conv): Conv2d(768, 512, kernel_size=(1, 1), stride=(1, 1), bias=False)
          (bn): BatchNorm2d(512, eps=0.001, momentum=0.03, affine=True, track_running_stats=True)
          (bn_skip): BatchNorm2d(512, eps=0.001, momentum=0.03, affine=True, track_running_stats=True)
          (act): SiLU(inplace=True)
        )
        (m): ModuleList(
          (0): C3k(
            (cv1): SwitchableConv(
              (conv): Conv2d(256, 128, kernel_size=(1, 1), stride=(1, 1), bias=False)
              (bn): BatchNorm2d(128, eps=0.001, momentum=0.03, affine=True, track_running_stats=True)
              (bn_skip): BatchNorm2d(128, eps=0.001, momentum=0.03, affine=True, track_running_stats=True)
              (act): SiLU(inplace=True)
            )
            (cv2): SwitchableConv(
              (conv): Conv2d(256, 128, kernel_size=(1, 1), stride=(1, 1), bias=False)
              (bn): BatchNorm2d(128, eps=0.001, momentum=0.03, affine=True, track_running_stats=True)
              (bn_skip): BatchNorm2d(128, eps=0.001, momentum=0.03, affine=True, track_running_stats=True)
              (act): SiLU(inplace=True)
            )
            (cv3): SwitchableConv(
              (conv): Conv2d(256, 256, kernel_size=(1, 1), stride=(1, 1), bias=False)
              (bn): BatchNorm2d(256, eps=0.001, momentum=0.03, affine=True, track_running_stats=True)
              (bn_skip): BatchNorm2d(256, eps=0.001, momentum=0.03, affine=True, track_running_stats=True)
              (act): SiLU(inplace=True)
            )
            (m): SwitchableSequential(
              (0): Bottleneck(
                (cv1): SwitchableConv(
                  (conv): Conv2d(128, 128, kernel_size=(3, 3), stride=(1, 1), padding=(1, 1), bias=False)
                  (bn): BatchNorm2d(128, eps=0.001, momentum=0.03, affine=True, track_running_stats=True)
                  (bn_skip): BatchNorm2d(128, eps=0.001, momentum=0.03, affine=True, track_running_stats=True)
                  (act): SiLU(inplace=True)
                )
                (cv2): SwitchableConv(
                  (conv): Conv2d(128, 128, kernel_size=(3, 3), stride=(1, 1), padding=(1, 1), bias=False)
                  (bn): BatchNorm2d(128, eps=0.001, momentum=0.03, affine=True, track_running_stats=True)
                  (bn_skip): BatchNorm2d(128, eps=0.001, momentum=0.03, affine=True, track_running_stats=True)
                  (act): SiLU(inplace=True)
                )
              )
              (1): Bottleneck(
                (cv1): SwitchableConv(
                  (conv): Conv2d(128, 128, kernel_size=(3, 3), stride=(1, 1), padding=(1, 1), bias=False)
                  (bn): BatchNorm2d(128, eps=0.001, momentum=0.03, affine=True, track_running_stats=True)
                  (bn_skip): BatchNorm2d(128, eps=0.001, momentum=0.03, affine=True, track_running_stats=True)
                  (act): SiLU(inplace=True)
                )
                (cv2): SwitchableConv(
                  (conv): Conv2d(128, 128, kernel_size=(3, 3), stride=(1, 1), padding=(1, 1), bias=False)
                  (bn): BatchNorm2d(128, eps=0.001, momentum=0.03, affine=True, track_running_stats=True)
                  (bn_skip): BatchNorm2d(128, eps=0.001, momentum=0.03, affine=True, track_running_stats=True)
                  (act): SiLU(inplace=True)
                )
              )
            )
          )
          (1): C3k(
            (cv1): Conv(
              (conv): Conv2d(256, 128, kernel_size=(1, 1), stride=(1, 1), bias=False)
              (bn): BatchNorm2d(128, eps=0.001, momentum=0.03, affine=True, track_running_stats=True)
              (act): SiLU(inplace=True)
            )
            (cv2): Conv(
              (conv): Conv2d(256, 128, kernel_size=(1, 1), stride=(1, 1), bias=False)
              (bn): BatchNorm2d(128, eps=0.001, momentum=0.03, affine=True, track_running_stats=True)
              (act): SiLU(inplace=True)
            )
            (cv3): Conv(
              (conv): Conv2d(256, 256, kernel_size=(1, 1), stride=(1, 1), bias=False)
              (bn): BatchNorm2d(256, eps=0.001, momentum=0.03, affine=True, track_running_stats=True)
              (act): SiLU(inplace=True)
            )
            (m): Sequential(
              (0): Bottleneck(
                (cv1): Conv(
                  (conv): Conv2d(128, 128, kernel_size=(3, 3), stride=(1, 1), padding=(1, 1), bias=False)
                  (bn): BatchNorm2d(128, eps=0.001, momentum=0.03, affine=True, track_running_stats=True)
                  (act): SiLU(inplace=True)
                )
                (cv2): Conv(
                  (conv): Conv2d(128, 128, kernel_size=(3, 3), stride=(1, 1), padding=(1, 1), bias=False)
                  (bn): BatchNorm2d(128, eps=0.001, momentum=0.03, affine=True, track_running_stats=True)
                  (act): SiLU(inplace=True)
                )
              )
              (1): Bottleneck(
                (cv1): Conv(
                  (conv): Conv2d(128, 128, kernel_size=(3, 3), stride=(1, 1), padding=(1, 1), bias=False)
                  (bn): BatchNorm2d(128, eps=0.001, momentum=0.03, affine=True, track_running_stats=True)
                  (act): SiLU(inplace=True)
                )
                (cv2): Conv(
                  (conv): Conv2d(128, 128, kernel_size=(3, 3), stride=(1, 1), padding=(1, 1), bias=False)
                  (bn): BatchNorm2d(128, eps=0.001, momentum=0.03, affine=True, track_running_stats=True)
                  (act): SiLU(inplace=True)
                )
              )
            )
          )
        )
      )
      (12): Upsample(scale_factor=2.0, mode='nearest')
      (13): Concat()
      (14): SkippableA2C2f(
        (cv1): SwitchableConv(
          (conv): Conv2d(1024, 128, kernel_size=(1, 1), stride=(1, 1), bias=False)
          (bn): BatchNorm2d(128, eps=0.001, momentum=0.03, affine=True, track_running_stats=True)
          (bn_skip): BatchNorm2d(128, eps=0.001, momentum=0.03, affine=True, track_running_stats=True)
          (act): SiLU(inplace=True)
        )
        (cv2): SwitchableConv(
          (conv): Conv2d(384, 256, kernel_size=(1, 1), stride=(1, 1), bias=False)
          (bn): BatchNorm2d(256, eps=0.001, momentum=0.03, affine=True, track_running_stats=True)
          (bn_skip): BatchNorm2d(256, eps=0.001, momentum=0.03, affine=True, track_running_stats=True)
          (act): SiLU(inplace=True)
        )
        (m): ModuleList(
          (0): C3k(
            (cv1): SwitchableConv(
              (conv): Conv2d(128, 64, kernel_size=(1, 1), stride=(1, 1), bias=False)
              (bn): BatchNorm2d(64, eps=0.001, momentum=0.03, affine=True, track_running_stats=True)
              (bn_skip): BatchNorm2d(64, eps=0.001, momentum=0.03, affine=True, track_running_stats=True)
              (act): SiLU(inplace=True)
            )
            (cv2): SwitchableConv(
              (conv): Conv2d(128, 64, kernel_size=(1, 1), stride=(1, 1), bias=False)
              (bn): BatchNorm2d(64, eps=0.001, momentum=0.03, affine=True, track_running_stats=True)
              (bn_skip): BatchNorm2d(64, eps=0.001, momentum=0.03, affine=True, track_running_stats=True)
              (act): SiLU(inplace=True)
            )
            (cv3): SwitchableConv(
              (conv): Conv2d(128, 128, kernel_size=(1, 1), stride=(1, 1), bias=False)
              (bn): BatchNorm2d(128, eps=0.001, momentum=0.03, affine=True, track_running_stats=True)
              (bn_skip): BatchNorm2d(128, eps=0.001, momentum=0.03, affine=True, track_running_stats=True)
              (act): SiLU(inplace=True)
            )
            (m): SwitchableSequential(
              (0): Bottleneck(
                (cv1): SwitchableConv(
                  (conv): Conv2d(64, 64, kernel_size=(3, 3), stride=(1, 1), padding=(1, 1), bias=False)
                  (bn): BatchNorm2d(64, eps=0.001, momentum=0.03, affine=True, track_running_stats=True)
                  (bn_skip): BatchNorm2d(64, eps=0.001, momentum=0.03, affine=True, track_running_stats=True)
                  (act): SiLU(inplace=True)
                )
                (cv2): SwitchableConv(
                  (conv): Conv2d(64, 64, kernel_size=(3, 3), stride=(1, 1), padding=(1, 1), bias=False)
                  (bn): BatchNorm2d(64, eps=0.001, momentum=0.03, affine=True, track_running_stats=True)
                  (bn_skip): BatchNorm2d(64, eps=0.001, momentum=0.03, affine=True, track_running_stats=True)
                  (act): SiLU(inplace=True)
                )
              )
              (1): Bottleneck(
                (cv1): SwitchableConv(
                  (conv): Conv2d(64, 64, kernel_size=(3, 3), stride=(1, 1), padding=(1, 1), bias=False)
                  (bn): BatchNorm2d(64, eps=0.001, momentum=0.03, affine=True, track_running_stats=True)
                  (bn_skip): BatchNorm2d(64, eps=0.001, momentum=0.03, affine=True, track_running_stats=True)
                  (act): SiLU(inplace=True)
                )
                (cv2): SwitchableConv(
                  (conv): Conv2d(64, 64, kernel_size=(3, 3), stride=(1, 1), padding=(1, 1), bias=False)
                  (bn): BatchNorm2d(64, eps=0.001, momentum=0.03, affine=True, track_running_stats=True)
                  (bn_skip): BatchNorm2d(64, eps=0.001, momentum=0.03, affine=True, track_running_stats=True)
                  (act): SiLU(inplace=True)
                )
              )
            )
          )
          (1): C3k(
            (cv1): Conv(
              (conv): Conv2d(128, 64, kernel_size=(1, 1), stride=(1, 1), bias=False)
              (bn): BatchNorm2d(64, eps=0.001, momentum=0.03, affine=True, track_running_stats=True)
              (act): SiLU(inplace=True)
            )
            (cv2): Conv(
              (conv): Conv2d(128, 64, kernel_size=(1, 1), stride=(1, 1), bias=False)
              (bn): BatchNorm2d(64, eps=0.001, momentum=0.03, affine=True, track_running_stats=True)
              (act): SiLU(inplace=True)
            )
            (cv3): Conv(
              (conv): Conv2d(128, 128, kernel_size=(1, 1), stride=(1, 1), bias=False)
              (bn): BatchNorm2d(128, eps=0.001, momentum=0.03, affine=True, track_running_stats=True)
              (act): SiLU(inplace=True)
            )
            (m): Sequential(
              (0): Bottleneck(
                (cv1): Conv(
                  (conv): Conv2d(64, 64, kernel_size=(3, 3), stride=(1, 1), padding=(1, 1), bias=False)
                  (bn): BatchNorm2d(64, eps=0.001, momentum=0.03, affine=True, track_running_stats=True)
                  (act): SiLU(inplace=True)
                )
                (cv2): Conv(
                  (conv): Conv2d(64, 64, kernel_size=(3, 3), stride=(1, 1), padding=(1, 1), bias=False)
                  (bn): BatchNorm2d(64, eps=0.001, momentum=0.03, affine=True, track_running_stats=True)
                  (act): SiLU(inplace=True)
                )
              )
              (1): Bottleneck(
                (cv1): Conv(
                  (conv): Conv2d(64, 64, kernel_size=(3, 3), stride=(1, 1), padding=(1, 1), bias=False)
                  (bn): BatchNorm2d(64, eps=0.001, momentum=0.03, affine=True, track_running_stats=True)
                  (act): SiLU(inplace=True)
                )
                (cv2): Conv(
                  (conv): Conv2d(64, 64, kernel_size=(3, 3), stride=(1, 1), padding=(1, 1), bias=False)
                  (bn): BatchNorm2d(64, eps=0.001, momentum=0.03, affine=True, track_running_stats=True)
                  (act): SiLU(inplace=True)
                )
              )
            )
          )
        )
      )
      (15): SwitchableConv(
        (conv): Conv2d(256, 256, kernel_size=(3, 3), stride=(2, 2), padding=(1, 1), bias=False)
        (bn): BatchNorm2d(256, eps=0.001, momentum=0.03, affine=True, track_running_stats=True)
        (bn_skip): BatchNorm2d(256, eps=0.001, momentum=0.03, affine=True, track_running_stats=True)
        (act): SiLU(inplace=True)
      )
      (16): Concat()
      (17): SkippableA2C2f(
        (cv1): SwitchableConv(
          (conv): Conv2d(768, 256, kernel_size=(1, 1), stride=(1, 1), bias=False)
          (bn): BatchNorm2d(256, eps=0.001, momentum=0.03, affine=True, track_running_stats=True)
          (bn_skip): BatchNorm2d(256, eps=0.001, momentum=0.03, affine=True, track_running_stats=True)
          (act): SiLU(inplace=True)
        )
        (cv2): SwitchableConv(
          (conv): Conv2d(768, 512, kernel_size=(1, 1), stride=(1, 1), bias=False)
          (bn): BatchNorm2d(512, eps=0.001, momentum=0.03, affine=True, track_running_stats=True)
          (bn_skip): BatchNorm2d(512, eps=0.001, momentum=0.03, affine=True, track_running_stats=True)
          (act): SiLU(inplace=True)
        )
        (m): ModuleList(
          (0): C3k(
            (cv1): SwitchableConv(
              (conv): Conv2d(256, 128, kernel_size=(1, 1), stride=(1, 1), bias=False)
              (bn): BatchNorm2d(128, eps=0.001, momentum=0.03, affine=True, track_running_stats=True)
              (bn_skip): BatchNorm2d(128, eps=0.001, momentum=0.03, affine=True, track_running_stats=True)
              (act): SiLU(inplace=True)
            )
            (cv2): SwitchableConv(
              (conv): Conv2d(256, 128, kernel_size=(1, 1), stride=(1, 1), bias=False)
              (bn): BatchNorm2d(128, eps=0.001, momentum=0.03, affine=True, track_running_stats=True)
              (bn_skip): BatchNorm2d(128, eps=0.001, momentum=0.03, affine=True, track_running_stats=True)
              (act): SiLU(inplace=True)
            )
            (cv3): SwitchableConv(
              (conv): Conv2d(256, 256, kernel_size=(1, 1), stride=(1, 1), bias=False)
              (bn): BatchNorm2d(256, eps=0.001, momentum=0.03, affine=True, track_running_stats=True)
              (bn_skip): BatchNorm2d(256, eps=0.001, momentum=0.03, affine=True, track_running_stats=True)
              (act): SiLU(inplace=True)
            )
            (m): SwitchableSequential(
              (0): Bottleneck(
                (cv1): SwitchableConv(
                  (conv): Conv2d(128, 128, kernel_size=(3, 3), stride=(1, 1), padding=(1, 1), bias=False)
                  (bn): BatchNorm2d(128, eps=0.001, momentum=0.03, affine=True, track_running_stats=True)
                  (bn_skip): BatchNorm2d(128, eps=0.001, momentum=0.03, affine=True, track_running_stats=True)
                  (act): SiLU(inplace=True)
                )
                (cv2): SwitchableConv(
                  (conv): Conv2d(128, 128, kernel_size=(3, 3), stride=(1, 1), padding=(1, 1), bias=False)
                  (bn): BatchNorm2d(128, eps=0.001, momentum=0.03, affine=True, track_running_stats=True)
                  (bn_skip): BatchNorm2d(128, eps=0.001, momentum=0.03, affine=True, track_running_stats=True)
                  (act): SiLU(inplace=True)
                )
              )
              (1): Bottleneck(
                (cv1): SwitchableConv(
                  (conv): Conv2d(128, 128, kernel_size=(3, 3), stride=(1, 1), padding=(1, 1), bias=False)
                  (bn): BatchNorm2d(128, eps=0.001, momentum=0.03, affine=True, track_running_stats=True)
                  (bn_skip): BatchNorm2d(128, eps=0.001, momentum=0.03, affine=True, track_running_stats=True)
                  (act): SiLU(inplace=True)
                )
                (cv2): SwitchableConv(
                  (conv): Conv2d(128, 128, kernel_size=(3, 3), stride=(1, 1), padding=(1, 1), bias=False)
                  (bn): BatchNorm2d(128, eps=0.001, momentum=0.03, affine=True, track_running_stats=True)
                  (bn_skip): BatchNorm2d(128, eps=0.001, momentum=0.03, affine=True, track_running_stats=True)
                  (act): SiLU(inplace=True)
                )
              )
            )
          )
          (1): C3k(
            (cv1): Conv(
              (conv): Conv2d(256, 128, kernel_size=(1, 1), stride=(1, 1), bias=False)
              (bn): BatchNorm2d(128, eps=0.001, momentum=0.03, affine=True, track_running_stats=True)
              (act): SiLU(inplace=True)
            )
            (cv2): Conv(
              (conv): Conv2d(256, 128, kernel_size=(1, 1), stride=(1, 1), bias=False)
              (bn): BatchNorm2d(128, eps=0.001, momentum=0.03, affine=True, track_running_stats=True)
              (act): SiLU(inplace=True)
            )
            (cv3): Conv(
              (conv): Conv2d(256, 256, kernel_size=(1, 1), stride=(1, 1), bias=False)
              (bn): BatchNorm2d(256, eps=0.001, momentum=0.03, affine=True, track_running_stats=True)
              (act): SiLU(inplace=True)
            )
            (m): Sequential(
              (0): Bottleneck(
                (cv1): Conv(
                  (conv): Conv2d(128, 128, kernel_size=(3, 3), stride=(1, 1), padding=(1, 1), bias=False)
                  (bn): BatchNorm2d(128, eps=0.001, momentum=0.03, affine=True, track_running_stats=True)
                  (act): SiLU(inplace=True)
                )
                (cv2): Conv(
                  (conv): Conv2d(128, 128, kernel_size=(3, 3), stride=(1, 1), padding=(1, 1), bias=False)
                  (bn): BatchNorm2d(128, eps=0.001, momentum=0.03, affine=True, track_running_stats=True)
                  (act): SiLU(inplace=True)
                )
              )
              (1): Bottleneck(
                (cv1): Conv(
                  (conv): Conv2d(128, 128, kernel_size=(3, 3), stride=(1, 1), padding=(1, 1), bias=False)
                  (bn): BatchNorm2d(128, eps=0.001, momentum=0.03, affine=True, track_running_stats=True)
                  (act): SiLU(inplace=True)
                )
                (cv2): Conv(
                  (conv): Conv2d(128, 128, kernel_size=(3, 3), stride=(1, 1), padding=(1, 1), bias=False)
                  (bn): BatchNorm2d(128, eps=0.001, momentum=0.03, affine=True, track_running_stats=True)
                  (act): SiLU(inplace=True)
                )
              )
            )
          )
        )
      )
      (18): SwitchableConv(
        (conv): Conv2d(512, 512, kernel_size=(3, 3), stride=(2, 2), padding=(1, 1), bias=False)
        (bn): BatchNorm2d(512, eps=0.001, momentum=0.03, affine=True, track_running_stats=True)
        (bn_skip): BatchNorm2d(512, eps=0.001, momentum=0.03, affine=True, track_running_stats=True)
        (act): SiLU(inplace=True)
      )
      (19): Concat()
      (20): SwitchableC3k2(
        (cv1): SwitchableConv(
          (conv): Conv2d(1024, 512, kernel_size=(1, 1), stride=(1, 1), bias=False)
          (bn): BatchNorm2d(512, eps=0.001, momentum=0.03, affine=True, track_running_stats=True)
          (bn_skip): BatchNorm2d(512, eps=0.001, momentum=0.03, affine=True, track_running_stats=True)
          (act): SiLU(inplace=True)
        )
        (cv2): SwitchableConv(
          (conv): Conv2d(1024, 512, kernel_size=(1, 1), stride=(1, 1), bias=False)
          (bn): BatchNorm2d(512, eps=0.001, momentum=0.03, affine=True, track_running_stats=True)
          (bn_skip): BatchNorm2d(512, eps=0.001, momentum=0.03, affine=True, track_running_stats=True)
          (act): SiLU(inplace=True)
        )
        (m): ModuleList(
          (0-1): 2 x SkippableC3k(
            (cv1): SwitchableConv(
              (conv): Conv2d(256, 128, kernel_size=(1, 1), stride=(1, 1), bias=False)
              (bn): BatchNorm2d(128, eps=0.001, momentum=0.03, affine=True, track_running_stats=True)
              (bn_skip): BatchNorm2d(128, eps=0.001, momentum=0.03, affine=True, track_running_stats=True)
              (act): SiLU(inplace=True)
            )
            (cv2): SwitchableConv(
              (conv): Conv2d(256, 128, kernel_size=(1, 1), stride=(1, 1), bias=False)
              (bn): BatchNorm2d(128, eps=0.001, momentum=0.03, affine=True, track_running_stats=True)
              (bn_skip): BatchNorm2d(128, eps=0.001, momentum=0.03, affine=True, track_running_stats=True)
              (act): SiLU(inplace=True)
            )
            (cv3): SwitchableConv(
              (conv): Conv2d(256, 256, kernel_size=(1, 1), stride=(1, 1), bias=False)
              (bn): BatchNorm2d(256, eps=0.001, momentum=0.03, affine=True, track_running_stats=True)
              (bn_skip): BatchNorm2d(256, eps=0.001, momentum=0.03, affine=True, track_running_stats=True)
              (act): SiLU(inplace=True)
            )
            (m): SkippableSequential(
              (0): Bottleneck(
                (cv1): SwitchableConv(
                  (conv): Conv2d(128, 128, kernel_size=(3, 3), stride=(1, 1), padding=(1, 1), bias=False)
                  (bn): BatchNorm2d(128, eps=0.001, momentum=0.03, affine=True, track_running_stats=True)
                  (bn_skip): BatchNorm2d(128, eps=0.001, momentum=0.03, affine=True, track_running_stats=True)
                  (act): SiLU(inplace=True)
                )
                (cv2): SwitchableConv(
                  (conv): Conv2d(128, 128, kernel_size=(3, 3), stride=(1, 1), padding=(1, 1), bias=False)
                  (bn): BatchNorm2d(128, eps=0.001, momentum=0.03, affine=True, track_running_stats=True)
                  (bn_skip): BatchNorm2d(128, eps=0.001, momentum=0.03, affine=True, track_running_stats=True)
                  (act): SiLU(inplace=True)
                )
              )
              (1): Bottleneck(
                (cv1): Conv(
                  (conv): Conv2d(128, 128, kernel_size=(3, 3), stride=(1, 1), padding=(1, 1), bias=False)
                  (bn): BatchNorm2d(128, eps=0.001, momentum=0.03, affine=True, track_running_stats=True)
                  (act): SiLU(inplace=True)
                )
                (cv2): Conv(
                  (conv): Conv2d(128, 128, kernel_size=(3, 3), stride=(1, 1), padding=(1, 1), bias=False)
                  (bn): BatchNorm2d(128, eps=0.001, momentum=0.03, affine=True, track_running_stats=True)
                  (act): SiLU(inplace=True)
                )
              )
            )
          )
        )
      )
      (21): Detect(
        (cv2): ModuleList(
          (0): Sequential(
            (0): Conv(
              (conv): Conv2d(256, 64, kernel_size=(3, 3), stride=(1, 1), padding=(1, 1), bias=False)
              (bn): BatchNorm2d(64, eps=0.001, momentum=0.03, affine=True, track_running_stats=True)
              (act): SiLU(inplace=True)
            )
            (1): Conv(
              (conv): Conv2d(64, 64, kernel_size=(3, 3), stride=(1, 1), padding=(1, 1), bias=False)
              (bn): BatchNorm2d(64, eps=0.001, momentum=0.03, affine=True, track_running_stats=True)
              (act): SiLU(inplace=True)
            )
            (2): Conv2d(64, 64, kernel_size=(1, 1), stride=(1, 1))
          )
          (1-2): 2 x Sequential(
            (0): Conv(
              (conv): Conv2d(512, 64, kernel_size=(3, 3), stride=(1, 1), padding=(1, 1), bias=False)
              (bn): BatchNorm2d(64, eps=0.001, momentum=0.03, affine=True, track_running_stats=True)
              (act): SiLU(inplace=True)
            )
            (1): Conv(
              (conv): Conv2d(64, 64, kernel_size=(3, 3), stride=(1, 1), padding=(1, 1), bias=False)
              (bn): BatchNorm2d(64, eps=0.001, momentum=0.03, affine=True, track_running_stats=True)
              (act): SiLU(inplace=True)
            )
            (2): Conv2d(64, 64, kernel_size=(1, 1), stride=(1, 1))
          )
        )
        (cv3): ModuleList(
          (0): Sequential(
            (0): Sequential(
              (0): DWConv(
                (conv): Conv2d(256, 256, kernel_size=(3, 3), stride=(1, 1), padding=(1, 1), groups=256, bias=False)
                (bn): BatchNorm2d(256, eps=0.001, momentum=0.03, affine=True, track_running_stats=True)
                (act): SiLU(inplace=True)
              )
              (1): Conv(
                (conv): Conv2d(256, 256, kernel_size=(1, 1), stride=(1, 1), bias=False)
                (bn): BatchNorm2d(256, eps=0.001, momentum=0.03, affine=True, track_running_stats=True)
                (act): SiLU(inplace=True)
              )
            )
            (1): Sequential(
              (0): DWConv(
                (conv): Conv2d(256, 256, kernel_size=(3, 3), stride=(1, 1), padding=(1, 1), groups=256, bias=False)
                (bn): BatchNorm2d(256, eps=0.001, momentum=0.03, affine=True, track_running_stats=True)
                (act): SiLU(inplace=True)
              )
              (1): Conv(
                (conv): Conv2d(256, 256, kernel_size=(1, 1), stride=(1, 1), bias=False)
                (bn): BatchNorm2d(256, eps=0.001, momentum=0.03, affine=True, track_running_stats=True)
                (act): SiLU(inplace=True)
              )
            )
            (2): Conv2d(256, 10, kernel_size=(1, 1), stride=(1, 1))
          )
          (1-2): 2 x Sequential(
            (0): Sequential(
              (0): DWConv(
                (conv): Conv2d(512, 512, kernel_size=(3, 3), stride=(1, 1), padding=(1, 1), groups=512, bias=False)
                (bn): BatchNorm2d(512, eps=0.001, momentum=0.03, affine=True, track_running_stats=True)
                (act): SiLU(inplace=True)
              )
              (1): Conv(
                (conv): Conv2d(512, 256, kernel_size=(1, 1), stride=(1, 1), bias=False)
                (bn): BatchNorm2d(256, eps=0.001, momentum=0.03, affine=True, track_running_stats=True)
                (act): SiLU(inplace=True)
              )
            )
            (1): Sequential(
              (0): DWConv(
                (conv): Conv2d(256, 256, kernel_size=(3, 3), stride=(1, 1), padding=(1, 1), groups=256, bias=False)
                (bn): BatchNorm2d(256, eps=0.001, momentum=0.03, affine=True, track_running_stats=True)
                (act): SiLU(inplace=True)
              )
              (1): Conv(
                (conv): Conv2d(256, 256, kernel_size=(1, 1), stride=(1, 1), bias=False)
                (bn): BatchNorm2d(256, eps=0.001, momentum=0.03, affine=True, track_running_stats=True)
                (act): SiLU(inplace=True)
              )
            )
            (2): Conv2d(256, 10, kernel_size=(1, 1), stride=(1, 1))
          )
        )
        (dfl): DFL(
          (conv): Conv2d(16, 1, kernel_size=(1, 1), stride=(1, 1), bias=False)
        )
      )
    )
  )
)
Image sizes 640 train, 640 val
Using 16 dataloader workers
Logging results to [1mruns/bdd100k/detect/anydepth-yolov12l/train[0m
Starting training for 50 epochs...

[FLOPs] Super model (skip=False) @ 384x640:
| module             | #parameters or shape   | #flops   |
|:-------------------|:-----------------------|:---------|
| base_model.model   | 27.296M                | 24.761G  |
| 0                  | 1.856K                 | 0.114G   |
| 0.conv             | 1.728K                 | 0.106G   |
| 0.conv.weight      | (64, 3, 3, 3)          |          |
| 0.bn               | 0.128K                 | 7.864M   |
| 0.bn.weight        | (64,)                  |          |
| 0.bn.bias          | (64,)                  |          |
| 1                  | 37.12K                 | 0.57G    |
| 1.conv             | 36.864K                | 0.566G   |
| 1.conv.weight      | (128, 32, 3, 3)        |          |
| 1.bn               | 0.256K                 | 3.932M   |
| 1.bn.weight        | (128,)                 |          |
| 1.bn.bias          | (128,)                 |          |
| 2                  | 0.175M                 | 2.67G    |
| 2.cv1              | 16.896K                | 0.256G   |
| 2.cv1.conv         | 16.384K                | 0.252G   |
| 2.cv1.bn           | 0.256K                 | 3.932M   |
| 2.cv1.bn_skip      | 0.256K                 |          |
| 2.cv2              | 66.56K                 | 1.014G   |
| 2.cv2.conv         | 65.536K                | 1.007G   |
| 2.cv2.bn           | 0.512K                 | 7.864M   |
| 2.cv2.bn_skip      | 0.512K                 |          |
| 2.m                | 91.904K                | 1.4G     |
| 2.m.0              | 45.952K                | 0.7G     |
| 2.m.1              | 45.952K                | 0.7G     |
| 3                  | 0.148M                 | 0.568G   |
| 3.conv             | 0.147M                 | 0.566G   |
| 3.conv.weight      | (256, 64, 3, 3)        |          |
| 3.bn               | 0.512K                 | 1.966M   |
| 3.bn.weight        | (256,)                 |          |
| 3.bn.bias          | (256,)                 |          |
| 3.bn_skip          | 0.512K                 |          |
| 3.bn_skip.weight   | (256,)                 |          |
| 3.bn_skip.bias     | (256,)                 |          |
| 4                  | 0.695M                 | 2.656G   |
| 4.cv1              | 66.56K                 | 0.254G   |
| 4.cv1.conv         | 65.536K                | 0.252G   |
| 4.cv1.bn           | 0.512K                 | 1.966M   |
| 4.cv1.bn_skip      | 0.512K                 |          |
| 4.cv2              | 0.264M                 | 1.011G   |
| 4.cv2.conv         | 0.262M                 | 1.007G   |
| 4.cv2.bn           | 1.024K                 | 3.932M   |
| 4.cv2.bn_skip      | 1.024K                 |          |
| 4.m                | 0.364M                 | 1.392G   |
| 4.m.0              | 0.182M                 | 0.696G   |
| 4.m.1              | 0.182M                 | 0.696G   |
| 5                  | 2.361M                 | 2.266G   |
| 5.conv             | 2.359M                 | 2.265G   |
| 5.conv.weight      | (512, 512, 3, 3)       |          |
| 5.bn               | 1.024K                 | 0.983M   |
| 5.bn.weight        | (512,)                 |          |
| 5.bn.bias          | (512,)                 |          |
| 5.bn_skip          | 1.024K                 |          |
| 5.bn_skip.weight   | (512,)                 |          |
| 5.bn_skip.bias     | (512,)                 |          |
| 6                  | 4.951M                 | 4.358G   |
| 6.gamma            | (512,)                 |          |
| 6.cv1              | 0.132M                 | 0.126G   |
| 6.cv1.conv         | 0.131M                 | 0.126G   |
| 6.cv1.bn           | 0.512K                 | 0.492M   |
| 6.cv1.bn_skip      | 0.512K                 |          |
| 6.cv2              | 1.051M                 | 0.63G    |
| 6.cv2.conv         | 0.655M                 | 0.629G   |
| 6.cv2.bn           | 1.024K                 | 0.983M   |
| 6.cv2.bn_skip      | 1.024K                 |          |
| 6.cv2.conv_skip    | 0.393M                 |          |
| 6.m                | 3.767M                 | 3.602G   |
| 6.m.0              | 0.946M                 | 0.9G     |
| 6.m.1              | 0.946M                 | 0.9G     |
| 6.m.2              | 0.938M                 | 0.9G     |
| 6.m.3              | 0.938M                 | 0.9G     |
| 7                  | 2.361M                 | 0.566G   |
| 7.conv             | 2.359M                 | 0.566G   |
| 7.conv.weight      | (512, 512, 3, 3)       |          |
| 7.bn               | 1.024K                 | 0.246M   |
| 7.bn.weight        | (512,)                 |          |
| 7.bn.bias          | (512,)                 |          |
| 7.bn_skip          | 1.024K                 |          |
| 7.bn_skip.weight   | (512,)                 |          |
| 7.bn_skip.bias     | (512,)                 |          |
| 8                  | 4.951M                 | 1.09G    |
| 8.gamma            | (512,)                 |          |
| 8.cv1              | 0.132M                 | 31.58M   |
| 8.cv1.conv         | 0.131M                 | 31.457M  |
| 8.cv1.bn           | 0.512K                 | 0.123M   |
| 8.cv1.bn_skip      | 0.512K                 |          |
| 8.cv2              | 1.051M                 | 0.158G   |
| 8.cv2.conv         | 0.655M                 | 0.157G   |
| 8.cv2.bn           | 1.024K                 | 0.246M   |
| 8.cv2.bn_skip      | 1.024K                 |          |
| 8.cv2.conv_skip    | 0.393M                 |          |
| 8.m                | 3.767M                 | 0.9G     |
| 8.m.0              | 0.946M                 | 0.225G   |
| 8.m.1              | 0.946M                 | 0.225G   |
| 8.m.2              | 0.938M                 | 0.225G   |
| 8.m.3              | 0.938M                 | 0.225G   |
| 11                 | 2.106M                 | 2.019G   |
| 11.cv1             | 0.263M                 | 0.252G   |
| 11.cv1.conv        | 0.262M                 | 0.252G   |
| 11.cv1.bn          | 0.512K                 | 0.492M   |
| 11.cv1.bn_skip     | 0.512K                 |          |
| 11.cv2             | 0.395M                 | 0.378G   |
| 11.cv2.conv        | 0.393M                 | 0.377G   |
| 11.cv2.bn          | 1.024K                 | 0.983M   |
| 11.cv2.bn_skip     | 1.024K                 |          |
| 11.m               | 1.448M                 | 1.388G   |
| 11.m.0             | 0.725M                 | 0.694G   |
| 11.m.1             | 0.723M                 | 0.694G   |
| 14                 | 0.594M                 | 2.276G   |
| 14.cv1             | 0.132M                 | 0.504G   |
| 14.cv1.conv        | 0.131M                 | 0.503G   |
| 14.cv1.bn          | 0.256K                 | 0.983M   |
| 14.cv1.bn_skip     | 0.256K                 |          |
| 14.cv2             | 99.328K                | 0.379G   |
| 14.cv2.conv        | 98.304K                | 0.377G   |
| 14.cv2.bn          | 0.512K                 | 1.966M   |
| 14.cv2.bn_skip     | 0.512K                 |          |
| 14.m               | 0.364M                 | 1.392G   |
| 14.m.0             | 0.182M                 | 0.696G   |
| 14.m.1             | 0.181M                 | 0.696G   |
| 15                 | 0.591M                 | 0.567G   |
| 15.conv            | 0.59M                  | 0.566G   |
| 15.conv.weight     | (256, 256, 3, 3)       |          |
| 15.bn              | 0.512K                 | 0.492M   |
| 15.bn.weight       | (256,)                 |          |
| 15.bn.bias         | (256,)                 |          |
| 15.bn_skip         | 0.512K                 |          |
| 15.bn_skip.weight  | (256,)                 |          |
| 15.bn_skip.bias    | (256,)                 |          |
| 17                 | 2.041M                 | 1.956G   |
| 17.cv1             | 0.198M                 | 0.189G   |
| 17.cv1.conv        | 0.197M                 | 0.189G   |
| 17.cv1.bn          | 0.512K                 | 0.492M   |
| 17.cv1.bn_skip     | 0.512K                 |          |
| 17.cv2             | 0.395M                 | 0.378G   |
| 17.cv2.conv        | 0.393M                 | 0.377G   |
| 17.cv2.bn          | 1.024K                 | 0.983M   |
| 17.cv2.bn_skip     | 1.024K                 |          |
| 17.m               | 1.448M                 | 1.388G   |
| 17.m.0             | 0.725M                 | 0.694G   |
| 17.m.1             | 0.723M                 | 0.694G   |
| 18                 | 2.361M                 | 0.566G   |
| 18.conv            | 2.359M                 | 0.566G   |
| 18.conv.weight     | (512, 512, 3, 3)       |          |
| 18.bn              | 1.024K                 | 0.246M   |
| 18.bn.weight       | (512,)                 |          |
| 18.bn.bias         | (512,)                 |          |
| 18.bn_skip         | 1.024K                 |          |
| 18.bn_skip.weight  | (512,)                 |          |
| 18.bn_skip.bias    | (512,)                 |          |
| 20                 | 2.502M                 | 0.599G   |
| 20.cv1             | 0.526M                 | 0.126G   |
| 20.cv1.conv        | 0.524M                 | 0.126G   |
| 20.cv1.bn          | 1.024K                 | 0.246M   |
| 20.cv1.bn_skip     | 1.024K                 |          |
| 20.cv2             | 0.526M                 | 0.126G   |
| 20.cv2.conv        | 0.524M                 | 0.126G   |
| 20.cv2.bn          | 1.024K                 | 0.246M   |
| 20.cv2.bn_skip     | 1.024K                 |          |
| 20.m               | 1.449M                 | 0.347G   |
| 20.m.0             | 0.724M                 | 0.174G   |
| 20.m.1             | 0.724M                 | 0.174G   |
| 21                 | 1.419M                 | 1.917G   |
| 21.cv2             | 0.861M                 | 1.128G   |
| 21.cv2.0           | 0.189M                 | 0.725G   |
| 21.cv2.1           | 0.336M                 | 0.323G   |
| 21.cv2.2           | 0.336M                 | 80.671M  |
| 21.cv3             | 0.558M                 | 0.789G   |
| 21.cv3.0           | 0.14M                  | 0.539G   |
| 21.cv3.1           | 0.209M                 | 0.2G     |
| 21.cv3.2           | 0.209M                 | 50.074M  |
| 21.dfl.conv        | 16                     | 0.323M   |
| 21.dfl.conv.weight | (1, 16, 1, 1)          |          |
| 9                  |                        | 0.492M   |
| 12                 |                        | 1.966M   |
  MACs  (super): 24.76 GMACs
  FLOPs (super): 49.52 GFLOPs

[FLOPs] Base model (skip=True) @ 384x640:
| module             | #parameters or shape   | #flops   |
|:-------------------|:-----------------------|:---------|
| base_model.model   | 27.296M                | 18.454G  |
| 0                  | 1.856K                 | 0.114G   |
| 0.conv             | 1.728K                 | 0.106G   |
| 0.conv.weight      | (64, 3, 3, 3)          |          |
| 0.bn               | 0.128K                 | 7.864M   |
| 0.bn.weight        | (64,)                  |          |
| 0.bn.bias          | (64,)                  |          |
| 1                  | 37.12K                 | 0.57G    |
| 1.conv             | 36.864K                | 0.566G   |
| 1.conv.weight      | (128, 32, 3, 3)        |          |
| 1.bn               | 0.256K                 | 3.932M   |
| 1.bn.weight        | (128,)                 |          |
| 1.bn.bias          | (128,)                 |          |
| 2                  | 0.175M                 | 2.1G     |
| 2.cv1              | 16.896K                | 0.256G   |
| 2.cv1.conv         | 16.384K                | 0.252G   |
| 2.cv1.bn           | 0.256K                 |          |
| 2.cv1.bn_skip      | 0.256K                 | 3.932M   |
| 2.cv2              | 66.56K                 | 1.014G   |
| 2.cv2.conv         | 65.536K                | 1.007G   |
| 2.cv2.bn           | 0.512K                 |          |
| 2.cv2.bn_skip      | 0.512K                 | 7.864M   |
| 2.m                | 91.904K                | 0.83G    |
| 2.m.0              | 45.952K                | 0.415G   |
| 2.m.1              | 45.952K                | 0.415G   |
| 3                  | 0.148M                 | 0.568G   |
| 3.conv             | 0.147M                 | 0.566G   |
| 3.conv.weight      | (256, 64, 3, 3)        |          |
| 3.bn               | 0.512K                 |          |
| 3.bn.weight        | (256,)                 |          |
| 3.bn.bias          | (256,)                 |          |
| 3.bn_skip          | 0.512K                 | 1.966M   |
| 3.bn_skip.weight   | (256,)                 |          |
| 3.bn_skip.bias     | (256,)                 |          |
| 4                  | 0.695M                 | 2.088G   |
| 4.cv1              | 66.56K                 | 0.254G   |
| 4.cv1.conv         | 65.536K                | 0.252G   |
| 4.cv1.bn           | 0.512K                 |          |
| 4.cv1.bn_skip      | 0.512K                 | 1.966M   |
| 4.cv2              | 0.264M                 | 1.011G   |
| 4.cv2.conv         | 0.262M                 | 1.007G   |
| 4.cv2.bn           | 1.024K                 |          |
| 4.cv2.bn_skip      | 1.024K                 | 3.932M   |
| 4.m                | 0.364M                 | 0.824G   |
| 4.m.0              | 0.182M                 | 0.412G   |
| 4.m.1              | 0.182M                 | 0.412G   |
| 5                  | 2.361M                 | 2.266G   |
| 5.conv             | 2.359M                 | 2.265G   |
| 5.conv.weight      | (512, 512, 3, 3)       |          |
| 5.bn               | 1.024K                 |          |
| 5.bn.weight        | (512,)                 |          |
| 5.bn.bias          | (512,)                 |          |
| 5.bn_skip          | 1.024K                 | 0.983M   |
| 5.bn_skip.weight   | (512,)                 |          |
| 5.bn_skip.bias     | (512,)                 |          |
| 6                  | 4.951M                 | 2.306G   |
| 6.gamma            | (512,)                 |          |
| 6.cv1              | 0.132M                 | 0.126G   |
| 6.cv1.conv         | 0.131M                 | 0.126G   |
| 6.cv1.bn           | 0.512K                 |          |
| 6.cv1.bn_skip      | 0.512K                 | 0.492M   |
| 6.cv2              | 1.051M                 | 0.378G   |
| 6.cv2.conv         | 0.655M                 |          |
| 6.cv2.bn           | 1.024K                 |          |
| 6.cv2.bn_skip      | 1.024K                 | 0.983M   |
| 6.cv2.conv_skip    | 0.393M                 | 0.377G   |
| 6.m                | 3.767M                 | 1.801G   |
| 6.m.0              | 0.946M                 | 0.9G     |
| 6.m.1              | 0.946M                 | 0.9G     |
| 6.m.2              | 0.938M                 |          |
| 6.m.3              | 0.938M                 |          |
| 7                  | 2.361M                 | 0.566G   |
| 7.conv             | 2.359M                 | 0.566G   |
| 7.conv.weight      | (512, 512, 3, 3)       |          |
| 7.bn               | 1.024K                 |          |
| 7.bn.weight        | (512,)                 |          |
| 7.bn.bias          | (512,)                 |          |
| 7.bn_skip          | 1.024K                 | 0.246M   |
| 7.bn_skip.weight   | (512,)                 |          |
| 7.bn_skip.bias     | (512,)                 |          |
| 8                  | 4.951M                 | 0.576G   |
| 8.gamma            | (512,)                 |          |
| 8.cv1              | 0.132M                 | 31.58M   |
| 8.cv1.conv         | 0.131M                 | 31.457M  |
| 8.cv1.bn           | 0.512K                 |          |
| 8.cv1.bn_skip      | 0.512K                 | 0.123M   |
| 8.cv2              | 1.051M                 | 94.618M  |
| 8.cv2.conv         | 0.655M                 |          |
| 8.cv2.bn           | 1.024K                 |          |
| 8.cv2.bn_skip      | 1.024K                 | 0.246M   |
| 8.cv2.conv_skip    | 0.393M                 | 94.372M  |
| 8.m                | 3.767M                 | 0.45G    |
| 8.m.0              | 0.946M                 | 0.225G   |
| 8.m.1              | 0.946M                 | 0.225G   |
| 8.m.2              | 0.938M                 |          |
| 8.m.3              | 0.938M                 |          |
| 11                 | 2.106M                 | 1.199G   |
| 11.cv1             | 0.263M                 | 0.252G   |
| 11.cv1.conv        | 0.262M                 | 0.252G   |
| 11.cv1.bn          | 0.512K                 |          |
| 11.cv1.bn_skip     | 0.512K                 | 0.492M   |
| 11.cv2             | 0.395M                 | 0.253G   |
| 11.cv2.conv        | 0.393M                 |          |
| 11.cv2.bn          | 1.024K                 |          |
| 11.cv2.bn_skip     | 1.024K                 | 0.983M   |
| 11.m               | 1.448M                 | 0.694G   |
| 11.m.0             | 0.725M                 | 0.694G   |
| 11.m.1             | 0.723M                 |          |
| 14                 | 0.594M                 | 1.454G   |
| 14.cv1             | 0.132M                 | 0.504G   |
| 14.cv1.conv        | 0.131M                 | 0.503G   |
| 14.cv1.bn          | 0.256K                 |          |
| 14.cv1.bn_skip     | 0.256K                 | 0.983M   |
| 14.cv2             | 99.328K                | 0.254G   |
| 14.cv2.conv        | 98.304K                |          |
| 14.cv2.bn          | 0.512K                 |          |
| 14.cv2.bn_skip     | 0.512K                 | 1.966M   |
| 14.m               | 0.364M                 | 0.696G   |
| 14.m.0             | 0.182M                 | 0.696G   |
| 14.m.1             | 0.181M                 |          |
| 15                 | 0.591M                 | 0.567G   |
| 15.conv            | 0.59M                  | 0.566G   |
| 15.conv.weight     | (256, 256, 3, 3)       |          |
| 15.bn              | 0.512K                 |          |
| 15.bn.weight       | (256,)                 |          |
| 15.bn.bias         | (256,)                 |          |
| 15.bn_skip         | 0.512K                 | 0.492M   |
| 15.bn_skip.weight  | (256,)                 |          |
| 15.bn_skip.bias    | (256,)                 |          |
| 17                 | 2.041M                 | 1.136G   |
| 17.cv1             | 0.198M                 | 0.189G   |
| 17.cv1.conv        | 0.197M                 | 0.189G   |
| 17.cv1.bn          | 0.512K                 |          |
| 17.cv1.bn_skip     | 0.512K                 | 0.492M   |
| 17.cv2             | 0.395M                 | 0.253G   |
| 17.cv2.conv        | 0.393M                 |          |
| 17.cv2.bn          | 1.024K                 |          |
| 17.cv2.bn_skip     | 1.024K                 | 0.983M   |
| 17.m               | 1.448M                 | 0.694G   |
| 17.m.0             | 0.725M                 | 0.694G   |
| 17.m.1             | 0.723M                 |          |
| 18                 | 2.361M                 | 0.566G   |
| 18.conv            | 2.359M                 | 0.566G   |
| 18.conv.weight     | (512, 512, 3, 3)       |          |
| 18.bn              | 1.024K                 |          |
| 18.bn.weight       | (512,)                 |          |
| 18.bn.bias         | (512,)                 |          |
| 18.bn_skip         | 1.024K                 | 0.246M   |
| 18.bn_skip.weight  | (512,)                 |          |
| 18.bn_skip.bias    | (512,)                 |          |
| 20                 | 2.502M                 | 0.457G   |
| 20.cv1             | 0.526M                 | 0.126G   |
| 20.cv1.conv        | 0.524M                 | 0.126G   |
| 20.cv1.bn          | 1.024K                 |          |
| 20.cv1.bn_skip     | 1.024K                 | 0.246M   |
| 20.cv2             | 0.526M                 | 0.126G   |
| 20.cv2.conv        | 0.524M                 | 0.126G   |
| 20.cv2.bn          | 1.024K                 |          |
| 20.cv2.bn_skip     | 1.024K                 | 0.246M   |
| 20.m               | 1.449M                 | 0.205G   |
| 20.m.0             | 0.724M                 | 0.103G   |
| 20.m.1             | 0.724M                 | 0.103G   |
| 21                 | 1.419M                 | 1.917G   |
| 21.cv2             | 0.861M                 | 1.128G   |
| 21.cv2.0           | 0.189M                 | 0.725G   |
| 21.cv2.1           | 0.336M                 | 0.323G   |
| 21.cv2.2           | 0.336M                 | 80.671M  |
| 21.cv3             | 0.558M                 | 0.789G   |
| 21.cv3.0           | 0.14M                  | 0.539G   |
| 21.cv3.1           | 0.209M                 | 0.2G     |
| 21.cv3.2           | 0.209M                 | 50.074M  |
| 21.dfl.conv        | 16                     | 0.323M   |
| 21.dfl.conv.weight | (1, 16, 1, 1)          |          |
| 9                  |                        | 0.492M   |
| 12                 |                        | 1.966M   |
  MACs  (base): 18.45 GMACs
  FLOPs (base): 36.91 GFLOPs

           Epoch         GPU_mem          box_om          cls_om          dfl_om          box_oo          cls_oo          dfl_oo       Instances            Size
/home/hslee/anaconda3/envs/yolov12/lib/python3.11/site-packages/torch/autograd/__init__.py:266: UserWarning: Grad strides do not match bucket view strides. This may indicate grad was not created according to the gradient layout contract, or that the param's strides changed since DDP was constructed.  This is not an error, but may impair performance.
grad.sizes() = [256, 256, 1, 1], strides() = [256, 1, 256, 256]
bucket_view.sizes() = [256, 256, 1, 1], strides() = [256, 1, 1, 1] (Triggered internally at ../torch/csrc/distributed/c10d/reducer.cpp:322.)
  Variable._execution_engine.run_backward(  # Calls into the C++ engine to run the backward pass
/home/hslee/anaconda3/envs/yolov12/lib/python3.11/site-packages/torch/autograd/__init__.py:266: UserWarning: Grad strides do not match bucket view strides. This may indicate grad was not created according to the gradient layout contract, or that the param's strides changed since DDP was constructed.  This is not an error, but may impair performance.
grad.sizes() = [256, 256, 1, 1], strides() = [256, 1, 256, 256]
bucket_view.sizes() = [256, 256, 1, 1], strides() = [256, 1, 1, 1] (Triggered internally at ../torch/csrc/distributed/c10d/reducer.cpp:322.)
  Variable._execution_engine.run_backward(  # Calls into the C++ engine to run the backward pass
  Epoch 1/50  Batch 1/2188 (0.0%)  | Super 185.999 (box 1.3829  cls 3.3137  dfl 1.1159)  | Base 187.793 (box 1.3819  cls 3.3723  dfl 1.1144)  | KD 18.016 (box 0.51034  cls 0.04940  dfl 0.00114  feat 0.00212)
  Epoch 1/50  Batch 219/2188 (10.0%)  | Super 131.578 (box 1.4355  cls 1.5895  dfl 1.0868)  | Base 133.638 (box 1.4311  cls 1.6583  dfl 1.0867)  | KD 14.303 (box 0.41598  cls 0.02798  dfl 0.00091  feat 0.00209)
  Epoch 1/50  Batch 437/2188 (20.0%)  | Super 127.436 (box 1.6058  cls 1.2873  dfl 1.0892)  | Base 132.958 (box 1.6731  cls 1.3715  dfl 1.1103)  | KD 18.886 (box 0.55462  cls 0.03218  dfl 0.00125  feat 0.00213)
  Epoch 1/50  Batch 655/2188 (29.9%)  | Super 106.185 (box 1.3631  cls 0.9174  dfl 1.0378)  | Base 106.340 (box 1.3622  cls 0.9346  dfl 1.0264)  | KD 12.610 (box 0.36925  cls 0.02224  dfl 0.00075  feat 0.00183)
  Epoch 1/50  Batch 873/2188 (39.9%)  | Super 115.953 (box 1.4935  cls 1.0386  dfl 1.0914)  | Base 117.830 (box 1.4986  cls 1.0876  dfl 1.0960)  | KD 15.278 (box 0.45605  cls 0.01848  dfl 0.00094  feat 0.00198)
  Epoch 1/50  Batch 1091/2188 (49.9%)  | Super 102.859 (box 1.3311  cls 0.8668  dfl 1.0165)  | Base 104.646 (box 1.3380  cls 0.9220  dfl 1.0102)  | KD 11.629 (box 0.34095  cls 0.02014  dfl 0.00059  feat 0.00174)
  Epoch 1/50  Batch 1309/2188 (59.8%)  | Super 88.873 (box 1.0821  cls 0.7862  dfl 0.9090)  | Base 92.706 (box 1.1166  cls 0.8542  dfl 0.9263)  | KD 11.084 (box 0.32540  cls 0.01842  dfl 0.00087  feat 0.00167)
  Epoch 1/50  Batch 1527/2188 (69.8%)  | Super 101.437 (box 1.2909  cls 0.8771  dfl 1.0020)  | Base 105.948 (box 1.3349  cls 0.9626  dfl 1.0134)  | KD 11.054 (box 0.31941  cls 0.02339  dfl 0.00072  feat 0.00189)
  Epoch 1/50  Batch 1745/2188 (79.8%)  | Super 98.608 (box 1.2548  cls 0.8480  dfl 0.9787)  | Base 102.339 (box 1.2914  cls 0.9117  dfl 0.9950)  | KD 11.142 (box 0.32428  cls 0.02130  dfl 0.00076  feat 0.00186)
  Epoch 1/50  Batch 1963/2188 (89.7%)  | Super 98.158 (box 1.2493  cls 0.8247  dfl 0.9934)  | Base 99.322 (box 1.2491  cls 0.8693  dfl 0.9853)  | KD 11.296 (box 0.33344  cls 0.01689  dfl 0.00072  feat 0.00196)
  Epoch 1/50  Batch 2181/2188 (99.7%)  | Super 100.128 (box 1.3275  cls 0.7718  dfl 1.0297)  | Base 101.495 (box 1.3336  cls 0.8213  dfl 1.0169)  | KD 10.508 (box 0.31044  cls 0.01532  dfl 0.00077  feat 0.00185)

================================================================================
  [Validation] Super model (skip=False)  |  Epoch 1/50
================================================================================
[*] Validation input tensor shape: torch.Size([32, 3, 384, 672])
                 Class     Images  Instances      Box(P          R      mAP50  mAP50-95)
                   all      10000     185578      0.641      0.385      0.412      0.239

================================================================================
  [Validation] Base model  (skip=True)   |  Epoch 1/50
================================================================================
[*] Validation input tensor shape: torch.Size([32, 3, 384, 672])
                 Class     Images  Instances      Box(P          R      mAP50  mAP50-95)
                   all      10000     185578      0.623      0.373      0.398      0.229

           Epoch         GPU_mem          box_om          cls_om          dfl_om          box_oo          cls_oo          dfl_oo       Instances            Size
  Epoch 2/50  Batch 1/2188 (0.0%)  | Super 109.068 (box 1.3952  cls 0.9132  dfl 1.1000)  | Base 113.433 (box 1.4350  cls 0.9964  dfl 1.1134)  | KD 12.750 (box 0.34935  cls 0.04629  dfl 0.00075  feat 0.00207)
  Epoch 2/50  Batch 219/2188 (10.0%)  | Super 97.077 (box 1.2887  cls 0.7431  dfl 1.0019)  | Base 98.400 (box 1.2950  cls 0.7745  dfl 1.0055)  | KD 10.100 (box 0.29917  cls 0.01397  dfl 0.00064  feat 0.00185)
  Epoch 2/50  Batch 437/2188 (20.0%)  | Super 115.337 (box 1.5604  cls 0.9213  dfl 1.1226)  | Base 117.104 (box 1.5666  cls 0.9838  dfl 1.1092)  | KD 13.074 (box 0.39297  cls 0.01297  dfl 0.00072  feat 0.00191)
  Epoch 2/50  Batch 655/2188 (29.9%)  | Super 95.148 (box 1.2413  cls 0.7462  dfl 0.9859)  | Base 97.291 (box 1.2566  cls 0.7907  dfl 0.9931)  | KD 10.491 (box 0.30833  cls 0.01683  dfl 0.00072  feat 0.00198)
  Epoch 2/50  Batch 873/2188 (39.9%)  | Super 107.138 (box 1.4056  cls 0.8592  dfl 1.0833)  | Base 109.216 (box 1.4046  cls 0.9199  dfl 1.0885)  | KD 13.673 (box 0.40868  cls 0.01590  dfl 0.00097  feat 0.00175)
  Epoch 2/50  Batch 1091/2188 (49.9%)  | Super 92.089 (box 1.2347  cls 0.7125  dfl 0.9306)  | Base 94.121 (box 1.2622  cls 0.7458  dfl 0.9332)  | KD 9.630 (box 0.28991  cls 0.00882  dfl 0.00059  feat 0.00162)
  Epoch 2/50  Batch 1309/2188 (59.8%)  | Super 83.845 (box 1.0569  cls 0.6406  dfl 0.9226)  | Base 86.520 (box 1.0912  cls 0.6828  dfl 0.9297)  | KD 9.432 (box 0.28302  cls 0.00940  dfl 0.00069  feat 0.00166)
  Epoch 2/50  Batch 1527/2188 (69.8%)  | Super 100.611 (box 1.2998  cls 0.8256  dfl 1.0187)  | Base 102.605 (box 1.3124  cls 0.8852  dfl 1.0088)  | KD 10.484 (box 0.29668  cls 0.02885  dfl 0.00057  feat 0.00153)
  Epoch 2/50  Batch 1745/2188 (79.8%)  | Super 94.486 (box 1.2588  cls 0.7071  dfl 0.9868)  | Base 96.032 (box 1.2728  cls 0.7508  dfl 0.9774)  | KD 9.752 (box 0.28921  cls 0.01338  dfl 0.00061  feat 0.00154)
  Epoch 2/50  Batch 1963/2188 (89.7%)  | Super 94.473 (box 1.2196  cls 0.7815  dfl 0.9512)  | Base 97.021 (box 1.2382  cls 0.8338  dfl 0.9599)  | KD 10.013 (box 0.29755  cls 0.01287  dfl 0.00076  feat 0.00174)
  Epoch 2/50  Batch 2181/2188 (99.7%)  | Super 101.567 (box 1.3352  cls 0.7815  dfl 1.0573)  | Base 102.985 (box 1.3429  cls 0.8131  dfl 1.0622)  | KD 9.861 (box 0.29281  cls 0.01315  dfl 0.00062  feat 0.00159)

================================================================================
  [Validation] Super model (skip=False)  |  Epoch 2/50
================================================================================
[*] Validation input tensor shape: torch.Size([32, 3, 384, 672])
                 Class     Images  Instances      Box(P          R      mAP50  mAP50-95)
                   all      10000     185578       0.69      0.438      0.476      0.275

================================================================================
  [Validation] Base model  (skip=True)   |  Epoch 2/50
================================================================================
[*] Validation input tensor shape: torch.Size([32, 3, 384, 672])
                 Class     Images  Instances      Box(P          R      mAP50  mAP50-95)
                   all      10000     185578      0.687      0.421      0.463      0.264

           Epoch         GPU_mem          box_om          cls_om          dfl_om          box_oo          cls_oo          dfl_oo       Instances            Size
  Epoch 3/50  Batch 1/2188 (0.0%)  | Super 97.847 (box 1.2740  cls 0.7596  dfl 1.0242)  | Base 100.695 (box 1.3089  cls 0.8082  dfl 1.0296)  | KD 10.785 (box 0.32092  cls 0.01373  dfl 0.00068  feat 0.00171)
  Epoch 3/50  Batch 219/2188 (10.0%)  | Super 99.333 (box 1.3339  cls 0.7318  dfl 1.0384)  | Base 99.642 (box 1.3220  cls 0.7564  dfl 1.0354)  | KD 10.476 (box 0.31252  cls 0.01248  dfl 0.00069  feat 0.00168)
  Epoch 3/50  Batch 437/2188 (20.0%)  | Super 104.850 (box 1.4512  cls 0.8271  dfl 0.9983)  | Base 108.695 (box 1.5078  cls 0.8841  dfl 1.0048)  | KD 12.550 (box 0.37935  cls 0.01042  dfl 0.00078  feat 0.00163)
  Epoch 3/50  Batch 655/2188 (29.9%)  | Super 94.039 (box 1.2591  cls 0.7051  dfl 0.9745)  | Base 95.102 (box 1.2686  cls 0.7309  dfl 0.9725)  | KD 8.914 (box 0.26654  cls 0.00987  dfl 0.00057  feat 0.00159)
  Epoch 3/50  Batch 873/2188 (39.9%)  | Super 99.512 (box 1.2739  cls 0.8321  dfl 1.0037)  | Base 101.474 (box 1.2968  cls 0.8669  dfl 1.0074)  | KD 10.744 (box 0.32057  cls 0.01306  dfl 0.00063  feat 0.00151)
  Epoch 3/50  Batch 1091/2188 (49.9%)  | Super 90.720 (box 1.2078  cls 0.6604  dfl 0.9669)  | Base 92.136 (box 1.2250  cls 0.6899  dfl 0.9644)  | KD 8.317 (box 0.24970  cls 0.00830  dfl 0.00050  feat 0.00140)
  Epoch 3/50  Batch 1309/2188 (59.8%)  | Super 88.528 (box 1.1550  cls 0.6213  dfl 0.9902)  | Base 90.864 (box 1.1679  cls 0.6785  dfl 0.9931)  | KD 8.626 (box 0.25761  cls 0.00977  dfl 0.00065  feat 0.00153)
  Epoch 3/50  Batch 1527/2188 (69.8%)  | Super 97.943 (box 1.2899  cls 0.7784  dfl 0.9924)  | Base 99.221 (box 1.2976  cls 0.8130  dfl 0.9900)  | KD 10.018 (box 0.29175  cls 0.01904  dfl 0.00061  feat 0.00164)
  Epoch 3/50  Batch 1745/2188 (79.8%)  | Super 95.086 (box 1.2658  cls 0.7113  dfl 0.9943)  | Base 96.948 (box 1.2873  cls 0.7481  dfl 0.9942)  | KD 9.971 (box 0.29637  cls 0.01325  dfl 0.00061  feat 0.00136)
  Epoch 3/50  Batch 1963/2188 (89.7%)  | Super 95.540 (box 1.2498  cls 0.7678  dfl 0.9680)  | Base 98.894 (box 1.2973  cls 0.8088  dfl 0.9844)  | KD 10.285 (box 0.30784  cls 0.01129  dfl 0.00073  feat 0.00155)
  Epoch 3/50  Batch 2181/2188 (99.7%)  | Super 98.993 (box 1.3109  cls 0.6858  dfl 1.0969)  | Base 100.447 (box 1.3247  cls 0.7261  dfl 1.0881)  | KD 9.795 (box 0.29303  cls 0.01090  dfl 0.00072  feat 0.00143)

================================================================================
  [Validation] Super model (skip=False)  |  Epoch 3/50
================================================================================
[*] Validation input tensor shape: torch.Size([32, 3, 384, 672])
                 Class     Images  Instances      Box(P          R      mAP50  mAP50-95)
                   all      10000     185578      0.706      0.442      0.491      0.285

================================================================================
  [Validation] Base model  (skip=True)   |  Epoch 3/50
================================================================================
[*] Validation input tensor shape: torch.Size([32, 3, 384, 672])
                 Class     Images  Instances      Box(P          R      mAP50  mAP50-95)
                   all      10000     185578      0.691      0.437      0.481      0.276

           Epoch         GPU_mem          box_om          cls_om          dfl_om          box_oo          cls_oo          dfl_oo       Instances            Size
  Epoch 4/50  Batch 1/2188 (0.0%)  | Super 94.477 (box 1.2203  cls 0.7261  dfl 1.0060)  | Base 96.170 (box 1.2293  cls 0.7688  dfl 1.0072)  | KD 9.823 (box 0.28968  cls 0.01533  dfl 0.00065  feat 0.00131)
  Epoch 4/50  Batch 219/2188 (10.0%)  | Super 101.117 (box 1.3094  cls 0.7870  dfl 1.0636)  | Base 102.794 (box 1.3352  cls 0.7988  dfl 1.0783)  | KD 8.900 (box 0.26650  cls 0.00951  dfl 0.00061  feat 0.00150)
  Epoch 4/50  Batch 437/2188 (20.0%)  | Super 101.677 (box 1.4203  cls 0.7732  dfl 0.9839)  | Base 102.789 (box 1.4346  cls 0.8038  dfl 0.9737)  | KD 11.214 (box 0.33820  cls 0.01021  dfl 0.00060  feat 0.00143)
  Epoch 4/50  Batch 655/2188 (29.9%)  | Super 91.570 (box 1.1804  cls 0.6985  dfl 0.9826)  | Base 93.180 (box 1.2040  cls 0.7255  dfl 0.9824)  | KD 8.713 (box 0.25769  cls 0.01253  dfl 0.00059  feat 0.00147)
  Epoch 4/50  Batch 873/2188 (39.9%)  | Super 101.846 (box 1.3387  cls 0.7611  dfl 1.0829)  | Base 103.015 (box 1.3349  cls 0.8183  dfl 1.0660)  | KD 10.337 (box 0.30653  cls 0.01428  dfl 0.00068  feat 0.00156)
  Epoch 4/50  Batch 1091/2188 (49.9%)  | Super 89.007 (box 1.2023  cls 0.6218  dfl 0.9574)  | Base 91.427 (box 1.2308  cls 0.6587  dfl 0.9676)  | KD 8.459 (box 0.25472  cls 0.00778  dfl 0.00055  feat 0.00131)
  Epoch 4/50  Batch 1309/2188 (59.8%)  | Super 86.286 (box 1.1210  cls 0.5953  dfl 0.9802)  | Base 88.249 (box 1.1465  cls 0.6256  dfl 0.9858)  | KD 8.229 (box 0.24819  cls 0.00701  dfl 0.00062  feat 0.00132)
  Epoch 4/50  Batch 1527/2188 (69.8%)  | Super 96.206 (box 1.2487  cls 0.7433  dfl 1.0145)  | Base 98.132 (box 1.2632  cls 0.7965  dfl 1.0069)  | KD 9.792 (box 0.28781  cls 0.01609  dfl 0.00061  feat 0.00151)
  Epoch 4/50  Batch 1745/2188 (79.8%)  | Super 91.385 (box 1.2210  cls 0.6712  dfl 0.9636)  | Base 93.458 (box 1.2576  cls 0.6884  dfl 0.9745)  | KD 9.672 (box 0.28815  cls 0.01215  dfl 0.00056  feat 0.00140)
  Epoch 4/50  Batch 1963/2188 (89.7%)  | Super 91.459 (box 1.2183  cls 0.6797  dfl 0.9601)  | Base 92.719 (box 1.2243  cls 0.7256  dfl 0.9476)  | KD 9.476 (box 0.28353  cls 0.01027  dfl 0.00066  feat 0.00165)
  Epoch 4/50  Batch 2181/2188 (99.7%)  | Super 96.214 (box 1.2658  cls 0.6769  dfl 1.0640)  | Base 96.342 (box 1.2706  cls 0.6894  dfl 1.0507)  | KD 9.068 (box 0.26847  cls 0.01278  dfl 0.00061  feat 0.00153)

================================================================================
  [Validation] Super model (skip=False)  |  Epoch 4/50
================================================================================
[*] Validation input tensor shape: torch.Size([32, 3, 384, 672])
                 Class     Images  Instances      Box(P          R      mAP50  mAP50-95)
                   all      10000     185578      0.616      0.455      0.506      0.293

================================================================================
  [Validation] Base model  (skip=True)   |  Epoch 4/50
================================================================================
[*] Validation input tensor shape: torch.Size([32, 3, 384, 672])
                 Class     Images  Instances      Box(P          R      mAP50  mAP50-95)
                   all      10000     185578      0.602       0.45      0.496      0.285

           Epoch         GPU_mem          box_om          cls_om          dfl_om          box_oo          cls_oo          dfl_oo       Instances            Size
  Epoch 5/50  Batch 1/2188 (0.0%)  | Super 95.992 (box 1.2653  cls 0.7310  dfl 1.0035)  | Base 97.271 (box 1.2856  cls 0.7617  dfl 0.9924)  | KD 8.525 (box 0.25662  cls 0.00804  dfl 0.00051  feat 0.00125)
  Epoch 5/50  Batch 219/2188 (10.0%)  | Super 93.536 (box 1.2546  cls 0.7176  dfl 0.9507)  | Base 94.343 (box 1.2599  cls 0.7405  dfl 0.9479)  | KD 8.351 (box 0.24976  cls 0.00936  dfl 0.00052  feat 0.00134)
  Epoch 5/50  Batch 437/2188 (20.0%)  | Super 103.741 (box 1.4530  cls 0.7729  dfl 1.0160)  | Base 106.452 (box 1.4833  cls 0.8277  dfl 1.0157)  | KD 10.582 (box 0.31711  cls 0.01140  dfl 0.00056  feat 0.00161)
  Epoch 5/50  Batch 655/2188 (29.9%)  | Super 89.643 (box 1.1937  cls 0.6475  dfl 0.9602)  | Base 90.931 (box 1.2048  cls 0.6747  dfl 0.9621)  | KD 8.706 (box 0.26055  cls 0.00949  dfl 0.00057  feat 0.00145)
  Epoch 5/50  Batch 873/2188 (39.9%)  | Super 101.984 (box 1.3115  cls 0.8191  dfl 1.0564)  | Base 101.929 (box 1.3034  cls 0.8316  dfl 1.0504)  | KD 10.007 (box 0.29962  cls 0.01108  dfl 0.00060  feat 0.00140)
  Epoch 5/50  Batch 1091/2188 (49.9%)  | Super 90.722 (box 1.2202  cls 0.6302  dfl 0.9847)  | Base 92.257 (box 1.2385  cls 0.6552  dfl 0.9894)  | KD 8.081 (box 0.24314  cls 0.00750  dfl 0.00049  feat 0.00140)
  Epoch 5/50  Batch 1309/2188 (59.8%)  | Super 84.039 (box 1.0811  cls 0.5924  dfl 0.9528)  | Base 85.507 (box 1.0886  cls 0.6335  dfl 0.9501)  | KD 8.755 (box 0.26345  cls 0.00830  dfl 0.00068  feat 0.00116)
  Epoch 5/50  Batch 1527/2188 (69.8%)  | Super 99.170 (box 1.3103  cls 0.7703  dfl 1.0185)  | Base 100.518 (box 1.3272  cls 0.8068  dfl 1.0072)  | KD 8.507 (box 0.25356  cls 0.01029  dfl 0.00058  feat 0.00141)
  Epoch 5/50  Batch 1745/2188 (79.8%)  | Super 89.250 (box 1.1966  cls 0.6179  dfl 0.9745)  | Base 90.550 (box 1.2108  cls 0.6460  dfl 0.9729)  | KD 9.082 (box 0.27230  cls 0.00959  dfl 0.00065  feat 0.00125)
  Epoch 5/50  Batch 1963/2188 (89.7%)  | Super 90.845 (box 1.1853  cls 0.6766  dfl 0.9769)  | Base 92.435 (box 1.2101  cls 0.7038  dfl 0.9747)  | KD 8.042 (box 0.23995  cls 0.00956  dfl 0.00047  feat 0.00135)
  Epoch 5/50  Batch 2181/2188 (99.7%)  | Super 99.621 (box 1.3475  cls 0.6780  dfl 1.0877)  | Base 99.885 (box 1.3288  cls 0.7141  dfl 1.0785)  | KD 8.251 (box 0.24852  cls 0.00731  dfl 0.00055  feat 0.00146)

================================================================================
  [Validation] Super model (skip=False)  |  Epoch 5/50
================================================================================
[*] Validation input tensor shape: torch.Size([32, 3, 384, 672])
                 Class     Images  Instances      Box(P          R      mAP50  mAP50-95)
                   all      10000     185578      0.626      0.458      0.514      0.298

================================================================================
  [Validation] Base model  (skip=True)   |  Epoch 5/50
================================================================================
[*] Validation input tensor shape: torch.Size([32, 3, 384, 672])
                 Class     Images  Instances      Box(P          R      mAP50  mAP50-95)
                   all      10000     185578      0.622      0.448      0.504      0.291

           Epoch         GPU_mem          box_om          cls_om          dfl_om          box_oo          cls_oo          dfl_oo       Instances            Size
  Epoch 6/50  Batch 1/2188 (0.0%)  | Super 92.940 (box 1.2270  cls 0.6802  dfl 0.9972)  | Base 93.598 (box 1.2256  cls 0.7224  dfl 0.9770)  | KD 8.659 (box 0.25438  cls 0.01438  dfl 0.00056  feat 0.00128)
  Epoch 6/50  Batch 219/2188 (10.0%)  | Super 91.693 (box 1.2211  cls 0.6395  dfl 1.0048)  | Base 94.876 (box 1.2512  cls 0.6878  dfl 1.0259)  | KD 8.704 (box 0.26227  cls 0.00791  dfl 0.00057  feat 0.00125)
  Epoch 6/50  Batch 437/2188 (20.0%)  | Super 104.318 (box 1.4910  cls 0.7672  dfl 1.0017)  | Base 105.436 (box 1.5115  cls 0.7853  dfl 0.9981)  | KD 10.030 (box 0.30325  cls 0.00844  dfl 0.00051  feat 0.00123)
  Epoch 6/50  Batch 655/2188 (29.9%)  | Super 90.605 (box 1.2120  cls 0.6568  dfl 0.9626)  | Base 91.832 (box 1.2192  cls 0.6908  dfl 0.9598)  | KD 8.578 (box 0.25726  cls 0.00904  dfl 0.00051  feat 0.00126)
  Epoch 6/50  Batch 873/2188 (39.9%)  | Super 99.994 (box 1.2846  cls 0.7986  dfl 1.0416)  | Base 99.996 (box 1.2929  cls 0.8023  dfl 1.0297)  | KD 9.459 (box 0.28574  cls 0.00804  dfl 0.00064  feat 0.00118)
  Epoch 6/50  Batch 1091/2188 (49.9%)  | Super 85.311 (box 1.1569  cls 0.5831  dfl 0.9260)  | Base 86.025 (box 1.1619  cls 0.5999  dfl 0.9266)  | KD 7.809 (box 0.23240  cls 0.01000  dfl 0.00042  feat 0.00120)
  Epoch 6/50  Batch 1309/2188 (59.8%)  | Super 88.983 (box 1.1754  cls 0.6352  dfl 0.9701)  | Base 90.490 (box 1.1936  cls 0.6621  dfl 0.9721)  | KD 8.263 (box 0.24685  cls 0.00947  dfl 0.00056  feat 0.00135)
  Epoch 6/50  Batch 1527/2188 (69.8%)  | Super 93.419 (box 1.2376  cls 0.7173  dfl 0.9644)  | Base 93.759 (box 1.2270  cls 0.7490  dfl 0.9540)  | KD 8.259 (box 0.24232  cls 0.01394  dfl 0.00052  feat 0.00131)
  Epoch 6/50  Batch 1745/2188 (79.8%)  | Super 87.317 (box 1.1562  cls 0.6270  dfl 0.9455)  | Base 87.998 (box 1.1607  cls 0.6388  dfl 0.9504)  | KD 7.986 (box 0.23836  cls 0.00935  dfl 0.00062  feat 0.00124)
  Epoch 6/50  Batch 1963/2188 (89.7%)  | Super 91.593 (box 1.1901  cls 0.7006  dfl 0.9716)  | Base 94.009 (box 1.2281  cls 0.7322  dfl 0.9775)  | KD 9.169 (box 0.27430  cls 0.01020  dfl 0.00064  feat 0.00141)
  Epoch 6/50  Batch 2181/2188 (99.7%)  | Super 94.883 (box 1.2680  cls 0.6635  dfl 1.0336)  | Base 98.022 (box 1.3089  cls 0.6964  dfl 1.0579)  | KD 7.658 (box 0.22917  cls 0.00823  dfl 0.00054  feat 0.00138)

================================================================================
  [Validation] Super model (skip=False)  |  Epoch 6/50
================================================================================
[*] Validation input tensor shape: torch.Size([32, 3, 384, 672])
                 Class     Images  Instances      Box(P          R      mAP50  mAP50-95)
                   all      10000     185578      0.633      0.457      0.519      0.301

================================================================================
  [Validation] Base model  (skip=True)   |  Epoch 6/50
================================================================================
[*] Validation input tensor shape: torch.Size([32, 3, 384, 672])
                 Class     Images  Instances      Box(P          R      mAP50  mAP50-95)
                   all      10000     185578      0.624      0.451      0.509      0.293

           Epoch         GPU_mem          box_om          cls_om          dfl_om          box_oo          cls_oo          dfl_oo       Instances            Size
  Epoch 7/50  Batch 1/2188 (0.0%)  | Super 90.698 (box 1.2062  cls 0.6437  dfl 0.9844)  | Base 91.929 (box 1.2128  cls 0.6828  dfl 0.9773)  | KD 9.290 (box 0.27910  cls 0.00942  dfl 0.00058  feat 0.00122)
  Epoch 7/50  Batch 219/2188 (10.0%)  | Super 95.188 (box 1.3136  cls 0.6847  dfl 0.9764)  | Base 94.974 (box 1.3052  cls 0.6970  dfl 0.9658)  | KD 7.978 (box 0.24151  cls 0.00609  dfl 0.00049  feat 0.00122)
  Epoch 7/50  Batch 437/2188 (20.0%)  | Super 99.458 (box 1.3895  cls 0.7397  dfl 0.9788)  | Base 100.993 (box 1.4178  cls 0.7593  dfl 0.9789)  | KD 9.860 (box 0.29950  cls 0.00684  dfl 0.00054  feat 0.00123)
  Epoch 7/50  Batch 655/2188 (29.9%)  | Super 86.928 (box 1.1742  cls 0.6004  dfl 0.9419)  | Base 88.426 (box 1.1902  cls 0.6334  dfl 0.9397)  | KD 8.117 (box 0.24493  cls 0.00693  dfl 0.00060  feat 0.00119)
  Epoch 7/50  Batch 873/2188 (39.9%)  | Super 97.495 (box 1.2875  cls 0.7615  dfl 0.9977)  | Base 97.382 (box 1.3023  cls 0.7462  dfl 0.9947)  | KD 9.370 (box 0.28143  cls 0.00951  dfl 0.00060  feat 0.00127)
  Epoch 7/50  Batch 1091/2188 (49.9%)  | Super 86.081 (box 1.1748  cls 0.5896  dfl 0.9257)  | Base 87.555 (box 1.1894  cls 0.6195  dfl 0.9273)  | KD 8.389 (box 0.25135  cls 0.00911  dfl 0.00054  feat 0.00115)
  Epoch 7/50  Batch 1309/2188 (59.8%)  | Super 84.081 (box 1.0895  cls 0.5814  dfl 0.9566)  | Base 87.133 (box 1.1251  cls 0.6134  dfl 0.9844)  | KD 8.186 (box 0.24278  cls 0.01127  dfl 0.00055  feat 0.00123)
  Epoch 7/50  Batch 1527/2188 (69.8%)  | Super 94.408 (box 1.2558  cls 0.7080  dfl 0.9864)  | Base 94.865 (box 1.2460  cls 0.7368  dfl 0.9818)  | KD 8.517 (box 0.25444  cls 0.01005  dfl 0.00048  feat 0.00120)
  Epoch 7/50  Batch 1745/2188 (79.8%)  | Super 87.713 (box 1.1451  cls 0.6632  dfl 0.9327)  | Base 89.228 (box 1.1733  cls 0.6821  dfl 0.9330)  | KD 7.665 (box 0.23006  cls 0.00780  dfl 0.00046  feat 0.00121)
  Epoch 7/50  Batch 1963/2188 (89.7%)  | Super 92.532 (box 1.2390  cls 0.6981  dfl 0.9545)  | Base 92.629 (box 1.2489  cls 0.7068  dfl 0.9389)  | KD 9.595 (box 0.28804  cls 0.00981  dfl 0.00062  feat 0.00136)
  Epoch 7/50  Batch 2181/2188 (99.7%)  | Super 100.754 (box 1.3563  cls 0.7044  dfl 1.0878)  | Base 101.135 (box 1.3663  cls 0.7068  dfl 1.0873)  | KD 7.513 (box 0.22608  cls 0.00696  dfl 0.00048  feat 0.00126)

================================================================================
  [Validation] Super model (skip=False)  |  Epoch 7/50
================================================================================
[*] Validation input tensor shape: torch.Size([32, 3, 384, 672])
                 Class     Images  Instances      Box(P          R      mAP50  mAP50-95)
                   all      10000     185578      0.625      0.473      0.526      0.304

================================================================================
  [Validation] Base model  (skip=True)   |  Epoch 7/50
================================================================================
[*] Validation input tensor shape: torch.Size([32, 3, 384, 672])
                 Class     Images  Instances      Box(P          R      mAP50  mAP50-95)
                   all      10000     185578      0.623      0.463      0.516      0.297

           Epoch         GPU_mem          box_om          cls_om          dfl_om          box_oo          cls_oo          dfl_oo       Instances            Size
  Epoch 8/50  Batch 1/2188 (0.0%)  | Super 92.602 (box 1.2234  cls 0.6989  dfl 0.9716)  | Base 95.485 (box 1.2605  cls 0.7414  dfl 0.9821)  | KD 8.723 (box 0.26084  cls 0.01002  dfl 0.00053  feat 0.00122)
  Epoch 8/50  Batch 219/2188 (10.0%)  | Super 90.288 (box 1.2280  cls 0.6245  dfl 0.9690)  | Base 91.771 (box 1.2575  cls 0.6388  dfl 0.9715)  | KD 7.941 (box 0.23879  cls 0.00755  dfl 0.00053  feat 0.00130)
  Epoch 8/50  Batch 437/2188 (20.0%)  | Super 100.839 (box 1.4069  cls 0.7664  dfl 0.9779)  | Base 102.148 (box 1.4371  cls 0.7749  dfl 0.9801)  | KD 11.337 (box 0.34412  cls 0.00819  dfl 0.00071  feat 0.00126)
  Epoch 8/50  Batch 655/2188 (29.9%)  | Super 86.025 (box 1.1333  cls 0.6189  dfl 0.9361)  | Base 87.077 (box 1.1541  cls 0.6305  dfl 0.9366)  | KD 7.418 (box 0.22088  cls 0.00934  dfl 0.00040  feat 0.00120)
  Epoch 8/50  Batch 873/2188 (39.9%)  | Super 101.644 (box 1.3683  cls 0.7731  dfl 1.0350)  | Base 102.700 (box 1.3788  cls 0.7890  dfl 1.0416)  | KD 9.550 (box 0.28681  cls 0.00970  dfl 0.00052  feat 0.00141)
  Epoch 8/50  Batch 1091/2188 (49.9%)  | Super 85.047 (box 1.1378  cls 0.5713  dfl 0.9487)  | Base 86.241 (box 1.1460  cls 0.5997  dfl 0.9493)  | KD 6.996 (box 0.21001  cls 0.00712  dfl 0.00043  feat 0.00107)
  Epoch 8/50  Batch 1309/2188 (59.8%)  | Super 86.777 (box 1.1472  cls 0.5931  dfl 0.9715)  | Base 87.033 (box 1.1388  cls 0.6237  dfl 0.9573)  | KD 7.675 (box 0.22984  cls 0.00833  dfl 0.00057  feat 0.00112)
  Epoch 8/50  Batch 1527/2188 (69.8%)  | Super 94.517 (box 1.2559  cls 0.7272  dfl 0.9705)  | Base 96.291 (box 1.2655  cls 0.7678  dfl 0.9758)  | KD 8.992 (box 0.26003  cls 0.01918  dfl 0.00051  feat 0.00127)
  Epoch 8/50  Batch 1745/2188 (79.8%)  | Super 90.476 (box 1.2312  cls 0.6114  dfl 0.9848)  | Base 91.340 (box 1.2432  cls 0.6250  dfl 0.9862)  | KD 7.795 (box 0.23677  cls 0.00506  dfl 0.00049  feat 0.00128)
  Epoch 8/50  Batch 1963/2188 (89.7%)  | Super 89.781 (box 1.2060  cls 0.6553  dfl 0.9444)  | Base 90.849 (box 1.2055  cls 0.6918  dfl 0.9417)  | KD 8.138 (box 0.24651  cls 0.00592  dfl 0.00043  feat 0.00147)
  Epoch 8/50  Batch 2181/2188 (99.7%)  | Super 96.374 (box 1.3175  cls 0.6494  dfl 1.0447)  | Base 97.480 (box 1.3231  cls 0.6786  dfl 1.0446)  | KD 7.705 (box 0.23404  cls 0.00494  dfl 0.00050  feat 0.00131)

================================================================================
  [Validation] Super model (skip=False)  |  Epoch 8/50
================================================================================
[*] Validation input tensor shape: torch.Size([32, 3, 384, 672])
                 Class     Images  Instances      Box(P          R      mAP50  mAP50-95)
                   all      10000     185578      0.724      0.476      0.528      0.306

================================================================================
  [Validation] Base model  (skip=True)   |  Epoch 8/50
================================================================================
[*] Validation input tensor shape: torch.Size([32, 3, 384, 672])
                 Class     Images  Instances      Box(P          R      mAP50  mAP50-95)
                   all      10000     185578       0.62      0.469      0.519      0.299

           Epoch         GPU_mem          box_om          cls_om          dfl_om          box_oo          cls_oo          dfl_oo       Instances            Size
  Epoch 9/50  Batch 1/2188 (0.0%)  | Super 87.558 (box 1.1440  cls 0.6427  dfl 0.9496)  | Base 88.764 (box 1.1476  cls 0.6770  dfl 0.9493)  | KD 7.750 (box 0.23426  cls 0.00632  dfl 0.00048  feat 0.00112)
  Epoch 9/50  Batch 219/2188 (10.0%)  | Super 96.349 (box 1.3064  cls 0.7002  dfl 1.0043)  | Base 97.844 (box 1.3235  cls 0.7313  dfl 1.0028)  | KD 7.892 (box 0.23929  cls 0.00574  dfl 0.00051  feat 0.00109)
  Epoch 9/50  Batch 437/2188 (20.0%)  | Super 104.363 (box 1.4827  cls 0.7564  dfl 1.0223)  | Base 104.858 (box 1.4840  cls 0.7703  dfl 1.0226)  | KD 9.457 (box 0.28609  cls 0.00769  dfl 0.00044  feat 0.00130)
  Epoch 9/50  Batch 655/2188 (29.9%)  | Super 86.590 (box 1.1557  cls 0.6159  dfl 0.9343)  | Base 86.644 (box 1.1529  cls 0.6278  dfl 0.9269)  | KD 6.693 (box 0.20204  cls 0.00559  dfl 0.00043  feat 0.00110)
  Epoch 9/50  Batch 873/2188 (39.9%)  | Super 99.798 (box 1.3227  cls 0.7669  dfl 1.0291)  | Base 101.773 (box 1.3535  cls 0.7881  dfl 1.0388)  | KD 8.902 (box 0.26539  cls 0.01114  dfl 0.00057  feat 0.00110)
  Epoch 9/50  Batch 1091/2188 (49.9%)  | Super 88.853 (box 1.2154  cls 0.5858  dfl 0.9754)  | Base 89.653 (box 1.2211  cls 0.6074  dfl 0.9731)  | KD 7.361 (box 0.22092  cls 0.00760  dfl 0.00043  feat 0.00108)
  Epoch 9/50  Batch 1309/2188 (59.8%)  | Super 86.665 (box 1.1394  cls 0.6192  dfl 0.9497)  | Base 87.795 (box 1.1550  cls 0.6411  dfl 0.9476)  | KD 7.827 (box 0.23496  cls 0.00804  dfl 0.00051  feat 0.00107)
  Epoch 9/50  Batch 1527/2188 (69.8%)  | Super 92.884 (box 1.2418  cls 0.6924  dfl 0.9684)  | Base 92.838 (box 1.2412  cls 0.7092  dfl 0.9509)  | KD 8.165 (box 0.23994  cls 0.01331  dfl 0.00051  feat 0.00140)
  Epoch 9/50  Batch 1745/2188 (79.8%)  | Super 89.288 (box 1.1657  cls 0.6609  dfl 0.9636)  | Base 90.345 (box 1.1829  cls 0.6757  dfl 0.9647)  | KD 8.623 (box 0.25973  cls 0.00809  dfl 0.00054  feat 0.00109)
  Epoch 9/50  Batch 1963/2188 (89.7%)  | Super 83.327 (box 1.0893  cls 0.5818  dfl 0.9329)  | Base 84.924 (box 1.1146  cls 0.5945  dfl 0.9447)  | KD 7.334 (box 0.22154  cls 0.00590  dfl 0.00046  feat 0.00128)
  Epoch 9/50  Batch 2181/2188 (99.7%)  | Super 96.422 (box 1.3227  cls 0.6675  dfl 1.0229)  | Base 98.441 (box 1.3442  cls 0.6976  dfl 1.0344)  | KD 7.825 (box 0.23590  cls 0.00700  dfl 0.00047  feat 0.00117)

================================================================================
  [Validation] Super model (skip=False)  |  Epoch 9/50
================================================================================
[*] Validation input tensor shape: torch.Size([32, 3, 384, 672])
                 Class     Images  Instances      Box(P          R      mAP50  mAP50-95)
                   all      10000     185578      0.722      0.482       0.53      0.308

================================================================================
  [Validation] Base model  (skip=True)   |  Epoch 9/50
================================================================================
[*] Validation input tensor shape: torch.Size([32, 3, 384, 672])
                 Class     Images  Instances      Box(P          R      mAP50  mAP50-95)
                   all      10000     185578      0.622       0.47      0.522      0.302

           Epoch         GPU_mem          box_om          cls_om          dfl_om          box_oo          cls_oo          dfl_oo       Instances            Size
  Epoch 10/50  Batch 1/2188 (0.0%)  | Super 90.595 (box 1.1741  cls 0.6699  dfl 0.9870)  | Base 90.700 (box 1.1709  cls 0.6749  dfl 0.9886)  | KD 8.127 (box 0.24099  cls 0.01099  dfl 0.00056  feat 0.00143)
  Epoch 10/50  Batch 219/2188 (10.0%)  | Super 93.062 (box 1.2401  cls 0.6363  dfl 1.0317)  | Base 94.461 (box 1.2588  cls 0.6623  dfl 1.0308)  | KD 7.664 (box 0.22644  cls 0.01125  dfl 0.00047  feat 0.00135)
  Epoch 10/50  Batch 437/2188 (20.0%)  | Super 100.653 (box 1.4157  cls 0.7145  dfl 1.0152)  | Base 102.835 (box 1.4329  cls 0.7667  dfl 1.0140)  | KD 9.710 (box 0.29484  cls 0.00683  dfl 0.00054  feat 0.00123)
  Epoch 10/50  Batch 655/2188 (29.9%)  | Super 89.829 (box 1.2158  cls 0.6237  dfl 0.9677)  | Base 91.339 (box 1.2289  cls 0.6526  dfl 0.9729)  | KD 7.911 (box 0.23895  cls 0.00663  dfl 0.00048  feat 0.00117)
  Epoch 10/50  Batch 873/2188 (39.9%)  | Super 100.460 (box 1.3316  cls 0.7706  dfl 1.0371)  | Base 102.403 (box 1.3618  cls 0.7986  dfl 1.0397)  | KD 9.773 (box 0.29283  cls 0.01057  dfl 0.00060  feat 0.00140)
  Epoch 10/50  Batch 1091/2188 (49.9%)  | Super 87.812 (box 1.1720  cls 0.6107  dfl 0.9614)  | Base 89.280 (box 1.1872  cls 0.6411  dfl 0.9617)  | KD 7.287 (box 0.21938  cls 0.00688  dfl 0.00041  feat 0.00105)
  Epoch 10/50  Batch 1309/2188 (59.8%)  | Super 86.617 (box 1.1388  cls 0.6128  dfl 0.9552)  | Base 87.619 (box 1.1434  cls 0.6408  dfl 0.9539)  | KD 8.398 (box 0.24349  cls 0.01720  dfl 0.00056  feat 0.00118)
  Epoch 10/50  Batch 1527/2188 (69.8%)  | Super 92.175 (box 1.2168  cls 0.6988  dfl 0.9649)  | Base 93.980 (box 1.2223  cls 0.7479  dfl 0.9667)  | KD 8.678 (box 0.25566  cls 0.01370  dfl 0.00050  feat 0.00134)
  Epoch 10/50  Batch 1745/2188 (79.8%)  | Super 87.788 (box 1.1761  cls 0.6008  dfl 0.9664)  | Base 88.731 (box 1.1892  cls 0.6202  dfl 0.9634)  | KD 7.324 (box 0.22134  cls 0.00594  dfl 0.00043  feat 0.00117)
  Epoch 10/50  Batch 1963/2188 (89.7%)  | Super 88.324 (box 1.1663  cls 0.6113  dfl 0.9826)  | Base 89.728 (box 1.1915  cls 0.6332  dfl 0.9793)  | KD 6.943 (box 0.20890  cls 0.00622  dfl 0.00039  feat 0.00146)
  Epoch 10/50  Batch 2181/2188 (99.7%)  | Super 98.063 (box 1.3105  cls 0.7034  dfl 1.0506)  | Base 98.781 (box 1.3188  cls 0.7224  dfl 1.0458)  | KD 7.820 (box 0.23336  cls 0.00932  dfl 0.00049  feat 0.00121)

================================================================================
  [Validation] Super model (skip=False)  |  Epoch 10/50
================================================================================
[*] Validation input tensor shape: torch.Size([32, 3, 384, 672])
                 Class     Images  Instances      Box(P          R      mAP50  mAP50-95)
                   all      10000     185578      0.728      0.478      0.533      0.309

================================================================================
  [Validation] Base model  (skip=True)   |  Epoch 10/50
================================================================================
[*] Validation input tensor shape: torch.Size([32, 3, 384, 672])
                 Class     Images  Instances      Box(P          R      mAP50  mAP50-95)
                   all      10000     185578      0.717      0.473      0.526      0.304

           Epoch         GPU_mem          box_om          cls_om          dfl_om          box_oo          cls_oo          dfl_oo       Instances            Size
  Epoch 11/50  Batch 1/2188 (0.0%)  | Super 89.855 (box 1.1809  cls 0.6351  dfl 0.9920)  | Base 91.148 (box 1.1990  cls 0.6612  dfl 0.9882)  | KD 7.548 (box 0.22655  cls 0.00769  dfl 0.00046  feat 0.00115)
  Epoch 11/50  Batch 219/2188 (10.0%)  | Super 98.735 (box 1.3714  cls 0.7074  dfl 1.0067)  | Base 99.465 (box 1.3822  cls 0.7220  dfl 1.0041)  | KD 7.971 (box 0.24063  cls 0.00675  dfl 0.00047  feat 0.00126)
  Epoch 11/50  Batch 437/2188 (20.0%)  | Super 97.012 (box 1.3744  cls 0.7145  dfl 0.9427)  | Base 98.378 (box 1.3971  cls 0.7329  dfl 0.9444)  | KD 8.696 (box 0.26420  cls 0.00585  dfl 0.00047  feat 0.00123)
  Epoch 11/50  Batch 655/2188 (29.9%)  | Super 88.163 (box 1.1843  cls 0.6226  dfl 0.9482)  | Base 89.088 (box 1.1940  cls 0.6390  dfl 0.9510)  | KD 7.728 (box 0.22994  cls 0.00992  dfl 0.00047  feat 0.00116)
  Epoch 11/50  Batch 873/2188 (39.9%)  | Super 102.470 (box 1.3801  cls 0.7507  dfl 1.0714)  | Base 104.083 (box 1.4052  cls 0.7772  dfl 1.0702)  | KD 9.474 (box 0.28687  cls 0.00744  dfl 0.00054  feat 0.00121)
  Epoch 11/50  Batch 1091/2188 (49.9%)  | Super 87.467 (box 1.1912  cls 0.6137  dfl 0.9284)  | Base 88.489 (box 1.2068  cls 0.6275  dfl 0.9310)  | KD 6.662 (box 0.19985  cls 0.00682  dfl 0.00040  feat 0.00110)
  Epoch 11/50  Batch 1309/2188 (59.8%)  | Super 82.282 (box 1.0730  cls 0.5697  dfl 0.9286)  | Base 82.995 (box 1.0777  cls 0.5950  dfl 0.9208)  | KD 8.219 (box 0.24766  cls 0.00742  dfl 0.00050  feat 0.00126)
  Epoch 11/50  Batch 1527/2188 (69.8%)  | Super 95.435 (box 1.2670  cls 0.7407  dfl 0.9747)  | Base 97.000 (box 1.2724  cls 0.7843  dfl 0.9746)  | KD 8.535 (box 0.24527  cls 0.01953  dfl 0.00054  feat 0.00137)
  Epoch 11/50  Batch 1745/2188 (79.8%)  | Super 88.127 (box 1.1674  cls 0.6022  dfl 0.9843)  | Base 90.027 (box 1.1920  cls 0.6318  dfl 0.9895)  | KD 8.263 (box 0.24720  cls 0.00941  dfl 0.00051  feat 0.00110)
  Epoch 11/50  Batch 1963/2188 (89.7%)  | Super 86.512 (box 1.1346  cls 0.6027  dfl 0.9662)  | Base 88.138 (box 1.1540  cls 0.6309  dfl 0.9695)  | KD 7.766 (box 0.23176  cls 0.00918  dfl 0.00044  feat 0.00132)
  Epoch 11/50  Batch 2181/2188 (99.7%)  | Super 97.172 (box 1.2906  cls 0.6433  dfl 1.1028)  | Base 97.103 (box 1.2881  cls 0.6587  dfl 1.0877)  | KD 8.080 (box 0.24329  cls 0.00748  dfl 0.00051  feat 0.00122)

================================================================================
  [Validation] Super model (skip=False)  |  Epoch 11/50
================================================================================
[*] Validation input tensor shape: torch.Size([32, 3, 384, 672])
                 Class     Images  Instances      Box(P          R      mAP50  mAP50-95)
                   all      10000     185578       0.73      0.481      0.535       0.31

================================================================================
  [Validation] Base model  (skip=True)   |  Epoch 11/50
================================================================================
[*] Validation input tensor shape: torch.Size([32, 3, 384, 672])
                 Class     Images  Instances      Box(P          R      mAP50  mAP50-95)
                   all      10000     185578      0.715      0.476      0.526      0.304

           Epoch         GPU_mem          box_om          cls_om          dfl_om          box_oo          cls_oo          dfl_oo       Instances            Size
  Epoch 12/50  Batch 1/2188 (0.0%)  | Super 92.095 (box 1.2244  cls 0.6634  dfl 0.9901)  | Base 91.733 (box 1.1982  cls 0.6946  dfl 0.9738)  | KD 8.659 (box 0.25849  cls 0.01040  dfl 0.00051  feat 0.00119)
  Epoch 12/50  Batch 219/2188 (10.0%)  | Super 96.225 (box 1.2949  cls 0.6982  dfl 1.0139)  | Base 96.489 (box 1.2987  cls 0.7084  dfl 1.0082)  | KD 7.537 (box 0.22773  cls 0.00603  dfl 0.00046  feat 0.00134)
  Epoch 12/50  Batch 437/2188 (20.0%)  | Super 98.617 (box 1.3870  cls 0.6978  dfl 0.9969)  | Base 100.593 (box 1.4184  cls 0.7166  dfl 1.0085)  | KD 10.027 (box 0.30272  cls 0.00903  dfl 0.00050  feat 0.00109)
  Epoch 12/50  Batch 655/2188 (29.9%)  | Super 86.361 (box 1.1406  cls 0.6197  dfl 0.9384)  | Base 87.948 (box 1.1659  cls 0.6351  dfl 0.9474)  | KD 7.461 (box 0.22322  cls 0.00836  dfl 0.00042  feat 0.00116)
  Epoch 12/50  Batch 873/2188 (39.9%)  | Super 102.111 (box 1.3123  cls 0.7654  dfl 1.1133)  | Base 103.305 (box 1.3313  cls 0.7936  dfl 1.1034)  | KD 9.752 (box 0.29228  cls 0.01073  dfl 0.00056  feat 0.00118)
  Epoch 12/50  Batch 1091/2188 (49.9%)  | Super 86.562 (box 1.1799  cls 0.5812  dfl 0.9440)  | Base 87.509 (box 1.1954  cls 0.5952  dfl 0.9441)  | KD 7.939 (box 0.24115  cls 0.00543  dfl 0.00050  feat 0.00100)
  Epoch 12/50  Batch 1309/2188 (59.8%)  | Super 85.338 (box 1.0870  cls 0.6178  dfl 0.9620)  | Base 86.059 (box 1.0912  cls 0.6343  dfl 0.9638)  | KD 7.000 (box 0.20990  cls 0.00713  dfl 0.00046  feat 0.00126)
  Epoch 12/50  Batch 1527/2188 (69.8%)  | Super 93.829 (box 1.2458  cls 0.7056  dfl 0.9808)  | Base 94.004 (box 1.2520  cls 0.7149  dfl 0.9707)  | KD 8.044 (box 0.23662  cls 0.01306  dfl 0.00049  feat 0.00121)
  Epoch 12/50  Batch 1745/2188 (79.8%)  | Super 87.758 (box 1.1864  cls 0.5815  dfl 0.9746)  | Base 89.190 (box 1.1958  cls 0.6243  dfl 0.9670)  | KD 7.056 (box 0.21083  cls 0.00807  dfl 0.00050  feat 0.00109)
  Epoch 12/50  Batch 1963/2188 (89.7%)  | Super 90.720 (box 1.1702  cls 0.6875  dfl 0.9773)  | Base 92.266 (box 1.2075  cls 0.7041  dfl 0.9717)  | KD 8.349 (box 0.24946  cls 0.00974  dfl 0.00050  feat 0.00121)
  Epoch 12/50  Batch 2181/2188 (99.7%)  | Super 97.027 (box 1.3061  cls 0.6609  dfl 1.0651)  | Base 98.861 (box 1.3302  cls 0.6921  dfl 1.0671)  | KD 7.658 (box 0.23069  cls 0.00694  dfl 0.00045  feat 0.00125)

================================================================================
  [Validation] Super model (skip=False)  |  Epoch 12/50
================================================================================
[*] Validation input tensor shape: torch.Size([32, 3, 384, 672])
                 Class     Images  Instances      Box(P          R      mAP50  mAP50-95)
                   all      10000     185578      0.727      0.482      0.538      0.312

================================================================================
  [Validation] Base model  (skip=True)   |  Epoch 12/50
================================================================================
[*] Validation input tensor shape: torch.Size([32, 3, 384, 672])
                 Class     Images  Instances      Box(P          R      mAP50  mAP50-95)
                   all      10000     185578      0.723      0.474      0.528      0.305

           Epoch         GPU_mem          box_om          cls_om          dfl_om          box_oo          cls_oo          dfl_oo       Instances            Size
  Epoch 13/50  Batch 1/2188 (0.0%)  | Super 92.407 (box 1.1979  cls 0.6991  dfl 0.9908)  | Base 94.574 (box 1.2156  cls 0.7538  dfl 0.9861)  | KD 8.751 (box 0.26396  cls 0.00761  dfl 0.00061  feat 0.00127)
  Epoch 13/50  Batch 219/2188 (10.0%)  | Super 91.806 (box 1.2383  cls 0.6447  dfl 0.9859)  | Base 93.217 (box 1.2727  cls 0.6594  dfl 0.9809)  | KD 7.219 (box 0.21789  cls 0.00607  dfl 0.00047  feat 0.00116)
  Epoch 13/50  Batch 437/2188 (20.0%)  | Super 97.706 (box 1.3537  cls 0.7014  dfl 0.9982)  | Base 99.882 (box 1.3878  cls 0.7363  dfl 0.9973)  | KD 9.219 (box 0.27693  cls 0.00951  dfl 0.00044  feat 0.00123)
  Epoch 13/50  Batch 655/2188 (29.9%)  | Super 87.631 (box 1.1903  cls 0.5973  dfl 0.9509)  | Base 88.166 (box 1.1948  cls 0.6072  dfl 0.9532)  | KD 7.393 (box 0.22312  cls 0.00617  dfl 0.00050  feat 0.00123)
  Epoch 13/50  Batch 873/2188 (39.9%)  | Super 98.980 (box 1.3264  cls 0.7417  dfl 1.0250)  | Base 100.575 (box 1.3544  cls 0.7484  dfl 1.0401)  | KD 9.068 (box 0.26970  cls 0.01198  dfl 0.00051  feat 0.00118)
  Epoch 13/50  Batch 1091/2188 (49.9%)  | Super 88.270 (box 1.1944  cls 0.6067  dfl 0.9574)  | Base 89.460 (box 1.2087  cls 0.6292  dfl 0.9577)  | KD 8.018 (box 0.24233  cls 0.00656  dfl 0.00051  feat 0.00115)
  Epoch 13/50  Batch 1309/2188 (59.8%)  | Super 84.074 (box 1.0777  cls 0.5718  dfl 0.9778)  | Base 84.515 (box 1.0860  cls 0.5911  dfl 0.9640)  | KD 7.515 (box 0.22587  cls 0.00722  dfl 0.00051  feat 0.00124)
  Epoch 13/50  Batch 1527/2188 (69.8%)  | Super 92.556 (box 1.2506  cls 0.6621  dfl 0.9796)  | Base 93.074 (box 1.2462  cls 0.6851  dfl 0.9773)  | KD 8.032 (box 0.23808  cls 0.01114  dfl 0.00049  feat 0.00130)
  Epoch 13/50  Batch 1745/2188 (79.8%)  | Super 87.584 (box 1.1614  cls 0.6160  dfl 0.9596)  | Base 90.095 (box 1.2062  cls 0.6418  dfl 0.9675)  | KD 8.174 (box 0.24516  cls 0.00849  dfl 0.00055  feat 0.00123)
  Epoch 13/50  Batch 1963/2188 (89.7%)  | Super 86.956 (box 1.1371  cls 0.6380  dfl 0.9423)  | Base 88.213 (box 1.1593  cls 0.6537  dfl 0.9437)  | KD 7.858 (box 0.23761  cls 0.00624  dfl 0.00047  feat 0.00125)
  Epoch 13/50  Batch 2181/2188 (99.7%)  | Super 94.314 (box 1.2572  cls 0.6309  dfl 1.0592)  | Base 95.146 (box 1.2711  cls 0.6542  dfl 1.0480)  | KD 7.102 (box 0.21426  cls 0.00590  dfl 0.00043  feat 0.00135)

================================================================================
  [Validation] Super model (skip=False)  |  Epoch 13/50
================================================================================
[*] Validation input tensor shape: torch.Size([32, 3, 384, 672])
                 Class     Images  Instances      Box(P          R      mAP50  mAP50-95)
                   all      10000     185578      0.722      0.493      0.542      0.315

================================================================================
  [Validation] Base model  (skip=True)   |  Epoch 13/50
================================================================================
[*] Validation input tensor shape: torch.Size([32, 3, 384, 672])
                 Class     Images  Instances      Box(P          R      mAP50  mAP50-95)
                   all      10000     185578      0.725       0.48      0.532      0.309

           Epoch         GPU_mem          box_om          cls_om          dfl_om          box_oo          cls_oo          dfl_oo       Instances            Size
  Epoch 14/50  Batch 1/2188 (0.0%)  | Super 91.133 (box 1.1918  cls 0.6529  dfl 1.0032)  | Base 91.011 (box 1.1923  cls 0.6606  dfl 0.9912)  | KD 8.350 (box 0.25244  cls 0.00700  dfl 0.00045  feat 0.00104)
  Epoch 14/50  Batch 219/2188 (10.0%)  | Super 93.799 (box 1.2679  cls 0.6419  dfl 1.0214)  | Base 95.139 (box 1.2820  cls 0.6775  dfl 1.0136)  | KD 7.695 (box 0.23105  cls 0.00762  dfl 0.00048  feat 0.00132)
  Epoch 14/50  Batch 437/2188 (20.0%)  | Super 99.584 (box 1.4129  cls 0.6999  dfl 0.9992)  | Base 100.056 (box 1.4228  cls 0.7089  dfl 0.9951)  | KD 9.312 (box 0.28370  cls 0.00555  dfl 0.00052  feat 0.00121)
  Epoch 14/50  Batch 655/2188 (29.9%)  | Super 87.069 (box 1.1608  cls 0.6110  dfl 0.9491)  | Base 87.896 (box 1.1674  cls 0.6299  dfl 0.9494)  | KD 7.223 (box 0.21761  cls 0.00658  dfl 0.00043  feat 0.00111)
  Epoch 14/50  Batch 873/2188 (39.9%)  | Super 102.422 (box 1.3851  cls 0.7376  dfl 1.0781)  | Base 102.891 (box 1.3880  cls 0.7554  dfl 1.0719)  | KD 9.884 (box 0.29926  cls 0.00778  dfl 0.00058  feat 0.00126)
  Epoch 14/50  Batch 1091/2188 (49.9%)  | Super 86.434 (box 1.1679  cls 0.5727  dfl 0.9604)  | Base 87.840 (box 1.1833  cls 0.6058  dfl 0.9559)  | KD 6.992 (box 0.21126  cls 0.00578  dfl 0.00039  feat 0.00107)
  Epoch 14/50  Batch 1309/2188 (59.8%)  | Super 86.226 (box 1.1092  cls 0.6103  dfl 0.9751)  | Base 87.405 (box 1.1240  cls 0.6309  dfl 0.9764)  | KD 8.153 (box 0.24274  cls 0.01027  dfl 0.00064  feat 0.00114)
  Epoch 14/50  Batch 1527/2188 (69.8%)  | Super 91.195 (box 1.2240  cls 0.6567  dfl 0.9691)  | Base 91.923 (box 1.2281  cls 0.6886  dfl 0.9559)  | KD 8.421 (box 0.25023  cls 0.01114  dfl 0.00054  feat 0.00124)
  Epoch 14/50  Batch 1745/2188 (79.8%)  | Super 85.014 (box 1.1508  cls 0.5808  dfl 0.9251)  | Base 86.440 (box 1.1665  cls 0.6132  dfl 0.9216)  | KD 8.064 (box 0.24259  cls 0.00779  dfl 0.00046  feat 0.00114)
  Epoch 14/50  Batch 1963/2188 (89.7%)  | Super 92.114 (box 1.2311  cls 0.6587  dfl 0.9888)  | Base 92.254 (box 1.2277  cls 0.6693  dfl 0.9860)  | KD 7.592 (box 0.22836  cls 0.00728  dfl 0.00044  feat 0.00117)
  Epoch 14/50  Batch 2181/2188 (99.7%)  | Super 94.720 (box 1.2597  cls 0.6561  dfl 1.0441)  | Base 96.132 (box 1.2865  cls 0.6642  dfl 1.0534)  | KD 7.657 (box 0.22858  cls 0.00899  dfl 0.00048  feat 0.00124)

================================================================================
  [Validation] Super model (skip=False)  |  Epoch 14/50
================================================================================
[*] Validation input tensor shape: torch.Size([32, 3, 384, 672])
                 Class     Images  Instances      Box(P          R      mAP50  mAP50-95)
                   all      10000     185578      0.732      0.486      0.542      0.316

================================================================================
  [Validation] Base model  (skip=True)   |  Epoch 14/50
================================================================================
[*] Validation input tensor shape: torch.Size([32, 3, 384, 672])
                 Class     Images  Instances      Box(P          R      mAP50  mAP50-95)
                   all      10000     185578      0.735      0.478      0.534      0.309

           Epoch         GPU_mem          box_om          cls_om          dfl_om          box_oo          cls_oo          dfl_oo       Instances            Size
  Epoch 15/50  Batch 1/2188 (0.0%)  | Super 90.257 (box 1.1786  cls 0.6587  dfl 0.9832)  | Base 91.221 (box 1.1781  cls 0.6906  dfl 0.9819)  | KD 7.341 (box 0.21667  cls 0.01123  dfl 0.00040  feat 0.00111)
  Epoch 15/50  Batch 219/2188 (10.0%)  | Super 96.726 (box 1.3194  cls 0.6581  dfl 1.0452)  | Base 98.383 (box 1.3325  cls 0.6964  dfl 1.0455)  | KD 7.264 (box 0.21722  cls 0.00828  dfl 0.00046  feat 0.00104)
  Epoch 15/50  Batch 437/2188 (20.0%)  | Super 99.458 (box 1.4032  cls 0.6999  dfl 1.0049)  | Base 101.033 (box 1.4109  cls 0.7443  dfl 1.0021)  | KD 8.931 (box 0.27071  cls 0.00670  dfl 0.00050  feat 0.00117)
  Epoch 15/50  Batch 655/2188 (29.9%)  | Super 86.391 (box 1.1650  cls 0.6102  dfl 0.9245)  | Base 86.614 (box 1.1652  cls 0.6213  dfl 0.9202)  | KD 7.037 (box 0.20987  cls 0.00848  dfl 0.00043  feat 0.00112)
  Epoch 15/50  Batch 873/2188 (39.9%)  | Super 96.432 (box 1.2752  cls 0.7388  dfl 0.9995)  | Base 97.481 (box 1.2957  cls 0.7483  dfl 1.0022)  | KD 9.073 (box 0.27125  cls 0.01074  dfl 0.00049  feat 0.00106)
  Epoch 15/50  Batch 1091/2188 (49.9%)  | Super 86.807 (box 1.1519  cls 0.6155  dfl 0.9453)  | Base 87.438 (box 1.1590  cls 0.6278  dfl 0.9456)  | KD 7.313 (box 0.21999  cls 0.00708  dfl 0.00042  feat 0.00103)
  Epoch 15/50  Batch 1309/2188 (59.8%)  | Super 81.428 (box 1.0936  cls 0.5501  dfl 0.9010)  | Base 82.386 (box 1.1025  cls 0.5711  dfl 0.9010)  | KD 6.759 (box 0.20267  cls 0.00698  dfl 0.00041  feat 0.00116)
  Epoch 15/50  Batch 1527/2188 (69.8%)  | Super 88.568 (box 1.1992  cls 0.6470  dfl 0.9216)  | Base 89.880 (box 1.2139  cls 0.6652  dfl 0.9296)  | KD 8.186 (box 0.23800  cls 0.01602  dfl 0.00055  feat 0.00123)
  Epoch 15/50  Batch 1745/2188 (79.8%)  | Super 87.364 (box 1.1663  cls 0.6217  dfl 0.9422)  | Base 87.887 (box 1.1732  cls 0.6379  dfl 0.9354)  | KD 7.467 (box 0.22336  cls 0.00841  dfl 0.00044  feat 0.00112)
  Epoch 15/50  Batch 1963/2188 (89.7%)  | Super 88.789 (box 1.1726  cls 0.6312  dfl 0.9709)  | Base 90.695 (box 1.1885  cls 0.6742  dfl 0.9715)  | KD 7.823 (box 0.23427  cls 0.00831  dfl 0.00063  feat 0.00127)
  Epoch 15/50  Batch 2181/2188 (99.7%)  | Super 93.334 (box 1.2525  cls 0.6330  dfl 1.0312)  | Base 93.833 (box 1.2431  cls 0.6745  dfl 1.0147)  | KD 7.663 (box 0.23100  cls 0.00680  dfl 0.00046  feat 0.00121)

================================================================================
  [Validation] Super model (skip=False)  |  Epoch 15/50
================================================================================
[*] Validation input tensor shape: torch.Size([32, 3, 384, 672])
                 Class     Images  Instances      Box(P          R      mAP50  mAP50-95)
                   all      10000     185578      0.738      0.484      0.542      0.315

================================================================================
  [Validation] Base model  (skip=True)   |  Epoch 15/50
================================================================================
[*] Validation input tensor shape: torch.Size([32, 3, 384, 672])
                 Class     Images  Instances      Box(P          R      mAP50  mAP50-95)
                   all      10000     185578       0.73      0.481      0.534      0.309

           Epoch         GPU_mem          box_om          cls_om          dfl_om          box_oo          cls_oo          dfl_oo       Instances            Size
  Epoch 16/50  Batch 1/2188 (0.0%)  | Super 93.923 (box 1.2474  cls 0.6746  dfl 1.0130)  | Base 95.901 (box 1.2709  cls 0.7080  dfl 1.0180)  | KD 8.738 (box 0.26170  cls 0.00964  dfl 0.00063  feat 0.00109)
  Epoch 16/50  Batch 219/2188 (10.0%)  | Super 91.658 (box 1.2165  cls 0.6340  dfl 1.0138)  | Base 92.930 (box 1.2444  cls 0.6507  dfl 1.0089)  | KD 8.540 (box 0.25774  cls 0.00741  dfl 0.00056  feat 0.00116)
  Epoch 16/50  Batch 437/2188 (20.0%)  | Super 97.759 (box 1.3776  cls 0.6907  dfl 0.9866)  | Base 100.006 (box 1.4102  cls 0.7231  dfl 0.9918)  | KD 9.314 (box 0.28124  cls 0.00804  dfl 0.00058  feat 0.00121)
  Epoch 16/50  Batch 655/2188 (29.9%)  | Super 87.360 (box 1.1605  cls 0.5993  dfl 0.9703)  | Base 88.308 (box 1.1651  cls 0.6222  dfl 0.9722)  | KD 7.371 (box 0.21651  cls 0.01232  dfl 0.00043  feat 0.00110)
  Epoch 16/50  Batch 873/2188 (39.9%)  | Super 100.513 (box 1.3057  cls 0.7832  dfl 1.0521)  | Base 100.441 (box 1.3072  cls 0.7804  dfl 1.0512)  | KD 9.567 (box 0.28775  cls 0.00939  dfl 0.00068  feat 0.00114)
  Epoch 16/50  Batch 1091/2188 (49.9%)  | Super 84.236 (box 1.1135  cls 0.5828  dfl 0.9361)  | Base 84.422 (box 1.1092  cls 0.5978  dfl 0.9311)  | KD 7.047 (box 0.21224  cls 0.00653  dfl 0.00047  feat 0.00098)
  Epoch 16/50  Batch 1309/2188 (59.8%)  | Super 83.173 (box 1.0704  cls 0.5683  dfl 0.9604)  | Base 83.964 (box 1.0821  cls 0.5883  dfl 0.9534)  | KD 7.959 (box 0.24205  cls 0.00500  dfl 0.00054  feat 0.00113)
  Epoch 16/50  Batch 1527/2188 (69.8%)  | Super 91.289 (box 1.2167  cls 0.6354  dfl 1.0008)  | Base 90.845 (box 1.2015  cls 0.6566  dfl 0.9808)  | KD 8.099 (box 0.24086  cls 0.01045  dfl 0.00059  feat 0.00122)
  Epoch 16/50  Batch 1745/2188 (79.8%)  | Super 91.228 (box 1.2140  cls 0.6449  dfl 0.9919)  | Base 92.332 (box 1.2406  cls 0.6570  dfl 0.9877)  | KD 8.425 (box 0.25557  cls 0.00610  dfl 0.00053  feat 0.00108)
  Epoch 16/50  Batch 1963/2188 (89.7%)  | Super 84.062 (box 1.1240  cls 0.5446  dfl 0.9583)  | Base 84.786 (box 1.1253  cls 0.5742  dfl 0.9501)  | KD 8.256 (box 0.24632  cls 0.00989  dfl 0.00057  feat 0.00121)
  Epoch 16/50  Batch 2181/2188 (99.7%)  | Super 93.169 (box 1.2262  cls 0.6452  dfl 1.0401)  | Base 93.435 (box 1.2243  cls 0.6658  dfl 1.0298)  | KD 8.395 (box 0.25161  cls 0.00912  dfl 0.00052  feat 0.00111)

================================================================================
  [Validation] Super model (skip=False)  |  Epoch 16/50
================================================================================
[*] Validation input tensor shape: torch.Size([32, 3, 384, 672])
                 Class     Images  Instances      Box(P          R      mAP50  mAP50-95)
                   all      10000     185578      0.732      0.488      0.543      0.316

================================================================================
  [Validation] Base model  (skip=True)   |  Epoch 16/50
================================================================================
[*] Validation input tensor shape: torch.Size([32, 3, 384, 672])
                 Class     Images  Instances      Box(P          R      mAP50  mAP50-95)
                   all      10000     185578      0.732       0.48      0.534       0.31

           Epoch         GPU_mem          box_om          cls_om          dfl_om          box_oo          cls_oo          dfl_oo       Instances            Size
  Epoch 17/50  Batch 1/2188 (0.0%)  | Super 93.809 (box 1.2388  cls 0.6788  dfl 1.0139)  | Base 96.601 (box 1.2859  cls 0.7103  dfl 1.0226)  | KD 8.197 (box 0.24464  cls 0.00977  dfl 0.00049  feat 0.00127)
  Epoch 17/50  Batch 219/2188 (10.0%)  | Super 91.433 (box 1.2520  cls 0.6201  dfl 0.9851)  | Base 91.908 (box 1.2638  cls 0.6286  dfl 0.9797)  | KD 7.339 (box 0.21990  cls 0.00790  dfl 0.00042  feat 0.00113)
  Epoch 17/50  Batch 437/2188 (20.0%)  | Super 98.603 (box 1.4234  cls 0.6799  dfl 0.9781)  | Base 100.117 (box 1.4463  cls 0.7056  dfl 0.9767)  | KD 8.370 (box 0.25382  cls 0.00627  dfl 0.00047  feat 0.00100)
  Epoch 17/50  Batch 655/2188 (29.9%)  | Super 90.528 (box 1.2312  cls 0.6333  dfl 0.9645)  | Base 91.233 (box 1.2359  cls 0.6574  dfl 0.9577)  | KD 7.885 (box 0.23736  cls 0.00741  dfl 0.00043  feat 0.00122)
  Epoch 17/50  Batch 873/2188 (39.9%)  | Super 96.360 (box 1.2404  cls 0.7401  dfl 1.0307)  | Base 97.538 (box 1.2588  cls 0.7493  dfl 1.0399)  | KD 8.989 (box 0.27133  cls 0.00793  dfl 0.00053  feat 0.00111)
  Epoch 17/50  Batch 1091/2188 (49.9%)  | Super 85.174 (box 1.1363  cls 0.5907  dfl 0.9348)  | Base 85.560 (box 1.1348  cls 0.6107  dfl 0.9282)  | KD 6.683 (box 0.20184  cls 0.00555  dfl 0.00038  feat 0.00107)
  Epoch 17/50  Batch 1309/2188 (59.8%)  | Super 81.130 (box 1.0518  cls 0.5591  dfl 0.9244)  | Base 82.573 (box 1.0652  cls 0.5875  dfl 0.9277)  | KD 8.045 (box 0.24365  cls 0.00605  dfl 0.00055  feat 0.00114)
  Epoch 17/50  Batch 1527/2188 (69.8%)  | Super 92.136 (box 1.2496  cls 0.6710  dfl 0.9586)  | Base 92.918 (box 1.2608  cls 0.6898  dfl 0.9531)  | KD 8.258 (box 0.24344  cls 0.01284  dfl 0.00051  feat 0.00129)
  Epoch 17/50  Batch 1745/2188 (79.8%)  | Super 88.320 (box 1.2038  cls 0.6116  dfl 0.9446)  | Base 89.694 (box 1.2141  cls 0.6491  dfl 0.9397)  | KD 7.802 (box 0.23213  cls 0.01022  dfl 0.00039  feat 0.00106)
  Epoch 17/50  Batch 1963/2188 (89.7%)  | Super 94.868 (box 1.2614  cls 0.7106  dfl 0.9927)  | Base 96.546 (box 1.2859  cls 0.7438  dfl 0.9873)  | KD 9.485 (box 0.28164  cls 0.01298  dfl 0.00051  feat 0.00127)
  Epoch 17/50  Batch 2181/2188 (99.7%)  | Super 93.340 (box 1.2827  cls 0.6137  dfl 1.0204)  | Base 94.318 (box 1.2805  cls 0.6476  dfl 1.0193)  | KD 7.419 (box 0.22392  cls 0.00612  dfl 0.00050  feat 0.00131)

================================================================================
  [Validation] Super model (skip=False)  |  Epoch 17/50
================================================================================
[*] Validation input tensor shape: torch.Size([32, 3, 384, 672])
                 Class     Images  Instances      Box(P          R      mAP50  mAP50-95)
                   all      10000     185578      0.628      0.491      0.546      0.317

================================================================================
  [Validation] Base model  (skip=True)   |  Epoch 17/50
================================================================================
[*] Validation input tensor shape: torch.Size([32, 3, 384, 672])
                 Class     Images  Instances      Box(P          R      mAP50  mAP50-95)
                   all      10000     185578      0.731      0.484      0.536      0.311

           Epoch         GPU_mem          box_om          cls_om          dfl_om          box_oo          cls_oo          dfl_oo       Instances            Size
  Epoch 18/50  Batch 1/2188 (0.0%)  | Super 89.430 (box 1.1521  cls 0.6572  dfl 0.9854)  | Base 90.183 (box 1.1495  cls 0.6911  dfl 0.9777)  | KD 8.440 (box 0.25068  cls 0.01145  dfl 0.00052  feat 0.00108)
  Epoch 18/50  Batch 219/2188 (10.0%)  | Super 93.366 (box 1.2711  cls 0.6458  dfl 1.0008)  | Base 93.558 (box 1.2628  cls 0.6602  dfl 1.0007)  | KD 7.787 (box 0.22314  cls 0.01860  dfl 0.00047  feat 0.00113)
  Epoch 18/50  Batch 437/2188 (20.0%)  | Super 98.280 (box 1.3883  cls 0.6933  dfl 0.9896)  | Base 99.379 (box 1.3956  cls 0.7228  dfl 0.9872)  | KD 8.100 (box 0.24625  cls 0.00526  dfl 0.00044  feat 0.00118)
  Epoch 18/50  Batch 655/2188 (29.9%)  | Super 88.157 (box 1.2238  cls 0.5826  dfl 0.9485)  | Base 88.627 (box 1.2251  cls 0.5962  dfl 0.9483)  | KD 6.552 (box 0.19695  cls 0.00636  dfl 0.00036  feat 0.00107)
  Epoch 18/50  Batch 873/2188 (39.9%)  | Super 96.570 (box 1.2637  cls 0.7543  dfl 0.9999)  | Base 97.619 (box 1.2876  cls 0.7684  dfl 0.9946)  | KD 8.673 (box 0.25948  cls 0.00984  dfl 0.00050  feat 0.00122)
  Epoch 18/50  Batch 1091/2188 (49.9%)  | Super 82.125 (box 1.0978  cls 0.5616  dfl 0.9070)  | Base 83.578 (box 1.1105  cls 0.5943  dfl 0.9070)  | KD 7.366 (box 0.21894  cls 0.00980  dfl 0.00044  feat 0.00099)
  Epoch 18/50  Batch 1309/2188 (59.8%)  | Super 81.890 (box 1.0770  cls 0.5551  dfl 0.9270)  | Base 83.101 (box 1.0906  cls 0.5757  dfl 0.9306)  | KD 7.095 (box 0.21330  cls 0.00698  dfl 0.00044  feat 0.00101)
  Epoch 18/50  Batch 1527/2188 (69.8%)  | Super 92.936 (box 1.2597  cls 0.6737  dfl 0.9709)  | Base 93.198 (box 1.2483  cls 0.7016  dfl 0.9625)  | KD 7.814 (box 0.22866  cls 0.01381  dfl 0.00045  feat 0.00126)
  Epoch 18/50  Batch 1745/2188 (79.8%)  | Super 89.193 (box 1.1827  cls 0.6329  dfl 0.9716)  | Base 91.558 (box 1.2219  cls 0.6520  dfl 0.9873)  | KD 8.232 (box 0.24702  cls 0.00849  dfl 0.00048  feat 0.00127)
  Epoch 18/50  Batch 1963/2188 (89.7%)  | Super 86.499 (box 1.1169  cls 0.6416  dfl 0.9446)  | Base 88.497 (box 1.1245  cls 0.6945  dfl 0.9465)  | KD 8.046 (box 0.23597  cls 0.01372  dfl 0.00048  feat 0.00129)
  Epoch 18/50  Batch 2181/2188 (99.7%)  | Super 92.273 (box 1.2190  cls 0.6572  dfl 1.0073)  | Base 93.387 (box 1.2423  cls 0.6657  dfl 1.0103)  | KD 7.590 (box 0.22868  cls 0.00692  dfl 0.00046  feat 0.00114)

================================================================================
  [Validation] Super model (skip=False)  |  Epoch 18/50
================================================================================
[*] Validation input tensor shape: torch.Size([32, 3, 384, 672])
                 Class     Images  Instances      Box(P          R      mAP50  mAP50-95)
                   all      10000     185578       0.63      0.497      0.547      0.318

================================================================================
  [Validation] Base model  (skip=True)   |  Epoch 18/50
================================================================================
[*] Validation input tensor shape: torch.Size([32, 3, 384, 672])
                 Class     Images  Instances      Box(P          R      mAP50  mAP50-95)
                   all      10000     185578      0.624      0.486      0.536      0.312

           Epoch         GPU_mem          box_om          cls_om          dfl_om          box_oo          cls_oo          dfl_oo       Instances            Size
  Epoch 19/50  Batch 1/2188 (0.0%)  | Super 89.194 (box 1.1587  cls 0.6411  dfl 0.9876)  | Base 91.278 (box 1.1822  cls 0.6807  dfl 0.9896)  | KD 7.452 (box 0.22159  cls 0.00988  dfl 0.00038  feat 0.00103)
  Epoch 19/50  Batch 219/2188 (10.0%)  | Super 95.665 (box 1.3166  cls 0.6848  dfl 0.9881)  | Base 96.446 (box 1.3252  cls 0.7218  dfl 0.9670)  | KD 7.688 (box 0.23111  cls 0.00757  dfl 0.00042  feat 0.00114)
  Epoch 19/50  Batch 437/2188 (20.0%)  | Super 94.616 (box 1.3232  cls 0.6903  dfl 0.9432)  | Base 96.563 (box 1.3511  cls 0.7144  dfl 0.9521)  | KD 8.927 (box 0.27187  cls 0.00551  dfl 0.00046  feat 0.00113)
  Epoch 19/50  Batch 655/2188 (29.9%)  | Super 88.893 (box 1.1780  cls 0.6263  dfl 0.9736)  | Base 89.879 (box 1.1886  cls 0.6449  dfl 0.9753)  | KD 7.571 (box 0.22633  cls 0.00866  dfl 0.00049  feat 0.00112)
  Epoch 19/50  Batch 873/2188 (39.9%)  | Super 99.118 (box 1.2869  cls 0.7504  dfl 1.0601)  | Base 101.003 (box 1.3253  cls 0.7652  dfl 1.0658)  | KD 9.663 (box 0.29052  cls 0.00953  dfl 0.00063  feat 0.00130)
  Epoch 19/50  Batch 1091/2188 (49.9%)  | Super 86.660 (box 1.1823  cls 0.5820  dfl 0.9438)  | Base 87.401 (box 1.1827  cls 0.6050  dfl 0.9435)  | KD 7.201 (box 0.21800  cls 0.00552  dfl 0.00042  feat 0.00108)
  Epoch 19/50  Batch 1309/2188 (59.8%)  | Super 86.344 (box 1.1468  cls 0.5910  dfl 0.9604)  | Base 86.863 (box 1.1596  cls 0.6041  dfl 0.9508)  | KD 8.077 (box 0.24130  cls 0.00942  dfl 0.00053  feat 0.00117)
  Epoch 19/50  Batch 1527/2188 (69.8%)  | Super 90.191 (box 1.1894  cls 0.6784  dfl 0.9506)  | Base 90.734 (box 1.2046  cls 0.6825  dfl 0.9484)  | KD 7.664 (box 0.22690  cls 0.01099  dfl 0.00054  feat 0.00108)
  Epoch 19/50  Batch 1745/2188 (79.8%)  | Super 86.763 (box 1.1657  cls 0.5754  dfl 0.9702)  | Base 88.484 (box 1.1936  cls 0.5984  dfl 0.9732)  | KD 7.426 (box 0.22150  cls 0.00909  dfl 0.00043  feat 0.00104)
  Epoch 19/50  Batch 1963/2188 (89.7%)  | Super 84.410 (box 1.1209  cls 0.5866  dfl 0.9303)  | Base 85.141 (box 1.1291  cls 0.6075  dfl 0.9240)  | KD 7.228 (box 0.21759  cls 0.00672  dfl 0.00040  feat 0.00117)
  Epoch 19/50  Batch 2181/2188 (99.7%)  | Super 95.502 (box 1.3034  cls 0.6348  dfl 1.0462)  | Base 95.021 (box 1.2957  cls 0.6559  dfl 1.0178)  | KD 7.107 (box 0.21429  cls 0.00613  dfl 0.00046  feat 0.00120)

================================================================================
  [Validation] Super model (skip=False)  |  Epoch 19/50
================================================================================
[*] Validation input tensor shape: torch.Size([32, 3, 384, 672])
                 Class     Images  Instances      Box(P          R      mAP50  mAP50-95)
                   all      10000     185578      0.601      0.513       0.55      0.319

================================================================================
  [Validation] Base model  (skip=True)   |  Epoch 19/50
================================================================================
[*] Validation input tensor shape: torch.Size([32, 3, 384, 672])
                 Class     Images  Instances      Box(P          R      mAP50  mAP50-95)
                   all      10000     185578      0.632      0.483       0.54      0.313

           Epoch         GPU_mem          box_om          cls_om          dfl_om          box_oo          cls_oo          dfl_oo       Instances            Size
  Epoch 20/50  Batch 1/2188 (0.0%)  | Super 90.944 (box 1.1852  cls 0.6597  dfl 0.9971)  | Base 91.688 (box 1.1883  cls 0.6932  dfl 0.9838)  | KD 8.773 (box 0.26403  cls 0.00839  dfl 0.00055  feat 0.00119)
  Epoch 20/50  Batch 219/2188 (10.0%)  | Super 99.292 (box 1.3480  cls 0.6975  dfl 1.0574)  | Base 99.002 (box 1.3354  cls 0.7039  dfl 1.0545)  | KD 7.721 (box 0.23152  cls 0.00803  dfl 0.00047  feat 0.00124)
  Epoch 20/50  Batch 437/2188 (20.0%)  | Super 99.403 (box 1.4176  cls 0.6934  dfl 0.9954)  | Base 100.094 (box 1.4233  cls 0.7213  dfl 0.9833)  | KD 8.750 (box 0.26180  cls 0.01015  dfl 0.00043  feat 0.00108)
  Epoch 20/50  Batch 655/2188 (29.9%)  | Super 84.727 (box 1.1278  cls 0.5774  dfl 0.9424)  | Base 85.569 (box 1.1314  cls 0.6082  dfl 0.9344)  | KD 7.112 (box 0.21336  cls 0.00745  dfl 0.00043  feat 0.00101)
  Epoch 20/50  Batch 873/2188 (39.9%)  | Super 96.778 (box 1.3019  cls 0.6790  dfl 1.0434)  | Base 98.592 (box 1.3208  cls 0.7127  dfl 1.0475)  | KD 8.663 (box 0.26204  cls 0.00713  dfl 0.00051  feat 0.00104)
  Epoch 20/50  Batch 1091/2188 (49.9%)  | Super 85.433 (box 1.1466  cls 0.5743  dfl 0.9489)  | Base 85.251 (box 1.1331  cls 0.5898  dfl 0.9412)  | KD 7.054 (box 0.21190  cls 0.00708  dfl 0.00041  feat 0.00104)
  Epoch 20/50  Batch 1309/2188 (59.8%)  | Super 83.619 (box 1.0740  cls 0.5834  dfl 0.9556)  | Base 84.867 (box 1.0939  cls 0.6129  dfl 0.9453)  | KD 7.601 (box 0.22825  cls 0.00754  dfl 0.00059  feat 0.00115)
  Epoch 20/50  Batch 1527/2188 (69.8%)  | Super 88.087 (box 1.1649  cls 0.6397  dfl 0.9482)  | Base 89.495 (box 1.1725  cls 0.6741  dfl 0.9502)  | KD 7.664 (box 0.22586  cls 0.01224  dfl 0.00041  feat 0.00101)
  Epoch 20/50  Batch 1745/2188 (79.8%)  | Super 84.884 (box 1.1419  cls 0.5634  dfl 0.9473)  | Base 86.437 (box 1.1584  cls 0.5976  dfl 0.9451)  | KD 7.331 (box 0.22250  cls 0.00505  dfl 0.00047  feat 0.00106)
  Epoch 20/50  Batch 1963/2188 (89.7%)  | Super 89.168 (box 1.1815  cls 0.6151  dfl 0.9899)  | Base 90.301 (box 1.2000  cls 0.6400  dfl 0.9819)  | KD 8.116 (box 0.24458  cls 0.00727  dfl 0.00050  feat 0.00128)
  Epoch 20/50  Batch 2181/2188 (99.7%)  | Super 93.585 (box 1.2649  cls 0.6534  dfl 1.0062)  | Base 94.564 (box 1.2875  cls 0.6620  dfl 1.0057)  | KD 8.168 (box 0.24687  cls 0.00666  dfl 0.00055  feat 0.00118)

================================================================================
  [Validation] Super model (skip=False)  |  Epoch 20/50
================================================================================
[*] Validation input tensor shape: torch.Size([32, 3, 384, 672])
                 Class     Images  Instances      Box(P          R      mAP50  mAP50-95)
                   all      10000     185578      0.634      0.514      0.551      0.321

================================================================================
  [Validation] Base model  (skip=True)   |  Epoch 20/50
================================================================================
[*] Validation input tensor shape: torch.Size([32, 3, 384, 672])
                 Class     Images  Instances      Box(P          R      mAP50  mAP50-95)
                   all      10000     185578      0.734      0.484       0.54      0.314

           Epoch         GPU_mem          box_om          cls_om          dfl_om          box_oo          cls_oo          dfl_oo       Instances            Size
  Epoch 21/50  Batch 1/2188 (0.0%)  | Super 85.707 (box 1.1276  cls 0.5996  dfl 0.9511)  | Base 87.037 (box 1.1451  cls 0.6272  dfl 0.9476)  | KD 7.606 (box 0.22817  cls 0.00789  dfl 0.00048  feat 0.00113)
  Epoch 21/50  Batch 219/2188 (10.0%)  | Super 93.439 (box 1.2516  cls 0.6478  dfl 1.0206)  | Base 94.629 (box 1.2627  cls 0.6716  dfl 1.0228)  | KD 6.657 (box 0.20134  cls 0.00520  dfl 0.00040  feat 0.00110)
  Epoch 21/50  Batch 437/2188 (20.0%)  | Super 98.477 (box 1.3826  cls 0.7149  dfl 0.9799)  | Base 100.090 (box 1.4016  cls 0.7476  dfl 0.9786)  | KD 9.595 (box 0.29054  cls 0.00749  dfl 0.00050  feat 0.00132)
  Epoch 21/50  Batch 655/2188 (29.9%)  | Super 86.273 (box 1.1469  cls 0.6202  dfl 0.9289)  | Base 87.144 (box 1.1552  cls 0.6402  dfl 0.9278)  | KD 7.331 (box 0.22172  cls 0.00586  dfl 0.00046  feat 0.00107)
  Epoch 21/50  Batch 873/2188 (39.9%)  | Super 96.075 (box 1.2633  cls 0.7252  dfl 1.0139)  | Base 97.253 (box 1.2787  cls 0.7399  dfl 1.0206)  | KD 8.793 (box 0.26151  cls 0.01173  dfl 0.00043  feat 0.00110)
  Epoch 21/50  Batch 1091/2188 (49.9%)  | Super 84.668 (box 1.1442  cls 0.5770  dfl 0.9246)  | Base 86.422 (box 1.1623  cls 0.6083  dfl 0.9301)  | KD 7.320 (box 0.21886  cls 0.00851  dfl 0.00039  feat 0.00100)
  Epoch 21/50  Batch 1309/2188 (59.8%)  | Super 83.442 (box 1.0629  cls 0.5858  dfl 0.9588)  | Base 83.906 (box 1.0650  cls 0.5965  dfl 0.9605)  | KD 6.970 (box 0.20918  cls 0.00709  dfl 0.00043  feat 0.00110)
  Epoch 21/50  Batch 1527/2188 (69.8%)  | Super 88.336 (box 1.1545  cls 0.6594  dfl 0.9466)  | Base 88.968 (box 1.1518  cls 0.6849  dfl 0.9435)  | KD 8.110 (box 0.23633  cls 0.01543  dfl 0.00053  feat 0.00114)
  Epoch 21/50  Batch 1745/2188 (79.8%)  | Super 83.840 (box 1.1417  cls 0.5732  dfl 0.9051)  | Base 86.073 (box 1.1599  cls 0.6196  dfl 0.9103)  | KD 7.296 (box 0.21671  cls 0.00986  dfl 0.00042  feat 0.00101)
  Epoch 21/50  Batch 1963/2188 (89.7%)  | Super 85.222 (box 1.1546  cls 0.5911  dfl 0.9175)  | Base 87.662 (box 1.1850  cls 0.6285  dfl 0.9259)  | KD 8.586 (box 0.26010  cls 0.00634  dfl 0.00048  feat 0.00140)
  Epoch 21/50  Batch 2181/2188 (99.7%)  | Super 94.585 (box 1.2971  cls 0.6376  dfl 1.0211)  | Base 95.795 (box 1.3121  cls 0.6545  dfl 1.0271)  | KD 7.051 (box 0.21208  cls 0.00674  dfl 0.00042  feat 0.00110)

================================================================================
  [Validation] Super model (skip=False)  |  Epoch 21/50
================================================================================
[*] Validation input tensor shape: torch.Size([32, 3, 384, 672])
                 Class     Images  Instances      Box(P          R      mAP50  mAP50-95)
                   all      10000     185578      0.595      0.515      0.548       0.32

================================================================================
  [Validation] Base model  (skip=True)   |  Epoch 21/50
================================================================================
[*] Validation input tensor shape: torch.Size([32, 3, 384, 672])
                 Class     Images  Instances      Box(P          R      mAP50  mAP50-95)
                   all      10000     185578      0.726      0.488       0.54      0.315

           Epoch         GPU_mem          box_om          cls_om          dfl_om          box_oo          cls_oo          dfl_oo       Instances            Size
  Epoch 22/50  Batch 1/2188 (0.0%)  | Super 91.780 (box 1.2075  cls 0.6776  dfl 0.9830)  | Base 93.547 (box 1.2283  cls 0.7051  dfl 0.9899)  | KD 8.287 (box 0.24537  cls 0.01197  dfl 0.00046  feat 0.00117)
  Epoch 22/50  Batch 219/2188 (10.0%)  | Super 90.170 (box 1.2319  cls 0.6370  dfl 0.9490)  | Base 90.311 (box 1.2234  cls 0.6569  dfl 0.9420)  | KD 7.111 (box 0.21285  cls 0.00785  dfl 0.00043  feat 0.00108)
  Epoch 22/50  Batch 437/2188 (20.0%)  | Super 98.001 (box 1.3913  cls 0.6771  dfl 0.9942)  | Base 98.301 (box 1.3775  cls 0.7101  dfl 0.9843)  | KD 8.586 (box 0.25795  cls 0.00875  dfl 0.00041  feat 0.00121)
  Epoch 22/50  Batch 655/2188 (29.9%)  | Super 87.400 (box 1.1802  cls 0.6045  dfl 0.9465)  | Base 88.193 (box 1.1937  cls 0.6159  dfl 0.9464)  | KD 7.507 (box 0.22368  cls 0.00925  dfl 0.00041  feat 0.00124)
  Epoch 22/50  Batch 873/2188 (39.9%)  | Super 100.723 (box 1.3522  cls 0.7393  dfl 1.0561)  | Base 100.936 (box 1.3495  cls 0.7475  dfl 1.0572)  | KD 8.585 (box 0.26055  cls 0.00607  dfl 0.00053  feat 0.00113)
  Epoch 22/50  Batch 1091/2188 (49.9%)  | Super 85.277 (box 1.1648  cls 0.5733  dfl 0.9269)  | Base 85.894 (box 1.1750  cls 0.5807  dfl 0.9286)  | KD 6.526 (box 0.19742  cls 0.00505  dfl 0.00041  feat 0.00105)
  Epoch 22/50  Batch 1309/2188 (59.8%)  | Super 86.763 (box 1.1394  cls 0.6115  dfl 0.9604)  | Base 86.856 (box 1.1318  cls 0.6259  dfl 0.9566)  | KD 7.275 (box 0.21687  cls 0.00873  dfl 0.00047  feat 0.00128)
  Epoch 22/50  Batch 1527/2188 (69.8%)  | Super 92.092 (box 1.2276  cls 0.6628  dfl 0.9875)  | Base 92.693 (box 1.2356  cls 0.6750  dfl 0.9860)  | KD 7.538 (box 0.22647  cls 0.00744  dfl 0.00048  feat 0.00119)
  Epoch 22/50  Batch 1745/2188 (79.8%)  | Super 87.324 (box 1.1716  cls 0.5853  dfl 0.9719)  | Base 88.732 (box 1.1844  cls 0.6150  dfl 0.9735)  | KD 7.195 (box 0.21580  cls 0.00743  dfl 0.00041  feat 0.00121)
  Epoch 22/50  Batch 1963/2188 (89.7%)  | Super 85.557 (box 1.1356  cls 0.5895  dfl 0.9486)  | Base 86.908 (box 1.1548  cls 0.6108  dfl 0.9503)  | KD 8.658 (box 0.25832  cls 0.01012  dfl 0.00061  feat 0.00153)
  Epoch 22/50  Batch 2181/2188 (99.7%)  | Super 92.831 (box 1.2528  cls 0.6297  dfl 1.0186)  | Base 93.219 (box 1.2741  cls 0.6282  dfl 1.0107)  | KD 7.464 (box 0.22176  cls 0.00989  dfl 0.00047  feat 0.00114)

================================================================================
  [Validation] Super model (skip=False)  |  Epoch 22/50
================================================================================
[*] Validation input tensor shape: torch.Size([32, 3, 384, 672])
                 Class     Images  Instances      Box(P          R      mAP50  mAP50-95)
                   all      10000     185578      0.679      0.501      0.551      0.322

================================================================================
  [Validation] Base model  (skip=True)   |  Epoch 22/50
================================================================================
[*] Validation input tensor shape: torch.Size([32, 3, 384, 672])
                 Class     Images  Instances      Box(P          R      mAP50  mAP50-95)
                   all      10000     185578      0.636      0.485      0.544      0.318

           Epoch         GPU_mem          box_om          cls_om          dfl_om          box_oo          cls_oo          dfl_oo       Instances            Size
  Epoch 23/50  Batch 1/2188 (0.0%)  | Super 84.954 (box 1.0892  cls 0.6212  dfl 0.9445)  | Base 87.265 (box 1.1178  cls 0.6474  dfl 0.9618)  | KD 7.985 (box 0.23793  cls 0.00996  dfl 0.00046  feat 0.00119)
  Epoch 23/50  Batch 219/2188 (10.0%)  | Super 93.951 (box 1.2898  cls 0.6576  dfl 0.9885)  | Base 95.575 (box 1.3137  cls 0.6822  dfl 0.9908)  | KD 6.860 (box 0.20359  cls 0.00902  dfl 0.00044  feat 0.00132)
  Epoch 23/50  Batch 437/2188 (20.0%)  | Super 102.564 (box 1.4415  cls 0.7140  dfl 1.0497)  | Base 104.058 (box 1.4637  cls 0.7309  dfl 1.0572)  | KD 8.645 (box 0.26140  cls 0.00702  dfl 0.00048  feat 0.00124)
  Epoch 23/50  Batch 655/2188 (29.9%)  | Super 85.606 (box 1.1608  cls 0.5896  dfl 0.9248)  | Base 86.687 (box 1.1705  cls 0.6100  dfl 0.9285)  | KD 7.194 (box 0.21383  cls 0.00943  dfl 0.00042  feat 0.00112)
  Epoch 23/50  Batch 873/2188 (39.9%)  | Super 98.585 (box 1.3091  cls 0.7729  dfl 0.9988)  | Base 99.115 (box 1.3262  cls 0.7772  dfl 0.9939)  | KD 8.794 (box 0.26705  cls 0.00612  dfl 0.00055  feat 0.00109)
  Epoch 23/50  Batch 1091/2188 (49.9%)  | Super 83.998 (box 1.1289  cls 0.5808  dfl 0.9153)  | Base 85.181 (box 1.1416  cls 0.5973  dfl 0.9230)  | KD 6.381 (box 0.19232  cls 0.00568  dfl 0.00038  feat 0.00103)
  Epoch 23/50  Batch 1309/2188 (59.8%)  | Super 84.372 (box 1.1030  cls 0.5762  dfl 0.9574)  | Base 85.734 (box 1.1244  cls 0.6034  dfl 0.9513)  | KD 7.199 (box 0.21637  cls 0.00696  dfl 0.00041  feat 0.00122)
  Epoch 23/50  Batch 1527/2188 (69.8%)  | Super 86.028 (box 1.1432  cls 0.6125  dfl 0.9327)  | Base 86.859 (box 1.1539  cls 0.6332  dfl 0.9272)  | KD 7.652 (box 0.22514  cls 0.01238  dfl 0.00046  feat 0.00113)
  Epoch 23/50  Batch 1745/2188 (79.8%)  | Super 85.533 (box 1.1412  cls 0.5857  dfl 0.9460)  | Base 86.873 (box 1.1595  cls 0.6049  dfl 0.9504)  | KD 7.460 (box 0.22323  cls 0.00830  dfl 0.00044  feat 0.00117)
  Epoch 23/50  Batch 1963/2188 (89.7%)  | Super 85.451 (box 1.1328  cls 0.5986  dfl 0.9390)  | Base 86.065 (box 1.1450  cls 0.6166  dfl 0.9280)  | KD 7.194 (box 0.21640  cls 0.00678  dfl 0.00045  feat 0.00117)
  Epoch 23/50  Batch 2181/2188 (99.7%)  | Super 91.957 (box 1.2498  cls 0.6326  dfl 0.9913)  | Base 92.788 (box 1.2568  cls 0.6485  dfl 0.9943)  | KD 6.318 (box 0.19112  cls 0.00473  dfl 0.00047  feat 0.00110)

================================================================================
  [Validation] Super model (skip=False)  |  Epoch 23/50
================================================================================
[*] Validation input tensor shape: torch.Size([32, 3, 384, 672])
                 Class     Images  Instances      Box(P          R      mAP50  mAP50-95)
                   all      10000     185578      0.637      0.493       0.55      0.321

================================================================================
  [Validation] Base model  (skip=True)   |  Epoch 23/50
================================================================================
[*] Validation input tensor shape: torch.Size([32, 3, 384, 672])
                 Class     Images  Instances      Box(P          R      mAP50  mAP50-95)
                   all      10000     185578      0.734      0.486      0.542      0.315

           Epoch         GPU_mem          box_om          cls_om          dfl_om          box_oo          cls_oo          dfl_oo       Instances            Size
  Epoch 24/50  Batch 1/2188 (0.0%)  | Super 88.074 (box 1.1621  cls 0.6245  dfl 0.9657)  | Base 89.521 (box 1.1684  cls 0.6631  dfl 0.9659)  | KD 7.584 (box 0.22819  cls 0.00719  dfl 0.00048  feat 0.00113)
  Epoch 24/50  Batch 219/2188 (10.0%)  | Super 92.732 (box 1.2638  cls 0.6241  dfl 1.0100)  | Base 94.093 (box 1.2793  cls 0.6463  dfl 1.0148)  | KD 7.064 (box 0.21340  cls 0.00583  dfl 0.00041  feat 0.00112)
  Epoch 24/50  Batch 437/2188 (20.0%)  | Super 96.669 (box 1.3612  cls 0.6833  dfl 0.9764)  | Base 98.078 (box 1.3834  cls 0.6982  dfl 0.9834)  | KD 8.029 (box 0.24351  cls 0.00586  dfl 0.00043  feat 0.00110)
  Epoch 24/50  Batch 655/2188 (29.9%)  | Super 85.763 (box 1.1255  cls 0.6203  dfl 0.9343)  | Base 86.942 (box 1.1394  cls 0.6429  dfl 0.9346)  | KD 6.978 (box 0.20839  cls 0.00813  dfl 0.00049  feat 0.00106)
  Epoch 24/50  Batch 873/2188 (39.9%)  | Super 101.842 (box 1.3203  cls 0.8301  dfl 1.0322)  | Base 102.028 (box 1.3236  cls 0.8383  dfl 1.0264)  | KD 9.199 (box 0.27835  cls 0.00734  dfl 0.00055  feat 0.00121)
  Epoch 24/50  Batch 1091/2188 (49.9%)  | Super 88.176 (box 1.1827  cls 0.6057  dfl 0.9671)  | Base 88.611 (box 1.1811  cls 0.6169  dfl 0.9711)  | KD 7.039 (box 0.21124  cls 0.00728  dfl 0.00038  feat 0.00106)
  Epoch 24/50  Batch 1309/2188 (59.8%)  | Super 86.047 (box 1.1367  cls 0.5822  dfl 0.9701)  | Base 86.657 (box 1.1405  cls 0.5976  dfl 0.9699)  | KD 7.037 (box 0.21082  cls 0.00733  dfl 0.00042  feat 0.00134)
  Epoch 24/50  Batch 1527/2188 (69.8%)  | Super 91.097 (box 1.2151  cls 0.6728  dfl 0.9590)  | Base 91.355 (box 1.2228  cls 0.6781  dfl 0.9540)  | KD 7.524 (box 0.22071  cls 0.01262  dfl 0.00046  feat 0.00132)
  Epoch 24/50  Batch 1745/2188 (79.8%)  | Super 86.077 (box 1.1427  cls 0.5867  dfl 0.9605)  | Base 86.821 (box 1.1499  cls 0.6039  dfl 0.9593)  | KD 7.370 (box 0.22081  cls 0.00792  dfl 0.00046  feat 0.00113)
  Epoch 24/50  Batch 1963/2188 (89.7%)  | Super 93.459 (box 1.2454  cls 0.7106  dfl 0.9646)  | Base 94.344 (box 1.2576  cls 0.7258  dfl 0.9649)  | KD 8.109 (box 0.24287  cls 0.00877  dfl 0.00048  feat 0.00130)
  Epoch 24/50  Batch 2181/2188 (99.7%)  | Super 93.738 (box 1.2924  cls 0.6014  dfl 1.0355)  | Base 94.681 (box 1.2931  cls 0.6377  dfl 1.0280)  | KD 6.785 (box 0.20471  cls 0.00571  dfl 0.00047  feat 0.00114)

================================================================================
  [Validation] Super model (skip=False)  |  Epoch 24/50
================================================================================
[*] Validation input tensor shape: torch.Size([32, 3, 384, 672])
                 Class     Images  Instances      Box(P          R      mAP50  mAP50-95)
                   all      10000     185578      0.638      0.492      0.551      0.321

================================================================================
  [Validation] Base model  (skip=True)   |  Epoch 24/50
================================================================================
[*] Validation input tensor shape: torch.Size([32, 3, 384, 672])
                 Class     Images  Instances      Box(P          R      mAP50  mAP50-95)
                   all      10000     185578      0.631      0.489      0.542      0.315

           Epoch         GPU_mem          box_om          cls_om          dfl_om          box_oo          cls_oo          dfl_oo       Instances            Size
  Epoch 25/50  Batch 1/2188 (0.0%)  | Super 84.827 (box 1.0974  cls 0.5929  dfl 0.9605)  | Base 86.677 (box 1.1151  cls 0.6291  dfl 0.9644)  | KD 7.427 (box 0.22230  cls 0.00821  dfl 0.00048  feat 0.00110)
  Epoch 25/50  Batch 219/2188 (10.0%)  | Super 91.435 (box 1.2582  cls 0.6094  dfl 0.9898)  | Base 91.781 (box 1.2538  cls 0.6334  dfl 0.9809)  | KD 7.324 (box 0.21979  cls 0.00751  dfl 0.00047  feat 0.00108)
  Epoch 25/50  Batch 437/2188 (20.0%)  | Super 101.638 (box 1.4623  cls 0.6981  dfl 1.0158)  | Base 102.821 (box 1.4715  cls 0.7269  dfl 1.0148)  | KD 8.334 (box 0.25364  cls 0.00524  dfl 0.00041  feat 0.00113)
  Epoch 25/50  Batch 655/2188 (29.9%)  | Super 86.942 (box 1.1599  cls 0.5901  dfl 0.9670)  | Base 87.242 (box 1.1671  cls 0.5986  dfl 0.9606)  | KD 6.999 (box 0.20957  cls 0.00755  dfl 0.00043  feat 0.00116)
  Epoch 25/50  Batch 873/2188 (39.9%)  | Super 95.125 (box 1.2411  cls 0.7209  dfl 1.0106)  | Base 96.295 (box 1.2648  cls 0.7280  dfl 1.0164)  | KD 8.407 (box 0.25102  cls 0.01012  dfl 0.00047  feat 0.00110)
  Epoch 25/50  Batch 1091/2188 (49.9%)  | Super 87.315 (box 1.2122  cls 0.5790  dfl 0.9374)  | Base 87.876 (box 1.2147  cls 0.5931  dfl 0.9383)  | KD 7.166 (box 0.21261  cls 0.00996  dfl 0.00038  feat 0.00098)
  Epoch 25/50  Batch 1309/2188 (59.8%)  | Super 83.869 (box 1.0909  cls 0.5650  dfl 0.9650)  | Base 84.068 (box 1.0923  cls 0.5777  dfl 0.9571)  | KD 7.488 (box 0.22647  cls 0.00577  dfl 0.00054  feat 0.00122)
  Epoch 25/50  Batch 1527/2188 (69.8%)  | Super 92.432 (box 1.2366  cls 0.6587  dfl 0.9932)  | Base 92.335 (box 1.2378  cls 0.6606  dfl 0.9871)  | KD 7.888 (box 0.23347  cls 0.01117  dfl 0.00050  feat 0.00136)
  Epoch 25/50  Batch 1745/2188 (79.8%)  | Super 87.634 (box 1.1566  cls 0.6241  dfl 0.9579)  | Base 88.988 (box 1.1766  cls 0.6495  dfl 0.9548)  | KD 8.020 (box 0.24051  cls 0.00858  dfl 0.00049  feat 0.00104)
  Epoch 25/50  Batch 1963/2188 (89.7%)  | Super 90.281 (box 1.2319  cls 0.6166  dfl 0.9728)  | Base 91.546 (box 1.2520  cls 0.6333  dfl 0.9755)  | KD 7.611 (box 0.22568  cls 0.01043  dfl 0.00045  feat 0.00126)
  Epoch 25/50  Batch 2181/2188 (99.7%)  | Super 99.460 (box 1.3667  cls 0.6382  dfl 1.1033)  | Base 100.929 (box 1.3832  cls 0.6588  dfl 1.1121)  | KD 7.228 (box 0.21891  cls 0.00534  dfl 0.00048  feat 0.00115)

================================================================================
  [Validation] Super model (skip=False)  |  Epoch 25/50
================================================================================
[*] Validation input tensor shape: torch.Size([32, 3, 384, 672])
                 Class     Images  Instances      Box(P          R      mAP50  mAP50-95)
                   all      10000     185578      0.625      0.519      0.551      0.321

================================================================================
  [Validation] Base model  (skip=True)   |  Epoch 25/50
================================================================================
[*] Validation input tensor shape: torch.Size([32, 3, 384, 672])
                 Class     Images  Instances      Box(P          R      mAP50  mAP50-95)
                   all      10000     185578      0.728      0.489      0.545      0.317

           Epoch         GPU_mem          box_om          cls_om          dfl_om          box_oo          cls_oo          dfl_oo       Instances            Size
  Epoch 26/50  Batch 1/2188 (0.0%)  | Super 90.127 (box 1.1913  cls 0.6236  dfl 1.0016)  | Base 91.608 (box 1.2029  cls 0.6565  dfl 1.0033)  | KD 7.630 (box 0.23029  cls 0.00655  dfl 0.00043  feat 0.00118)
  Epoch 26/50  Batch 219/2188 (10.0%)  | Super 93.527 (box 1.2590  cls 0.6829  dfl 0.9809)  | Base 94.587 (box 1.2672  cls 0.7109  dfl 0.9777)  | KD 7.031 (box 0.20747  cls 0.01075  dfl 0.00049  feat 0.00101)
  Epoch 26/50  Batch 437/2188 (20.0%)  | Super 98.307 (box 1.4054  cls 0.6930  dfl 0.9737)  | Base 99.786 (box 1.4302  cls 0.7084  dfl 0.9797)  | KD 8.517 (box 0.25914  cls 0.00549  dfl 0.00040  feat 0.00112)
  Epoch 26/50  Batch 655/2188 (29.9%)  | Super 87.626 (box 1.1743  cls 0.6058  dfl 0.9582)  | Base 87.677 (box 1.1807  cls 0.6083  dfl 0.9509)  | KD 7.098 (box 0.21326  cls 0.00701  dfl 0.00039  feat 0.00116)
  Epoch 26/50  Batch 873/2188 (39.9%)  | Super 90.902 (box 1.2103  cls 0.6454  dfl 0.9850)  | Base 91.239 (box 1.2188  cls 0.6649  dfl 0.9675)  | KD 8.556 (box 0.25834  cls 0.00745  dfl 0.00048  feat 0.00111)
  Epoch 26/50  Batch 1091/2188 (49.9%)  | Super 88.487 (box 1.2088  cls 0.6006  dfl 0.9558)  | Base 89.089 (box 1.2146  cls 0.6115  dfl 0.9579)  | KD 6.950 (box 0.20948  cls 0.00631  dfl 0.00038  feat 0.00103)
  Epoch 26/50  Batch 1309/2188 (59.8%)  | Super 80.993 (box 1.0519  cls 0.5549  dfl 0.9243)  | Base 80.709 (box 1.0448  cls 0.5630  dfl 0.9144)  | KD 7.363 (box 0.22137  cls 0.00711  dfl 0.00049  feat 0.00113)
  Epoch 26/50  Batch 1527/2188 (69.8%)  | Super 91.454 (box 1.2230  cls 0.6431  dfl 0.9919)  | Base 91.831 (box 1.2294  cls 0.6526  dfl 0.9877)  | KD 8.069 (box 0.23760  cls 0.01270  dfl 0.00052  feat 0.00132)
  Epoch 26/50  Batch 1745/2188 (79.8%)  | Super 86.637 (box 1.1464  cls 0.5702  dfl 0.9908)  | Base 87.373 (box 1.1526  cls 0.5993  dfl 0.9785)  | KD 6.780 (box 0.20358  cls 0.00666  dfl 0.00040  feat 0.00124)
  Epoch 26/50  Batch 1963/2188 (89.7%)  | Super 86.608 (box 1.1448  cls 0.6277  dfl 0.9339)  | Base 89.528 (box 1.1780  cls 0.6712  dfl 0.9486)  | KD 7.545 (box 0.22470  cls 0.00936  dfl 0.00043  feat 0.00129)
  Epoch 26/50  Batch 2181/2188 (99.7%)  | Super 94.710 (box 1.2608  cls 0.6431  dfl 1.0558)  | Base 96.903 (box 1.2957  cls 0.6553  dfl 1.0772)  | KD 8.106 (box 0.24441  cls 0.00731  dfl 0.00051  feat 0.00108)

================================================================================
  [Validation] Super model (skip=False)  |  Epoch 26/50
================================================================================
[*] Validation input tensor shape: torch.Size([32, 3, 384, 672])
                 Class     Images  Instances      Box(P          R      mAP50  mAP50-95)
                   all      10000     185578      0.626      0.518       0.55      0.321

================================================================================
  [Validation] Base model  (skip=True)   |  Epoch 26/50
================================================================================
[*] Validation input tensor shape: torch.Size([32, 3, 384, 672])
                 Class     Images  Instances      Box(P          R      mAP50  mAP50-95)
                   all      10000     185578      0.733      0.488      0.543      0.316

           Epoch         GPU_mem          box_om          cls_om          dfl_om          box_oo          cls_oo          dfl_oo       Instances            Size
  Epoch 27/50  Batch 1/2188 (0.0%)  | Super 89.963 (box 1.1897  cls 0.6256  dfl 0.9960)  | Base 90.958 (box 1.2036  cls 0.6474  dfl 0.9915)  | KD 8.692 (box 0.25516  cls 0.01477  dfl 0.00058  feat 0.00110)
  Epoch 27/50  Batch 219/2188 (10.0%)  | Super 89.216 (box 1.2181  cls 0.6319  dfl 0.9379)  | Base 90.074 (box 1.2323  cls 0.6448  dfl 0.9377)  | KD 7.747 (box 0.23542  cls 0.00501  dfl 0.00048  feat 0.00117)
  Epoch 27/50  Batch 437/2188 (20.0%)  | Super 96.652 (box 1.3947  cls 0.6667  dfl 0.9590)  | Base 98.043 (box 1.4068  cls 0.6940  dfl 0.9631)  | KD 8.862 (box 0.27073  cls 0.00451  dfl 0.00049  feat 0.00122)
  Epoch 27/50  Batch 655/2188 (29.9%)  | Super 85.390 (box 1.1560  cls 0.5740  dfl 0.9385)  | Base 86.559 (box 1.1696  cls 0.5978  dfl 0.9376)  | KD 6.485 (box 0.19200  cls 0.00905  dfl 0.00032  feat 0.00127)
  Epoch 27/50  Batch 873/2188 (39.9%)  | Super 96.677 (box 1.2808  cls 0.7246  dfl 1.0158)  | Base 96.944 (box 1.2798  cls 0.7341  dfl 1.0155)  | KD 8.460 (box 0.25596  cls 0.00667  dfl 0.00050  feat 0.00126)
  Epoch 27/50  Batch 1091/2188 (49.9%)  | Super 84.512 (box 1.1336  cls 0.5721  dfl 0.9353)  | Base 85.272 (box 1.1315  cls 0.5965  dfl 0.9367)  | KD 6.753 (box 0.20059  cls 0.00903  dfl 0.00038  feat 0.00101)
  Epoch 27/50  Batch 1309/2188 (59.8%)  | Super 83.694 (box 1.0926  cls 0.5662  dfl 0.9567)  | Base 84.337 (box 1.0919  cls 0.5873  dfl 0.9563)  | KD 7.052 (box 0.21203  cls 0.00666  dfl 0.00046  feat 0.00124)
  Epoch 27/50  Batch 1527/2188 (69.8%)  | Super 89.498 (box 1.2218  cls 0.6334  dfl 0.9417)  | Base 91.526 (box 1.2434  cls 0.6724  dfl 0.9444)  | KD 7.621 (box 0.22820  cls 0.00842  dfl 0.00049  feat 0.00104)
  Epoch 27/50  Batch 1745/2188 (79.8%)  | Super 89.140 (box 1.2060  cls 0.6075  dfl 0.9721)  | Base 90.123 (box 1.2216  cls 0.6180  dfl 0.9768)  | KD 7.840 (box 0.23630  cls 0.00723  dfl 0.00047  feat 0.00100)
  Epoch 27/50  Batch 1963/2188 (89.7%)  | Super 88.015 (box 1.1623  cls 0.6402  dfl 0.9480)  | Base 89.075 (box 1.1964  cls 0.6442  dfl 0.9430)  | KD 7.109 (box 0.21324  cls 0.00726  dfl 0.00037  feat 0.00128)
  Epoch 27/50  Batch 2181/2188 (99.7%)  | Super 96.513 (box 1.3188  cls 0.6151  dfl 1.0821)  | Base 97.337 (box 1.3266  cls 0.6422  dfl 1.0730)  | KD 7.037 (box 0.21438  cls 0.00394  dfl 0.00044  feat 0.00116)

================================================================================
  [Validation] Super model (skip=False)  |  Epoch 27/50
================================================================================
[*] Validation input tensor shape: torch.Size([32, 3, 384, 672])
                 Class     Images  Instances      Box(P          R      mAP50  mAP50-95)
                   all      10000     185578      0.658      0.501      0.553      0.323

================================================================================
  [Validation] Base model  (skip=True)   |  Epoch 27/50
================================================================================
[*] Validation input tensor shape: torch.Size([32, 3, 384, 672])
                 Class     Images  Instances      Box(P          R      mAP50  mAP50-95)
                   all      10000     185578       0.73      0.493      0.545      0.317

           Epoch         GPU_mem          box_om          cls_om          dfl_om          box_oo          cls_oo          dfl_oo       Instances            Size
  Epoch 28/50  Batch 1/2188 (0.0%)  | Super 89.517 (box 1.2056  cls 0.6077  dfl 0.9842)  | Base 90.656 (box 1.2104  cls 0.6353  dfl 0.9873)  | KD 7.988 (box 0.23707  cls 0.01104  dfl 0.00043  feat 0.00108)
  Epoch 28/50  Batch 219/2188 (10.0%)  | Super 87.838 (box 1.1738  cls 0.6296  dfl 0.9416)  | Base 88.529 (box 1.1931  cls 0.6271  dfl 0.9463)  | KD 7.063 (box 0.21204  cls 0.00705  dfl 0.00044  feat 0.00117)
  Epoch 28/50  Batch 437/2188 (20.0%)  | Super 97.297 (box 1.4045  cls 0.6793  dfl 0.9568)  | Base 97.871 (box 1.4067  cls 0.6901  dfl 0.9617)  | KD 8.709 (box 0.26155  cls 0.00903  dfl 0.00048  feat 0.00111)
  Epoch 28/50  Batch 655/2188 (29.9%)  | Super 84.187 (box 1.1417  cls 0.5739  dfl 0.9152)  | Base 84.747 (box 1.1479  cls 0.5829  dfl 0.9175)  | KD 6.482 (box 0.19298  cls 0.00818  dfl 0.00041  feat 0.00098)
  Epoch 28/50  Batch 873/2188 (39.9%)  | Super 94.921 (box 1.2434  cls 0.6968  dfl 1.0260)  | Base 94.912 (box 1.2364  cls 0.7185  dfl 1.0111)  | KD 8.548 (box 0.25976  cls 0.00571  dfl 0.00046  feat 0.00119)
  Epoch 28/50  Batch 1091/2188 (49.9%)  | Super 84.632 (box 1.1350  cls 0.5681  dfl 0.9417)  | Base 85.149 (box 1.1467  cls 0.5704  dfl 0.9438)  | KD 6.528 (box 0.19658  cls 0.00607  dfl 0.00035  feat 0.00100)
  Epoch 28/50  Batch 1309/2188 (59.8%)  | Super 77.793 (box 1.0045  cls 0.5223  dfl 0.9042)  | Base 78.636 (box 1.0132  cls 0.5375  dfl 0.9067)  | KD 7.021 (box 0.20744  cls 0.01035  dfl 0.00048  feat 0.00113)
  Epoch 28/50  Batch 1527/2188 (69.8%)  | Super 93.432 (box 1.2744  cls 0.6710  dfl 0.9743)  | Base 95.556 (box 1.2921  cls 0.7180  dfl 0.9759)  | KD 8.926 (box 0.26032  cls 0.01677  dfl 0.00059  feat 0.00125)
  Epoch 28/50  Batch 1745/2188 (79.8%)  | Super 84.953 (box 1.1229  cls 0.5955  dfl 0.9363)  | Base 86.798 (box 1.1412  cls 0.6284  dfl 0.9429)  | KD 7.631 (box 0.22564  cls 0.01134  dfl 0.00048  feat 0.00100)
  Epoch 28/50  Batch 1963/2188 (89.7%)  | Super 86.000 (box 1.1309  cls 0.6135  dfl 0.9432)  | Base 86.637 (box 1.1387  cls 0.6291  dfl 0.9396)  | KD 8.467 (box 0.25040  cls 0.01244  dfl 0.00054  feat 0.00123)
  Epoch 28/50  Batch 2181/2188 (99.7%)  | Super 93.663 (box 1.2491  cls 0.6575  dfl 1.0203)  | Base 93.932 (box 1.2550  cls 0.6684  dfl 1.0119)  | KD 7.346 (box 0.22221  cls 0.00557  dfl 0.00043  feat 0.00135)

================================================================================
  [Validation] Super model (skip=False)  |  Epoch 28/50
================================================================================
[*] Validation input tensor shape: torch.Size([32, 3, 384, 672])
                 Class     Images  Instances      Box(P          R      mAP50  mAP50-95)
                   all      10000     185578      0.655      0.507      0.553      0.323

================================================================================
  [Validation] Base model  (skip=True)   |  Epoch 28/50
================================================================================
[*] Validation input tensor shape: torch.Size([32, 3, 384, 672])
                 Class     Images  Instances      Box(P          R      mAP50  mAP50-95)
                   all      10000     185578      0.632      0.491      0.546      0.318

           Epoch         GPU_mem          box_om          cls_om          dfl_om          box_oo          cls_oo          dfl_oo       Instances            Size
  Epoch 29/50  Batch 1/2188 (0.0%)  | Super 90.001 (box 1.1751  cls 0.6284  dfl 1.0090)  | Base 90.903 (box 1.1919  cls 0.6405  dfl 1.0083)  | KD 6.982 (box 0.20761  cls 0.00911  dfl 0.00039  feat 0.00107)
  Epoch 29/50  Batch 219/2188 (10.0%)  | Super 88.534 (box 1.2070  cls 0.5915  dfl 0.9681)  | Base 88.500 (box 1.2012  cls 0.5981  dfl 0.9664)  | KD 6.305 (box 0.19161  cls 0.00389  dfl 0.00036  feat 0.00117)
  Epoch 29/50  Batch 437/2188 (20.0%)  | Super 97.898 (box 1.3735  cls 0.6941  dfl 0.9918)  | Base 99.735 (box 1.3981  cls 0.7231  dfl 0.9955)  | KD 8.730 (box 0.26202  cls 0.00919  dfl 0.00045  feat 0.00116)
  Epoch 29/50  Batch 655/2188 (29.9%)  | Super 85.780 (box 1.1536  cls 0.6118  dfl 0.9152)  | Base 86.212 (box 1.1587  cls 0.6237  dfl 0.9118)  | KD 6.847 (box 0.20118  cls 0.01125  dfl 0.00044  feat 0.00109)
  Epoch 29/50  Batch 873/2188 (39.9%)  | Super 92.873 (box 1.2214  cls 0.7227  dfl 0.9581)  | Base 93.473 (box 1.2319  cls 0.7362  dfl 0.9529)  | KD 8.685 (box 0.26317  cls 0.00666  dfl 0.00054  feat 0.00103)
  Epoch 29/50  Batch 1091/2188 (49.9%)  | Super 84.942 (box 1.1335  cls 0.5666  dfl 0.9543)  | Base 85.633 (box 1.1404  cls 0.5836  dfl 0.9520)  | KD 6.779 (box 0.20306  cls 0.00731  dfl 0.00038  feat 0.00108)
  Epoch 29/50  Batch 1309/2188 (59.8%)  | Super 81.149 (box 1.0660  cls 0.5531  dfl 0.9168)  | Base 81.814 (box 1.0710  cls 0.5738  dfl 0.9119)  | KD 7.095 (box 0.20890  cls 0.01114  dfl 0.00045  feat 0.00122)
  Epoch 29/50  Batch 1527/2188 (69.8%)  | Super 88.984 (box 1.1986  cls 0.6044  dfl 0.9777)  | Base 89.227 (box 1.2070  cls 0.6005  dfl 0.9808)  | KD 7.219 (box 0.21297  cls 0.01093  dfl 0.00046  feat 0.00123)
  Epoch 29/50  Batch 1745/2188 (79.8%)  | Super 85.587 (box 1.1296  cls 0.5986  dfl 0.9463)  | Base 87.366 (box 1.1543  cls 0.6253  dfl 0.9506)  | KD 7.148 (box 0.21697  cls 0.00498  dfl 0.00036  feat 0.00107)
  Epoch 29/50  Batch 1963/2188 (89.7%)  | Super 86.834 (box 1.1383  cls 0.6101  dfl 0.9652)  | Base 88.352 (box 1.1554  cls 0.6329  dfl 0.9727)  | KD 7.520 (box 0.22609  cls 0.00716  dfl 0.00043  feat 0.00132)
  Epoch 29/50  Batch 2181/2188 (99.7%)  | Super 93.442 (box 1.2693  cls 0.6506  dfl 1.0002)  | Base 92.427 (box 1.2591  cls 0.6385  dfl 0.9907)  | KD 7.185 (box 0.21696  cls 0.00591  dfl 0.00043  feat 0.00122)

================================================================================
  [Validation] Super model (skip=False)  |  Epoch 29/50
================================================================================
[*] Validation input tensor shape: torch.Size([32, 3, 384, 672])
                 Class     Images  Instances      Box(P          R      mAP50  mAP50-95)
                   all      10000     185578      0.679      0.499      0.555      0.324

================================================================================
  [Validation] Base model  (skip=True)   |  Epoch 29/50
================================================================================
[*] Validation input tensor shape: torch.Size([32, 3, 384, 672])
                 Class     Images  Instances      Box(P          R      mAP50  mAP50-95)
                   all      10000     185578      0.731      0.492      0.547      0.318

           Epoch         GPU_mem          box_om          cls_om          dfl_om          box_oo          cls_oo          dfl_oo       Instances            Size
  Epoch 30/50  Batch 1/2188 (0.0%)  | Super 88.710 (box 1.1705  cls 0.6089  dfl 0.9929)  | Base 90.991 (box 1.1992  cls 0.6483  dfl 0.9959)  | KD 7.454 (box 0.22257  cls 0.00891  dfl 0.00041  feat 0.00106)
  Epoch 30/50  Batch 219/2188 (10.0%)  | Super 91.571 (box 1.2360  cls 0.6343  dfl 0.9913)  | Base 92.671 (box 1.2462  cls 0.6558  dfl 0.9940)  | KD 7.853 (box 0.21942  cls 0.02415  dfl 0.00040  feat 0.00142)
  Epoch 30/50  Batch 437/2188 (20.0%)  | Super 96.665 (box 1.3827  cls 0.6702  dfl 0.9679)  | Base 98.579 (box 1.4068  cls 0.6970  dfl 0.9767)  | KD 8.133 (box 0.24530  cls 0.00737  dfl 0.00043  feat 0.00106)
  Epoch 30/50  Batch 655/2188 (29.9%)  | Super 87.715 (box 1.1676  cls 0.6137  dfl 0.9598)  | Base 87.528 (box 1.1715  cls 0.6171  dfl 0.9466)  | KD 6.964 (box 0.20637  cls 0.00958  dfl 0.00040  feat 0.00125)
  Epoch 30/50  Batch 873/2188 (39.9%)  | Super 100.060 (box 1.3035  cls 0.7603  dfl 1.0630)  | Base 100.938 (box 1.3194  cls 0.7831  dfl 1.0518)  | KD 9.090 (box 0.27462  cls 0.00775  dfl 0.00054  feat 0.00116)
  Epoch 30/50  Batch 1091/2188 (49.9%)  | Super 83.857 (box 1.1382  cls 0.5567  dfl 0.9256)  | Base 84.108 (box 1.1358  cls 0.5705  dfl 0.9220)  | KD 6.180 (box 0.18488  cls 0.00678  dfl 0.00034  feat 0.00112)
  Epoch 30/50  Batch 1309/2188 (59.8%)  | Super 78.833 (box 1.0321  cls 0.5204  dfl 0.9110)  | Base 80.167 (box 1.0457  cls 0.5448  dfl 0.9147)  | KD 6.735 (box 0.20124  cls 0.00759  dfl 0.00045  feat 0.00119)
  Epoch 30/50  Batch 1527/2188 (69.8%)  | Super 90.534 (box 1.1792  cls 0.6570  dfl 0.9931)  | Base 91.798 (box 1.2089  cls 0.6661  dfl 0.9937)  | KD 8.112 (box 0.23954  cls 0.01227  dfl 0.00053  feat 0.00116)
  Epoch 30/50  Batch 1745/2188 (79.8%)  | Super 83.795 (box 1.1095  cls 0.5655  dfl 0.9436)  | Base 85.073 (box 1.1191  cls 0.5992  dfl 0.9403)  | KD 6.865 (box 0.20474  cls 0.00838  dfl 0.00037  feat 0.00104)
  Epoch 30/50  Batch 1963/2188 (89.7%)  | Super 88.348 (box 1.1836  cls 0.6156  dfl 0.9617)  | Base 88.287 (box 1.1922  cls 0.6072  dfl 0.9596)  | KD 7.523 (box 0.22369  cls 0.00965  dfl 0.00042  feat 0.00131)
  Epoch 30/50  Batch 2181/2188 (99.7%)  | Super 93.242 (box 1.2563  cls 0.6314  dfl 1.0261)  | Base 94.802 (box 1.2696  cls 0.6646  dfl 1.0284)  | KD 7.370 (box 0.21871  cls 0.00984  dfl 0.00047  feat 0.00129)

================================================================================
  [Validation] Super model (skip=False)  |  Epoch 30/50
================================================================================
[*] Validation input tensor shape: torch.Size([32, 3, 384, 672])
                 Class     Images  Instances      Box(P          R      mAP50  mAP50-95)
                   all      10000     185578      0.647      0.509      0.554      0.324

================================================================================
  [Validation] Base model  (skip=True)   |  Epoch 30/50
================================================================================
[*] Validation input tensor shape: torch.Size([32, 3, 384, 672])
                 Class     Images  Instances      Box(P          R      mAP50  mAP50-95)
                   all      10000     185578      0.673      0.504      0.549      0.319

           Epoch         GPU_mem          box_om          cls_om          dfl_om          box_oo          cls_oo          dfl_oo       Instances            Size
  Epoch 31/50  Batch 1/2188 (0.0%)  | Super 93.730 (box 1.2244  cls 0.6644  dfl 1.0403)  | Base 95.584 (box 1.2503  cls 0.6985  dfl 1.0382)  | KD 7.003 (box 0.20793  cls 0.00948  dfl 0.00035  feat 0.00109)
  Epoch 31/50  Batch 219/2188 (10.0%)  | Super 92.426 (box 1.2500  cls 0.6466  dfl 0.9918)  | Base 92.396 (box 1.2296  cls 0.6769  dfl 0.9809)  | KD 7.337 (box 0.21974  cls 0.00802  dfl 0.00040  feat 0.00112)
  Epoch 31/50  Batch 437/2188 (20.0%)  | Super 97.822 (box 1.4062  cls 0.6615  dfl 0.9892)  | Base 100.007 (box 1.4274  cls 0.7023  dfl 0.9955)  | KD 8.997 (box 0.26367  cls 0.01575  dfl 0.00047  feat 0.00127)
  Epoch 31/50  Batch 655/2188 (29.9%)  | Super 86.214 (box 1.1647  cls 0.5729  dfl 0.9566)  | Base 86.858 (box 1.1737  cls 0.5853  dfl 0.9553)  | KD 7.308 (box 0.21956  cls 0.00714  dfl 0.00047  feat 0.00121)
  Epoch 31/50  Batch 873/2188 (39.9%)  | Super 96.037 (box 1.2998  cls 0.7025  dfl 0.9988)  | Base 96.965 (box 1.3130  cls 0.7114  dfl 1.0058)  | KD 8.122 (box 0.24460  cls 0.00757  dfl 0.00046  feat 0.00119)
  Epoch 31/50  Batch 1091/2188 (49.9%)  | Super 84.425 (box 1.1265  cls 0.5811  dfl 0.9307)  | Base 84.558 (box 1.1245  cls 0.5828  dfl 0.9351)  | KD 7.046 (box 0.21035  cls 0.00833  dfl 0.00048  feat 0.00103)
  Epoch 31/50  Batch 1309/2188 (59.8%)  | Super 87.048 (box 1.1435  cls 0.5944  dfl 0.9824)  | Base 88.614 (box 1.1566  cls 0.6298  dfl 0.9828)  | KD 7.844 (box 0.23440  cls 0.00900  dfl 0.00048  feat 0.00125)
  Epoch 31/50  Batch 1527/2188 (69.8%)  | Super 92.259 (box 1.2555  cls 0.6458  dfl 0.9818)  | Base 92.404 (box 1.2631  cls 0.6548  dfl 0.9698)  | KD 7.386 (box 0.21673  cls 0.01208  dfl 0.00048  feat 0.00152)
  Epoch 31/50  Batch 1745/2188 (79.8%)  | Super 89.305 (box 1.2103  cls 0.6073  dfl 0.9732)  | Base 90.367 (box 1.2325  cls 0.6267  dfl 0.9648)  | KD 7.646 (box 0.22920  cls 0.00814  dfl 0.00048  feat 0.00111)
  Epoch 31/50  Batch 1963/2188 (89.7%)  | Super 82.676 (box 1.1121  cls 0.5690  dfl 0.9025)  | Base 84.702 (box 1.1374  cls 0.5956  dfl 0.9140)  | KD 6.862 (box 0.20612  cls 0.00667  dfl 0.00033  feat 0.00133)
  Epoch 31/50  Batch 2181/2188 (99.7%)  | Super 97.184 (box 1.3252  cls 0.6681  dfl 1.0437)  | Base 97.088 (box 1.3326  cls 0.6717  dfl 1.0297)  | KD 7.155 (box 0.21423  cls 0.00790  dfl 0.00046  feat 0.00102)

================================================================================
  [Validation] Super model (skip=False)  |  Epoch 31/50
================================================================================
[*] Validation input tensor shape: torch.Size([32, 3, 384, 672])
                 Class     Images  Instances      Box(P          R      mAP50  mAP50-95)
                   all      10000     185578      0.633      0.517      0.555      0.324

================================================================================
  [Validation] Base model  (skip=True)   |  Epoch 31/50
================================================================================
[*] Validation input tensor shape: torch.Size([32, 3, 384, 672])
                 Class     Images  Instances      Box(P          R      mAP50  mAP50-95)
                   all      10000     185578      0.637      0.509      0.549       0.32

           Epoch         GPU_mem          box_om          cls_om          dfl_om          box_oo          cls_oo          dfl_oo       Instances            Size
  Epoch 32/50  Batch 1/2188 (0.0%)  | Super 84.151 (box 1.1385  cls 0.5650  dfl 0.9263)  | Base 85.636 (box 1.1508  cls 0.6001  dfl 0.9253)  | KD 7.919 (box 0.23556  cls 0.01045  dfl 0.00047  feat 0.00099)
  Epoch 32/50  Batch 219/2188 (10.0%)  | Super 85.515 (box 1.1672  cls 0.5677  dfl 0.9374)  | Base 87.577 (box 1.1921  cls 0.6060  dfl 0.9386)  | KD 7.185 (box 0.21352  cls 0.00948  dfl 0.00040  feat 0.00113)
  Epoch 32/50  Batch 437/2188 (20.0%)  | Super 98.384 (box 1.4103  cls 0.6698  dfl 0.9944)  | Base 99.207 (box 1.4181  cls 0.6839  dfl 0.9982)  | KD 8.092 (box 0.24429  cls 0.00701  dfl 0.00037  feat 0.00119)
  Epoch 32/50  Batch 655/2188 (29.9%)  | Super 84.265 (box 1.1389  cls 0.5691  dfl 0.9253)  | Base 85.834 (box 1.1558  cls 0.5933  dfl 0.9332)  | KD 6.646 (box 0.19805  cls 0.00812  dfl 0.00038  feat 0.00112)
  Epoch 32/50  Batch 873/2188 (39.9%)  | Super 98.469 (box 1.3494  cls 0.6948  dfl 1.0330)  | Base 98.012 (box 1.3407  cls 0.6950  dfl 1.0272)  | KD 8.665 (box 0.26168  cls 0.00758  dfl 0.00044  feat 0.00109)
  Epoch 32/50  Batch 1091/2188 (49.9%)  | Super 84.925 (box 1.1392  cls 0.5632  dfl 0.9515)  | Base 84.813 (box 1.1312  cls 0.5731  dfl 0.9461)  | KD 6.166 (box 0.18622  cls 0.00509  dfl 0.00040  feat 0.00099)
  Epoch 32/50  Batch 1309/2188 (59.8%)  | Super 83.907 (box 1.1118  cls 0.5657  dfl 0.9445)  | Base 85.035 (box 1.1266  cls 0.5807  dfl 0.9501)  | KD 6.941 (box 0.21056  cls 0.00491  dfl 0.00039  feat 0.00105)
  Epoch 32/50  Batch 1527/2188 (69.8%)  | Super 86.016 (box 1.1235  cls 0.6295  dfl 0.9350)  | Base 86.464 (box 1.1277  cls 0.6487  dfl 0.9255)  | KD 8.101 (box 0.23834  cls 0.01322  dfl 0.00045  feat 0.00115)
  Epoch 32/50  Batch 1745/2188 (79.8%)  | Super 85.189 (box 1.1514  cls 0.5805  dfl 0.9302)  | Base 86.845 (box 1.1652  cls 0.6173  dfl 0.9314)  | KD 7.096 (box 0.21070  cls 0.00958  dfl 0.00042  feat 0.00106)
  Epoch 32/50  Batch 1963/2188 (89.7%)  | Super 86.647 (box 1.1335  cls 0.6259  dfl 0.9484)  | Base 88.204 (box 1.1677  cls 0.6374  dfl 0.9513)  | KD 7.552 (box 0.22399  cls 0.01030  dfl 0.00044  feat 0.00127)
  Epoch 32/50  Batch 2181/2188 (99.7%)  | Super 92.090 (box 1.2645  cls 0.6236  dfl 0.9897)  | Base 93.363 (box 1.2833  cls 0.6403  dfl 0.9940)  | KD 7.418 (box 0.22462  cls 0.00567  dfl 0.00045  feat 0.00107)

================================================================================
  [Validation] Super model (skip=False)  |  Epoch 32/50
================================================================================
[*] Validation input tensor shape: torch.Size([32, 3, 384, 672])
                 Class     Images  Instances      Box(P          R      mAP50  mAP50-95)
                   all      10000     185578      0.623      0.525      0.555      0.325

================================================================================
  [Validation] Base model  (skip=True)   |  Epoch 32/50
================================================================================
[*] Validation input tensor shape: torch.Size([32, 3, 384, 672])
                 Class     Images  Instances      Box(P          R      mAP50  mAP50-95)
                   all      10000     185578      0.615      0.514       0.55      0.321

           Epoch         GPU_mem          box_om          cls_om          dfl_om          box_oo          cls_oo          dfl_oo       Instances            Size
  Epoch 33/50  Batch 1/2188 (0.0%)  | Super 83.796 (box 1.0817  cls 0.5721  dfl 0.9649)  | Base 83.912 (box 1.0799  cls 0.5893  dfl 0.9530)  | KD 6.969 (box 0.20750  cls 0.00883  dfl 0.00039  feat 0.00108)
  Epoch 33/50  Batch 219/2188 (10.0%)  | Super 90.019 (box 1.2674  cls 0.6051  dfl 0.9406)  | Base 91.201 (box 1.2829  cls 0.6279  dfl 0.9392)  | KD 6.618 (box 0.20068  cls 0.00472  dfl 0.00035  feat 0.00107)
  Epoch 33/50  Batch 437/2188 (20.0%)  | Super 95.495 (box 1.3863  cls 0.6576  dfl 0.9402)  | Base 97.260 (box 1.4109  cls 0.6844  dfl 0.9441)  | KD 8.342 (box 0.24915  cls 0.01006  dfl 0.00044  feat 0.00105)
  Epoch 33/50  Batch 655/2188 (29.9%)  | Super 89.915 (box 1.2458  cls 0.6256  dfl 0.9384)  | Base 89.665 (box 1.2391  cls 0.6312  dfl 0.9317)  | KD 8.322 (box 0.25033  cls 0.00805  dfl 0.00059  feat 0.00109)
  Epoch 33/50  Batch 873/2188 (39.9%)  | Super 99.244 (box 1.3395  cls 0.7301  dfl 1.0318)  | Base 99.104 (box 1.3302  cls 0.7388  dfl 1.0280)  | KD 7.984 (box 0.24225  cls 0.00569  dfl 0.00043  feat 0.00112)
  Epoch 33/50  Batch 1091/2188 (49.9%)  | Super 84.524 (box 1.1421  cls 0.5487  dfl 0.9506)  | Base 84.935 (box 1.1350  cls 0.5763  dfl 0.9428)  | KD 6.677 (box 0.19579  cls 0.01153  dfl 0.00035  feat 0.00098)
  Epoch 33/50  Batch 1309/2188 (59.8%)  | Super 80.124 (box 1.0194  cls 0.5688  dfl 0.9157)  | Base 81.859 (box 1.0493  cls 0.5884  dfl 0.9204)  | KD 7.392 (box 0.22275  cls 0.00662  dfl 0.00055  feat 0.00108)
  Epoch 33/50  Batch 1527/2188 (69.8%)  | Super 88.968 (box 1.1949  cls 0.6335  dfl 0.9519)  | Base 89.638 (box 1.2019  cls 0.6486  dfl 0.9508)  | KD 7.522 (box 0.22107  cls 0.01240  dfl 0.00049  feat 0.00111)
  Epoch 33/50  Batch 1745/2188 (79.8%)  | Super 84.148 (box 1.1281  cls 0.5668  dfl 0.9348)  | Base 85.652 (box 1.1503  cls 0.5908  dfl 0.9355)  | KD 7.618 (box 0.22966  cls 0.00685  dfl 0.00044  feat 0.00110)
  Epoch 33/50  Batch 1963/2188 (89.7%)  | Super 86.863 (box 1.1247  cls 0.6124  dfl 0.9773)  | Base 87.496 (box 1.1415  cls 0.6147  dfl 0.9780)  | KD 7.546 (box 0.22682  cls 0.00743  dfl 0.00044  feat 0.00113)
  Epoch 33/50  Batch 2181/2188 (99.7%)  | Super 91.285 (box 1.2064  cls 0.6343  dfl 1.0119)  | Base 91.443 (box 1.2142  cls 0.6430  dfl 1.0004)  | KD 7.214 (box 0.21738  cls 0.00654  dfl 0.00046  feat 0.00106)

================================================================================
  [Validation] Super model (skip=False)  |  Epoch 33/50
================================================================================
[*] Validation input tensor shape: torch.Size([32, 3, 384, 672])
                 Class     Images  Instances      Box(P          R      mAP50  mAP50-95)
                   all      10000     185578      0.606      0.519      0.555      0.325

================================================================================
  [Validation] Base model  (skip=True)   |  Epoch 33/50
================================================================================
[*] Validation input tensor shape: torch.Size([32, 3, 384, 672])
                 Class     Images  Instances      Box(P          R      mAP50  mAP50-95)
                   all      10000     185578      0.632      0.497       0.55       0.32

           Epoch         GPU_mem          box_om          cls_om          dfl_om          box_oo          cls_oo          dfl_oo       Instances            Size
  Epoch 34/50  Batch 1/2188 (0.0%)  | Super 87.167 (box 1.1292  cls 0.6042  dfl 0.9906)  | Base 89.524 (box 1.1649  cls 0.6283  dfl 1.0045)  | KD 7.333 (box 0.21797  cls 0.00970  dfl 0.00047  feat 0.00103)
  Epoch 34/50  Batch 219/2188 (10.0%)  | Super 89.747 (box 1.2246  cls 0.5847  dfl 0.9953)  | Base 91.193 (box 1.2381  cls 0.6195  dfl 0.9922)  | KD 7.298 (box 0.21718  cls 0.00929  dfl 0.00039  feat 0.00121)
  Epoch 34/50  Batch 437/2188 (20.0%)  | Super 95.193 (box 1.3599  cls 0.6629  dfl 0.9520)  | Base 95.940 (box 1.3685  cls 0.6771  dfl 0.9525)  | KD 9.398 (box 0.28581  cls 0.00624  dfl 0.00056  feat 0.00107)
  Epoch 34/50  Batch 655/2188 (29.9%)  | Super 84.716 (box 1.1287  cls 0.5964  dfl 0.9222)  | Base 85.810 (box 1.1394  cls 0.6187  dfl 0.9235)  | KD 7.183 (box 0.21501  cls 0.00797  dfl 0.00046  feat 0.00105)
  Epoch 34/50  Batch 873/2188 (39.9%)  | Super 92.629 (box 1.2315  cls 0.6675  dfl 0.9957)  | Base 93.216 (box 1.2325  cls 0.6935  dfl 0.9869)  | KD 8.569 (box 0.25871  cls 0.00738  dfl 0.00047  feat 0.00122)
  Epoch 34/50  Batch 1091/2188 (49.9%)  | Super 86.616 (box 1.1676  cls 0.6034  dfl 0.9358)  | Base 87.439 (box 1.1705  cls 0.6194  dfl 0.9426)  | KD 6.326 (box 0.19164  cls 0.00466  dfl 0.00036  feat 0.00103)
  Epoch 34/50  Batch 1309/2188 (59.8%)  | Super 78.789 (box 1.0058  cls 0.5332  dfl 0.9232)  | Base 80.226 (box 1.0304  cls 0.5447  dfl 0.9319)  | KD 6.675 (box 0.20206  cls 0.00496  dfl 0.00043  feat 0.00115)
  Epoch 34/50  Batch 1527/2188 (69.8%)  | Super 87.781 (box 1.1906  cls 0.6257  dfl 0.9269)  | Base 88.523 (box 1.2061  cls 0.6355  dfl 0.9247)  | KD 7.708 (box 0.22986  cls 0.00924  dfl 0.00054  feat 0.00124)
  Epoch 34/50  Batch 1745/2188 (79.8%)  | Super 85.241 (box 1.1659  cls 0.5528  dfl 0.9450)  | Base 87.240 (box 1.1869  cls 0.5893  dfl 0.9501)  | KD 6.738 (box 0.20269  cls 0.00633  dfl 0.00044  feat 0.00110)
  Epoch 34/50  Batch 1963/2188 (89.7%)  | Super 88.375 (box 1.1967  cls 0.6059  dfl 0.9590)  | Base 89.203 (box 1.2124  cls 0.6244  dfl 0.9508)  | KD 8.074 (box 0.24280  cls 0.00760  dfl 0.00049  feat 0.00143)
  Epoch 34/50  Batch 2181/2188 (99.7%)  | Super 86.757 (box 1.1550  cls 0.6068  dfl 0.9494)  | Base 88.656 (box 1.1850  cls 0.6277  dfl 0.9578)  | KD 7.226 (box 0.21785  cls 0.00647  dfl 0.00041  feat 0.00109)

================================================================================
  [Validation] Super model (skip=False)  |  Epoch 34/50
================================================================================
[*] Validation input tensor shape: torch.Size([32, 3, 384, 672])
                 Class     Images  Instances      Box(P          R      mAP50  mAP50-95)
                   all      10000     185578      0.624       0.53      0.557      0.325

================================================================================
  [Validation] Base model  (skip=True)   |  Epoch 34/50
================================================================================
[*] Validation input tensor shape: torch.Size([32, 3, 384, 672])
                 Class     Images  Instances      Box(P          R      mAP50  mAP50-95)
                   all      10000     185578      0.633      0.498       0.55       0.32

           Epoch         GPU_mem          box_om          cls_om          dfl_om          box_oo          cls_oo          dfl_oo       Instances            Size
  Epoch 35/50  Batch 1/2188 (0.0%)  | Super 88.168 (box 1.1656  cls 0.6306  dfl 0.9591)  | Base 89.803 (box 1.1931  cls 0.6474  dfl 0.9658)  | KD 7.934 (box 0.23504  cls 0.01135  dfl 0.00047  feat 0.00107)
  Epoch 35/50  Batch 219/2188 (10.0%)  | Super 90.336 (box 1.2105  cls 0.6161  dfl 0.9964)  | Base 90.942 (box 1.2200  cls 0.6252  dfl 0.9967)  | KD 6.820 (box 0.20643  cls 0.00513  dfl 0.00039  feat 0.00117)
  Epoch 35/50  Batch 437/2188 (20.0%)  | Super 98.832 (box 1.4129  cls 0.6816  dfl 0.9940)  | Base 99.827 (box 1.4178  cls 0.7080  dfl 0.9938)  | KD 8.206 (box 0.24875  cls 0.00598  dfl 0.00044  feat 0.00125)
  Epoch 35/50  Batch 655/2188 (29.9%)  | Super 84.801 (box 1.1365  cls 0.5752  dfl 0.9383)  | Base 85.855 (box 1.1483  cls 0.5926  dfl 0.9420)  | KD 7.266 (box 0.21408  cls 0.01136  dfl 0.00041  feat 0.00121)
  Epoch 35/50  Batch 873/2188 (39.9%)  | Super 95.405 (box 1.2615  cls 0.7039  dfl 1.0160)  | Base 96.982 (box 1.2877  cls 0.7236  dfl 1.0194)  | KD 8.813 (box 0.26640  cls 0.00731  dfl 0.00051  feat 0.00119)
  Epoch 35/50  Batch 1091/2188 (49.9%)  | Super 86.717 (box 1.1849  cls 0.5616  dfl 0.9634)  | Base 87.243 (box 1.1797  cls 0.5893  dfl 0.9573)  | KD 6.269 (box 0.18947  cls 0.00505  dfl 0.00036  feat 0.00101)
  Epoch 35/50  Batch 1309/2188 (59.8%)  | Super 82.844 (box 1.0901  cls 0.5603  dfl 0.9384)  | Base 84.245 (box 1.1153  cls 0.5682  dfl 0.9491)  | KD 6.638 (box 0.20038  cls 0.00533  dfl 0.00044  feat 0.00130)
  Epoch 35/50  Batch 1527/2188 (69.8%)  | Super 92.417 (box 1.2496  cls 0.6463  dfl 0.9921)  | Base 94.746 (box 1.2680  cls 0.6936  dfl 0.9992)  | KD 8.922 (box 0.25646  cls 0.02052  dfl 0.00056  feat 0.00127)
  Epoch 35/50  Batch 1745/2188 (79.8%)  | Super 87.189 (box 1.1806  cls 0.6043  dfl 0.9398)  | Base 89.489 (box 1.2134  cls 0.6361  dfl 0.9470)  | KD 7.426 (box 0.22321  cls 0.00731  dfl 0.00039  feat 0.00115)
  Epoch 35/50  Batch 1963/2188 (89.7%)  | Super 85.689 (box 1.1309  cls 0.6265  dfl 0.9204)  | Base 87.296 (box 1.1444  cls 0.6581  dfl 0.9255)  | KD 8.153 (box 0.24642  cls 0.00667  dfl 0.00043  feat 0.00127)
  Epoch 35/50  Batch 2181/2188 (99.7%)  | Super 94.717 (box 1.2986  cls 0.6428  dfl 1.0186)  | Base 95.775 (box 1.3093  cls 0.6638  dfl 1.0199)  | KD 7.219 (box 0.21746  cls 0.00664  dfl 0.00040  feat 0.00108)

================================================================================
  [Validation] Super model (skip=False)  |  Epoch 35/50
================================================================================
[*] Validation input tensor shape: torch.Size([32, 3, 384, 672])
                 Class     Images  Instances      Box(P          R      mAP50  mAP50-95)
                   all      10000     185578      0.629      0.529      0.556      0.324

================================================================================
  [Validation] Base model  (skip=True)   |  Epoch 35/50
================================================================================
[*] Validation input tensor shape: torch.Size([32, 3, 384, 672])
                 Class     Images  Instances      Box(P          R      mAP50  mAP50-95)
                   all      10000     185578      0.634        0.5       0.55      0.319

           Epoch         GPU_mem          box_om          cls_om          dfl_om          box_oo          cls_oo          dfl_oo       Instances            Size
  Epoch 36/50  Batch 1/2188 (0.0%)  | Super 88.638 (box 1.1692  cls 0.6104  dfl 0.9904)  | Base 90.286 (box 1.1768  cls 0.6570  dfl 0.9876)  | KD 8.072 (box 0.24034  cls 0.01029  dfl 0.00044  feat 0.00119)
  Epoch 36/50  Batch 219/2188 (10.0%)  | Super 87.268 (box 1.1718  cls 0.6076  dfl 0.9478)  | Base 87.609 (box 1.1697  cls 0.6210  dfl 0.9471)  | KD 6.965 (box 0.21027  cls 0.00577  dfl 0.00045  feat 0.00117)
  Epoch 36/50  Batch 437/2188 (20.0%)  | Super 99.885 (box 1.4609  cls 0.6645  dfl 0.9960)  | Base 101.618 (box 1.4782  cls 0.6913  dfl 1.0061)  | KD 8.025 (box 0.24182  cls 0.00741  dfl 0.00040  feat 0.00114)
  Epoch 36/50  Batch 655/2188 (29.9%)  | Super 84.172 (box 1.1363  cls 0.5808  dfl 0.9133)  | Base 84.963 (box 1.1415  cls 0.5985  dfl 0.9151)  | KD 6.266 (box 0.18844  cls 0.00591  dfl 0.00036  feat 0.00110)
  Epoch 36/50  Batch 873/2188 (39.9%)  | Super 95.103 (box 1.2799  cls 0.6979  dfl 0.9942)  | Base 94.296 (box 1.2675  cls 0.6972  dfl 0.9820)  | KD 8.463 (box 0.25506  cls 0.00782  dfl 0.00044  feat 0.00116)
  Epoch 36/50  Batch 1091/2188 (49.9%)  | Super 82.560 (box 1.1104  cls 0.5525  dfl 0.9171)  | Base 84.113 (box 1.1251  cls 0.5856  dfl 0.9179)  | KD 6.417 (box 0.18949  cls 0.00962  dfl 0.00040  feat 0.00102)
  Epoch 36/50  Batch 1309/2188 (59.8%)  | Super 81.163 (box 1.0357  cls 0.5630  dfl 0.9377)  | Base 81.556 (box 1.0434  cls 0.5707  dfl 0.9345)  | KD 7.008 (box 0.21117  cls 0.00627  dfl 0.00043  feat 0.00112)
  Epoch 36/50  Batch 1527/2188 (69.8%)  | Super 89.561 (box 1.2136  cls 0.6162  dfl 0.9690)  | Base 90.238 (box 1.2183  cls 0.6426  dfl 0.9591)  | KD 8.064 (box 0.22973  cls 0.02041  dfl 0.00058  feat 0.00130)
  Epoch 36/50  Batch 1745/2188 (79.8%)  | Super 85.758 (box 1.1565  cls 0.5551  dfl 0.9684)  | Base 87.537 (box 1.1762  cls 0.5898  dfl 0.9695)  | KD 7.261 (box 0.21742  cls 0.00804  dfl 0.00045  feat 0.00101)
  Epoch 36/50  Batch 1963/2188 (89.7%)  | Super 86.227 (box 1.1646  cls 0.6251  dfl 0.9049)  | Base 88.180 (box 1.1878  cls 0.6542  dfl 0.9136)  | KD 7.485 (box 0.22621  cls 0.00597  dfl 0.00042  feat 0.00130)
  Epoch 36/50  Batch 2181/2188 (99.7%)  | Super 94.800 (box 1.3279  cls 0.6129  dfl 1.0216)  | Base 96.346 (box 1.3481  cls 0.6350  dfl 1.0278)  | KD 7.202 (box 0.21735  cls 0.00602  dfl 0.00044  feat 0.00127)

================================================================================
  [Validation] Super model (skip=False)  |  Epoch 36/50
================================================================================
[*] Validation input tensor shape: torch.Size([32, 3, 384, 672])
                 Class     Images  Instances      Box(P          R      mAP50  mAP50-95)
                   all      10000     185578      0.662      0.512      0.558      0.325

================================================================================
  [Validation] Base model  (skip=True)   |  Epoch 36/50
================================================================================
[*] Validation input tensor shape: torch.Size([32, 3, 384, 672])
                 Class     Images  Instances      Box(P          R      mAP50  mAP50-95)
                   all      10000     185578      0.638      0.496      0.549       0.32

           Epoch         GPU_mem          box_om          cls_om          dfl_om          box_oo          cls_oo          dfl_oo       Instances            Size
  Epoch 37/50  Batch 1/2188 (0.0%)  | Super 88.506 (box 1.1563  cls 0.6355  dfl 0.9740)  | Base 90.185 (box 1.1818  cls 0.6535  dfl 0.9830)  | KD 8.125 (box 0.24121  cls 0.01112  dfl 0.00051  feat 0.00106)
  Epoch 37/50  Batch 219/2188 (10.0%)  | Super 92.062 (box 1.2425  cls 0.6491  dfl 0.9854)  | Base 92.052 (box 1.2416  cls 0.6521  dfl 0.9829)  | KD 7.002 (box 0.20959  cls 0.00758  dfl 0.00042  feat 0.00122)
  Epoch 37/50  Batch 437/2188 (20.0%)  | Super 101.987 (box 1.4462  cls 0.7242  dfl 1.0167)  | Base 103.654 (box 1.4837  cls 0.7360  dfl 1.0196)  | KD 9.467 (box 0.28807  cls 0.00622  dfl 0.00046  feat 0.00110)
  Epoch 37/50  Batch 655/2188 (29.9%)  | Super 86.019 (box 1.1610  cls 0.5979  dfl 0.9292)  | Base 87.277 (box 1.1838  cls 0.6146  dfl 0.9290)  | KD 7.011 (box 0.20612  cls 0.01140  dfl 0.00040  feat 0.00119)
  Epoch 37/50  Batch 873/2188 (39.9%)  | Super 96.331 (box 1.2744  cls 0.7018  dfl 1.0341)  | Base 96.848 (box 1.2823  cls 0.7102  dfl 1.0340)  | KD 8.542 (box 0.25889  cls 0.00642  dfl 0.00046  feat 0.00116)
  Epoch 37/50  Batch 1091/2188 (49.9%)  | Super 84.827 (box 1.1359  cls 0.5844  dfl 0.9305)  | Base 86.005 (box 1.1571  cls 0.5994  dfl 0.9311)  | KD 6.933 (box 0.20995  cls 0.00527  dfl 0.00039  feat 0.00106)
  Epoch 37/50  Batch 1309/2188 (59.8%)  | Super 79.999 (box 1.0429  cls 0.5467  dfl 0.9104)  | Base 81.619 (box 1.0606  cls 0.5723  dfl 0.9177)  | KD 7.705 (box 0.22963  cls 0.00947  dfl 0.00043  feat 0.00126)
  Epoch 37/50  Batch 1527/2188 (69.8%)  | Super 86.801 (box 1.1388  cls 0.6198  dfl 0.9539)  | Base 88.555 (box 1.1655  cls 0.6517  dfl 0.9502)  | KD 7.492 (box 0.21921  cls 0.01325  dfl 0.00050  feat 0.00116)
  Epoch 37/50  Batch 1745/2188 (79.8%)  | Super 85.919 (box 1.1400  cls 0.5910  dfl 0.9540)  | Base 86.792 (box 1.1425  cls 0.6180  dfl 0.9517)  | KD 8.209 (box 0.24726  cls 0.00777  dfl 0.00048  feat 0.00102)
  Epoch 37/50  Batch 1963/2188 (89.7%)  | Super 82.480 (box 1.0783  cls 0.5982  dfl 0.9010)  | Base 83.091 (box 1.0902  cls 0.6074  dfl 0.8990)  | KD 8.330 (box 0.25053  cls 0.00816  dfl 0.00046  feat 0.00117)
  Epoch 37/50  Batch 2181/2188 (99.7%)  | Super 91.636 (box 1.2616  cls 0.6025  dfl 0.9995)  | Base 93.455 (box 1.2914  cls 0.6153  dfl 1.0138)  | KD 6.894 (box 0.20812  cls 0.00569  dfl 0.00043  feat 0.00119)

================================================================================
  [Validation] Super model (skip=False)  |  Epoch 37/50
================================================================================
[*] Validation input tensor shape: torch.Size([32, 3, 384, 672])
                 Class     Images  Instances      Box(P          R      mAP50  mAP50-95)
                   all      10000     185578      0.611      0.521      0.557      0.325

================================================================================
  [Validation] Base model  (skip=True)   |  Epoch 37/50
================================================================================
[*] Validation input tensor shape: torch.Size([32, 3, 384, 672])
                 Class     Images  Instances      Box(P          R      mAP50  mAP50-95)
                   all      10000     185578      0.641      0.494       0.55       0.32

           Epoch         GPU_mem          box_om          cls_om          dfl_om          box_oo          cls_oo          dfl_oo       Instances            Size
  Epoch 38/50  Batch 1/2188 (0.0%)  | Super 87.152 (box 1.1282  cls 0.6307  dfl 0.9645)  | Base 88.110 (box 1.1357  cls 0.6595  dfl 0.9581)  | KD 7.659 (box 0.22898  cls 0.00874  dfl 0.00053  feat 0.00109)
  Epoch 38/50  Batch 219/2188 (10.0%)  | Super 89.702 (box 1.2511  cls 0.5967  dfl 0.9554)  | Base 91.408 (box 1.2736  cls 0.6276  dfl 0.9553)  | KD 6.374 (box 0.19152  cls 0.00622  dfl 0.00035  feat 0.00110)
  Epoch 38/50  Batch 437/2188 (20.0%)  | Super 98.370 (box 1.3975  cls 0.6692  dfl 1.0073)  | Base 99.984 (box 1.4167  cls 0.6926  dfl 1.0152)  | KD 8.696 (box 0.26343  cls 0.00668  dfl 0.00044  feat 0.00119)
  Epoch 38/50  Batch 655/2188 (29.9%)  | Super 83.024 (box 1.1153  cls 0.5550  dfl 0.9242)  | Base 83.956 (box 1.1279  cls 0.5749  dfl 0.9208)  | KD 6.843 (box 0.20631  cls 0.00600  dfl 0.00037  feat 0.00118)
  Epoch 38/50  Batch 873/2188 (39.9%)  | Super 93.548 (box 1.2313  cls 0.7048  dfl 0.9872)  | Base 93.898 (box 1.2531  cls 0.6895  dfl 0.9917)  | KD 8.799 (box 0.26361  cls 0.00974  dfl 0.00049  feat 0.00114)
  Epoch 38/50  Batch 1091/2188 (49.9%)  | Super 83.127 (box 1.1101  cls 0.5627  dfl 0.9249)  | Base 84.027 (box 1.1233  cls 0.5755  dfl 0.9271)  | KD 7.059 (box 0.21035  cls 0.00874  dfl 0.00040  feat 0.00112)
  Epoch 38/50  Batch 1309/2188 (59.8%)  | Super 83.834 (box 1.0773  cls 0.5681  dfl 0.9744)  | Base 83.230 (box 1.0683  cls 0.5781  dfl 0.9545)  | KD 6.846 (box 0.20591  cls 0.00647  dfl 0.00040  feat 0.00117)
  Epoch 38/50  Batch 1527/2188 (69.8%)  | Super 89.945 (box 1.2373  cls 0.6013  dfl 0.9722)  | Base 90.908 (box 1.2466  cls 0.6246  dfl 0.9697)  | KD 7.416 (box 0.22163  cls 0.00838  dfl 0.00053  feat 0.00120)
  Epoch 38/50  Batch 1745/2188 (79.8%)  | Super 84.320 (box 1.1274  cls 0.5641  dfl 0.9435)  | Base 85.647 (box 1.1429  cls 0.5880  dfl 0.9456)  | KD 7.057 (box 0.21373  cls 0.00522  dfl 0.00042  feat 0.00117)
  Epoch 38/50  Batch 1963/2188 (89.7%)  | Super 86.448 (box 1.1679  cls 0.5989  dfl 0.9347)  | Base 87.282 (box 1.1773  cls 0.6147  dfl 0.9356)  | KD 8.168 (box 0.24556  cls 0.00782  dfl 0.00057  feat 0.00131)
  Epoch 38/50  Batch 2181/2188 (99.7%)  | Super 91.408 (box 1.2411  cls 0.6218  dfl 0.9936)  | Base 92.731 (box 1.2498  cls 0.6540  dfl 0.9940)  | KD 6.734 (box 0.20214  cls 0.00670  dfl 0.00040  feat 0.00118)

================================================================================
  [Validation] Super model (skip=False)  |  Epoch 38/50
================================================================================
[*] Validation input tensor shape: torch.Size([32, 3, 384, 672])
                 Class     Images  Instances      Box(P          R      mAP50  mAP50-95)
                   all      10000     185578      0.612      0.521      0.557      0.325

================================================================================
  [Validation] Base model  (skip=True)   |  Epoch 38/50
================================================================================
[*] Validation input tensor shape: torch.Size([32, 3, 384, 672])
                 Class     Images  Instances      Box(P          R      mAP50  mAP50-95)
                   all      10000     185578      0.633      0.498       0.55       0.32

           Epoch         GPU_mem          box_om          cls_om          dfl_om          box_oo          cls_oo          dfl_oo       Instances            Size
  Epoch 39/50  Batch 1/2188 (0.0%)  | Super 88.767 (box 1.1721  cls 0.6099  dfl 0.9920)  | Base 90.624 (box 1.1890  cls 0.6486  dfl 0.9943)  | KD 7.631 (box 0.22579  cls 0.01108  dfl 0.00041  feat 0.00117)
  Epoch 39/50  Batch 219/2188 (10.0%)  | Super 87.669 (box 1.1644  cls 0.6211  dfl 0.9542)  | Base 88.563 (box 1.1733  cls 0.6359  dfl 0.9584)  | KD 8.340 (box 0.25235  cls 0.00652  dfl 0.00049  feat 0.00127)
  Epoch 39/50  Batch 437/2188 (20.0%)  | Super 96.911 (box 1.3761  cls 0.7033  dfl 0.9491)  | Base 98.789 (box 1.4117  cls 0.7199  dfl 0.9555)  | KD 8.297 (box 0.25114  cls 0.00665  dfl 0.00045  feat 0.00103)
  Epoch 39/50  Batch 655/2188 (29.9%)  | Super 84.347 (box 1.1249  cls 0.5887  dfl 0.9223)  | Base 85.336 (box 1.1375  cls 0.6073  dfl 0.9220)  | KD 7.464 (box 0.21380  cls 0.01784  dfl 0.00045  feat 0.00115)
  Epoch 39/50  Batch 873/2188 (39.9%)  | Super 92.573 (box 1.2031  cls 0.7050  dfl 0.9848)  | Base 92.719 (box 1.2116  cls 0.6942  dfl 0.9916)  | KD 8.495 (box 0.24876  cls 0.01506  dfl 0.00048  feat 0.00117)
  Epoch 39/50  Batch 1091/2188 (49.9%)  | Super 81.756 (box 1.0938  cls 0.5557  dfl 0.9054)  | Base 82.880 (box 1.1104  cls 0.5704  dfl 0.9091)  | KD 7.060 (box 0.20925  cls 0.01003  dfl 0.00037  feat 0.00098)
  Epoch 39/50  Batch 1309/2188 (59.8%)  | Super 82.285 (box 1.0827  cls 0.5583  dfl 0.9304)  | Base 82.673 (box 1.0854  cls 0.5743  dfl 0.9238)  | KD 7.375 (box 0.21941  cls 0.00939  dfl 0.00041  feat 0.00126)
  Epoch 39/50  Batch 1527/2188 (69.8%)  | Super 87.261 (box 1.1858  cls 0.5982  dfl 0.9430)  | Base 89.035 (box 1.2114  cls 0.6207  dfl 0.9503)  | KD 7.259 (box 0.20530  cls 0.01993  dfl 0.00045  feat 0.00118)
  Epoch 39/50  Batch 1745/2188 (79.8%)  | Super 82.127 (box 1.1170  cls 0.5246  dfl 0.9249)  | Base 82.917 (box 1.1202  cls 0.5466  dfl 0.9243)  | KD 6.511 (box 0.19296  cls 0.00909  dfl 0.00038  feat 0.00103)
  Epoch 39/50  Batch 1963/2188 (89.7%)  | Super 80.986 (box 1.1051  cls 0.5209  dfl 0.9049)  | Base 82.847 (box 1.1344  cls 0.5415  dfl 0.9131)  | KD 6.592 (box 0.19914  cls 0.00508  dfl 0.00043  feat 0.00136)
  Epoch 39/50  Batch 2181/2188 (99.7%)  | Super 91.768 (box 1.2600  cls 0.6043  dfl 1.0035)  | Base 93.045 (box 1.2725  cls 0.6228  dfl 1.0124)  | KD 6.742 (box 0.20290  cls 0.00616  dfl 0.00040  feat 0.00123)

================================================================================
  [Validation] Super model (skip=False)  |  Epoch 39/50
================================================================================
[*] Validation input tensor shape: torch.Size([32, 3, 384, 672])
                 Class     Images  Instances      Box(P          R      mAP50  mAP50-95)
                   all      10000     185578      0.612       0.52      0.557      0.325

================================================================================
  [Validation] Base model  (skip=True)   |  Epoch 39/50
================================================================================
[*] Validation input tensor shape: torch.Size([32, 3, 384, 672])
                 Class     Images  Instances      Box(P          R      mAP50  mAP50-95)
                   all      10000     185578      0.638      0.497      0.552      0.321

           Epoch         GPU_mem          box_om          cls_om          dfl_om          box_oo          cls_oo          dfl_oo       Instances            Size
  Epoch 40/50  Batch 1/2188 (0.0%)  | Super 83.353 (box 1.0931  cls 0.5746  dfl 0.9371)  | Base 85.269 (box 1.1276  cls 0.5966  dfl 0.9404)  | KD 7.475 (box 0.21724  cls 0.01489  dfl 0.00045  feat 0.00103)
  Epoch 40/50  Batch 219/2188 (10.0%)  | Super 91.041 (box 1.1898  cls 0.6630  dfl 0.9922)  | Base 92.087 (box 1.2131  cls 0.6664  dfl 0.9982)  | KD 7.679 (box 0.22527  cls 0.01304  dfl 0.00051  feat 0.00114)
  Epoch 40/50  Batch 437/2188 (20.0%)  | Super 98.050 (box 1.3867  cls 0.6898  dfl 0.9876)  | Base 99.694 (box 1.4096  cls 0.7138  dfl 0.9920)  | KD 8.915 (box 0.27009  cls 0.00691  dfl 0.00044  feat 0.00114)
  Epoch 40/50  Batch 655/2188 (29.9%)  | Super 84.440 (box 1.1294  cls 0.5938  dfl 0.9156)  | Base 85.389 (box 1.1381  cls 0.6198  dfl 0.9105)  | KD 6.629 (box 0.19603  cls 0.00959  dfl 0.00041  feat 0.00112)
  Epoch 40/50  Batch 873/2188 (39.9%)  | Super 93.984 (box 1.2651  cls 0.6852  dfl 0.9867)  | Base 94.754 (box 1.2742  cls 0.6911  dfl 0.9958)  | KD 8.518 (box 0.25662  cls 0.00802  dfl 0.00044  feat 0.00111)
  Epoch 40/50  Batch 1091/2188 (49.9%)  | Super 84.046 (box 1.1339  cls 0.5594  dfl 0.9332)  | Base 85.112 (box 1.1498  cls 0.5780  dfl 0.9320)  | KD 6.307 (box 0.18939  cls 0.00625  dfl 0.00037  feat 0.00109)
  Epoch 40/50  Batch 1309/2188 (59.8%)  | Super 81.832 (box 1.0650  cls 0.5502  dfl 0.9421)  | Base 83.336 (box 1.0855  cls 0.5700  dfl 0.9487)  | KD 6.836 (box 0.20615  cls 0.00584  dfl 0.00051  feat 0.00114)
  Epoch 40/50  Batch 1527/2188 (69.8%)  | Super 88.614 (box 1.2071  cls 0.6236  dfl 0.9385)  | Base 91.320 (box 1.2453  cls 0.6649  dfl 0.9436)  | KD 8.059 (box 0.23285  cls 0.01735  dfl 0.00047  feat 0.00118)
  Epoch 40/50  Batch 1745/2188 (79.8%)  | Super 86.234 (box 1.1585  cls 0.5797  dfl 0.9566)  | Base 87.299 (box 1.1679  cls 0.6054  dfl 0.9548)  | KD 7.900 (box 0.23807  cls 0.00722  dfl 0.00044  feat 0.00114)
  Epoch 40/50  Batch 1963/2188 (89.7%)  | Super 84.093 (box 1.1225  cls 0.5817  dfl 0.9237)  | Base 86.432 (box 1.1549  cls 0.6171  dfl 0.9289)  | KD 7.350 (box 0.21580  cls 0.01218  dfl 0.00050  feat 0.00122)
  Epoch 40/50  Batch 2181/2188 (99.7%)  | Super 93.984 (box 1.2845  cls 0.6268  dfl 1.0257)  | Base 94.935 (box 1.2991  cls 0.6373  dfl 1.0303)  | KD 8.004 (box 0.24232  cls 0.00610  dfl 0.00050  feat 0.00119)

================================================================================
  [Validation] Super model (skip=False)  |  Epoch 40/50
================================================================================
[*] Validation input tensor shape: torch.Size([32, 3, 384, 672])
                 Class     Images  Instances      Box(P          R      mAP50  mAP50-95)
                   all      10000     185578      0.633      0.525      0.557      0.326

================================================================================
  [Validation] Base model  (skip=True)   |  Epoch 40/50
================================================================================
[*] Validation input tensor shape: torch.Size([32, 3, 384, 672])
                 Class     Images  Instances      Box(P          R      mAP50  mAP50-95)
                   all      10000     185578      0.634      0.497      0.553      0.323

           Epoch         GPU_mem          box_om          cls_om          dfl_om          box_oo          cls_oo          dfl_oo       Instances            Size
  Epoch 41/50  Batch 1/2188 (0.0%)  | Super 83.949 (box 1.1056  cls 0.5801  dfl 0.9377)  | Base 85.747 (box 1.1185  cls 0.6151  dfl 0.9460)  | KD 7.154 (box 0.21237  cls 0.00970  dfl 0.00042  feat 0.00106)
  Epoch 41/50  Batch 219/2188 (10.0%)  | Super 88.356 (box 1.2105  cls 0.5948  dfl 0.9558)  | Base 89.279 (box 1.2086  cls 0.6287  dfl 0.9526)  | KD 7.358 (box 0.21423  cls 0.01396  dfl 0.00045  feat 0.00128)
  Epoch 41/50  Batch 437/2188 (20.0%)  | Super 95.929 (box 1.3621  cls 0.6733  dfl 0.9623)  | Base 96.617 (box 1.3698  cls 0.6912  dfl 0.9583)  | KD 8.230 (box 0.25027  cls 0.00535  dfl 0.00035  feat 0.00120)
  Epoch 41/50  Batch 655/2188 (29.9%)  | Super 83.311 (box 1.1216  cls 0.5560  dfl 0.9260)  | Base 84.126 (box 1.1367  cls 0.5685  dfl 0.9237)  | KD 7.098 (box 0.20821  cls 0.01199  dfl 0.00039  feat 0.00122)
  Epoch 41/50  Batch 873/2188 (39.9%)  | Super 99.367 (box 1.3067  cls 0.7452  dfl 1.0534)  | Base 99.121 (box 1.3003  cls 0.7579  dfl 1.0393)  | KD 8.764 (box 0.26197  cls 0.01019  dfl 0.00045  feat 0.00128)
  Epoch 41/50  Batch 1091/2188 (49.9%)  | Super 85.257 (box 1.1437  cls 0.5927  dfl 0.9279)  | Base 85.353 (box 1.1367  cls 0.6048  dfl 0.9258)  | KD 7.058 (box 0.21115  cls 0.00795  dfl 0.00044  feat 0.00101)
  Epoch 41/50  Batch 1309/2188 (59.8%)  | Super 83.298 (box 1.1019  cls 0.5536  dfl 0.9476)  | Base 84.651 (box 1.1199  cls 0.5779  dfl 0.9476)  | KD 7.499 (box 0.22260  cls 0.00979  dfl 0.00049  feat 0.00145)
  Epoch 41/50  Batch 1527/2188 (69.8%)  | Super 86.981 (box 1.1718  cls 0.5843  dfl 0.9621)  | Base 87.658 (box 1.1775  cls 0.6021  dfl 0.9598)  | KD 7.516 (box 0.22438  cls 0.00892  dfl 0.00043  feat 0.00112)
  Epoch 41/50  Batch 1745/2188 (79.8%)  | Super 88.721 (box 1.2116  cls 0.5904  dfl 0.9705)  | Base 90.359 (box 1.2324  cls 0.6138  dfl 0.9776)  | KD 7.890 (box 0.23797  cls 0.00704  dfl 0.00056  feat 0.00098)
  Epoch 41/50  Batch 1963/2188 (89.7%)  | Super 85.484 (box 1.1466  cls 0.5980  dfl 0.9268)  | Base 86.652 (box 1.1576  cls 0.6253  dfl 0.9250)  | KD 7.564 (box 0.22244  cls 0.01215  dfl 0.00046  feat 0.00134)
  Epoch 41/50  Batch 2181/2188 (99.7%)  | Super 90.420 (box 1.2243  cls 0.5934  dfl 1.0080)  | Base 91.392 (box 1.2366  cls 0.6089  dfl 1.0106)  | KD 6.974 (box 0.21035  cls 0.00598  dfl 0.00050  feat 0.00111)

================================================================================
  [Validation] Super model (skip=False)  |  Epoch 41/50
================================================================================
[*] Validation input tensor shape: torch.Size([32, 3, 384, 672])
                 Class     Images  Instances      Box(P          R      mAP50  mAP50-95)
                   all      10000     185578      0.639      0.524      0.557      0.326

================================================================================
  [Validation] Base model  (skip=True)   |  Epoch 41/50
================================================================================
[*] Validation input tensor shape: torch.Size([32, 3, 384, 672])
                 Class     Images  Instances      Box(P          R      mAP50  mAP50-95)
                   all      10000     185578      0.607      0.514       0.55      0.321

           Epoch         GPU_mem          box_om          cls_om          dfl_om          box_oo          cls_oo          dfl_oo       Instances            Size
  Epoch 42/50  Batch 1/2188 (0.0%)  | Super 92.082 (box 1.2103  cls 0.6554  dfl 1.0118)  | Base 92.528 (box 1.2240  cls 0.6712  dfl 0.9963)  | KD 7.952 (box 0.23527  cls 0.01147  dfl 0.00046  feat 0.00131)
  Epoch 42/50  Batch 219/2188 (10.0%)  | Super 88.352 (box 1.2144  cls 0.5831  dfl 0.9636)  | Base 88.684 (box 1.2108  cls 0.6016  dfl 0.9590)  | KD 7.250 (box 0.21151  cls 0.01348  dfl 0.00040  feat 0.00116)
  Epoch 42/50  Batch 437/2188 (20.0%)  | Super 102.964 (box 1.4565  cls 0.7360  dfl 1.0251)  | Base 103.245 (box 1.4551  cls 0.7468  dfl 1.0245)  | KD 9.578 (box 0.28400  cls 0.01337  dfl 0.00051  feat 0.00144)
  Epoch 42/50  Batch 655/2188 (29.9%)  | Super 84.101 (box 1.1250  cls 0.5584  dfl 0.9448)  | Base 85.010 (box 1.1328  cls 0.5817  dfl 0.9421)  | KD 6.571 (box 0.19768  cls 0.00612  dfl 0.00044  feat 0.00111)
  Epoch 42/50  Batch 873/2188 (39.9%)  | Super 88.992 (box 1.1716  cls 0.6343  dfl 0.9752)  | Base 91.131 (box 1.1985  cls 0.6631  dfl 0.9862)  | KD 9.615 (box 0.28763  cls 0.01110  dfl 0.00058  feat 0.00115)
  Epoch 42/50  Batch 1091/2188 (49.9%)  | Super 83.726 (box 1.1347  cls 0.5566  dfl 0.9251)  | Base 84.837 (box 1.1461  cls 0.5753  dfl 0.9297)  | KD 6.253 (box 0.18848  cls 0.00553  dfl 0.00033  feat 0.00107)
  Epoch 42/50  Batch 1309/2188 (59.8%)  | Super 84.323 (box 1.1084  cls 0.5662  dfl 0.9604)  | Base 85.749 (box 1.1331  cls 0.5912  dfl 0.9554)  | KD 7.798 (box 0.23157  cls 0.01036  dfl 0.00050  feat 0.00127)
  Epoch 42/50  Batch 1527/2188 (69.8%)  | Super 87.596 (box 1.1943  cls 0.5980  dfl 0.9450)  | Base 87.943 (box 1.2031  cls 0.6100  dfl 0.9351)  | KD 8.239 (box 0.24169  cls 0.01395  dfl 0.00056  feat 0.00126)
  Epoch 42/50  Batch 1745/2188 (79.8%)  | Super 85.166 (box 1.1375  cls 0.5938  dfl 0.9302)  | Base 86.696 (box 1.1592  cls 0.6164  dfl 0.9336)  | KD 6.722 (box 0.19996  cls 0.00862  dfl 0.00036  feat 0.00113)
  Epoch 42/50  Batch 1963/2188 (89.7%)  | Super 84.892 (box 1.1436  cls 0.5764  dfl 0.9328)  | Base 85.909 (box 1.1543  cls 0.5935  dfl 0.9369)  | KD 7.412 (box 0.21614  cls 0.01383  dfl 0.00038  feat 0.00126)
  Epoch 42/50  Batch 2181/2188 (99.7%)  | Super 88.941 (box 1.1951  cls 0.6127  dfl 0.9716)  | Base 90.888 (box 1.2295  cls 0.6309  dfl 0.9798)  | KD 7.968 (box 0.23783  cls 0.00949  dfl 0.00057  feat 0.00110)

================================================================================
  [Validation] Super model (skip=False)  |  Epoch 42/50
================================================================================
[*] Validation input tensor shape: torch.Size([32, 3, 384, 672])
                 Class     Images  Instances      Box(P          R      mAP50  mAP50-95)
                   all      10000     185578      0.648      0.517      0.558      0.326

================================================================================
  [Validation] Base model  (skip=True)   |  Epoch 42/50
================================================================================
[*] Validation input tensor shape: torch.Size([32, 3, 384, 672])
                 Class     Images  Instances      Box(P          R      mAP50  mAP50-95)
                   all      10000     185578      0.636      0.496       0.55      0.321

           Epoch         GPU_mem          box_om          cls_om          dfl_om          box_oo          cls_oo          dfl_oo       Instances            Size
  Epoch 43/50  Batch 1/2188 (0.0%)  | Super 85.836 (box 1.1349  cls 0.5856  dfl 0.9619)  | Base 86.711 (box 1.1525  cls 0.6099  dfl 0.9473)  | KD 7.496 (box 0.22680  cls 0.00584  dfl 0.00040  feat 0.00120)
  Epoch 43/50  Batch 219/2188 (10.0%)  | Super 89.779 (box 1.2227  cls 0.6324  dfl 0.9504)  | Base 91.025 (box 1.2454  cls 0.6426  dfl 0.9565)  | KD 8.404 (box 0.25219  cls 0.00872  dfl 0.00054  feat 0.00118)
  Epoch 43/50  Batch 437/2188 (20.0%)  | Super 95.083 (box 1.3478  cls 0.6417  dfl 0.9818)  | Base 96.641 (box 1.3719  cls 0.6557  dfl 0.9924)  | KD 9.069 (box 0.27390  cls 0.00768  dfl 0.00055  feat 0.00127)
  Epoch 43/50  Batch 655/2188 (29.9%)  | Super 86.377 (box 1.1534  cls 0.6051  dfl 0.9408)  | Base 87.562 (box 1.1724  cls 0.6206  dfl 0.9433)  | KD 7.172 (box 0.21645  cls 0.00607  dfl 0.00039  feat 0.00121)
  Epoch 43/50  Batch 873/2188 (39.9%)  | Super 94.587 (box 1.2970  cls 0.6425  dfl 1.0163)  | Base 94.726 (box 1.2917  cls 0.6745  dfl 0.9939)  | KD 7.974 (box 0.24035  cls 0.00727  dfl 0.00042  feat 0.00115)
  Epoch 43/50  Batch 1091/2188 (49.9%)  | Super 81.147 (box 1.0896  cls 0.5404  dfl 0.9059)  | Base 82.213 (box 1.1023  cls 0.5611  dfl 0.9058)  | KD 6.666 (box 0.19908  cls 0.00783  dfl 0.00040  feat 0.00100)
  Epoch 43/50  Batch 1309/2188 (59.8%)  | Super 81.578 (box 1.0550  cls 0.5645  dfl 0.9298)  | Base 82.589 (box 1.0711  cls 0.5769  dfl 0.9329)  | KD 7.769 (box 0.23104  cls 0.00997  dfl 0.00052  feat 0.00124)
  Epoch 43/50  Batch 1527/2188 (69.8%)  | Super 87.433 (box 1.1362  cls 0.6462  dfl 0.9499)  | Base 88.102 (box 1.1511  cls 0.6465  dfl 0.9555)  | KD 7.202 (box 0.20764  cls 0.01582  dfl 0.00042  feat 0.00118)
  Epoch 43/50  Batch 1745/2188 (79.8%)  | Super 88.459 (box 1.1996  cls 0.6033  dfl 0.9614)  | Base 89.328 (box 1.1967  cls 0.6405  dfl 0.9543)  | KD 7.575 (box 0.22710  cls 0.00802  dfl 0.00049  feat 0.00110)
  Epoch 43/50  Batch 1963/2188 (89.7%)  | Super 85.656 (box 1.1366  cls 0.5949  dfl 0.9452)  | Base 86.056 (box 1.1362  cls 0.6011  dfl 0.9519)  | KD 7.156 (box 0.21141  cls 0.01059  dfl 0.00039  feat 0.00124)
  Epoch 43/50  Batch 2181/2188 (99.7%)  | Super 91.688 (box 1.2350  cls 0.5984  dfl 1.0318)  | Base 92.982 (box 1.2488  cls 0.6096  dfl 1.0472)  | KD 7.025 (box 0.21078  cls 0.00705  dfl 0.00039  feat 0.00131)

================================================================================
  [Validation] Super model (skip=False)  |  Epoch 43/50
================================================================================
[*] Validation input tensor shape: torch.Size([32, 3, 384, 672])
                 Class     Images  Instances      Box(P          R      mAP50  mAP50-95)
                   all      10000     185578      0.612      0.521      0.558      0.326

================================================================================
  [Validation] Base model  (skip=True)   |  Epoch 43/50
================================================================================
[*] Validation input tensor shape: torch.Size([32, 3, 384, 672])
                 Class     Images  Instances      Box(P          R      mAP50  mAP50-95)
                   all      10000     185578      0.626      0.504       0.55      0.321

           Epoch         GPU_mem          box_om          cls_om          dfl_om          box_oo          cls_oo          dfl_oo       Instances            Size
  Epoch 44/50  Batch 1/2188 (0.0%)  | Super 87.952 (box 1.1879  cls 0.6056  dfl 0.9550)  | Base 88.519 (box 1.1882  cls 0.6168  dfl 0.9611)  | KD 7.179 (box 0.21286  cls 0.00998  dfl 0.00043  feat 0.00106)
  Epoch 44/50  Batch 219/2188 (10.0%)  | Super 86.407 (box 1.1599  cls 0.5759  dfl 0.9643)  | Base 87.353 (box 1.1728  cls 0.5923  dfl 0.9647)  | KD 6.740 (box 0.20417  cls 0.00493  dfl 0.00042  feat 0.00110)
  Epoch 44/50  Batch 437/2188 (20.0%)  | Super 96.348 (box 1.3775  cls 0.6707  dfl 0.9627)  | Base 98.061 (box 1.4094  cls 0.6838  dfl 0.9712)  | KD 9.379 (box 0.28449  cls 0.00706  dfl 0.00047  feat 0.00106)
  Epoch 44/50  Batch 655/2188 (29.9%)  | Super 84.358 (box 1.1453  cls 0.5631  dfl 0.9278)  | Base 85.282 (box 1.1646  cls 0.5720  dfl 0.9284)  | KD 7.453 (box 0.22073  cls 0.01073  dfl 0.00039  feat 0.00105)
  Epoch 44/50  Batch 873/2188 (39.9%)  | Super 95.675 (box 1.2743  cls 0.6787  dfl 1.0368)  | Base 96.275 (box 1.2822  cls 0.6892  dfl 1.0371)  | KD 8.295 (box 0.25066  cls 0.00685  dfl 0.00057  feat 0.00113)
  Epoch 44/50  Batch 1091/2188 (49.9%)  | Super 81.619 (box 1.1005  cls 0.5398  dfl 0.9103)  | Base 81.731 (box 1.0962  cls 0.5561  dfl 0.9018)  | KD 6.712 (box 0.19952  cls 0.00890  dfl 0.00037  feat 0.00096)
  Epoch 44/50  Batch 1309/2188 (59.8%)  | Super 83.742 (box 1.0920  cls 0.5739  dfl 0.9510)  | Base 85.012 (box 1.1145  cls 0.5900  dfl 0.9522)  | KD 7.252 (box 0.21764  cls 0.00719  dfl 0.00049  feat 0.00130)
  Epoch 44/50  Batch 1527/2188 (69.8%)  | Super 84.565 (box 1.1576  cls 0.5885  dfl 0.8965)  | Base 84.835 (box 1.1601  cls 0.5951  dfl 0.8958)  | KD 7.638 (box 0.22079  cls 0.01618  dfl 0.00050  feat 0.00123)
  Epoch 44/50  Batch 1745/2188 (79.8%)  | Super 87.534 (box 1.1846  cls 0.5948  dfl 0.9561)  | Base 88.920 (box 1.2079  cls 0.6060  dfl 0.9649)  | KD 7.875 (box 0.23652  cls 0.00795  dfl 0.00055  feat 0.00107)
  Epoch 44/50  Batch 1963/2188 (89.7%)  | Super 85.084 (box 1.1159  cls 0.6377  dfl 0.9053)  | Base 87.076 (box 1.1553  cls 0.6603  dfl 0.9055)  | KD 8.280 (box 0.24840  cls 0.00839  dfl 0.00057  feat 0.00139)
  Epoch 44/50  Batch 2181/2188 (99.7%)  | Super 89.115 (box 1.1985  cls 0.6111  dfl 0.9753)  | Base 90.532 (box 1.2110  cls 0.6314  dfl 0.9867)  | KD 7.060 (box 0.20845  cls 0.01058  dfl 0.00043  feat 0.00116)

================================================================================
  [Validation] Super model (skip=False)  |  Epoch 44/50
================================================================================
[*] Validation input tensor shape: torch.Size([32, 3, 384, 672])
                 Class     Images  Instances      Box(P          R      mAP50  mAP50-95)
                   all      10000     185578      0.607      0.536       0.56      0.326

================================================================================
  [Validation] Base model  (skip=True)   |  Epoch 44/50
================================================================================
[*] Validation input tensor shape: torch.Size([32, 3, 384, 672])
                 Class     Images  Instances      Box(P          R      mAP50  mAP50-95)
                   all      10000     185578      0.618      0.511      0.551      0.321

           Epoch         GPU_mem          box_om          cls_om          dfl_om          box_oo          cls_oo          dfl_oo       Instances            Size
  Epoch 45/50  Batch 1/2188 (0.0%)  | Super 88.376 (box 1.1716  cls 0.6058  dfl 0.9844)  | Base 90.398 (box 1.1926  cls 0.6389  dfl 0.9934)  | KD 7.128 (box 0.21223  cls 0.00901  dfl 0.00044  feat 0.00107)
  Epoch 45/50  Batch 219/2188 (10.0%)  | Super 88.298 (box 1.2031  cls 0.5924  dfl 0.9638)  | Base 90.042 (box 1.2264  cls 0.6201  dfl 0.9673)  | KD 7.042 (box 0.21193  cls 0.00659  dfl 0.00040  feat 0.00113)
  Epoch 45/50  Batch 437/2188 (20.0%)  | Super 98.826 (box 1.4198  cls 0.6682  dfl 1.0002)  | Base 100.875 (box 1.4432  cls 0.7023  dfl 1.0069)  | KD 8.865 (box 0.26412  cls 0.01131  dfl 0.00043  feat 0.00117)
  Epoch 45/50  Batch 655/2188 (29.9%)  | Super 86.709 (box 1.1418  cls 0.6098  dfl 0.9581)  | Base 87.967 (box 1.1595  cls 0.6396  dfl 0.9499)  | KD 7.533 (box 0.21901  cls 0.01462  dfl 0.00042  feat 0.00138)
  Epoch 45/50  Batch 873/2188 (39.9%)  | Super 92.983 (box 1.2181  cls 0.6832  dfl 1.0044)  | Base 94.861 (box 1.2400  cls 0.7143  dfl 1.0101)  | KD 8.946 (box 0.26731  cls 0.01044  dfl 0.00050  feat 0.00131)
  Epoch 45/50  Batch 1091/2188 (49.9%)  | Super 83.928 (box 1.1344  cls 0.5690  dfl 0.9194)  | Base 84.721 (box 1.1400  cls 0.5862  dfl 0.9213)  | KD 6.834 (box 0.20518  cls 0.00702  dfl 0.00039  feat 0.00098)
  Epoch 45/50  Batch 1309/2188 (59.8%)  | Super 78.616 (box 1.0294  cls 0.4983  dfl 0.9291)  | Base 80.040 (box 1.0475  cls 0.5211  dfl 0.9327)  | KD 6.422 (box 0.19301  cls 0.00613  dfl 0.00044  feat 0.00110)
  Epoch 45/50  Batch 1527/2188 (69.8%)  | Super 89.199 (box 1.2257  cls 0.6024  dfl 0.9594)  | Base 90.042 (box 1.2397  cls 0.6130  dfl 0.9612)  | KD 7.153 (box 0.21022  cls 0.01161  dfl 0.00046  feat 0.00126)
  Epoch 45/50  Batch 1745/2188 (79.8%)  | Super 85.415 (box 1.1218  cls 0.5874  dfl 0.9600)  | Base 87.457 (box 1.1448  cls 0.6266  dfl 0.9617)  | KD 7.318 (box 0.21960  cls 0.00762  dfl 0.00041  feat 0.00107)
  Epoch 45/50  Batch 1963/2188 (89.7%)  | Super 86.938 (box 1.1779  cls 0.5939  dfl 0.9450)  | Base 89.146 (box 1.2056  cls 0.6200  dfl 0.9603)  | KD 8.016 (box 0.23293  cls 0.01579  dfl 0.00049  feat 0.00128)
  Epoch 45/50  Batch 2181/2188 (99.7%)  | Super 88.054 (box 1.1807  cls 0.5791  dfl 0.9919)  | Base 88.851 (box 1.1924  cls 0.5861  dfl 0.9981)  | KD 7.527 (box 0.22369  cls 0.00997  dfl 0.00049  feat 0.00106)

================================================================================
  [Validation] Super model (skip=False)  |  Epoch 45/50
================================================================================
[*] Validation input tensor shape: torch.Size([32, 3, 384, 672])
                 Class     Images  Instances      Box(P          R      mAP50  mAP50-95)
                   all      10000     185578       0.62      0.543       0.56      0.326

================================================================================
  [Validation] Base model  (skip=True)   |  Epoch 45/50
================================================================================
[*] Validation input tensor shape: torch.Size([32, 3, 384, 672])
                 Class     Images  Instances      Box(P          R      mAP50  mAP50-95)
                   all      10000     185578      0.619      0.512      0.551      0.321

           Epoch         GPU_mem          box_om          cls_om          dfl_om          box_oo          cls_oo          dfl_oo       Instances            Size
  Epoch 46/50  Batch 1/2188 (0.0%)  | Super 85.602 (box 1.1107  cls 0.5948  dfl 0.9696)  | Base 86.588 (box 1.1195  cls 0.6116  dfl 0.9748)  | KD 7.391 (box 0.22112  cls 0.00814  dfl 0.00046  feat 0.00125)
  Epoch 46/50  Batch 219/2188 (10.0%)  | Super 89.202 (box 1.2183  cls 0.6029  dfl 0.9664)  | Base 90.142 (box 1.2273  cls 0.6265  dfl 0.9631)  | KD 7.763 (box 0.23491  cls 0.00611  dfl 0.00047  feat 0.00111)
  Epoch 46/50  Batch 437/2188 (20.0%)  | Super 96.087 (box 1.3686  cls 0.6569  dfl 0.9772)  | Base 97.239 (box 1.3834  cls 0.6756  dfl 0.9798)  | KD 7.615 (box 0.22896  cls 0.00731  dfl 0.00039  feat 0.00131)
  Epoch 46/50  Batch 655/2188 (29.9%)  | Super 84.588 (box 1.1484  cls 0.5707  dfl 0.9242)  | Base 84.990 (box 1.1539  cls 0.5840  dfl 0.9181)  | KD 6.961 (box 0.20680  cls 0.00914  dfl 0.00045  feat 0.00114)
  Epoch 46/50  Batch 873/2188 (39.9%)  | Super 95.020 (box 1.2633  cls 0.6791  dfl 1.0269)  | Base 96.662 (box 1.2807  cls 0.7075  dfl 1.0325)  | KD 8.152 (box 0.24564  cls 0.00750  dfl 0.00043  feat 0.00118)
  Epoch 46/50  Batch 1091/2188 (49.9%)  | Super 84.442 (box 1.1622  cls 0.5535  dfl 0.9231)  | Base 84.863 (box 1.1680  cls 0.5582  dfl 0.9258)  | KD 6.998 (box 0.20986  cls 0.00750  dfl 0.00035  feat 0.00097)
  Epoch 46/50  Batch 1309/2188 (59.8%)  | Super 82.768 (box 1.0873  cls 0.5411  dfl 0.9581)  | Base 84.050 (box 1.1052  cls 0.5683  dfl 0.9531)  | KD 7.542 (box 0.22596  cls 0.00809  dfl 0.00045  feat 0.00118)
  Epoch 46/50  Batch 1527/2188 (69.8%)  | Super 89.724 (box 1.2010  cls 0.6238  dfl 0.9790)  | Base 90.073 (box 1.1848  cls 0.6560  dfl 0.9741)  | KD 7.730 (box 0.22422  cls 0.01564  dfl 0.00050  feat 0.00122)
  Epoch 46/50  Batch 1745/2188 (79.8%)  | Super 83.414 (box 1.1136  cls 0.5352  dfl 0.9579)  | Base 84.286 (box 1.1121  cls 0.5690  dfl 0.9527)  | KD 7.671 (box 0.22844  cls 0.00963  dfl 0.00049  feat 0.00114)
  Epoch 46/50  Batch 1963/2188 (89.7%)  | Super 88.151 (box 1.1691  cls 0.6244  dfl 0.9612)  | Base 89.607 (box 1.1897  cls 0.6377  dfl 0.9729)  | KD 8.041 (box 0.24227  cls 0.00730  dfl 0.00050  feat 0.00121)
  Epoch 46/50  Batch 2181/2188 (99.7%)  | Super 91.736 (box 1.2365  cls 0.6066  dfl 1.0237)  | Base 92.813 (box 1.2559  cls 0.6245  dfl 1.0201)  | KD 7.689 (box 0.22968  cls 0.00897  dfl 0.00048  feat 0.00116)

================================================================================
  [Validation] Super model (skip=False)  |  Epoch 46/50
================================================================================
[*] Validation input tensor shape: torch.Size([32, 3, 384, 672])
                 Class     Images  Instances      Box(P          R      mAP50  mAP50-95)
                   all      10000     185578      0.609       0.54       0.56      0.326

================================================================================
  [Validation] Base model  (skip=True)   |  Epoch 46/50
================================================================================
[*] Validation input tensor shape: torch.Size([32, 3, 384, 672])
                 Class     Images  Instances      Box(P          R      mAP50  mAP50-95)
                   all      10000     185578      0.625      0.504      0.551      0.321

           Epoch         GPU_mem          box_om          cls_om          dfl_om          box_oo          cls_oo          dfl_oo       Instances            Size
  Epoch 47/50  Batch 1/2188 (0.0%)  | Super 86.801 (box 1.1618  cls 0.5786  dfl 0.9721)  | Base 88.775 (box 1.1913  cls 0.6052  dfl 0.9777)  | KD 8.337 (box 0.24655  cls 0.01238  dfl 0.00046  feat 0.00114)
  Epoch 47/50  Batch 219/2188 (10.0%)  | Super 94.804 (box 1.2899  cls 0.6416  dfl 1.0311)  | Base 95.224 (box 1.2835  cls 0.6694  dfl 1.0229)  | KD 7.437 (box 0.21353  cls 0.01727  dfl 0.00040  feat 0.00122)
  Epoch 47/50  Batch 437/2188 (20.0%)  | Super 102.829 (box 1.4698  cls 0.7498  dfl 0.9938)  | Base 104.108 (box 1.4849  cls 0.7699  dfl 0.9986)  | KD 10.095 (box 0.30568  cls 0.00811  dfl 0.00059  feat 0.00108)
  Epoch 47/50  Batch 655/2188 (29.9%)  | Super 82.227 (box 1.1017  cls 0.5509  dfl 0.9171)  | Base 83.458 (box 1.1244  cls 0.5627  dfl 0.9209)  | KD 7.028 (box 0.20934  cls 0.00867  dfl 0.00044  feat 0.00119)
  Epoch 47/50  Batch 873/2188 (39.9%)  | Super 93.885 (box 1.2579  cls 0.6882  dfl 0.9878)  | Base 96.059 (box 1.2843  cls 0.7224  dfl 0.9952)  | KD 8.330 (box 0.24880  cls 0.00983  dfl 0.00049  feat 0.00118)
  Epoch 47/50  Batch 1091/2188 (49.9%)  | Super 82.982 (box 1.1085  cls 0.5676  dfl 0.9171)  | Base 83.911 (box 1.1186  cls 0.5848  dfl 0.9188)  | KD 6.710 (box 0.20049  cls 0.00775  dfl 0.00038  feat 0.00107)
  Epoch 47/50  Batch 1309/2188 (59.8%)  | Super 81.721 (box 1.0712  cls 0.5448  dfl 0.9378)  | Base 83.543 (box 1.1050  cls 0.5631  dfl 0.9426)  | KD 7.129 (box 0.21100  cls 0.01011  dfl 0.00043  feat 0.00122)
  Epoch 47/50  Batch 1527/2188 (69.8%)  | Super 88.073 (box 1.1911  cls 0.6169  dfl 0.9443)  | Base 88.604 (box 1.1957  cls 0.6251  dfl 0.9481)  | KD 8.247 (box 0.24166  cls 0.01441  dfl 0.00051  feat 0.00114)
  Epoch 47/50  Batch 1745/2188 (79.8%)  | Super 85.906 (box 1.1475  cls 0.6008  dfl 0.9363)  | Base 87.327 (box 1.1618  cls 0.6200  dfl 0.9471)  | KD 7.907 (box 0.23651  cls 0.00891  dfl 0.00050  feat 0.00119)
  Epoch 47/50  Batch 1963/2188 (89.7%)  | Super 82.869 (box 1.1269  cls 0.5575  dfl 0.9052)  | Base 84.892 (box 1.1607  cls 0.5840  dfl 0.9082)  | KD 7.759 (box 0.23321  cls 0.00720  dfl 0.00055  feat 0.00150)
  Epoch 47/50  Batch 2181/2188 (99.7%)  | Super 95.483 (box 1.2932  cls 0.6205  dfl 1.0702)  | Base 96.712 (box 1.3058  cls 0.6332  dfl 1.0832)  | KD 7.154 (box 0.21629  cls 0.00539  dfl 0.00052  feat 0.00136)

================================================================================
  [Validation] Super model (skip=False)  |  Epoch 47/50
================================================================================
[*] Validation input tensor shape: torch.Size([32, 3, 384, 672])
                 Class     Images  Instances      Box(P          R      mAP50  mAP50-95)
                   all      10000     185578      0.622      0.544      0.561      0.327

================================================================================
  [Validation] Base model  (skip=True)   |  Epoch 47/50
================================================================================
[*] Validation input tensor shape: torch.Size([32, 3, 384, 672])
                 Class     Images  Instances      Box(P          R      mAP50  mAP50-95)
                   all      10000     185578      0.636      0.497      0.551      0.321

           Epoch         GPU_mem          box_om          cls_om          dfl_om          box_oo          cls_oo          dfl_oo       Instances            Size
  Epoch 48/50  Batch 1/2188 (0.0%)  | Super 83.551 (box 1.1008  cls 0.5807  dfl 0.9294)  | Base 84.883 (box 1.1006  cls 0.6214  dfl 0.9306)  | KD 7.611 (box 0.22344  cls 0.01287  dfl 0.00040  feat 0.00113)
  Epoch 48/50  Batch 219/2188 (10.0%)  | Super 90.905 (box 1.2220  cls 0.6252  dfl 0.9936)  | Base 91.445 (box 1.2161  cls 0.6560  dfl 0.9855)  | KD 7.579 (box 0.22110  cls 0.01406  dfl 0.00047  feat 0.00121)
  Epoch 48/50  Batch 437/2188 (20.0%)  | Super 96.469 (box 1.3874  cls 0.6478  dfl 0.9795)  | Base 98.245 (box 1.4135  cls 0.6750  dfl 0.9816)  | KD 8.135 (box 0.24612  cls 0.00660  dfl 0.00040  feat 0.00111)
  Epoch 48/50  Batch 655/2188 (29.9%)  | Super 82.759 (box 1.1146  cls 0.5588  dfl 0.9128)  | Base 83.801 (box 1.1305  cls 0.5819  dfl 0.9064)  | KD 6.999 (box 0.20779  cls 0.00939  dfl 0.00043  feat 0.00110)
  Epoch 48/50  Batch 873/2188 (39.9%)  | Super 95.174 (box 1.2657  cls 0.6932  dfl 1.0153)  | Base 96.103 (box 1.2631  cls 0.7171  dfl 1.0230)  | KD 8.681 (box 0.26088  cls 0.00881  dfl 0.00048  feat 0.00112)
  Epoch 48/50  Batch 1091/2188 (49.9%)  | Super 84.131 (box 1.1402  cls 0.5619  dfl 0.9270)  | Base 85.173 (box 1.1516  cls 0.5823  dfl 0.9278)  | KD 6.901 (box 0.20337  cls 0.01079  dfl 0.00041  feat 0.00108)
  Epoch 48/50  Batch 1309/2188 (59.8%)  | Super 82.808 (box 1.1059  cls 0.5541  dfl 0.9277)  | Base 83.402 (box 1.1094  cls 0.5762  dfl 0.9207)  | KD 7.586 (box 0.23042  cls 0.00488  dfl 0.00043  feat 0.00135)
  Epoch 48/50  Batch 1527/2188 (69.8%)  | Super 87.653 (box 1.1734  cls 0.6005  dfl 0.9653)  | Base 89.136 (box 1.1795  cls 0.6421  dfl 0.9639)  | KD 7.773 (box 0.22527  cls 0.01603  dfl 0.00050  feat 0.00110)
  Epoch 48/50  Batch 1745/2188 (79.8%)  | Super 86.255 (box 1.1672  cls 0.5686  dfl 0.9597)  | Base 87.279 (box 1.1774  cls 0.5927  dfl 0.9573)  | KD 7.643 (box 0.23033  cls 0.00687  dfl 0.00046  feat 0.00118)
  Epoch 48/50  Batch 1963/2188 (89.7%)  | Super 85.660 (box 1.1256  cls 0.5859  dfl 0.9654)  | Base 87.557 (box 1.1531  cls 0.6170  dfl 0.9661)  | KD 7.917 (box 0.23133  cls 0.01416  dfl 0.00050  feat 0.00143)
  Epoch 48/50  Batch 2181/2188 (99.7%)  | Super 95.734 (box 1.3032  cls 0.6257  dfl 1.0628)  | Base 96.455 (box 1.3195  cls 0.6378  dfl 1.0569)  | KD 7.176 (box 0.21519  cls 0.00735  dfl 0.00045  feat 0.00125)

================================================================================
  [Validation] Super model (skip=False)  |  Epoch 48/50
================================================================================
[*] Validation input tensor shape: torch.Size([32, 3, 384, 672])
                 Class     Images  Instances      Box(P          R      mAP50  mAP50-95)
                   all      10000     185578      0.628      0.546      0.561      0.328

================================================================================
  [Validation] Base model  (skip=True)   |  Epoch 48/50
================================================================================
[*] Validation input tensor shape: torch.Size([32, 3, 384, 672])
                 Class     Images  Instances      Box(P          R      mAP50  mAP50-95)
                   all      10000     185578      0.636      0.497      0.551      0.321

           Epoch         GPU_mem          box_om          cls_om          dfl_om          box_oo          cls_oo          dfl_oo       Instances            Size
  Epoch 49/50  Batch 1/2188 (0.0%)  | Super 86.831 (box 1.1485  cls 0.5969  dfl 0.9680)  | Base 88.403 (box 1.1667  cls 0.6240  dfl 0.9720)  | KD 7.141 (box 0.20942  cls 0.01216  dfl 0.00042  feat 0.00115)
  Epoch 49/50  Batch 219/2188 (10.0%)  | Super 87.709 (box 1.1837  cls 0.5819  dfl 0.9753)  | Base 87.901 (box 1.1826  cls 0.5915  dfl 0.9728)  | KD 6.876 (box 0.20389  cls 0.00956  dfl 0.00036  feat 0.00106)
  Epoch 49/50  Batch 437/2188 (20.0%)  | Super 96.194 (box 1.3735  cls 0.6524  dfl 0.9801)  | Base 97.066 (box 1.3736  cls 0.6857  dfl 0.9740)  | KD 8.743 (box 0.26473  cls 0.00661  dfl 0.00053  feat 0.00136)
  Epoch 49/50  Batch 655/2188 (29.9%)  | Super 83.044 (box 1.1252  cls 0.5569  dfl 0.9130)  | Base 84.128 (box 1.1399  cls 0.5735  dfl 0.9156)  | KD 6.413 (box 0.18985  cls 0.00914  dfl 0.00033  feat 0.00109)
  Epoch 49/50  Batch 873/2188 (39.9%)  | Super 96.610 (box 1.2987  cls 0.6991  dfl 1.0213)  | Base 98.437 (box 1.3255  cls 0.7214  dfl 1.0292)  | KD 8.902 (box 0.26923  cls 0.00731  dfl 0.00049  feat 0.00115)
  Epoch 49/50  Batch 1091/2188 (49.9%)  | Super 79.685 (box 1.0760  cls 0.5148  dfl 0.8994)  | Base 80.580 (box 1.0791  cls 0.5386  dfl 0.9005)  | KD 6.683 (box 0.19771  cls 0.00966  dfl 0.00043  feat 0.00102)
  Epoch 49/50  Batch 1309/2188 (59.8%)  | Super 82.474 (box 1.0713  cls 0.5710  dfl 0.9349)  | Base 83.276 (box 1.0852  cls 0.5836  dfl 0.9336)  | KD 7.403 (box 0.21909  cls 0.01059  dfl 0.00049  feat 0.00118)
  Epoch 49/50  Batch 1527/2188 (69.8%)  | Super 90.267 (box 1.2477  cls 0.6037  dfl 0.9694)  | Base 91.142 (box 1.2570  cls 0.6197  dfl 0.9715)  | KD 7.785 (box 0.22136  cls 0.02039  dfl 0.00043  feat 0.00109)
  Epoch 49/50  Batch 1745/2188 (79.8%)  | Super 80.773 (box 1.1025  cls 0.5352  dfl 0.8865)  | Base 82.243 (box 1.1127  cls 0.5662  dfl 0.8913)  | KD 6.945 (box 0.20758  cls 0.00798  dfl 0.00037  feat 0.00111)
  Epoch 49/50  Batch 1963/2188 (89.7%)  | Super 84.791 (box 1.1239  cls 0.6021  dfl 0.9238)  | Base 86.002 (box 1.1534  cls 0.6103  dfl 0.9238)  | KD 7.742 (box 0.23216  cls 0.00802  dfl 0.00044  feat 0.00131)
  Epoch 49/50  Batch 2181/2188 (99.7%)  | Super 91.646 (box 1.2362  cls 0.6074  dfl 1.0203)  | Base 92.491 (box 1.2596  cls 0.6116  dfl 1.0191)  | KD 7.644 (box 0.22928  cls 0.00809  dfl 0.00048  feat 0.00104)

================================================================================
  [Validation] Super model (skip=False)  |  Epoch 49/50
================================================================================
[*] Validation input tensor shape: torch.Size([32, 3, 384, 672])
                 Class     Images  Instances      Box(P          R      mAP50  mAP50-95)
                   all      10000     185578      0.616      0.539      0.561      0.328

================================================================================
  [Validation] Base model  (skip=True)   |  Epoch 49/50
================================================================================
[*] Validation input tensor shape: torch.Size([32, 3, 384, 672])
                 Class     Images  Instances      Box(P          R      mAP50  mAP50-95)
                   all      10000     185578      0.635      0.499      0.551      0.321

           Epoch         GPU_mem          box_om          cls_om          dfl_om          box_oo          cls_oo          dfl_oo       Instances            Size
  Epoch 50/50  Batch 1/2188 (0.0%)  | Super 86.852 (box 1.1278  cls 0.5938  dfl 0.9926)  | Base 88.023 (box 1.1374  cls 0.6256  dfl 0.9878)  | KD 7.900 (box 0.22810  cls 0.01719  dfl 0.00049  feat 0.00109)
  Epoch 50/50  Batch 219/2188 (10.0%)  | Super 86.524 (box 1.1802  cls 0.5702  dfl 0.9535)  | Base 87.105 (box 1.1717  cls 0.5952  dfl 0.9552)  | KD 6.676 (box 0.20089  cls 0.00614  dfl 0.00039  feat 0.00121)
  Epoch 50/50  Batch 437/2188 (20.0%)  | Super 101.359 (box 1.4556  cls 0.6850  dfl 1.0269)  | Base 103.377 (box 1.4909  cls 0.7130  dfl 1.0266)  | KD 9.123 (box 0.27568  cls 0.00769  dfl 0.00049  feat 0.00124)
  Epoch 50/50  Batch 655/2188 (29.9%)  | Super 81.616 (box 1.0843  cls 0.5617  dfl 0.9045)  | Base 82.852 (box 1.1022  cls 0.5854  dfl 0.9015)  | KD 6.851 (box 0.20194  cls 0.01078  dfl 0.00038  feat 0.00099)
  Epoch 50/50  Batch 873/2188 (39.9%)  | Super 92.426 (box 1.2372  cls 0.6576  dfl 0.9935)  | Base 93.637 (box 1.2473  cls 0.6871  dfl 0.9917)  | KD 8.453 (box 0.25120  cls 0.01130  dfl 0.00046  feat 0.00119)
  Epoch 50/50  Batch 1091/2188 (49.9%)  | Super 82.764 (box 1.1242  cls 0.5493  dfl 0.9128)  | Base 84.259 (box 1.1418  cls 0.5687  dfl 0.9225)  | KD 7.696 (box 0.22755  cls 0.01145  dfl 0.00049  feat 0.00101)
  Epoch 50/50  Batch 1309/2188 (59.8%)  | Super 80.078 (box 1.0571  cls 0.5191  dfl 0.9263)  | Base 81.598 (box 1.0658  cls 0.5543  dfl 0.9298)  | KD 6.484 (box 0.18812  cls 0.01293  dfl 0.00035  feat 0.00122)
  Epoch 50/50  Batch 1527/2188 (69.8%)  | Super 85.903 (box 1.1815  cls 0.5846  dfl 0.9183)  | Base 86.486 (box 1.1755  cls 0.6077  dfl 0.9195)  | KD 7.425 (box 0.21794  cls 0.01244  dfl 0.00050  feat 0.00114)
  Epoch 50/50  Batch 1745/2188 (79.8%)  | Super 87.047 (box 1.1854  cls 0.5832  dfl 0.9516)  | Base 87.489 (box 1.1827  cls 0.6057  dfl 0.9457)  | KD 7.855 (box 0.23089  cls 0.01308  dfl 0.00044  feat 0.00106)
  Epoch 50/50  Batch 1963/2188 (89.7%)  | Super 86.331 (box 1.1560  cls 0.6137  dfl 0.9281)  | Base 88.015 (box 1.1811  cls 0.6340  dfl 0.9353)  | KD 7.058 (box 0.21085  cls 0.00793  dfl 0.00039  feat 0.00141)
  Epoch 50/50  Batch 2181/2188 (99.7%)  | Super 94.693 (box 1.2819  cls 0.6341  dfl 1.0432)  | Base 95.554 (box 1.2761  cls 0.6669  dfl 1.0431)  | KD 7.522 (box 0.22666  cls 0.00678  dfl 0.00048  feat 0.00115)

================================================================================
  [Validation] Super model (skip=False)  |  Epoch 50/50
================================================================================
[*] Validation input tensor shape: torch.Size([32, 3, 384, 672])
                 Class     Images  Instances      Box(P          R      mAP50  mAP50-95)
                   all      10000     185578      0.618      0.538      0.561      0.327

================================================================================
  [Validation] Base model  (skip=True)   |  Epoch 50/50
================================================================================
[*] Validation input tensor shape: torch.Size([32, 3, 384, 672])
                 Class     Images  Instances      Box(P          R      mAP50  mAP50-95)
                   all      10000     185578      0.634      0.499      0.551      0.321

50 epochs completed in 7.864 hours.
Optimizer stripped from runs/bdd100k/detect/anydepth-yolov12l/train/weights/last.pt, 55.6MB
Optimizer stripped from runs/bdd100k/detect/anydepth-yolov12l/train/weights/best.pt, 55.6MB

Validating runs/bdd100k/detect/anydepth-yolov12l/train/weights/best.pt...
Ultralytics 8.3.63 🚀 Python-3.11.13 torch-2.2.2+cu121 CUDA:0 (NVIDIA RTX 6000 Ada Generation, 48509MiB)
                                                       CUDA:1 (NVIDIA RTX 6000 Ada Generation, 48509MiB)
YOLO-ad-v12l summary: 917 layers, 27,272,558 parameters, 0 gradients, 82.6 GFLOPs

[*] FLOPs calculated at resolution: 384x672
| module                 | #parameters or shape   | #flops   |
|:-----------------------|:-----------------------|:---------|
| base_model.model.model | 27.273M                | 25.94G   |
| 0.conv                 | 1.792K                 | 0.111G   |
| 0.conv.weight          | (64, 3, 3, 3)          |          |
| 0.conv.bias            | (64,)                  |          |
| 1.conv                 | 36.992K                | 0.595G   |
| 1.conv.weight          | (128, 32, 3, 3)        |          |
| 1.conv.bias            | (128,)                 |          |
| 2                      | 0.175M                 | 2.799G   |
| 2.cv1                  | 16.896K                | 0.268G   |
| 2.cv1.conv             | 16.384K                | 0.264G   |
| 2.cv1.bn               | 0.256K                 | 4.129M   |
| 2.cv1.bn_skip          | 0.256K                 |          |
| 2.cv2                  | 66.56K                 | 1.065G   |
| 2.cv2.conv             | 65.536K                | 1.057G   |
| 2.cv2.bn               | 0.512K                 | 8.258M   |
| 2.cv2.bn_skip          | 0.512K                 |          |
| 2.m                    | 91.776K                | 1.466G   |
| 2.m.0                  | 45.888K                | 0.733G   |
| 2.m.1                  | 45.888K                | 0.733G   |
| 3                      | 0.148M                 | 0.597G   |
| 3.conv                 | 0.147M                 | 0.595G   |
| 3.conv.weight          | (256, 64, 3, 3)        |          |
| 3.bn                   | 0.512K                 | 2.064M   |
| 3.bn.weight            | (256,)                 |          |
| 3.bn.bias              | (256,)                 |          |
| 3.bn_skip              | 0.512K                 |          |
| 3.bn_skip.weight       | (256,)                 |          |
| 3.bn_skip.bias         | (256,)                 |          |
| 4                      | 0.695M                 | 2.787G   |
| 4.cv1                  | 66.56K                 | 0.266G   |
| 4.cv1.conv             | 65.536K                | 0.264G   |
| 4.cv1.bn               | 0.512K                 | 2.064M   |
| 4.cv1.bn_skip          | 0.512K                 |          |
| 4.cv2                  | 0.264M                 | 1.061G   |
| 4.cv2.conv             | 0.262M                 | 1.057G   |
| 4.cv2.bn               | 1.024K                 | 4.129M   |
| 4.cv2.bn_skip          | 1.024K                 |          |
| 4.m                    | 0.364M                 | 1.46G    |
| 4.m.0                  | 0.182M                 | 0.73G    |
| 4.m.1                  | 0.182M                 | 0.73G    |
| 5                      | 2.361M                 | 2.379G   |
| 5.conv                 | 2.359M                 | 2.378G   |
| 5.conv.weight          | (512, 512, 3, 3)       |          |
| 5.bn                   | 1.024K                 | 1.032M   |
| 5.bn.weight            | (512,)                 |          |
| 5.bn.bias              | (512,)                 |          |
| 5.bn_skip              | 1.024K                 |          |
| 5.bn_skip.weight       | (512,)                 |          |
| 5.bn_skip.bias         | (512,)                 |          |
| 6                      | 4.943M                 | 4.561G   |
| 6.gamma                | (512,)                 |          |
| 6.cv1                  | 0.132M                 | 0.133G   |
| 6.cv1.conv             | 0.131M                 | 0.132G   |
| 6.cv1.bn               | 0.512K                 | 0.516M   |
| 6.cv1.bn_skip          | 0.512K                 |          |
| 6.cv2                  | 1.051M                 | 0.662G   |
| 6.cv2.conv             | 0.655M                 | 0.661G   |
| 6.cv2.bn               | 1.024K                 | 1.032M   |
| 6.cv2.bn_skip          | 1.024K                 |          |
| 6.cv2.conv_skip        | 0.393M                 |          |
| 6.m                    | 3.76M                  | 3.766G   |
| 6.m.0                  | 0.946M                 | 0.945G   |
| 6.m.1                  | 0.946M                 | 0.945G   |
| 6.m.2                  | 0.934M                 | 0.938G   |
| 6.m.3                  | 0.934M                 | 0.938G   |
| 7                      | 2.361M                 | 0.595G   |
| 7.conv                 | 2.359M                 | 0.595G   |
| 7.conv.weight          | (512, 512, 3, 3)       |          |
| 7.bn                   | 1.024K                 | 0.258M   |
| 7.bn.weight            | (512,)                 |          |
| 7.bn.bias              | (512,)                 |          |
| 7.bn_skip              | 1.024K                 |          |
| 7.bn_skip.weight       | (512,)                 |          |
| 7.bn_skip.bias         | (512,)                 |          |
| 8                      | 4.943M                 | 1.14G    |
| 8.gamma                | (512,)                 |          |
| 8.cv1                  | 0.132M                 | 33.159M  |
| 8.cv1.conv             | 0.131M                 | 33.03M   |
| 8.cv1.bn               | 0.512K                 | 0.129M   |
| 8.cv1.bn_skip          | 0.512K                 |          |
| 8.cv2                  | 1.051M                 | 0.165G   |
| 8.cv2.conv             | 0.655M                 | 0.165G   |
| 8.cv2.bn               | 1.024K                 | 0.258M   |
| 8.cv2.bn_skip          | 1.024K                 |          |
| 8.cv2.conv_skip        | 0.393M                 |          |
| 8.m                    | 3.76M                  | 0.942G   |
| 8.m.0                  | 0.946M                 | 0.236G   |
| 8.m.1                  | 0.946M                 | 0.236G   |
| 8.m.2                  | 0.934M                 | 0.234G   |
| 8.m.3                  | 0.934M                 | 0.234G   |
| 11                     | 2.105M                 | 2.118G   |
| 11.cv1                 | 0.263M                 | 0.265G   |
| 11.cv1.conv            | 0.262M                 | 0.264G   |
| 11.cv1.bn              | 0.512K                 | 0.516M   |
| 11.cv1.bn_skip         | 0.512K                 |          |
| 11.cv2                 | 0.395M                 | 0.397G   |
| 11.cv2.conv            | 0.393M                 | 0.396G   |
| 11.cv2.bn              | 1.024K                 | 1.032M   |
| 11.cv2.bn_skip         | 1.024K                 |          |
| 11.m                   | 1.447M                 | 1.455G   |
| 11.m.0                 | 0.725M                 | 0.729G   |
| 11.m.1                 | 0.722M                 | 0.727G   |
| 14                     | 0.594M                 | 2.385G   |
| 14.cv1                 | 0.132M                 | 0.53G    |
| 14.cv1.conv            | 0.131M                 | 0.528G   |
| 14.cv1.bn              | 0.256K                 | 1.032M   |
| 14.cv1.bn_skip         | 0.256K                 |          |
| 14.cv2                 | 99.328K                | 0.398G   |
| 14.cv2.conv            | 98.304K                | 0.396G   |
| 14.cv2.bn              | 0.512K                 | 2.064M   |
| 14.cv2.bn_skip         | 0.512K                 |          |
| 14.m                   | 0.363M                 | 1.457G   |
| 14.m.0                 | 0.182M                 | 0.731G   |
| 14.m.1                 | 0.181M                 | 0.727G   |
| 15                     | 0.591M                 | 0.595G   |
| 15.conv                | 0.59M                  | 0.595G   |
| 15.conv.weight         | (256, 256, 3, 3)       |          |
| 15.bn                  | 0.512K                 | 0.516M   |
| 15.bn.weight           | (256,)                 |          |
| 15.bn.bias             | (256,)                 |          |
| 15.bn_skip             | 0.512K                 |          |
| 15.bn_skip.weight      | (256,)                 |          |
| 15.bn_skip.bias        | (256,)                 |          |
| 17                     | 2.04M                  | 2.051G   |
| 17.cv1                 | 0.198M                 | 0.199G   |
| 17.cv1.conv            | 0.197M                 | 0.198G   |
| 17.cv1.bn              | 0.512K                 | 0.516M   |
| 17.cv1.bn_skip         | 0.512K                 |          |
| 17.cv2                 | 0.395M                 | 0.397G   |
| 17.cv2.conv            | 0.393M                 | 0.396G   |
| 17.cv2.bn              | 1.024K                 | 1.032M   |
| 17.cv2.bn_skip         | 1.024K                 |          |
| 17.m                   | 1.447M                 | 1.455G   |
| 17.m.0                 | 0.725M                 | 0.729G   |
| 17.m.1                 | 0.722M                 | 0.727G   |
| 18                     | 2.361M                 | 0.595G   |
| 18.conv                | 2.359M                 | 0.595G   |
| 18.conv.weight         | (512, 512, 3, 3)       |          |
| 18.bn                  | 1.024K                 | 0.258M   |
| 18.bn.weight           | (512,)                 |          |
| 18.bn.bias             | (512,)                 |          |
| 18.bn_skip             | 1.024K                 |          |
| 18.bn_skip.weight      | (512,)                 |          |
| 18.bn_skip.bias        | (512,)                 |          |
| 20                     | 2.501M                 | 0.629G   |
| 20.cv1                 | 0.526M                 | 0.132G   |
| 20.cv1.conv            | 0.524M                 | 0.132G   |
| 20.cv1.bn              | 1.024K                 | 0.258M   |
| 20.cv1.bn_skip         | 1.024K                 |          |
| 20.cv2                 | 0.526M                 | 0.132G   |
| 20.cv2.conv            | 0.524M                 | 0.132G   |
| 20.cv2.bn              | 1.024K                 | 0.258M   |
| 20.cv2.bn_skip         | 1.024K                 |          |
| 20.m                   | 1.448M                 | 0.364G   |
| 20.m.0                 | 0.724M                 | 0.182G   |
| 20.m.1                 | 0.724M                 | 0.182G   |
| 21                     | 1.415M                 | 2G       |
| 21.cv2                 | 0.861M                 | 1.183G   |
| 21.cv2.0               | 0.189M                 | 0.76G    |
| 21.cv2.1               | 0.336M                 | 0.339G   |
| 21.cv2.2               | 0.336M                 | 84.64M   |
| 21.cv3                 | 0.554M                 | 0.817G   |
| 21.cv3.0               | 0.139M                 | 0.557G   |
| 21.cv3.1               | 0.207M                 | 0.208G   |
| 21.cv3.2               | 0.207M                 | 51.932M  |
| 21.dfl.conv            | 16                     | 0.339M   |
| 21.dfl.conv.weight     | (1, 16, 1, 1)          |          |
| 9                      |                        | 0.516M   |
| 12                     |                        | 2.064M   |
  MACs  : 25.94 GMACs
  FLOPs : 51.88 GFLOPs
[*] Validation input tensor shape: torch.Size([32, 3, 384, 672])
                 Class     Images  Instances      Box(P          R      mAP50  mAP50-95)
                   all      10000     185578      0.619      0.541      0.561      0.327
                person       3220      13265      0.687      0.619      0.667       0.35
                 rider        515        649      0.701      0.448      0.491      0.266
                   car       9879     102540      0.753      0.749      0.793      0.501
                   bus       1242       1597      0.632      0.615      0.656      0.512
                 truck       2689       4247      0.585      0.652      0.652      0.483
                  bike        578       1007      0.568      0.543      0.521       0.27
                 motor        334        452      0.659      0.513      0.513      0.263
         traffic light       5653      26891      0.684      0.556      0.597      0.233
          traffic sign       8221      34915      0.685      0.632      0.667       0.36
                 train         14         15      0.235     0.0844     0.0511     0.0375
Speed: 0.0ms preprocess, 1.3ms inference, 0.0ms loss, 0.3ms postprocess per image
Results saved to [1mruns/bdd100k/detect/anydepth-yolov12l/train[0m
WARNING: Plotting error for runs/bdd100k/detect/anydepth-yolov12l/train/results.csv: could not convert string to float: 'super'
/home/hslee/context-anydepth-det/anydepth-yolov12/ultralytics/utils/plotting.py:1231: UserWarning: No artists with labels found to put in legend.  Note that artists whose label start with an underscore are ignored when legend() is called with no argument.
  ax[1].legend()
